word,difficulty,genre_ids,genre_names,hint_count,hints
Abdeckhaube,4,10,Haushalt & Wohnen,7,"Transport~A_TARGET_VIBE~3,Abstellen~A_TARGET_VIBE~2,Garage~A_TARGET_VIBE~2,Folie~A_TARGET_VIBE~2,Schutz~A_TARGET_VIBE~2,Lagerung~A_TARGET_VIBE~2,Gummi~A_TARGET_VIBE~3"
Abdeckplane,3,10,Haushalt & Wohnen,7,"Regen~A_TARGET_VIBE~2,Ösen~A_TARGET_VIBE~3,Spannseil~A_TARGET_VIBE~2,Gummi~A_TARGET_VIBE~2,Transport~A_TARGET_VIBE~2,Lagerung~A_TARGET_VIBE~2,Staub~A_TARGET_VIBE~3"
Abfalltrennung,3,10,Haushalt & Wohnen,7,"Sortieren~A_TARGET_VIBE~2,Gelbtonne~A_TARGET_VIBE~2,Trennen~A_TARGET_VIBE~2,Karton~A_TARGET_VIBE~3,Glascontainer~A_TARGET_VIBE~2,Pfand~A_TARGET_VIBE~2,Biotonne~A_TARGET_VIBE~2"
Abfalleimer,2,10,Haushalt & Wohnen,8,"Deckel~A_TARGET_VIBE~2,Tüte~A_TARGET_VIBE~2,Geruch~A_TARGET_VIBE~2,Einsatz~A_TARGET_VIBE~2,Tritt~A_TARGET_VIBE~2,Leeren~A_TARGET_VIBE~2,Kanten~A_TARGET_VIBE~2,Nachfüllen~A_TARGET_VIBE~2"
Abfluss,3,10,Haushalt & Wohnen,7,"Stopfen~A_TARGET_VIBE~2,Haare~A_TARGET_VIBE~2,Kalk~A_TARGET_VIBE~3,Siphon~A_TARGET_VIBE~2,Tropfen~A_TARGET_VIBE~2,Dichtung~A_TARGET_VIBE~2,Rohrschelle~A_TARGET_VIBE~2"
Abflussrohr,4,10,Haushalt & Wohnen,7,"Rohrzange~A_TARGET_VIBE~2,Dichtung~A_TARGET_VIBE~2,Rohschelle~A_TARGET_VIBE~3,Ventil~A_TARGET_VIBE~3,Tropfen~A_TARGET_VIBE~2,Kalk~A_TARGET_VIBE~2,Geruch~A_TARGET_VIBE~3"
Abtropfgitter,3,1|10,Essen & Trinken|Haushalt & Wohnen,6,"Spüle~A_TARGET_VIBE~2,Rillen~A_TARGET_VIBE~2,Abtropfen~A_TARGET_VIBE~2,Trocknen~A_TARGET_VIBE~3,Wasserfleck~A_TARGET_VIBE~2,Geschirr~A_TARGET_VIBE~3"
Abtropfmatte,3,1|10,Essen & Trinken|Haushalt & Wohnen,6,"Spüle~A_TARGET_VIBE~2,Rillen~A_TARGET_VIBE~2,Trocknen~A_TARGET_VIBE~2,Abtropfen~A_TARGET_VIBE~3,Mikrofaser~A_TARGET_VIBE~2,Wasserfleck~A_TARGET_VIBE~2"
Abtropfschale,2,1|10,Essen & Trinken|Haushalt & Wohnen,6,"Abtropfen~A_TARGET_VIBE~2,Auffangen~A_TARGET_VIBE~2,Ränder~A_TARGET_VIBE~2,Spüle~A_TARGET_VIBE~2,Trocknen~A_TARGET_VIBE~2,Wasserfleck~A_TARGET_VIBE~2"
Abwaschbürste,2,1|10,Essen & Trinken|Haushalt & Wohnen,6,"Borsten~A_TARGET_VIBE~2,Spüli~A_TARGET_VIBE~2,Schaum~A_TARGET_VIBE~2,Scheuern~A_TARGET_VIBE~2,Griff~A_TARGET_VIBE~2,Teller~A_TARGET_VIBE~2"
Abziehbild,4,10,Haushalt & Wohnen,6,"Kleber~A_TARGET_VIBE~2,Glanz~A_TARGET_VIBE~2,Aufkleben~A_TARGET_VIBE~3,Rand~A_TARGET_VIBE~2,Blase~A_TARGET_VIBE~3,Abziehen~A_TARGET_VIBE~2"
Abzieher,3,10,Haushalt & Wohnen,7,"Streifenfrei~A_TARGET_VIBE~2,Gummi~A_TARGET_VIBE~2,Wasserfilm~A_TARGET_VIBE~2,Fenster~A_TARGET_VIBE~3,Scheibe~A_TARGET_VIBE~2,Dusche~A_TARGET_VIBE~2,Putzen~A_TARGET_VIBE~3"
Abzugshaube,3,1|10,Essen & Trinken|Haushalt & Wohnen,6,"Filter~A_TARGET_VIBE~2,Dampf~A_TARGET_VIBE~2,Lüfter~A_TARGET_VIBE~2,Geruch~A_TARGET_VIBE~2,Kochfeld~A_TARGET_VIBE~3,Fettfilm~A_TARGET_VIBE~2"
Akkuschrauber,4,0|10,Alltag & Gegenstände|Haushalt & Wohnen,7,"Bit~A_TARGET_VIBE~2,Akkupack~A_TARGET_VIBE~2,Drehmoment~A_TARGET_VIBE~3,Ladegerät~A_TARGET_VIBE~2,Torx~A_TARGET_VIBE~3,Montage~A_TARGET_VIBE~2,Schraube~A_TARGET_VIBE~2"
Aktenordner,2,0|9,Alltag & Gegenstände|Gesellschaft & Beruf,6,"Register~A_TARGET_VIBE~2,Archiv~A_TARGET_VIBE~2,Karton~A_TARGET_VIBE~2,Lochung~A_TARGET_VIBE~2,Büro~A_TARGET_VIBE~2,Beschriftung~A_TARGET_VIBE~2"
Ameisenfalle,4,10,Haushalt & Wohnen,6,"Köder~A_TARGET_VIBE~3,Krümel~A_TARGET_VIBE~2,Küche~A_TARGET_VIBE~2,Spur~A_TARGET_VIBE~3,Ecke~A_TARGET_VIBE~2,Giftfrei~A_TARGET_VIBE~3"
Anrichte,3,10,Haushalt & Wohnen,6,"Schublade~A_TARGET_VIBE~2,Porzellan~A_TARGET_VIBE~2,Esszimmer~A_TARGET_VIBE~3,Griff~A_TARGET_VIBE~2,Holz~A_TARGET_VIBE~2,Stauraum~A_TARGET_VIBE~2"
Anstreichpinsel,3,0|10,Alltag & Gegenstände|Haushalt & Wohnen,7,"Abkleben~A_TARGET_VIBE~2,Klecks~A_TARGET_VIBE~2,Farbwanne~A_TARGET_VIBE~3,Anstrich~A_TARGET_VIBE~2,Kanten~A_TARGET_VIBE~3,Trocknen~A_TARGET_VIBE~2,Putz~A_TARGET_VIBE~2"
Arbeitsplatte,2,10,Haushalt & Wohnen,6,"Kratzer~A_TARGET_VIBE~2,Schneidebrett~A_TARGET_VIBE~2,Kante~A_TARGET_VIBE~2,Krümel~A_TARGET_VIBE~2,Abwischen~A_TARGET_VIBE~2,Versiegelung~A_TARGET_VIBE~2"
Armbanduhrenbox,4,10,Haushalt & Wohnen,6,"Fach~A_TARGET_VIBE~2,Polster~A_TARGET_VIBE~2,Deckel~A_TARGET_VIBE~2,Sortieren~A_TARGET_VIBE~3,Sammlung~A_TARGET_VIBE~2,Staubschutz~A_TARGET_VIBE~3"
Ascheimer,4,10,Haushalt & Wohnen,6,"Deckel~A_TARGET_VIBE~2,Geruch~A_TARGET_VIBE~2,Schaufel~A_TARGET_VIBE~3,Ruß~A_TARGET_VIBE~3,Kamin~A_TARGET_VIBE~2,Leeren~A_TARGET_VIBE~2"
Aschenbecher,1,10,Haushalt & Wohnen,6,"Kippe~A_TARGET_VIBE~2,Rand~A_TARGET_VIBE~2,Glas~A_TARGET_VIBE~2,Geruch~A_TARGET_VIBE~2,Leeren~A_TARGET_VIBE~2,Tisch~A_TARGET_VIBE~2"
Atemschutzmaske,4,0|10,Alltag & Gegenstände|Haushalt & Wohnen,6,"Staub~A_TARGET_VIBE~2,Filter~A_TARGET_VIBE~3,Gummiband~A_TARGET_VIBE~2,Baustelle~A_TARGET_VIBE~3,Sprühen~A_TARGET_VIBE~2,Schutzbrille~A_TARGET_VIBE~3"
Aufbewahrungsbox,1,10,Haushalt & Wohnen,6,"Deckel~A_TARGET_VIBE~2,Karton~A_TARGET_VIBE~2,Sortieren~A_TARGET_VIBE~2,Regal~A_TARGET_VIBE~2,Stapeln~A_TARGET_VIBE~2,Keller~A_TARGET_VIBE~2"
Aufbewahrungskorb,2,10,Haushalt & Wohnen,6,"Geflecht~A_TARGET_VIBE~2,Regal~A_TARGET_VIBE~2,Sortieren~A_TARGET_VIBE~2,Griff~A_TARGET_VIBE~2,Decke~A_TARGET_VIBE~2,Stauraum~A_TARGET_VIBE~2"
Aufschnittmaschine,4,1|10,Essen & Trinken|Haushalt & Wohnen,6,"Klinge~A_TARGET_VIBE~3,Schieber~A_TARGET_VIBE~2,Krümel~A_TARGET_VIBE~2,Reinigung~A_TARGET_VIBE~3,Dicke~A_TARGET_VIBE~2,Stecker~A_TARGET_VIBE~2"
Auffangschale,3,10,Haushalt & Wohnen,6,"Ränder~A_TARGET_VIBE~2,Abtropfen~A_TARGET_VIBE~2,Auffangen~A_TARGET_VIBE~2,Wasserfleck~A_TARGET_VIBE~3,Spüle~A_TARGET_VIBE~2,Trocknen~A_TARGET_VIBE~2"
Aufkleber,2,10,Haushalt & Wohnen,6,"Kleber~A_TARGET_VIBE~2,Rand~A_TARGET_VIBE~2,Blase~A_TARGET_VIBE~2,Abziehen~A_TARGET_VIBE~2,Glanz~A_TARGET_VIBE~2,Etikett~A_TARGET_VIBE~2"
Auflaufform,2,1|10,Essen & Trinken|Haushalt & Wohnen,6,"Backofen~A_TARGET_VIBE~2,Kruste~A_TARGET_VIBE~2,Griff~A_TARGET_VIBE~2,Aufwärmen~A_TARGET_VIBE~2,Spülgang~A_TARGET_VIBE~2,Glas~A_TARGET_VIBE~2"
Aufputzdose,4,0|10,Alltag & Gegenstände|Haushalt & Wohnen,6,"Kabel~A_TARGET_VIBE~2,Bohrloch~A_TARGET_VIBE~3,Schraube~A_TARGET_VIBE~2,Wand~A_TARGET_VIBE~2,Abdeckung~A_TARGET_VIBE~3,Isolierung~A_TARGET_VIBE~2"
Aufschnittmesser,3,1|10,Essen & Trinken|Haushalt & Wohnen,6,"Klinge~A_TARGET_VIBE~2,Brett~A_TARGET_VIBE~2,Schärfen~A_TARGET_VIBE~3,Griff~A_TARGET_VIBE~2,Krümel~A_TARGET_VIBE~2,Spülgang~A_TARGET_VIBE~2"
Aufsatzspülkasten,5,10,Haushalt & Wohnen,7,"Spülung~A_TARGET_VIBE~3,Keramik~A_TARGET_VIBE~2,Schwimmer~A_TARGET_VIBE~3,Deckel~A_TARGET_VIBE~2,Überlauf~A_TARGET_VIBE~4,Dichtung~A_TARGET_VIBE~3,Stop~A_TARGET_VIBE~2"
Ausgussbecken,4,10,Haushalt & Wohnen,6,"Siphon~A_TARGET_VIBE~2,Wasserhahn~A_TARGET_VIBE~2,Abtropfen~A_TARGET_VIBE~2,Kalk~A_TARGET_VIBE~3,Siebeinsatz~A_TARGET_VIBE~3,Schwamm~A_TARGET_VIBE~2"
Ausziehleiter,4,0|10,Alltag & Gegenstände|Haushalt & Wohnen,6,"Sprosse~A_TARGET_VIBE~2,Abstand~A_TARGET_VIBE~2,Standsicherheit~A_TARGET_VIBE~3,Dachboden~A_TARGET_VIBE~3,Gerüst~A_TARGET_VIBE~2,Arretierung~A_TARGET_VIBE~3"
Backblech,2,1|10,Essen & Trinken|Haushalt & Wohnen,6,"Backofen~A_TARGET_VIBE~2,Kruste~A_TARGET_VIBE~2,Fettfilm~A_TARGET_VIBE~2,Spülgang~A_TARGET_VIBE~2,Abkühlen~A_TARGET_VIBE~2,Bräunen~A_TARGET_VIBE~2"
Backpinsel,3,1|10,Essen & Trinken|Haushalt & Wohnen,6,"Borsten~A_TARGET_VIBE~2,Glanz~A_TARGET_VIBE~2,Teig~A_TARGET_VIBE~2,Abwaschen~A_TARGET_VIBE~3,Schüssel~A_TARGET_VIBE~2,Backofen~A_TARGET_VIBE~2"
Backform,2,1|10,Essen & Trinken|Haushalt & Wohnen,6,"Backofen~A_TARGET_VIBE~2,Teig~A_TARGET_VIBE~2,Rand~A_TARGET_VIBE~2,Sturz~A_TARGET_VIBE~2,Kruste~A_TARGET_VIBE~2,Abkühlen~A_TARGET_VIBE~2"
Badewanne,1,10,Haushalt & Wohnen,6,"Schaum~A_TARGET_VIBE~2,Kalk~A_TARGET_VIBE~2,Armatur~A_TARGET_VIBE~2,Abfluss~A_TARGET_VIBE~2,Handtuch~A_TARGET_VIBE~2,Rutschmatte~A_TARGET_VIBE~2"
Badvorleger,2,10,Haushalt & Wohnen,6,"Rutschmatte~A_TARGET_VIBE~2,Nass~A_TARGET_VIBE~2,Trocknen~A_TARGET_VIBE~2,Frottee~A_TARGET_VIBE~2,Badschrank~A_TARGET_VIBE~2,Waschgang~A_TARGET_VIBE~2"
Balkontisch,3,10,Haushalt & Wohnen,6,"Klapp~A_TARGET_VIBE~2,Wetterfest~A_TARGET_VIBE~3,Kante~A_TARGET_VIBE~2,Stuhl~A_TARGET_VIBE~2,Blumentopf~A_TARGET_VIBE~3,Abstellen~A_TARGET_VIBE~2"
Bananenschneider,4,1|10,Essen & Trinken|Haushalt & Wohnen,6,"Scheibe~A_TARGET_VIBE~2,Krümel~A_TARGET_VIBE~2,Brett~A_TARGET_VIBE~2,Abwaschen~A_TARGET_VIBE~3,Griff~A_TARGET_VIBE~2,Schneide~A_TARGET_VIBE~3"
Batterie,2,6|10,Technik & Digitales|Haushalt & Wohnen,6,"Ladegerät~A_TARGET_VIBE~2,Kontakt~A_TARGET_VIBE~2,Pluspol~A_TARGET_VIBE~3,Leer~A_TARGET_VIBE~2,Schublade~A_TARGET_VIBE~2,Fernbedienung~A_TARGET_VIBE~2"
Batterieladegerät,4,6|10,Technik & Digitales|Haushalt & Wohnen,6,"LED~A_TARGET_VIBE~3,Kontakt~A_TARGET_VIBE~2,Netzteil~A_TARGET_VIBE~2,Steckdose~A_TARGET_VIBE~2,Akku~A_TARGET_VIBE~2,Ladeschacht~A_TARGET_VIBE~3"
Baufolie,4,0|10,Alltag & Gegenstände|Haushalt & Wohnen,6,"Staub~A_TARGET_VIBE~2,Abkleben~A_TARGET_VIBE~2,Malern~A_TARGET_VIBE~3,Regen~A_TARGET_VIBE~2,Keller~A_TARGET_VIBE~2,Klebeband~A_TARGET_VIBE~3"
Baumwolltuch,2,10,Haushalt & Wohnen,6,"Mikrofaser~A_TARGET_VIBE~2,Putzen~A_TARGET_VIBE~2,Waschgang~A_TARGET_VIBE~2,Falte~A_TARGET_VIBE~2,Staub~A_TARGET_VIBE~2,Trocknen~A_TARGET_VIBE~2"
Beistelltisch,2,10,Haushalt & Wohnen,6,"Kante~A_TARGET_VIBE~2,Sofa~A_TARGET_VIBE~2,Abstellen~A_TARGET_VIBE~2,Holz~A_TARGET_VIBE~2,Glas~A_TARGET_VIBE~2,Regal~A_TARGET_VIBE~2"
Bett,1,10,Haushalt & Wohnen,6,"Matratze~A_TARGET_VIBE~2,Lattenrost~A_TARGET_VIBE~2,Schlafzimmer~A_TARGET_VIBE~2,Kissen~A_TARGET_VIBE~2,Laken~A_TARGET_VIBE~2,Nacht~A_TARGET_VIBE~2"
Bettdecke,2,10,Haushalt & Wohnen,6,"Daunen~A_TARGET_VIBE~2,Bezug~A_TARGET_VIBE~2,Schlafzimmer~A_TARGET_VIBE~2,Kälte~A_TARGET_VIBE~2,Kuscheln~A_TARGET_VIBE~2,Waschgang~A_TARGET_VIBE~2"
Bettlaken,2,10,Haushalt & Wohnen,6,"Bezug~A_TARGET_VIBE~2,Waschgang~A_TARGET_VIBE~2,Falte~A_TARGET_VIBE~2,Matratze~A_TARGET_VIBE~2,Schlafzimmer~A_TARGET_VIBE~2,Spannbett~A_TARGET_VIBE~3"
Bilderrahmen,3,10,Haushalt & Wohnen,7,"Passepartout~A_TARGET_VIBE~2,Dübel~A_TARGET_VIBE~2,Nagel~A_TARGET_VIBE~3,Hochformat~A_TARGET_VIBE~2,Querformat~A_TARGET_VIBE~2,Galerie~A_TARGET_VIBE~2,Staubtuch~A_TARGET_VIBE~2"
Bierglas,2,1|10,Essen & Trinken|Haushalt & Wohnen,6,"Schaumkrone~A_TARGET_VIBE~2,Spülgang~A_TARGET_VIBE~2,Rand~A_TARGET_VIBE~2,Anstoßen~A_TARGET_VIBE~2,Krug~A_TARGET_VIBE~2,Abtropfen~A_TARGET_VIBE~2"
Bieröffner,2,1|10,Essen & Trinken|Haushalt & Wohnen,6,"Kronkorken~A_TARGET_VIBE~2,Hebel~A_TARGET_VIBE~2,Klick~A_TARGET_VIBE~2,Metall~A_TARGET_VIBE~2,Party~A_TARGET_VIBE~2,Schublade~A_TARGET_VIBE~2"
Bimsstein,4,10,Haushalt & Wohnen,6,"Schrubben~A_TARGET_VIBE~3,Kalkrand~A_TARGET_VIBE~3,Wanne~A_TARGET_VIBE~2,Poren~A_TARGET_VIBE~3,Nass~A_TARGET_VIBE~2,Reiben~A_TARGET_VIBE~2"
Bidet,4,10,Haushalt & Wohnen,6,"Armatur~A_TARGET_VIBE~2,Porzellan~A_TARGET_VIBE~2,Hygiene~A_TARGET_VIBE~3,Stopfen~A_TARGET_VIBE~2,Wasserstrahl~A_TARGET_VIBE~3,Waschbecken~A_TARGET_VIBE~2"
Blumenerde,2,2|10,Natur & Tiere|Haushalt & Wohnen,6,"Dünger~A_TARGET_VIBE~2,Feuchtigkeit~A_TARGET_VIBE~2,Wurzel~A_TARGET_VIBE~2,Krümel~A_TARGET_VIBE~2,Balkon~A_TARGET_VIBE~2,Umtopfen~A_TARGET_VIBE~2"
Blumenstrauß,1,2|10,Natur & Tiere|Haushalt & Wohnen,6,"Vase~A_TARGET_VIBE~2,Rose~A_TARGET_VIBE~2,Band~A_TARGET_VIBE~2,Duft~A_TARGET_VIBE~2,Grußkarte~A_TARGET_VIBE~2,Wasser~A_TARGET_VIBE~2"
Blumentopf,2,2|10,Natur & Tiere|Haushalt & Wohnen,6,"Untersetzer~A_TARGET_VIBE~2,Gießen~A_TARGET_VIBE~2,Wurzel~A_TARGET_VIBE~2,Umtopfen~A_TARGET_VIBE~2,Fensterbank~A_TARGET_VIBE~2,Ränder~A_TARGET_VIBE~2"
Boden,1,10,Haushalt & Wohnen,6,"Parkett~A_TARGET_VIBE~2,Wischen~A_TARGET_VIBE~2,Sockelleiste~A_TARGET_VIBE~2,Staub~A_TARGET_VIBE~2,Fliese~A_TARGET_VIBE~2,Kratzer~A_TARGET_VIBE~2"
Bodenreiniger,3,10,Haushalt & Wohnen,6,"Sprühkopf~A_TARGET_VIBE~2,Mikrofaser~A_TARGET_VIBE~2,Duft~A_TARGET_VIBE~3,Wischen~A_TARGET_VIBE~2,Streifen~A_TARGET_VIBE~3,Eimer~A_TARGET_VIBE~2"
Bohrmaschine,3,0|10,Alltag & Gegenstände|Haushalt & Wohnen,6,"Späne~A_TARGET_VIBE~2,Drehzahl~A_TARGET_VIBE~3,Bohrloch~A_TARGET_VIBE~2,Schnellspannfutter~A_TARGET_VIBE~3,Dübel~A_TARGET_VIBE~2,Staub~A_TARGET_VIBE~2"
Bügeleisen,3,10,Haushalt & Wohnen,7,"Dampf~A_TARGET_VIBE~2,Bügelbrett~A_TARGET_VIBE~2,Knittern~A_TARGET_VIBE~2,Sohle~A_TARGET_VIBE~2,Falte~A_TARGET_VIBE~3,Temperatur~A_TARGET_VIBE~2,Sprühflasche~A_TARGET_VIBE~2"
Bügelbrett,3,10,Haushalt & Wohnen,6,"Falte~A_TARGET_VIBE~2,Bügeln~A_TARGET_VIBE~3,Bezug~A_TARGET_VIBE~2,Klapp~A_TARGET_VIBE~2,Ständer~A_TARGET_VIBE~2,Dampf~A_TARGET_VIBE~2"
Butterdose,2,1|10,Essen & Trinken|Haushalt & Wohnen,6,"Kühlschrank~A_TARGET_VIBE~2,Deckel~A_TARGET_VIBE~2,Krümel~A_TARGET_VIBE~2,Frühstück~A_TARGET_VIBE~2,Streichen~A_TARGET_VIBE~2,Messer~A_TARGET_VIBE~2"
Cuttermesser,4,0|10,Alltag & Gegenstände|Haushalt & Wohnen,6,"Klinge~A_TARGET_VIBE~3,Abbrechen~A_TARGET_VIBE~3,Teppich~A_TARGET_VIBE~2,Lineal~A_TARGET_VIBE~2,Griff~A_TARGET_VIBE~2,Ersatzklinge~A_TARGET_VIBE~3"
Decke,1,10,Haushalt & Wohnen,6,"Bett~A_TARGET_VIBE~2,Kuscheln~A_TARGET_VIBE~2,Wolle~A_TARGET_VIBE~2,Flausch~A_TARGET_VIBE~2,Sofa~A_TARGET_VIBE~2,Daunen~A_TARGET_VIBE~2"
Fernbedienung,2,6|10,Technik & Digitales|Haushalt & Wohnen,6,"Batterie~A_TARGET_VIBE~2,Tasten~A_TARGET_VIBE~2,Signal~A_TARGET_VIBE~2,Lautstärke~A_TARGET_VIBE~2,Kanal~A_TARGET_VIBE~2,Standby~A_TARGET_VIBE~2"
Fenster,1,10,Haushalt & Wohnen,6,"Zugluft~A_TARGET_VIBE~2,Rollo~A_TARGET_VIBE~2,Rahmen~A_TARGET_VIBE~2,Scheibe~A_TARGET_VIBE~2,Putzen~A_TARGET_VIBE~2,Griff~A_TARGET_VIBE~2"
Fassade,4,10,Haushalt & Wohnen,6,"Gerüst~A_TARGET_VIBE~3,Dämmung~A_TARGET_VIBE~3,Putz~A_TARGET_VIBE~2,Anstrich~A_TARGET_VIBE~2,Risse~A_TARGET_VIBE~3,Witterung~A_TARGET_VIBE~2"
Feuerlöscher,4,10,Haushalt & Wohnen,6,"Brand~A_TARGET_VIBE~2,Sicherungsstift~A_TARGET_VIBE~3,Pulver~A_TARGET_VIBE~3,Wandhalter~A_TARGET_VIBE~2,Notfall~A_TARGET_VIBE~2,Rauch~A_TARGET_VIBE~3"
Feuerzeug,2,10,Haushalt & Wohnen,6,"Flamme~A_TARGET_VIBE~2,Zündung~A_TARGET_VIBE~2,Gas~A_TARGET_VIBE~2,Funken~A_TARGET_VIBE~2,Docht~A_TARGET_VIBE~2,Streichholz~A_TARGET_VIBE~2"
Handcreme,2,7|10,Wissenschaft & Medizin|Haushalt & Wohnen,6,"Tube~A_TARGET_VIBE~2,Duft~A_TARGET_VIBE~2,Haut~A_TARGET_VIBE~2,Pflege~A_TARGET_VIBE~2,Handtasche~A_TARGET_VIBE~2,Nachfüllen~A_TARGET_VIBE~2"
Kabelkanal,4,6|10,Technik & Digitales|Haushalt & Wohnen,7,"Steckdose~A_TARGET_VIBE~2,Kabelsalat~A_TARGET_VIBE~2,Abdeckung~A_TARGET_VIBE~3,Wand~A_TARGET_VIBE~2,Isolierung~A_TARGET_VIBE~2,Bohrloch~A_TARGET_VIBE~3,Kanal~B_PART_VIBE~2"
Kratzbaum,3,2|10,Natur & Tiere|Haushalt & Wohnen,7,"Krallen~A_TARGET_VIBE~2,Kletterei~A_TARGET_VIBE~2,Liegefläche~A_TARGET_VIBE~2,Schnurren~A_TARGET_VIBE~2,Spielmaus~A_TARGET_VIBE~3,Sisal~A_TARGET_VIBE~3,Baum~B_PART_VIBE~2"
Nähkasten,4,0|10,Alltag & Gegenstände|Haushalt & Wohnen,7,"Nadel~A_TARGET_VIBE~2,Knopf~A_TARGET_VIBE~2,Faden~A_TARGET_VIBE~2,Naht~A_TARGET_VIBE~3,Schere~A_TARGET_VIBE~2,Stoff~A_TARGET_VIBE~3,Maßband~A_TARGET_VIBE~2"
Nähmaschine,4,0|10,Alltag & Gegenstände|Haushalt & Wohnen,7,"Naht~A_TARGET_VIBE~3,Spule~A_TARGET_VIBE~3,Faden~A_TARGET_VIBE~2,Nadel~A_TARGET_VIBE~2,Pedal~A_TARGET_VIBE~3,Stoff~A_TARGET_VIBE~2,Schnittmuster~A_TARGET_VIBE~3"
Seifenschale,3,10,Haushalt & Wohnen,6,"Schaum~A_TARGET_VIBE~2,Duft~A_TARGET_VIBE~2,Spender~A_TARGET_VIBE~3,Waschbecken~A_TARGET_VIBE~2,Hygiene~A_TARGET_VIBE~2,Abtropfen~A_TARGET_VIBE~3"
Shampoo,2,7|10,Wissenschaft & Medizin|Haushalt & Wohnen,6,"Schaum~A_TARGET_VIBE~2,Duft~A_TARGET_VIBE~2,Duschkabine~A_TARGET_VIBE~2,Handtuch~A_TARGET_VIBE~2,Badschrank~A_TARGET_VIBE~2,Spender~A_TARGET_VIBE~2"
Spülmittel,2,10,Haushalt & Wohnen,6,"Schaum~A_TARGET_VIBE~2,Fettfilm~A_TARGET_VIBE~2,Duft~A_TARGET_VIBE~2,Nachfüllen~A_TARGET_VIBE~2,Schwamm~A_TARGET_VIBE~2,Borsten~A_TARGET_VIBE~2"
Weichspüler,3,10,Haushalt & Wohnen,6,"Dosieren~A_TARGET_VIBE~2,Trommel~A_TARGET_VIBE~3,Knittern~A_TARGET_VIBE~2,Duft~A_TARGET_VIBE~2,Faser~A_TARGET_VIBE~2,Waschgang~A_TARGET_VIBE~3"
Werkzeugkasten,3,0|10,Alltag & Gegenstände|Haushalt & Wohnen,6,"Sortieren~A_TARGET_VIBE~2,Schraube~A_TARGET_VIBE~2,Zange~A_TARGET_VIBE~2,Fach~A_TARGET_VIBE~2,Griff~A_TARGET_VIBE~2,Werkbank~A_TARGET_VIBE~3"
Wärmflasche,3,10,Haushalt & Wohnen,6,"Kuscheln~A_TARGET_VIBE~2,Bauch~A_TARGET_VIBE~2,Gummi~A_TARGET_VIBE~2,Kälte~A_TARGET_VIBE~2,Bett~A_TARGET_VIBE~3,Wärmestau~A_TARGET_VIBE~2"
Wasserzähler,4,10,Haushalt & Wohnen,6,"Ablesen~A_TARGET_VIBE~2,Zahlenrad~A_TARGET_VIBE~3,Verbrauch~A_TARGET_VIBE~2,Plombe~A_TARGET_VIBE~3,Leitung~A_TARGET_VIBE~2,Keller~A_TARGET_VIBE~2"
Zahnpasta,2,7|10,Wissenschaft & Medizin|Haushalt & Wohnen,6,"Tube~A_TARGET_VIBE~2,Schaum~A_TARGET_VIBE~2,Minze~A_TARGET_VIBE~2,Spülbecken~A_TARGET_VIBE~2,Zahnputz~A_TARGET_VIBE~2,Mundspülung~A_TARGET_VIBE~2"
Zahnseide,4,7|10,Wissenschaft & Medizin|Haushalt & Wohnen,6,"Zwischenraum~A_TARGET_VIBE~3,Spender~A_TARGET_VIBE~2,Rolle~A_TARGET_VIBE~2,Faden~A_TARGET_VIBE~2,Mundhygiene~A_TARGET_VIBE~3,Zahnputz~A_TARGET_VIBE~2"
Zeitung,2,0|4,Alltag & Gegenstände|Kultur & Kunst,6,"Schlagzeile~A_TARGET_VIBE~2,Kiosk~A_TARGET_VIBE~2,Abo~A_TARGET_VIBE~2,Blättern~A_TARGET_VIBE~2,Druckerschwärze~A_TARGET_VIBE~2,Kommentar~A_TARGET_VIBE~2"
Zeitschrift,2,0|4,Alltag & Gegenstände|Kultur & Kunst,6,"Titelbild~A_TARGET_VIBE~2,Kiosk~A_TARGET_VIBE~2,Abo~A_TARGET_VIBE~2,Blättern~A_TARGET_VIBE~2,Layout~A_TARGET_VIBE~2,Rubrik~A_TARGET_VIBE~2"
Ziegel,4,10,Haushalt & Wohnen,6,"Mörtel~A_TARGET_VIBE~3,Mauer~A_TARGET_VIBE~2,Fuge~A_TARGET_VIBE~2,Baustelle~A_TARGET_VIBE~3,Dämmung~A_TARGET_VIBE~3,Gerüst~A_TARGET_VIBE~2"
Zimmerpflanze,2,2|10,Natur & Tiere|Haushalt & Wohnen,6,"Gießen~A_TARGET_VIBE~2,Umtopfen~A_TARGET_VIBE~2,Wurzel~A_TARGET_VIBE~2,Blattgrün~A_TARGET_VIBE~2,Dünger~A_TARGET_VIBE~2,Fensterbank~A_TARGET_VIBE~2"
Übertopf,3,2|10,Natur & Tiere|Haushalt & Wohnen,6,"Untersetzer~A_TARGET_VIBE~2,Umtopfen~A_TARGET_VIBE~2,Wurzel~A_TARGET_VIBE~2,Gießen~A_TARGET_VIBE~2,Fensterbank~A_TARGET_VIBE~3,Ränder~A_TARGET_VIBE~2"
Abstellkammer,3,10,Haushalt & Wohnen,6,"Regal~A_TARGET_VIBE~2,Staubsauger~A_TARGET_VIBE~2,Putzeimer~A_TARGET_VIBE~2,Karton~A_TARGET_VIBE~2,Gerümpel~A_TARGET_VIBE~3,Wäschekorb~A_TARGET_VIBE~2"
Abwasserrohr,4,10,Haushalt & Wohnen,7,"Verstopfung~A_TARGET_VIBE~3,Geruch~A_TARGET_VIBE~2,Siphon~A_TARGET_VIBE~2,Rohrzange~A_TARGET_VIBE~2,Dichtung~A_TARGET_VIBE~2,Tropfen~A_TARGET_VIBE~2,Keller~A_TARGET_VIBE~3"
Aktenmappe,3,0|9,Alltag & Gegenstände|Gesellschaft & Beruf,6,"Dokumente~A_TARGET_VIBE~2,Lasche~A_TARGET_VIBE~3,Unterschrift~A_TARGET_VIBE~2,Termin~A_TARGET_VIBE~2,Büro~A_TARGET_VIBE~2,Heftung~A_TARGET_VIBE~3"
Allzweckreiniger,3,10,Haushalt & Wohnen,6,"Sprühkopf~A_TARGET_VIBE~2,Mikrofaser~A_TARGET_VIBE~2,Wischen~A_TARGET_VIBE~2,Einwirken~A_TARGET_VIBE~3,Zitronig~A_TARGET_VIBE~2,Fettfleck~A_TARGET_VIBE~3"
Altglas,3,10,Haushalt & Wohnen,6,"Container~A_TARGET_VIBE~2,Einwurf~A_TARGET_VIBE~3,Klirren~A_TARGET_VIBE~2,Flaschen~A_TARGET_VIBE~2,Recycling~A_TARGET_VIBE~2,Depot~A_TARGET_VIBE~3"
Alufolie,2,1|10,Essen & Trinken|Haushalt & Wohnen,6,"Einwickeln~A_TARGET_VIBE~2,Glänzend~A_TARGET_VIBE~2,Abreißen~A_TARGET_VIBE~2,Grill~A_TARGET_VIBE~3,Rest~A_TARGET_VIBE~2,Rolle~A_TARGET_VIBE~2"
Arbeitszimmer,3,9|10,Gesellschaft & Beruf|Haushalt & Wohnen,6,"Schreibtisch~A_TARGET_VIBE~2,Laptop~A_TARGET_VIBE~2,Ablage~A_TARGET_VIBE~2,Akten~A_TARGET_VIBE~3,Schreibtischlampe~A_TARGET_VIBE~2,Drehstuhl~A_TARGET_VIBE~2"
Armatur,4,10,Haushalt & Wohnen,7,"Chrom~A_TARGET_VIBE~2,Kalk~A_TARGET_VIBE~2,Hebel~A_TARGET_VIBE~2,Dichtung~A_TARGET_VIBE~2,Überwurfmutter~A_TARGET_VIBE~3,Rohrzange~A_TARGET_VIBE~2,Tropfen~A_TARGET_VIBE~2"
Backofen,1,1|10,Essen & Trinken|Haushalt & Wohnen,6,"Vorheizen~A_TARGET_VIBE~2,Umluft~A_TARGET_VIBE~2,Blech~A_TARGET_VIBE~2,Timer~A_TARGET_VIBE~2,Hitze~A_TARGET_VIBE~2,Kruste~A_TARGET_VIBE~2"
Backpapier,2,1|10,Essen & Trinken|Haushalt & Wohnen,6,"Auslegen~A_TARGET_VIBE~2,Antihaft~A_TARGET_VIBE~2,Backblech~A_TARGET_VIBE~2,Abreißen~A_TARGET_VIBE~2,Rolle~A_TARGET_VIBE~2,Teig~A_TARGET_VIBE~2"
Bad,1,10,Haushalt & Wohnen,6,"Fliese~A_TARGET_VIBE~2,Waschbecken~A_TARGET_VIBE~2,Spiegel~A_TARGET_VIBE~2,Dampf~A_TARGET_VIBE~2,Handtuch~A_TARGET_VIBE~2,Seife~A_TARGET_VIBE~2"
Bademantel,3,10,Haushalt & Wohnen,6,"Frottee~A_TARGET_VIBE~2,Gürtel~A_TARGET_VIBE~2,Sauna~A_TARGET_VIBE~3,Schlüpfen~A_TARGET_VIBE~2,Nass~A_TARGET_VIBE~2,Schrank~A_TARGET_VIBE~2"
Badetuch,2,10,Haushalt & Wohnen,6,"Frottee~A_TARGET_VIBE~2,Trocknen~A_TARGET_VIBE~2,Waschgang~A_TARGET_VIBE~2,Feucht~A_TARGET_VIBE~2,Aufhängen~A_TARGET_VIBE~2,Strandtasche~A_TARGET_VIBE~3"
Badezusatz,3,10,Haushalt & Wohnen,6,"Schaum~A_TARGET_VIBE~2,Duft~A_TARGET_VIBE~2,Einlaufen~A_TARGET_VIBE~3,Wanne~A_TARGET_VIBE~2,Entspannen~A_TARGET_VIBE~2,Flasche~A_TARGET_VIBE~2"
Badeöl,3,10,Haushalt & Wohnen,6,"Glitschig~A_TARGET_VIBE~3,Duft~A_TARGET_VIBE~2,Flasche~A_TARGET_VIBE~2,Einlaufen~A_TARGET_VIBE~3,Haut~A_TARGET_VIBE~2,Sauberwischen~A_TARGET_VIBE~3"
Balkon,1,10,Haushalt & Wohnen,6,"Geländer~A_TARGET_VIBE~2,Blumentopf~A_TARGET_VIBE~2,Wäscheleine~A_TARGET_VIBE~2,Markise~A_TARGET_VIBE~3,Stuhl~A_TARGET_VIBE~2,Sommer~A_TARGET_VIBE~2"
Bank,3,10,Haushalt & Wohnen,6,"Sitzkissen~A_TARGET_VIBE~2,Holzlatte~A_TARGET_VIBE~3,Flur~A_TARGET_VIBE~2,Garderobe~A_TARGET_VIBE~3,Abstellen~A_TARGET_VIBE~2,Schuh~A_TARGET_VIBE~2"
Bauschaum,4,0|10,Alltag & Gegenstände|Haushalt & Wohnen,6,"Kartusche~A_TARGET_VIBE~3,Fuge~A_TARGET_VIBE~2,Aushärten~A_TARGET_VIBE~3,Expandieren~A_TARGET_VIBE~3,Baustelle~A_TARGET_VIBE~2,Handschuh~A_TARGET_VIBE~2"
Besen,1,10,Haushalt & Wohnen,6,"Borsten~A_TARGET_VIBE~2,Kehricht~A_TARGET_VIBE~2,Stiel~A_TARGET_VIBE~2,Flur~A_TARGET_VIBE~2,Staub~A_TARGET_VIBE~2,Kehrblech~A_TARGET_VIBE~2"
Besenkammer,3,10,Haushalt & Wohnen,6,"Putzeimer~A_TARGET_VIBE~2,Staubsauger~A_TARGET_VIBE~2,Mopp~A_TARGET_VIBE~2,Reinigungsmittel~A_TARGET_VIBE~2,Regal~A_TARGET_VIBE~2,Schlüssel~A_TARGET_VIBE~3"
Besteck,2,1|10,Essen & Trinken|Haushalt & Wohnen,6,"Schublade~A_TARGET_VIBE~2,Serviette~A_TARGET_VIBE~2,Edelstahl~A_TARGET_VIBE~2,Spülmaschine~A_TARGET_VIBE~2,Teller~A_TARGET_VIBE~2,Untersetzer~A_TARGET_VIBE~3"
Bettwäsche,2,10,Haushalt & Wohnen,6,"Bezug~A_TARGET_VIBE~2,Waschgang~A_TARGET_VIBE~2,Spannbett~A_TARGET_VIBE~3,Schlafzimmer~A_TARGET_VIBE~2,Duft~A_TARGET_VIBE~2,Falte~A_TARGET_VIBE~2"
Bilderhaken,4,10,Haushalt & Wohnen,6,"Dübel~A_TARGET_VIBE~2,Nagel~A_TARGET_VIBE~2,Wand~A_TARGET_VIBE~2,Schnur~A_TARGET_VIBE~3,Bohrloch~A_TARGET_VIBE~3,Wasserwaage~A_TARGET_VIBE~2"
Bilderleiste,4,10,Haushalt & Wohnen,6,"Rahmen~A_TARGET_VIBE~2,Aufstellen~A_TARGET_VIBE~2,Wand~A_TARGET_VIBE~2,Dübel~A_TARGET_VIBE~2,Galerie~A_TARGET_VIBE~3,Staubtuch~A_TARGET_VIBE~2"
Biomüll,2,10,Haushalt & Wohnen,6,"Biotonne~A_TARGET_VIBE~2,Kompost~A_TARGET_VIBE~2,Kaffeesatz~A_TARGET_VIBE~3,Bananenschale~A_TARGET_VIBE~2,Geruch~A_TARGET_VIBE~2,Abholung~A_TARGET_VIBE~3"
Bleistift,2,0|9,Alltag & Gegenstände|Gesellschaft & Beruf,6,"Anspitzer~A_TARGET_VIBE~2,Radiergummi~A_TARGET_VIBE~2,Graphit~A_TARGET_VIBE~3,Skizze~A_TARGET_VIBE~2,Notiz~A_TARGET_VIBE~2,Heft~A_TARGET_VIBE~2"
Bodenbürste,3,10,Haushalt & Wohnen,6,"Schrubben~A_TARGET_VIBE~2,Fliese~A_TARGET_VIBE~2,Stiel~A_TARGET_VIBE~2,Eimer~A_TARGET_VIBE~2,Seifenwasser~A_TARGET_VIBE~3,Schmutzrand~A_TARGET_VIBE~3"
Bohrer,3,0|10,Alltag & Gegenstände|Haushalt & Wohnen,6,"Späne~A_TARGET_VIBE~2,Bohrfutter~A_TARGET_VIBE~3,Drehzahl~A_TARGET_VIBE~2,Metall~A_TARGET_VIBE~2,Holz~A_TARGET_VIBE~2,Schutzbrille~A_TARGET_VIBE~3"
Boiler,3,10,Haushalt & Wohnen,6,"Warmwasser~A_TARGET_VIBE~2,Druck~A_TARGET_VIBE~3,Entkalken~A_TARGET_VIBE~3,Heizstab~A_TARGET_VIBE~3,Sicherung~A_TARGET_VIBE~2,Thermostat~A_TARGET_VIBE~3"
Briefbeschwerer,4,0|9,Alltag & Gegenstände|Gesellschaft & Beruf,6,"Windstoß~A_TARGET_VIBE~3,Schreibtisch~A_TARGET_VIBE~2,Papierstapel~A_TARGET_VIBE~2,Metallklotz~A_TARGET_VIBE~3,Dekor~A_TARGET_VIBE~2,Glas~A_TARGET_VIBE~2"
Briefkasten,2,0|10,Alltag & Gegenstände|Haushalt & Wohnen,6,"Post~A_TARGET_VIBE~2,Schlüssel~A_TARGET_VIBE~2,Einwurf~A_TARGET_VIBE~2,Klappe~A_TARGET_VIBE~2,Name~A_TARGET_VIBE~2,Leerung~A_TARGET_VIBE~3"
Brieföffner,2,0|9,Alltag & Gegenstände|Gesellschaft & Beruf,6,"Umschlag~A_TARGET_VIBE~2,Klinge~A_TARGET_VIBE~2,Schreibtisch~A_TARGET_VIBE~2,Schlitz~A_TARGET_VIBE~3,Papierkante~A_TARGET_VIBE~2,Metall~A_TARGET_VIBE~2"
Brotkasten,3,1|10,Essen & Trinken|Haushalt & Wohnen,6,"Kruste~A_TARGET_VIBE~2,Krümel~A_TARGET_VIBE~2,Deckel~A_TARGET_VIBE~2,Frühstück~A_TARGET_VIBE~2,Schneidebrett~A_TARGET_VIBE~2,Leinen~A_TARGET_VIBE~3"
Brotkorb,3,1|10,Essen & Trinken|Haushalt & Wohnen,6,"Geflecht~A_TARGET_VIBE~2,Serviette~A_TARGET_VIBE~2,Brötchen~A_TARGET_VIBE~2,Frühstückstisch~A_TARGET_VIBE~2,Krümel~A_TARGET_VIBE~2,Wärmen~A_TARGET_VIBE~3"
Brotschneidemaschine,5,1|10,Essen & Trinken|Haushalt & Wohnen,7,"Klinge~A_TARGET_VIBE~3,Schieber~A_TARGET_VIBE~3,Scheiben~A_TARGET_VIBE~2,Krümelschublade~A_TARGET_VIBE~3,Sicherheitsbügel~A_TARGET_VIBE~3,Dicke~A_TARGET_VIBE~2,Stecker~A_TARGET_VIBE~2"
Buchstütze,4,0|4|10,Alltag & Gegenstände|Kultur & Kunst|Haushalt & Wohnen,6,"Regal~A_TARGET_VIBE~2,Einband~A_TARGET_VIBE~2,Kante~A_TARGET_VIBE~2,Stapeln~A_TARGET_VIBE~2,Winkel~A_TARGET_VIBE~3,Schwer~A_TARGET_VIBE~3"
Butterglocke,4,1|10,Essen & Trinken|Haushalt & Wohnen,6,"Kühlschrank~A_TARGET_VIBE~2,Frühstück~A_TARGET_VIBE~2,Streichen~A_TARGET_VIBE~2,Porzellan~A_TARGET_VIBE~2,Deckel~A_TARGET_VIBE~2,Krümel~A_TARGET_VIBE~2"
Bücherregal,2,4|10,Kultur & Kunst|Haushalt & Wohnen,6,"Staub~A_TARGET_VIBE~2,Rücken~A_TARGET_VIBE~2,Reihe~A_TARGET_VIBE~2,Ordnen~A_TARGET_VIBE~2,Einband~A_TARGET_VIBE~2,Leiterchen~A_TARGET_VIBE~3"
Couchtisch,2,10,Haushalt & Wohnen,6,"Sofa~A_TARGET_VIBE~2,Abstellen~A_TARGET_VIBE~2,Zeitschrift~A_TARGET_VIBE~2,Tasse~A_TARGET_VIBE~2,Krümel~A_TARGET_VIBE~2,Untersetzer~A_TARGET_VIBE~2"
Dachboden,3,10,Haushalt & Wohnen,6,"Kiste~A_TARGET_VIBE~2,Spinnweben~A_TARGET_VIBE~2,Dämmung~A_TARGET_VIBE~3,Leiter~A_TARGET_VIBE~2,Staub~A_TARGET_VIBE~2,Truhe~A_TARGET_VIBE~3"
Dachziegel,4,10,Haushalt & Wohnen,6,"Regenrinne~A_TARGET_VIBE~2,Gerüst~A_TARGET_VIBE~3,First~A_TARGET_VIBE~3,Sturm~A_TARGET_VIBE~2,Bruch~A_TARGET_VIBE~3,Schiefer~A_TARGET_VIBE~2"
Dampfgarer,3,1|10,Essen & Trinken|Haushalt & Wohnen,6,"Garzeit~A_TARGET_VIBE~3,Behälter~A_TARGET_VIBE~2,Timer~A_TARGET_VIBE~2,Heißdampf~A_TARGET_VIBE~3,Gemüse~A_TARGET_VIBE~2,Wassertank~A_TARGET_VIBE~3"
Deckel,2,10,Haushalt & Wohnen,6,"Schraubgewinde~A_TARGET_VIBE~3,Abdrehen~A_TARGET_VIBE~2,Dichtung~A_TARGET_VIBE~2,Klappen~A_TARGET_VIBE~2,Aufbewahren~A_TARGET_VIBE~2,Geruch~A_TARGET_VIBE~3"
Deckenbalken,4,10,Haushalt & Wohnen,6,"Holz~A_TARGET_VIBE~2,Tragwerk~A_TARGET_VIBE~3,Knarren~A_TARGET_VIBE~2,Dachstuhl~A_TARGET_VIBE~3,Altbau~A_TARGET_VIBE~3,Lehm~A_TARGET_VIBE~2"
Deckenlampe,2,6|10,Technik & Digitales|Haushalt & Wohnen,6,"Schalter~A_TARGET_VIBE~2,Fassung~A_TARGET_VIBE~2,Abdeckung~A_TARGET_VIBE~2,Kabel~A_TARGET_VIBE~2,Montage~A_TARGET_VIBE~2,Warmweiß~A_TARGET_VIBE~3"
Dichtmasse,4,10,Haushalt & Wohnen,6,"Kartusche~A_TARGET_VIBE~3,Fuge~A_TARGET_VIBE~2,Spachtel~A_TARGET_VIBE~2,Aushärten~A_TARGET_VIBE~3,Wasserfest~A_TARGET_VIBE~3,Silikon~A_TARGET_VIBE~2"
Dichtung,3,10,Haushalt & Wohnen,6,"Gummi~A_TARGET_VIBE~2,Leck~A_TARGET_VIBE~2,Pressen~A_TARGET_VIBE~3,Ring~A_TARGET_VIBE~2,Montage~A_TARGET_VIBE~2,Tropfen~A_TARGET_VIBE~2"
Dichtungsring,4,10,Haushalt & Wohnen,6,"Gummi~A_TARGET_VIBE~2,Nut~A_TARGET_VIBE~3,Pressen~A_TARGET_VIBE~3,Leck~A_TARGET_VIBE~2,Fett~A_TARGET_VIBE~3,Montage~A_TARGET_VIBE~2"
Dose,1,0|10,Alltag & Gegenstände|Haushalt & Wohnen,6,"Blech~A_TARGET_VIBE~2,Aufreißen~A_TARGET_VIBE~2,Stapeln~A_TARGET_VIBE~2,Vorrat~A_TARGET_VIBE~2,Etikett~A_TARGET_VIBE~2,Deckel~A_TARGET_VIBE~2"
Dosenöffner,2,1|10,Essen & Trinken|Haushalt & Wohnen,6,"Drehgriff~A_TARGET_VIBE~2,Klinge~A_TARGET_VIBE~2,Aufreißen~A_TARGET_VIBE~2,Konserve~A_TARGET_VIBE~2,Rand~A_TARGET_VIBE~2,Schublade~A_TARGET_VIBE~2"
Duftkerze,2,10,Haushalt & Wohnen,6,"Flamme~A_TARGET_VIBE~2,Wachs~A_TARGET_VIBE~2,Docht~A_TARGET_VIBE~2,Vanille~A_TARGET_VIBE~3,Glas~A_TARGET_VIBE~2,Abend~A_TARGET_VIBE~2"
Duftspray,3,10,Haushalt & Wohnen,6,"Sprühkopf~A_TARGET_VIBE~2,Aerosol~A_TARGET_VIBE~3,Geruch~A_TARGET_VIBE~2,Frisch~A_TARGET_VIBE~2,Flasche~A_TARGET_VIBE~2,Raum~A_TARGET_VIBE~2"
Duschablage,3,10,Haushalt & Wohnen,6,"Shampoo~A_TARGET_VIBE~2,Flasche~A_TARGET_VIBE~2,Saugnapf~A_TARGET_VIBE~3,Kachel~A_TARGET_VIBE~2,Ecke~A_TARGET_VIBE~2,Rost~A_TARGET_VIBE~3"
Dusche,1,10,Haushalt & Wohnen,6,"Kachel~A_TARGET_VIBE~2,Strahl~A_TARGET_VIBE~2,Rutschmatte~A_TARGET_VIBE~2,Warmwasser~A_TARGET_VIBE~2,Dampf~A_TARGET_VIBE~2,Vorhang~A_TARGET_VIBE~2"
Duschgel,2,10,Haushalt & Wohnen,6,"Schaum~A_TARGET_VIBE~2,Flasche~A_TARGET_VIBE~2,Duft~A_TARGET_VIBE~2,Waschlappen~A_TARGET_VIBE~2,Spender~A_TARGET_VIBE~3,Haut~A_TARGET_VIBE~2"
Duschkopf,3,10,Haushalt & Wohnen,6,"Düse~A_TARGET_VIBE~2,Kalk~A_TARGET_VIBE~2,Schlauch~A_TARGET_VIBE~2,Druck~A_TARGET_VIBE~2,Regler~A_TARGET_VIBE~3,Gewinde~A_TARGET_VIBE~3"
Duschmatte,2,10,Haushalt & Wohnen,6,"Rutschfest~A_TARGET_VIBE~2,Nass~A_TARGET_VIBE~2,Saugnapf~A_TARGET_VIBE~3,Trocknen~A_TARGET_VIBE~2,Kachel~A_TARGET_VIBE~2,Abfluss~A_TARGET_VIBE~3"
Duschvorhang,2,10,Haushalt & Wohnen,6,"Ring~A_TARGET_VIBE~2,Stange~A_TARGET_VIBE~2,Spritzwasser~A_TARGET_VIBE~2,Muster~A_TARGET_VIBE~2,Waschgang~A_TARGET_VIBE~3,Schimmel~A_TARGET_VIBE~3"
Dämmung,4,10,Haushalt & Wohnen,6,"Wärmeverlust~A_TARGET_VIBE~3,Styropor~A_TARGET_VIBE~3,Glaswolle~A_TARGET_VIBE~3,Dachboden~A_TARGET_VIBE~2,Schallschutz~A_TARGET_VIBE~3,Baustelle~A_TARGET_VIBE~2"
Dübel,3,0|10,Alltag & Gegenstände|Haushalt & Wohnen,6,"Bohrloch~A_TARGET_VIBE~2,Schraube~A_TARGET_VIBE~2,Wand~A_TARGET_VIBE~2,Bohrmaschine~A_TARGET_VIBE~2,Tragkraft~A_TARGET_VIBE~3,Hammer~A_TARGET_VIBE~2"
Dübelset,3,0|10,Alltag & Gegenstände|Haushalt & Wohnen,6,"Sortierbox~A_TARGET_VIBE~2,Größe~A_TARGET_VIBE~2,Schraube~A_TARGET_VIBE~2,Bohrloch~A_TARGET_VIBE~2,Montage~A_TARGET_VIBE~2,Reserve~A_TARGET_VIBE~3"
Eierbecher,2,1|10,Essen & Trinken|Haushalt & Wohnen,6,"Frühstückstisch~A_TARGET_VIBE~2,Salz~A_TARGET_VIBE~2,Toast~A_TARGET_VIBE~2,Porzellan~A_TARGET_VIBE~2,Löffel~A_TARGET_VIBE~2,Schale~A_TARGET_VIBE~3"
Eierkocher,3,1|10,Essen & Trinken|Haushalt & Wohnen,6,"Wassermaß~A_TARGET_VIBE~3,Timer~A_TARGET_VIBE~2,Dampf~A_TARGET_VIBE~2,Messbecher~A_TARGET_VIBE~3,Stecker~A_TARGET_VIBE~2,Piepsen~A_TARGET_VIBE~3"
Eierschneider,3,1|10,Essen & Trinken|Haushalt & Wohnen,6,"Draht~A_TARGET_VIBE~3,Scharnier~A_TARGET_VIBE~2,Spülgang~A_TARGET_VIBE~2,Scheiben~A_TARGET_VIBE~2,Frühstück~A_TARGET_VIBE~2,Brett~A_TARGET_VIBE~2"
Eimer,1,10,Haushalt & Wohnen,6,"Henkel~A_TARGET_VIBE~2,Putzen~A_TARGET_VIBE~2,Wasser~A_TARGET_VIBE~2,Schleppen~A_TARGET_VIBE~2,Mopp~A_TARGET_VIBE~2,Plastik~A_TARGET_VIBE~2"
Entkalker,3,10,Haushalt & Wohnen,6,"Kalk~A_TARGET_VIBE~2,Einwirken~A_TARGET_VIBE~3,Flasche~A_TARGET_VIBE~2,Kaffeemaschine~A_TARGET_VIBE~3,Spülen~A_TARGET_VIBE~2,Geruch~A_TARGET_VIBE~2"
Esstisch,2,10,Haushalt & Wohnen,6,"Stuhl~A_TARGET_VIBE~2,Tischdecke~A_TARGET_VIBE~2,Serviette~A_TARGET_VIBE~2,Kerze~A_TARGET_VIBE~2,Abstellen~A_TARGET_VIBE~2,Abendessen~A_TARGET_VIBE~3"
Esszimmer,2,10,Haushalt & Wohnen,6,"Tischdecke~A_TARGET_VIBE~2,Vitrine~A_TARGET_VIBE~3,Buffet~A_TARGET_VIBE~3,Familie~A_TARGET_VIBE~2,Kerze~A_TARGET_VIBE~2,Anrichte~A_TARGET_VIBE~3"
Faden,2,0|10,Alltag & Gegenstände|Haushalt & Wohnen,6,"Nadel~A_TARGET_VIBE~2,Spule~A_TARGET_VIBE~2,Naht~A_TARGET_VIBE~2,Knopf~A_TARGET_VIBE~2,Stoff~A_TARGET_VIBE~2,Reißen~A_TARGET_VIBE~3"
Fallrohr,4,10,Haushalt & Wohnen,7,"Regenrinne~A_TARGET_VIBE~2,Laub~A_TARGET_VIBE~2,Rohrschelle~A_TARGET_VIBE~3,Fassade~A_TARGET_VIBE~2,Abfluss~A_TARGET_VIBE~2,Sturm~A_TARGET_VIBE~2,Keller~A_TARGET_VIBE~3"
Farbrolle,3,0|10,Alltag & Gegenstände|Haushalt & Wohnen,6,"Farbwanne~A_TARGET_VIBE~3,Abkleben~A_TARGET_VIBE~2,Spritzer~A_TARGET_VIBE~2,Anstrich~A_TARGET_VIBE~2,Wand~A_TARGET_VIBE~2,Stiel~A_TARGET_VIBE~2"
Fensterbank,2,10,Haushalt & Wohnen,6,"Blumentopf~A_TARGET_VIBE~2,Abstellen~A_TARGET_VIBE~2,Staub~A_TARGET_VIBE~2,Zugluft~A_TARGET_VIBE~2,Kerze~A_TARGET_VIBE~2,Topf~A_TARGET_VIBE~2"
Fenstergriff,3,10,Haushalt & Wohnen,6,"Kippstellung~A_TARGET_VIBE~3,Schlüssel~A_TARGET_VIBE~2,Rahmen~A_TARGET_VIBE~2,Schraube~A_TARGET_VIBE~2,Aluminium~A_TARGET_VIBE~2,Einbruchschutz~A_TARGET_VIBE~3"
Fensterputzer,3,9|10,Gesellschaft & Beruf|Haushalt & Wohnen,6,"Leiter~A_TARGET_VIBE~2,Eimer~A_TARGET_VIBE~2,Streifenfrei~A_TARGET_VIBE~2,Abzieher~A_TARGET_VIBE~2,Glasreiniger~A_TARGET_VIBE~2,Schwamm~A_TARGET_VIBE~2"
Fensterputztuch,3,10,Haushalt & Wohnen,6,"Mikrofaser~A_TARGET_VIBE~2,Streifenfrei~A_TARGET_VIBE~2,Feucht~A_TARGET_VIBE~2,Polieren~A_TARGET_VIBE~2,Glasreiniger~A_TARGET_VIBE~2,Falte~A_TARGET_VIBE~2"
Fensterrahmen,3,10,Haushalt & Wohnen,6,"Dichtung~A_TARGET_VIBE~2,Zugluft~A_TARGET_VIBE~2,Scharnier~A_TARGET_VIBE~3,Anstrich~A_TARGET_VIBE~2,Silikon~A_TARGET_VIBE~3,Altbau~A_TARGET_VIBE~2"
Fensterscheibe,2,10,Haushalt & Wohnen,6,"Spiegelung~A_TARGET_VIBE~2,Streifenfrei~A_TARGET_VIBE~2,Regenperlen~A_TARGET_VIBE~2,Kratzspur~A_TARGET_VIBE~3,Abzieher~A_TARGET_VIBE~2,Putzen~A_TARGET_VIBE~2"
Fernseher,1,6|10,Technik & Digitales|Haushalt & Wohnen,6,"Fernbedienung~A_TARGET_VIBE~2,Sender~A_TARGET_VIBE~2,Lautstärke~A_TARGET_VIBE~2,Bildschirm~A_TARGET_VIBE~2,Standby~A_TARGET_VIBE~2,Kabel~A_TARGET_VIBE~2"
Flaschenöffner,2,1|10,Essen & Trinken|Haushalt & Wohnen,6,"Kronkorken~A_TARGET_VIBE~2,Klick~A_TARGET_VIBE~2,Hebel~A_TARGET_VIBE~2,Schublade~A_TARGET_VIBE~2,Party~A_TARGET_VIBE~2,Metall~A_TARGET_VIBE~2"
Fleckentferner,3,10,Haushalt & Wohnen,6,"Vorbehandeln~A_TARGET_VIBE~3,Waschgang~A_TARGET_VIBE~2,Sprühen~A_TARGET_VIBE~2,Einwirken~A_TARGET_VIBE~3,Textil~A_TARGET_VIBE~2,Bleich~A_TARGET_VIBE~3"
Fliegengitter,3,10,Haushalt & Wohnen,6,"Klettband~A_TARGET_VIBE~3,Rahmen~A_TARGET_VIBE~2,Sommer~A_TARGET_VIBE~2,Brummen~A_TARGET_VIBE~2,Montage~A_TARGET_VIBE~2,Zugluft~A_TARGET_VIBE~3"
Fliese,2,10,Haushalt & Wohnen,6,"Fuge~A_TARGET_VIBE~2,Verlegen~A_TARGET_VIBE~3,Kleber~A_TARGET_VIBE~3,Glanz~A_TARGET_VIBE~2,Kalt~A_TARGET_VIBE~2,Rutschfest~A_TARGET_VIBE~3"
Fliesenfuge,4,10,Haushalt & Wohnen,7,"Schimmel~A_TARGET_VIBE~3,Krümel~A_TARGET_VIBE~2,Fugenkratzer~A_TARGET_VIBE~3,Silikon~A_TARGET_VIBE~2,Bürste~A_TARGET_VIBE~2,Reiniger~A_TARGET_VIBE~2,Nachziehen~A_TARGET_VIBE~3"
Flur,1,10,Haushalt & Wohnen,6,"Garderobe~A_TARGET_VIBE~2,Schuh~A_TARGET_VIBE~2,Teppich~A_TARGET_VIBE~2,Schlüsselbrett~A_TARGET_VIBE~3,Spiegel~A_TARGET_VIBE~2,Klingel~A_TARGET_VIBE~2"
Frischhaltefolie,2,1|10,Essen & Trinken|Haushalt & Wohnen,6,"Rolle~A_TARGET_VIBE~2,Abreißen~A_TARGET_VIBE~2,Einwickeln~A_TARGET_VIBE~2,Schüsselrand~A_TARGET_VIBE~3,Kühlschrank~A_TARGET_VIBE~2,Rest~A_TARGET_VIBE~2"
Fusselbürste,3,10,Haushalt & Wohnen,6,"Jacke~A_TARGET_VIBE~2,Haare~A_TARGET_VIBE~2,Streifen~A_TARGET_VIBE~2,Abziehen~A_TARGET_VIBE~2,Kleiderbügel~A_TARGET_VIBE~2,Teppich~A_TARGET_VIBE~3"
Fusselrolle,3,10,Haushalt & Wohnen,6,"Klebestreifen~A_TARGET_VIBE~3,Abrollen~A_TARGET_VIBE~2,Jacke~A_TARGET_VIBE~2,Haare~A_TARGET_VIBE~2,Reserve~A_TARGET_VIBE~3,Griff~A_TARGET_VIBE~2"
Futternapf,3,2|10,Natur & Tiere|Haushalt & Wohnen,6,"Hund~A_TARGET_VIBE~2,Katze~A_TARGET_VIBE~2,Trockenfutter~A_TARGET_VIBE~3,Lecken~A_TARGET_VIBE~2,Keramik~A_TARGET_VIBE~2,Rutschfest~A_TARGET_VIBE~3"
Fußleiste,3,10,Haushalt & Wohnen,6,"Parkett~A_TARGET_VIBE~2,Anstrich~A_TARGET_VIBE~2,Ecke~A_TARGET_VIBE~2,Spalt~A_TARGET_VIBE~3,Nagel~A_TARGET_VIBE~2,Gehrung~A_TARGET_VIBE~3"
Fußmatte,2,10,Haushalt & Wohnen,6,"Schmutz~A_TARGET_VIBE~2,Abtreten~A_TARGET_VIBE~2,Nass~A_TARGET_VIBE~2,Haustür~A_TARGET_VIBE~2,Willkommen~A_TARGET_VIBE~3,Waschbar~A_TARGET_VIBE~2"
Föhn,2,6|10,Technik & Digitales|Haushalt & Wohnen,6,"Heißluft~A_TARGET_VIBE~2,Stufe~A_TARGET_VIBE~2,Düse~A_TARGET_VIBE~2,Kabel~A_TARGET_VIBE~2,Bad~A_TARGET_VIBE~2,Frisur~A_TARGET_VIBE~3"
Gabel,1,1|10,Essen & Trinken|Haushalt & Wohnen,6,"Zinken~A_TARGET_VIBE~2,Teller~A_TARGET_VIBE~2,Schublade~A_TARGET_VIBE~2,Spülmaschine~A_TARGET_VIBE~2,Pasta~A_TARGET_VIBE~2,Serviette~A_TARGET_VIBE~2"
Garderobe,2,10,Haushalt & Wohnen,6,"Jacke~A_TARGET_VIBE~2,Kleiderbügel~A_TARGET_VIBE~2,Flur~A_TARGET_VIBE~2,Haken~A_TARGET_VIBE~2,Schuh~A_TARGET_VIBE~2,Spiegel~A_TARGET_VIBE~2"
Garderobenleiste,4,10,Haushalt & Wohnen,7,"Haken~A_TARGET_VIBE~2,Dübel~A_TARGET_VIBE~2,Wand~A_TARGET_VIBE~2,Schlüsselbund~A_TARGET_VIBE~2,Jacke~A_TARGET_VIBE~2,Montage~A_TARGET_VIBE~3,Leiste~B_PART_VIBE~2"
Gardinenband,4,10,Haushalt & Wohnen,7,"Kräuseln~A_TARGET_VIBE~3,Vorhang~A_TARGET_VIBE~2,Naht~A_TARGET_VIBE~2,Nadel~A_TARGET_VIBE~2,Schiene~A_TARGET_VIBE~2,Haken~A_TARGET_VIBE~2,Band~B_PART_VIBE~2"
Gardinenhaken,3,10,Haushalt & Wohnen,6,"Schiene~A_TARGET_VIBE~2,Einclipsen~A_TARGET_VIBE~3,Ring~A_TARGET_VIBE~2,Vorhang~A_TARGET_VIBE~2,Kunststoff~A_TARGET_VIBE~2,Aufhängen~A_TARGET_VIBE~2"
Gardinenring,3,10,Haushalt & Wohnen,6,"Stange~A_TARGET_VIBE~2,Clip~A_TARGET_VIBE~3,Rascheln~A_TARGET_VIBE~2,Vorhang~A_TARGET_VIBE~2,Metall~A_TARGET_VIBE~2,Aufziehen~A_TARGET_VIBE~3"
Gardinenstange,3,10,Haushalt & Wohnen,6,"Halterung~A_TARGET_VIBE~2,Dübel~A_TARGET_VIBE~2,Endstück~A_TARGET_VIBE~3,Vorhang~A_TARGET_VIBE~2,Bohrloch~A_TARGET_VIBE~2,Rund~A_TARGET_VIBE~2"
Garten,1,2|10,Natur & Tiere|Haushalt & Wohnen,6,"Rasen~A_TARGET_VIBE~2,Beet~A_TARGET_VIBE~2,Hecke~A_TARGET_VIBE~2,Sonne~A_TARGET_VIBE~2,Laub~A_TARGET_VIBE~2,Schlauch~A_TARGET_VIBE~3"
Gartenschlauch,3,2|10,Natur & Tiere|Haushalt & Wohnen,6,"Schlauchwagen~A_TARGET_VIBE~3,Spirale~A_TARGET_VIBE~2,Anschluss~A_TARGET_VIBE~2,Regner~A_TARGET_VIBE~3,Tropfen~A_TARGET_VIBE~2,Gießen~A_TARGET_VIBE~2"
Gefrierfach,3,1|10,Essen & Trinken|Haushalt & Wohnen,6,"Frost~A_TARGET_VIBE~2,Eiswürfel~A_TARGET_VIBE~2,Schublade~A_TARGET_VIBE~2,Abtauen~A_TARGET_VIBE~3,Temperatur~A_TARGET_VIBE~2,Beutel~A_TARGET_VIBE~2"
Gelbsack,3,10,Haushalt & Wohnen,6,"Verpackung~A_TARGET_VIBE~2,Plastik~A_TARGET_VIBE~2,Abholung~A_TARGET_VIBE~2,Knoten~A_TARGET_VIBE~3,Sammelstelle~A_TARGET_VIBE~3,Leichtstoff~A_TARGET_VIBE~3"
Geländer,3,10,Haushalt & Wohnen,6,"Treppe~A_TARGET_VIBE~2,Handlauf~A_TARGET_VIBE~2,Stufe~A_TARGET_VIBE~2,Stahl~A_TARGET_VIBE~2,Schraube~A_TARGET_VIBE~2,Sicherheit~A_TARGET_VIBE~2"
Geschirrtuch,2,1|10,Essen & Trinken|Haushalt & Wohnen,6,"Abtrocknen~A_TARGET_VIBE~2,Spüle~A_TARGET_VIBE~2,Aufhängen~A_TARGET_VIBE~2,Wasserfleck~A_TARGET_VIBE~2,Frottee~A_TARGET_VIBE~2,Krümel~A_TARGET_VIBE~2"
Gewürzglas,3,1|10,Essen & Trinken|Haushalt & Wohnen,6,"Schraubdeckel~A_TARGET_VIBE~2,Aroma~A_TARGET_VIBE~2,Regal~A_TARGET_VIBE~2,Beschriftung~A_TARGET_VIBE~3,Paprika~A_TARGET_VIBE~2,Kreuzkümmel~A_TARGET_VIBE~3"
Gewürzstreuer,2,1|10,Essen & Trinken|Haushalt & Wohnen,6,"Löcher~A_TARGET_VIBE~2,Salz~A_TARGET_VIBE~2,Pfeffer~A_TARGET_VIBE~2,Nachwürzen~A_TARGET_VIBE~2,Tisch~A_TARGET_VIBE~2,Deckel~A_TARGET_VIBE~2"
Gießbrause,4,2|10,Natur & Tiere|Haushalt & Wohnen,7,"Sprühbild~A_TARGET_VIBE~3,Feinregen~A_TARGET_VIBE~3,Aufsatz~A_TARGET_VIBE~2,Blätter~A_TARGET_VIBE~2,Beet~A_TARGET_VIBE~2,Anschluss~A_TARGET_VIBE~2,Brause~B_PART_VIBE~2"
Gießkanne,2,2|10,Natur & Tiere|Haushalt & Wohnen,6,"Ausguss~A_TARGET_VIBE~2,Henkel~A_TARGET_VIBE~2,Beet~A_TARGET_VIBE~2,Balkonpflanze~A_TARGET_VIBE~3,Regenwasser~A_TARGET_VIBE~3,Schuppen~A_TARGET_VIBE~2"
Glas,1,1|10,Essen & Trinken|Haushalt & Wohnen,6,"Rand~A_TARGET_VIBE~2,Spülmaschine~A_TARGET_VIBE~2,Bruchstück~A_TARGET_VIBE~2,Anstoßen~A_TARGET_VIBE~2,Stapel~A_TARGET_VIBE~2,Spiegelung~A_TARGET_VIBE~3"
Glasreiniger,3,10,Haushalt & Wohnen,6,"Streifenfrei~A_TARGET_VIBE~2,Sprühkopf~A_TARGET_VIBE~2,Spiegel~A_TARGET_VIBE~2,Abzieher~A_TARGET_VIBE~2,Fenster~A_TARGET_VIBE~2,Duft~A_TARGET_VIBE~2"
Glühbirne,2,6|10,Technik & Digitales|Haushalt & Wohnen,6,"Fassung~A_TARGET_VIBE~2,Schalter~A_TARGET_VIBE~2,Glühfaden~A_TARGET_VIBE~3,Warmweiß~A_TARGET_VIBE~2,E27~A_TARGET_VIBE~3,Platzen~A_TARGET_VIBE~3"
Griff,2,0|10,Alltag & Gegenstände|Haushalt & Wohnen,6,"Schraube~A_TARGET_VIBE~2,Beschlag~A_TARGET_VIBE~3,Zug~A_TARGET_VIBE~2,Kante~A_TARGET_VIBE~2,Abnutzen~A_TARGET_VIBE~3,Öffnen~A_TARGET_VIBE~2"
Gummihandschuh,3,10,Haushalt & Wohnen,6,"Spüli~A_TARGET_VIBE~2,Putzen~A_TARGET_VIBE~2,Latex~A_TARGET_VIBE~3,Schutz~A_TARGET_VIBE~2,Wasser~A_TARGET_VIBE~2,Geruch~A_TARGET_VIBE~3"
Hammer,1,0|10,Alltag & Gegenstände|Haushalt & Wohnen,6,"Nagel~A_TARGET_VIBE~2,Schlag~A_TARGET_VIBE~2,Stiel~A_TARGET_VIBE~2,Werkbank~A_TARGET_VIBE~2,Dübel~A_TARGET_VIBE~2,Daumen~A_TARGET_VIBE~3"
Handfeger,3,10,Haushalt & Wohnen,6,"Kehrblech~A_TARGET_VIBE~2,Krümel~A_TARGET_VIBE~2,Borsten~A_TARGET_VIBE~2,Flur~A_TARGET_VIBE~2,Staub~A_TARGET_VIBE~2,Kurzstiel~A_TARGET_VIBE~3"
Handtuch,1,10,Haushalt & Wohnen,6,"Frottee~A_TARGET_VIBE~2,Aufhängen~A_TARGET_VIBE~2,Trocknen~A_TARGET_VIBE~2,Waschgang~A_TARGET_VIBE~2,Feucht~A_TARGET_VIBE~2,Dusche~A_TARGET_VIBE~2"
Handtuchhalter,3,10,Haushalt & Wohnen,6,"Bohren~A_TARGET_VIBE~2,Schraube~A_TARGET_VIBE~2,Bad~A_TARGET_VIBE~2,Stange~A_TARGET_VIBE~2,Aufhängen~A_TARGET_VIBE~2,Chrom~A_TARGET_VIBE~2"
Haus,1,10,Haushalt & Wohnen,6,"Dach~A_TARGET_VIBE~2,Schlüssel~A_TARGET_VIBE~2,Nachbarn~A_TARGET_VIBE~2,Briefkasten~A_TARGET_VIBE~2,Garten~A_TARGET_VIBE~2,Flur~A_TARGET_VIBE~2"
Hefter,2,0|9,Alltag & Gegenstände|Gesellschaft & Beruf,6,"Klammer~A_TARGET_VIBE~2,Locher~A_TARGET_VIBE~2,Heftklammer~A_TARGET_VIBE~3,Schreibtisch~A_TARGET_VIBE~2,Akten~A_TARGET_VIBE~2,Stapeln~A_TARGET_VIBE~2"
Heizkessel,4,10,Haushalt & Wohnen,7,"Brenner~A_TARGET_VIBE~3,Manometer~A_TARGET_VIBE~3,Schornstein~A_TARGET_VIBE~3,Temperatur~A_TARGET_VIBE~2,Keller~A_TARGET_VIBE~2,Wartung~A_TARGET_VIBE~3,Heizkörper~A_TARGET_VIBE~2"
Heizkörper,2,10,Haushalt & Wohnen,4,"Rücklauf~A_TARGET_VIBE~2,Ventil~A_TARGET_VIBE~2,Frostschutz~A_TARGET_VIBE~3,Kessel~A_TARGET_VIBE~3"
Heizlüfter,3,6|10,Technik & Digitales|Haushalt & Wohnen,5,"Vorlauf~A_TARGET_VIBE~2,Entlüften~A_TARGET_VIBE~2,Thermostatkopf~A_TARGET_VIBE~3,Rippe~A_TARGET_VIBE~3,Lüfter~B_PART_VIBE~2"
Heiztherme,4,10,Haushalt & Wohnen,5,"Rücklauf~A_TARGET_VIBE~2,Ventil~A_TARGET_VIBE~2,Kessel~A_TARGET_VIBE~3,Entlüften~A_TARGET_VIBE~3,Frostschutz~A_TARGET_VIBE~3"
Heizung,2,10,Haushalt & Wohnen,4,"Entlüften~A_TARGET_VIBE~2,Ventil~A_TARGET_VIBE~2,Frostschutz~A_TARGET_VIBE~3,Vorlauf~A_TARGET_VIBE~3"
Herd,1,1|10,Essen & Trinken|Haushalt & Wohnen,4,"Topf~A_TARGET_VIBE~2,Spritzschutz~A_TARGET_VIBE~2,Drehknopf~A_TARGET_VIBE~3,Brutzeln~A_TARGET_VIBE~3"
Hocker,2,10,Haushalt & Wohnen,4,"Kante~A_TARGET_VIBE~2,Stauraum~A_TARGET_VIBE~2,Schublade~A_TARGET_VIBE~3,Griff~A_TARGET_VIBE~3"
Hängekorb,3,10,Haushalt & Wohnen,5,"Aufhängen~A_TARGET_VIBE~2,Fach~A_TARGET_VIBE~2,Regal~A_TARGET_VIBE~3,Stapeln~A_TARGET_VIBE~3,Korb~B_PART_VIBE~2"
Hängeregal,3,10,Haushalt & Wohnen,5,"Stauraum~A_TARGET_VIBE~2,Aufhängen~A_TARGET_VIBE~2,Kante~A_TARGET_VIBE~3,Schublade~A_TARGET_VIBE~3,Regal~B_PART_VIBE~2"
Inbusschlüssel,4,0|10,Alltag & Gegenstände|Haushalt & Wohnen,6,"Sechskant~A_TARGET_VIBE~2,Schraube~A_TARGET_VIBE~2,Ikea~A_TARGET_VIBE~3,Bit~A_TARGET_VIBE~3,Dübel~A_TARGET_VIBE~3,Schlüssel~B_PART_VIBE~2"
Insektenschutz,3,10,Haushalt & Wohnen,4,"Rahmen~A_TARGET_VIBE~2,Verdunkeln~A_TARGET_VIBE~2,Ring~A_TARGET_VIBE~3,Blickschutz~A_TARGET_VIBE~3"
Isolierband,3,0|10,Alltag & Gegenstände|Haushalt & Wohnen,5,"Isolierung~A_TARGET_VIBE~2,Kontakt~A_TARGET_VIBE~2,Netzteil~A_TARGET_VIBE~3,Sicherung~A_TARGET_VIBE~3,Band~B_PART_VIBE~2"
Jalousie,3,10,Haushalt & Wohnen,4,"Lamelle~A_TARGET_VIBE~2,Schnurzug~A_TARGET_VIBE~2,Verdunkeln~A_TARGET_VIBE~3,Blickschutz~A_TARGET_VIBE~3"
Kabel,2,6|10,Technik & Digitales|Haushalt & Wohnen,4,"Steckdose~A_TARGET_VIBE~2,Isolierung~A_TARGET_VIBE~2,Kontakt~A_TARGET_VIBE~3,Netzteil~A_TARGET_VIBE~3"
Kabelbinder,3,6|10,Technik & Digitales|Haushalt & Wohnen,5,"Ratsche~A_TARGET_VIBE~2,Bündeln~A_TARGET_VIBE~2,Werkbank~A_TARGET_VIBE~3,Knoten~A_TARGET_VIBE~3,Binder~B_PART_VIBE~2"
Kabeltrommel,4,6|10,Technik & Digitales|Haushalt & Wohnen,6,"Steckdose~A_TARGET_VIBE~2,Netzteil~A_TARGET_VIBE~2,Kabelsalat~A_TARGET_VIBE~3,Schalter~A_TARGET_VIBE~3,Sicherung~A_TARGET_VIBE~3,Kabel~B_PART_VIBE~2"
Kaffeekanne,3,1|10,Essen & Trinken|Haushalt & Wohnen,5,"Aroma~A_TARGET_VIBE~2,Spülgang~A_TARGET_VIBE~2,Rand~A_TARGET_VIBE~3,Abtropfen~A_TARGET_VIBE~3,Kanne~B_PART_VIBE~2"
Kaffeefilter,2,1|10,Essen & Trinken|Haushalt & Wohnen,4,"Aroma~A_TARGET_VIBE~2,Abmessen~A_TARGET_VIBE~2,Vorrat~A_TARGET_VIBE~3,Krümel~A_TARGET_VIBE~3"
Kaffeelöffel,2,1|10,Essen & Trinken|Haushalt & Wohnen,4,"Rühren~A_TARGET_VIBE~2,Spülgang~A_TARGET_VIBE~2,Krümel~A_TARGET_VIBE~3,Griff~A_TARGET_VIBE~3"
Kaffeemaschine,3,1|6|10,Essen & Trinken|Technik & Digitales|Haushalt & Wohnen,5,"Aroma~A_TARGET_VIBE~2,Filter~A_TARGET_VIBE~2,Timer~A_TARGET_VIBE~3,Spülgang~A_TARGET_VIBE~3,Maschine~B_PART_VIBE~2"
Kaffeepresse,4,1|10,Essen & Trinken|Haushalt & Wohnen,5,"Aroma~A_TARGET_VIBE~2,Spülgang~A_TARGET_VIBE~2,Rühren~A_TARGET_VIBE~3,Krümel~A_TARGET_VIBE~3,Presse~B_PART_VIBE~2"
Kaffeesatz,2,1|10,Essen & Trinken|Haushalt & Wohnen,4,"Aroma~A_TARGET_VIBE~2,Abmessen~A_TARGET_VIBE~2,Krümel~A_TARGET_VIBE~3,Vorrat~A_TARGET_VIBE~3"
Kaffetasse,1,1|10,Essen & Trinken|Haushalt & Wohnen,4,"Aroma~A_TARGET_VIBE~2,Rand~A_TARGET_VIBE~2,Spülgang~A_TARGET_VIBE~3,Anstoßen~A_TARGET_VIBE~3"
Kamin,3,10,Haushalt & Wohnen,4,"Rauch~A_TARGET_VIBE~2,Notfall~A_TARGET_VIBE~2,Prüfen~A_TARGET_VIBE~3,Alarm~A_TARGET_VIBE~3"
Kaminholz,3,10,Haushalt & Wohnen,4,"Rauch~A_TARGET_VIBE~2,Notfall~A_TARGET_VIBE~2,Wandhalter~A_TARGET_VIBE~3,Sicherungsstift~A_TARGET_VIBE~3"
Karaffe,3,1|10,Essen & Trinken|Haushalt & Wohnen,5,"Abtropfen~A_TARGET_VIBE~2,Spülgang~A_TARGET_VIBE~2,Rand~A_TARGET_VIBE~3,Eiswürfel~A_TARGET_VIBE~3,Becher~B_PART_VIBE~2"
Kartoffelpresse,4,1|10,Essen & Trinken|Haushalt & Wohnen,5,"Krümel~A_TARGET_VIBE~2,Spülgang~A_TARGET_VIBE~2,Sieben~A_TARGET_VIBE~3,Rühren~A_TARGET_VIBE~3,Presse~B_PART_VIBE~2"
Kasten,2,10,Haushalt & Wohnen,4,"Fach~A_TARGET_VIBE~2,Regal~A_TARGET_VIBE~2,Stauraum~A_TARGET_VIBE~3,Schublade~A_TARGET_VIBE~3"
Kellertreppe,4,10,Haushalt & Wohnen,5,"Tür~A_TARGET_VIBE~2,Teppich~A_TARGET_VIBE~2,Abstellen~A_TARGET_VIBE~3,Lampe~A_TARGET_VIBE~3,Fenster~A_TARGET_VIBE~3"
Kerze,2,10,Haushalt & Wohnen,4,"Muster~A_TARGET_VIBE~2,Kante~A_TARGET_VIBE~2,Farbe~A_TARGET_VIBE~3,Wand~A_TARGET_VIBE~3"
Kerzenhalter,3,10,Haushalt & Wohnen,5,"Kante~A_TARGET_VIBE~2,Muster~A_TARGET_VIBE~2,Wand~A_TARGET_VIBE~3,Rahmen~A_TARGET_VIBE~3,Halter~B_PART_VIBE~2"
Kehrblech,2,10,Haushalt & Wohnen,4,"Borsten~A_TARGET_VIBE~2,Staub~A_TARGET_VIBE~2,Krümel~A_TARGET_VIBE~3,Wischen~A_TARGET_VIBE~3"
Kehrmaschine,4,6|10,Technik & Digitales|Haushalt & Wohnen,5,"Mikrofaser~A_TARGET_VIBE~2,Staub~A_TARGET_VIBE~2,Eimer~A_TARGET_VIBE~3,Scheuern~A_TARGET_VIBE~3,Wischen~A_TARGET_VIBE~3"
Kissen,1,10,Haushalt & Wohnen,4,"Kante~A_TARGET_VIBE~2,Stauraum~A_TARGET_VIBE~2,Stapeln~A_TARGET_VIBE~3,Regal~A_TARGET_VIBE~3"
Kissenbezug,2,10,Haushalt & Wohnen,4,"Waschgang~A_TARGET_VIBE~2,Falte~A_TARGET_VIBE~2,Trocknen~A_TARGET_VIBE~3,Klammer~A_TARGET_VIBE~3"
Kitt,3,10,Haushalt & Wohnen,4,"Kalk~A_TARGET_VIBE~2,Tropfen~A_TARGET_VIBE~2,Chrom~A_TARGET_VIBE~3,Überwurfmutter~A_TARGET_VIBE~3"
Klammer,2,0|9,Alltag & Gegenstände|Gesellschaft & Beruf,4,"Schreibtisch~A_TARGET_VIBE~2,Büro~A_TARGET_VIBE~2,Unterschrift~A_TARGET_VIBE~3,Ablage~A_TARGET_VIBE~3"
Klebeband,2,10,Haushalt & Wohnen,4,"Klebepunkt~A_TARGET_VIBE~2,Farbe~A_TARGET_VIBE~2,Rolle~A_TARGET_VIBE~3,Muster~A_TARGET_VIBE~3"
Klebstoff,3,10,Haushalt & Wohnen,4,"Klebepunkt~A_TARGET_VIBE~2,Muster~A_TARGET_VIBE~2,Wand~A_TARGET_VIBE~3,Rolle~A_TARGET_VIBE~3"
Kleiderbügel,2,10,Haushalt & Wohnen,4,"Waschgang~A_TARGET_VIBE~2,Trocknen~A_TARGET_VIBE~2,Duft~A_TARGET_VIBE~3,Falte~A_TARGET_VIBE~3"
Kleiderbürste,3,10,Haushalt & Wohnen,5,"Borsten~A_TARGET_VIBE~2,Krümel~A_TARGET_VIBE~2,Staub~A_TARGET_VIBE~3,Mikrofaser~A_TARGET_VIBE~3,Bürste~B_PART_VIBE~2"
Kleidersack,3,10,Haushalt & Wohnen,4,"Waschgang~A_TARGET_VIBE~2,Falte~A_TARGET_VIBE~2,Klammer~A_TARGET_VIBE~3,Trocknen~A_TARGET_VIBE~3"
Kleiderstange,3,10,Haushalt & Wohnen,5,"Aufhängen~A_TARGET_VIBE~2,Stauraum~A_TARGET_VIBE~2,Regal~A_TARGET_VIBE~3,Griff~A_TARGET_VIBE~3,Stange~B_PART_VIBE~2"
Klimagerät,3,6|10,Technik & Digitales|Haushalt & Wohnen,4,"Filter~A_TARGET_VIBE~2,Luftstrom~A_TARGET_VIBE~2,Geräusch~A_TARGET_VIBE~3,Timer~A_TARGET_VIBE~3"
Klingel,2,10,Haushalt & Wohnen,4,"Besuch~A_TARGET_VIBE~2,Tür~A_TARGET_VIBE~2,Lampe~A_TARGET_VIBE~3,Fenster~A_TARGET_VIBE~3"
Knoblauchpresse,3,1|10,Essen & Trinken|Haushalt & Wohnen,5,"Krümel~A_TARGET_VIBE~2,Griff~A_TARGET_VIBE~2,Spülgang~A_TARGET_VIBE~3,Sieben~A_TARGET_VIBE~3,Presse~B_PART_VIBE~2"
Knopf,2,10,Haushalt & Wohnen,4,"Falte~A_TARGET_VIBE~2,Klammer~A_TARGET_VIBE~2,Waschgang~A_TARGET_VIBE~3,Trocknen~A_TARGET_VIBE~3"
Kochfeld,2,1|10,Essen & Trinken|Haushalt & Wohnen,4,"Pfanne~A_TARGET_VIBE~2,Topf~A_TARGET_VIBE~2,Drehknopf~A_TARGET_VIBE~3,Platte~A_TARGET_VIBE~3"
Kochgeschirr,3,1|10,Essen & Trinken|Haushalt & Wohnen,4,"Topf~A_TARGET_VIBE~2,Pfanne~A_TARGET_VIBE~2,Spülgang~A_TARGET_VIBE~3,Vorheizen~A_TARGET_VIBE~3"
Kochlöffel,2,1|10,Essen & Trinken|Haushalt & Wohnen,4,"Rühren~A_TARGET_VIBE~2,Teig~A_TARGET_VIBE~2,Griff~A_TARGET_VIBE~3,Spülgang~A_TARGET_VIBE~3"
Kombizange,4,0|10,Alltag & Gegenstände|Haushalt & Wohnen,6,"Dübel~A_TARGET_VIBE~2,Schraube~A_TARGET_VIBE~2,Bit~A_TARGET_VIBE~3,Wasserwaage~A_TARGET_VIBE~3,Montage~A_TARGET_VIBE~3,Zange~B_PART_VIBE~2"
Kommode,2,10,Haushalt & Wohnen,4,"Schublade~A_TARGET_VIBE~2,Griff~A_TARGET_VIBE~2,Stauraum~A_TARGET_VIBE~3,Regal~A_TARGET_VIBE~3"
Kosmetiktuch,2,7|10,Wissenschaft & Medizin|Haushalt & Wohnen,4,"Handtuch~A_TARGET_VIBE~2,Spiegel~A_TARGET_VIBE~2,Waschbecken~A_TARGET_VIBE~3,Tüchlein~A_TARGET_VIBE~3"
Korkenzieher,3,1|10,Essen & Trinken|Haushalt & Wohnen,4,"Krümel~A_TARGET_VIBE~2,Griff~A_TARGET_VIBE~2,Klinge~A_TARGET_VIBE~3,Spülgang~A_TARGET_VIBE~3"
Korb,2,10,Haushalt & Wohnen,4,"Stauraum~A_TARGET_VIBE~2,Regal~A_TARGET_VIBE~2,Stapeln~A_TARGET_VIBE~3,Fach~A_TARGET_VIBE~3"
Korkuntersetzer,3,1|10,Essen & Trinken|Haushalt & Wohnen,4,"Rand~A_TARGET_VIBE~2,Abtropfen~A_TARGET_VIBE~2,Eiswürfel~A_TARGET_VIBE~3,Spülgang~A_TARGET_VIBE~3"
Küchenhandtuch,2,1|10,Essen & Trinken|Haushalt & Wohnen,4,"Spülgang~A_TARGET_VIBE~2,Krümel~A_TARGET_VIBE~2,Griff~A_TARGET_VIBE~3,Schneidebrett~A_TARGET_VIBE~3"
Küche,1,1|10,Essen & Trinken|Haushalt & Wohnen,4,"Sofa~A_TARGET_VIBE~2,Tür~A_TARGET_VIBE~2,Abstellen~A_TARGET_VIBE~3,Lampe~A_TARGET_VIBE~3"
Küchenmesser,3,1|10,Essen & Trinken|Haushalt & Wohnen,4,"Klinge~A_TARGET_VIBE~2,Schneidebrett~A_TARGET_VIBE~2,Spülgang~A_TARGET_VIBE~3,Krümel~A_TARGET_VIBE~3"
Küchenrolle,2,1|10,Essen & Trinken|Haushalt & Wohnen,5,"Krümel~A_TARGET_VIBE~2,Spülgang~A_TARGET_VIBE~2,Schneidebrett~A_TARGET_VIBE~3,Teig~A_TARGET_VIBE~3,Rolle~B_PART_VIBE~2"
Küchenwaage,3,1|10,Essen & Trinken|Haushalt & Wohnen,4,"Abmessen~A_TARGET_VIBE~2,Etikett~A_TARGET_VIBE~2,Vorrat~A_TARGET_VIBE~3,Streuen~A_TARGET_VIBE~3"
Küchenzange,3,1|10,Essen & Trinken|Haushalt & Wohnen,5,"Griff~A_TARGET_VIBE~2,Spülgang~A_TARGET_VIBE~2,Krümel~A_TARGET_VIBE~3,Schneidebrett~A_TARGET_VIBE~3,Zange~B_PART_VIBE~2"
Laken,2,10,Haushalt & Wohnen,4,"Waschgang~A_TARGET_VIBE~2,Falte~A_TARGET_VIBE~2,Trocknen~A_TARGET_VIBE~3,Klammer~A_TARGET_VIBE~3"
Lampe,1,6|10,Technik & Digitales|Haushalt & Wohnen,4,"Steckdose~A_TARGET_VIBE~2,Schalter~A_TARGET_VIBE~2,LED~A_TARGET_VIBE~3,Fassung~A_TARGET_VIBE~3"
Leiter,3,0|10,Alltag & Gegenstände|Haushalt & Wohnen,4,"Wasserwaage~A_TARGET_VIBE~2,Montage~A_TARGET_VIBE~2,Dübel~A_TARGET_VIBE~3,Schraube~A_TARGET_VIBE~3"
Lichtschalter,2,6|10,Technik & Digitales|Haushalt & Wohnen,4,"Schalter~A_TARGET_VIBE~2,Steckdose~A_TARGET_VIBE~2,LED~A_TARGET_VIBE~3,Sicherung~A_TARGET_VIBE~3"
Luftentfeuchter,4,6|10,Technik & Digitales|Haushalt & Wohnen,5,"Filter~A_TARGET_VIBE~2,Luftstrom~A_TARGET_VIBE~2,Timer~A_TARGET_VIBE~3,Kondenswasser~A_TARGET_VIBE~3,Geräusch~A_TARGET_VIBE~3"
Maßband,2,0|10,Alltag & Gegenstände|Haushalt & Wohnen,4,"Wasserwaage~A_TARGET_VIBE~2,Montage~A_TARGET_VIBE~2,Schraube~A_TARGET_VIBE~3,Bohrloch~A_TARGET_VIBE~3"
Mörser,3,1|10,Essen & Trinken|Haushalt & Wohnen,4,"Krümel~A_TARGET_VIBE~2,Teig~A_TARGET_VIBE~2,Spülgang~A_TARGET_VIBE~3,Rühren~A_TARGET_VIBE~3"
Napfunterlage,4,2|10,Natur & Tiere|Haushalt & Wohnen,5,"Futter~A_TARGET_VIBE~2,Rutschfest~A_TARGET_VIBE~2,Napf~A_TARGET_VIBE~3,Fell~A_TARGET_VIBE~3,Unterlage~B_PART_VIBE~2"
Parkett,3,10,Haushalt & Wohnen,4,"Kratzer~A_TARGET_VIBE~2,Fuge~A_TARGET_VIBE~2,Wischen~A_TARGET_VIBE~3,Versiegelung~A_TARGET_VIBE~3"
Papierkorb,1,10,Haushalt & Wohnen,4,"Eimer~A_TARGET_VIBE~2,Staub~A_TARGET_VIBE~2,Scheuern~A_TARGET_VIBE~3,Wischen~A_TARGET_VIBE~3"
Pizzaschneider,4,1|10,Essen & Trinken|Haushalt & Wohnen,5,"Klinge~A_TARGET_VIBE~2,Schneidebrett~A_TARGET_VIBE~2,Krümel~A_TARGET_VIBE~3,Spülgang~A_TARGET_VIBE~3,Schneider~B_PART_VIBE~2"
Poster,2,4|10,Kultur & Kunst|Haushalt & Wohnen,4,"Muster~A_TARGET_VIBE~2,Wand~A_TARGET_VIBE~2,Rahmen~A_TARGET_VIBE~3,Farbe~A_TARGET_VIBE~3"
Raumteiler,3,10,Haushalt & Wohnen,4,"Schublade~A_TARGET_VIBE~2,Aufhängen~A_TARGET_VIBE~2,Stauraum~A_TARGET_VIBE~3,Kante~A_TARGET_VIBE~3"
Regenrinne,3,10,Haushalt & Wohnen,4,"Kalk~A_TARGET_VIBE~2,Tropfen~A_TARGET_VIBE~2,Überwurfmutter~A_TARGET_VIBE~3,Siphon~A_TARGET_VIBE~3"
Reiskocher,3,1|6|10,Essen & Trinken|Technik & Digitales|Haushalt & Wohnen,5,"Timer~A_TARGET_VIBE~2,Topf~A_TARGET_VIBE~2,Vorheizen~A_TARGET_VIBE~3,Drehknopf~A_TARGET_VIBE~3,Kocher~B_PART_VIBE~2"
Restmüll,2,10,Haushalt & Wohnen,4,"Eimer~A_TARGET_VIBE~2,Staub~A_TARGET_VIBE~2,Wischen~A_TARGET_VIBE~3,Scheuern~A_TARGET_VIBE~3"
Salzfass,3,1|10,Essen & Trinken|Haushalt & Wohnen,5,"Streuen~A_TARGET_VIBE~2,Vorrat~A_TARGET_VIBE~2,Deckel~A_TARGET_VIBE~3,Etikett~A_TARGET_VIBE~3,Fass~B_PART_VIBE~2"
Schaukelstuhl,4,10,Haushalt & Wohnen,4,"Stauraum~A_TARGET_VIBE~2,Regal~A_TARGET_VIBE~2,Schublade~A_TARGET_VIBE~3,Kante~A_TARGET_VIBE~3"
Schlafsack,3,10,Haushalt & Wohnen,4,"Waschgang~A_TARGET_VIBE~2,Trocknen~A_TARGET_VIBE~2,Falte~A_TARGET_VIBE~3,Klammer~A_TARGET_VIBE~3"
Schloss,3,10,Haushalt & Wohnen,4,"Besuch~A_TARGET_VIBE~2,Tür~A_TARGET_VIBE~2,Lampe~A_TARGET_VIBE~3,Fenster~A_TARGET_VIBE~3"
Schrank,2,10,Haushalt & Wohnen,4,"Schublade~A_TARGET_VIBE~2,Stauraum~A_TARGET_VIBE~2,Regal~A_TARGET_VIBE~3,Griff~A_TARGET_VIBE~3"
Schraubendreher,3,0|10,Alltag & Gegenstände|Haushalt & Wohnen,5,"Schraube~A_TARGET_VIBE~2,Dübel~A_TARGET_VIBE~2,Wasserwaage~A_TARGET_VIBE~3,Bohrloch~A_TARGET_VIBE~3,Dreher~B_PART_VIBE~2"
Schublade,2,10,Haushalt & Wohnen,4,"Griff~A_TARGET_VIBE~2,Fach~A_TARGET_VIBE~2,Stauraum~A_TARGET_VIBE~3,Regal~A_TARGET_VIBE~3"
Servierwagen,3,1|10,Essen & Trinken|Haushalt & Wohnen,4,"Abtropfen~A_TARGET_VIBE~2,Rand~A_TARGET_VIBE~2,Spülgang~A_TARGET_VIBE~3,Eiswürfel~A_TARGET_VIBE~3"
Sideboard,3,10,Haushalt & Wohnen,4,"Stauraum~A_TARGET_VIBE~2,Schublade~A_TARGET_VIBE~2,Griff~A_TARGET_VIBE~3,Regal~A_TARGET_VIBE~3"
Sofa,1,10,Haushalt & Wohnen,4,"Stauraum~A_TARGET_VIBE~2,Kante~A_TARGET_VIBE~2,Aufhängen~A_TARGET_VIBE~3,Regal~A_TARGET_VIBE~3"
Sprechanlage,4,6|10,Technik & Digitales|Haushalt & Wohnen,4,"Türöffner~A_TARGET_VIBE~2,Summen~A_TARGET_VIBE~2,Sprechknopf~A_TARGET_VIBE~3,Klingeln~A_TARGET_VIBE~3"
Steckdose,2,6|10,Technik & Digitales|Haushalt & Wohnen,4,"Steckdose~A_TARGET_VIBE~2,Schalter~A_TARGET_VIBE~2,Kontakt~A_TARGET_VIBE~3,Sicherung~A_TARGET_VIBE~3"
Tapete,3,10,Haushalt & Wohnen,5,"Rolle~A_TARGET_VIBE~2,Kleister~A_TARGET_VIBE~2,Muster~A_TARGET_VIBE~3,Bahn~A_TARGET_VIBE~3,Rolle~B_PART_VIBE~2"
Teller,1,1|10,Essen & Trinken|Haushalt & Wohnen,4,"Spülgang~A_TARGET_VIBE~2,Krümel~A_TARGET_VIBE~2,Griff~A_TARGET_VIBE~3,Schneidebrett~A_TARGET_VIBE~3"
Thermostat,3,10,Haushalt & Wohnen,4,"Vorlauf~A_TARGET_VIBE~2,Ventil~A_TARGET_VIBE~2,Rippe~A_TARGET_VIBE~3,Rücklauf~A_TARGET_VIBE~3"
Tischläufer,4,10,Haushalt & Wohnen,5,"Muster~A_TARGET_VIBE~2,Kante~A_TARGET_VIBE~2,Rahmen~A_TARGET_VIBE~3,Farbe~A_TARGET_VIBE~3,Tisch~B_PART_VIBE~2"
Toilettenpapierhalter,4,10,Haushalt & Wohnen,5,"Handtuch~A_TARGET_VIBE~2,Waschbecken~A_TARGET_VIBE~2,Spiegel~A_TARGET_VIBE~3,Badschrank~A_TARGET_VIBE~3,Halter~B_PART_VIBE~2"
Türklinke,3,10,Haushalt & Wohnen,4,"Besuch~A_TARGET_VIBE~2,Tür~A_TARGET_VIBE~2,Lampe~A_TARGET_VIBE~3,Fenster~A_TARGET_VIBE~3"
Türspion,3,10,Haushalt & Wohnen,5,"Guckloch~A_TARGET_VIBE~2,Klingeln~A_TARGET_VIBE~2,Besucher~A_TARGET_VIBE~3,Sicherheit~A_TARGET_VIBE~3,Tür~B_PART_VIBE~2"
Ventilator,2,6|10,Technik & Digitales|Haushalt & Wohnen,4,"Luftstrom~A_TARGET_VIBE~2,Filter~A_TARGET_VIBE~2,Geräusch~A_TARGET_VIBE~3,Timer~A_TARGET_VIBE~3"
Waschpulver,3,10,Haushalt & Wohnen,4,"Waschgang~A_TARGET_VIBE~2,Duft~A_TARGET_VIBE~2,Trommel~A_TARGET_VIBE~3,Vorbehandeln~A_TARGET_VIBE~3"
Werkzeugkoffer,4,0|10,Alltag & Gegenstände|Haushalt & Wohnen,5,"Dübel~A_TARGET_VIBE~2,Schraube~A_TARGET_VIBE~2,Bit~A_TARGET_VIBE~3,Montage~A_TARGET_VIBE~3,Späne~A_TARGET_VIBE~3"
Wischer,2,10,Haushalt & Wohnen,4,"Wischen~A_TARGET_VIBE~2,Eimer~A_TARGET_VIBE~2,Mikrofaser~A_TARGET_VIBE~3,Staub~A_TARGET_VIBE~3"
Wischwasser,3,10,Haushalt & Wohnen,4,"Einwirken~A_TARGET_VIBE~2,Sprühen~A_TARGET_VIBE~2,Kalk~A_TARGET_VIBE~3,Spülen~A_TARGET_VIBE~3"
Wohnung,1,10,Haushalt & Wohnen,4,"Tür~A_TARGET_VIBE~2,Fenster~A_TARGET_VIBE~2,Lampe~A_TARGET_VIBE~3,Sofa~A_TARGET_VIBE~3"
Wohnzimmer,2,10,Haushalt & Wohnen,4,"Sofa~A_TARGET_VIBE~2,Teppich~A_TARGET_VIBE~2,Lampe~A_TARGET_VIBE~3,Kissen~A_TARGET_VIBE~3"
Wäschekorb,2,10,Haushalt & Wohnen,4,"Waschgang~A_TARGET_VIBE~2,Trocknen~A_TARGET_VIBE~2,Klammer~A_TARGET_VIBE~3,Falte~A_TARGET_VIBE~3"
Wäscheleine,3,10,Haushalt & Wohnen,5,"Trocknen~A_TARGET_VIBE~2,Klammer~A_TARGET_VIBE~2,Falte~A_TARGET_VIBE~3,Waschgang~A_TARGET_VIBE~3,Leine~B_PART_VIBE~2"
Wäschenetz,4,10,Haushalt & Wohnen,5,"Waschgang~A_TARGET_VIBE~2,Trommel~A_TARGET_VIBE~2,Falte~A_TARGET_VIBE~3,Klammer~A_TARGET_VIBE~3,Netz~B_PART_VIBE~2"
Wäschesack,3,10,Haushalt & Wohnen,4,"Waschgang~A_TARGET_VIBE~2,Falte~A_TARGET_VIBE~2,Trocknen~A_TARGET_VIBE~3,Klammer~A_TARGET_VIBE~3"
Wäscheseife,3,10,Haushalt & Wohnen,4,"Waschgang~A_TARGET_VIBE~2,Duft~A_TARGET_VIBE~2,Vorbehandeln~A_TARGET_VIBE~3,Trommel~A_TARGET_VIBE~3"
Wäschespinne,4,10,Haushalt & Wohnen,5,"Trocknen~A_TARGET_VIBE~2,Klammer~A_TARGET_VIBE~2,Falte~A_TARGET_VIBE~3,Waschgang~A_TARGET_VIBE~3,Spinne~B_PART_VIBE~2"
Wäscheständer,3,10,Haushalt & Wohnen,5,"Klammer~A_TARGET_VIBE~2,Trocknen~A_TARGET_VIBE~2,Waschgang~A_TARGET_VIBE~3,Falte~A_TARGET_VIBE~3,Ständer~B_PART_VIBE~2"
Wäschetruhe,4,10,Haushalt & Wohnen,5,"Waschgang~A_TARGET_VIBE~2,Trocknen~A_TARGET_VIBE~2,Falte~A_TARGET_VIBE~3,Klammer~A_TARGET_VIBE~3,Truhe~B_PART_VIBE~2"
Zahnbürste,2,7|10,Wissenschaft & Medizin|Haushalt & Wohnen,4,"Schaum~A_TARGET_VIBE~2,Spiegel~A_TARGET_VIBE~2,Waschbecken~A_TARGET_VIBE~3,Mundspülung~A_TARGET_VIBE~3"
Zahnbürstenhalter,4,7|10,Wissenschaft & Medizin|Haushalt & Wohnen,5,"Waschbecken~A_TARGET_VIBE~2,Spiegel~A_TARGET_VIBE~2,Badschrank~A_TARGET_VIBE~3,Handtuch~A_TARGET_VIBE~3,Halter~B_PART_VIBE~2"
Zange,2,0|10,Alltag & Gegenstände|Haushalt & Wohnen,5,"Dübel~A_TARGET_VIBE~2,Schraube~A_TARGET_VIBE~2,Bohrloch~A_TARGET_VIBE~3,Montage~A_TARGET_VIBE~3,Zange~A_TARGET_VIBE~3"
Zeitschriftenständer,3,4|10,Kultur & Kunst|Haushalt & Wohnen,5,"Titelbild~A_TARGET_VIBE~2,Stapeln~A_TARGET_VIBE~2,Wohnzimmer~A_TARGET_VIBE~3,Kante~A_TARGET_VIBE~3,Ständer~B_PART_VIBE~2"
Zimmer,1,10,Haushalt & Wohnen,4,"Lampe~A_TARGET_VIBE~2,Sofa~A_TARGET_VIBE~2,Fenster~A_TARGET_VIBE~3,Tür~A_TARGET_VIBE~3"
Zitronenpresse,4,1|10,Essen & Trinken|Haushalt & Wohnen,5,"Saft~A_TARGET_VIBE~2,Kerne~A_TARGET_VIBE~2,Rillen~A_TARGET_VIBE~3,Spülgang~A_TARGET_VIBE~3,Presse~B_PART_VIBE~2"
Zollstock,3,0|10,Alltag & Gegenstände|Haushalt & Wohnen,5,"Zentimeter~A_TARGET_VIBE~2,Glied~A_TARGET_VIBE~2,Messen~A_TARGET_VIBE~3,Werkbank~A_TARGET_VIBE~3,Stock~B_PART_VIBE~2"
Zuckerdose,3,1|10,Essen & Trinken|Haushalt & Wohnen,5,"Deckel~A_TARGET_VIBE~2,Löffelchen~A_TARGET_VIBE~2,Kaffeetisch~A_TARGET_VIBE~3,Vorrat~A_TARGET_VIBE~3,Dose~B_PART_VIBE~2"
Zuckerzange,4,1|10,Essen & Trinken|Haushalt & Wohnen,6,"Servieren~A_TARGET_VIBE~2,Teig~A_TARGET_VIBE~2,Schneidebrett~A_TARGET_VIBE~3,Krümel~A_TARGET_VIBE~3,Edelstahl~A_TARGET_VIBE~3,Zange~B_PART_VIBE~2"
Kalender,1,0|9,Alltag & Gegenstände|Gesellschaft & Beruf,6,"Termin~A_TARGET_VIBE~2,Monat~A_TARGET_VIBE~2,Woche~A_TARGET_VIBE~2,Feiertag~A_TARGET_VIBE~3,Blättern~A_TARGET_VIBE~2,Notiz~A_TARGET_VIBE~2"
Kamm,2,0,Alltag & Gegenstände,5,"Zinken~A_TARGET_VIBE~2,Scheitel~A_TARGET_VIBE~3,Frisieren~A_TARGET_VIBE~2,Knoten~A_TARGET_VIBE~2,Spiegel~A_TARGET_VIBE~2"
Kanne,2,1|10,Essen & Trinken|Haushalt & Wohnen,5,"Ausguss~A_TARGET_VIBE~2,Henkel~A_TARGET_VIBE~2,Deckel~A_TARGET_VIBE~2,Warmhalten~A_TARGET_VIBE~3,Klecks~A_TARGET_VIBE~2"
Karton,2,0,Alltag & Gegenstände,5,"Pappe~A_TARGET_VIBE~2,Falten~A_TARGET_VIBE~2,Klebeband~A_TARGET_VIBE~2,Umzug~A_TARGET_VIBE~3,Beschriftung~A_TARGET_VIBE~3"
Katzenstreu,3,2|10,Natur & Tiere|Haushalt & Wohnen,5,"Körnchen~A_TARGET_VIBE~2,Klumpen~A_TARGET_VIBE~3,Geruchsbinder~A_TARGET_VIBE~3,Schaufel~A_TARGET_VIBE~2,Katze~B_PART_VIBE~2"
Katzentoilette,3,2|10,Natur & Tiere|Haushalt & Wohnen,6,"Haube~A_TARGET_VIBE~2,Schwingtür~A_TARGET_VIBE~3,Ecke~A_TARGET_VIBE~2,Schaufel~A_TARGET_VIBE~2,Geruch~A_TARGET_VIBE~2,Katze~B_PART_VIBE~2"
Kehrschaufel,3,10,Haushalt & Wohnen,5,"Handfeger~A_TARGET_VIBE~2,Krümel~A_TARGET_VIBE~2,Gummilippe~A_TARGET_VIBE~3,Aufnehmen~A_TARGET_VIBE~3,Ecke~A_TARGET_VIBE~2"
Keller,2,10,Haushalt & Wohnen,5,"Feuchtigkeit~A_TARGET_VIBE~2,Regal~A_TARGET_VIBE~2,Vorräte~A_TARGET_VIBE~3,Spinnweben~A_TARGET_VIBE~2,Kellerlicht~A_TARGET_VIBE~3"
Kerzenständer,3,10,Haushalt & Wohnen,5,"Wachsrest~A_TARGET_VIBE~3,Tropfen~A_TARGET_VIBE~2,Docht~A_TARGET_VIBE~2,Tischdeko~A_TARGET_VIBE~2,Metall~A_TARGET_VIBE~2"
Kinderzimmer,2,10,Haushalt & Wohnen,5,"Spielzeug~A_TARGET_VIBE~2,Nachtlicht~A_TARGET_VIBE~3,Poster~A_TARGET_VIBE~2,Bauklötze~A_TARGET_VIBE~3,Bett~A_TARGET_VIBE~2"
Kiste,2,0,Alltag & Gegenstände,5,"Stapeln~A_TARGET_VIBE~2,Deckel~A_TARGET_VIBE~2,Holz~A_TARGET_VIBE~2,Beschriftung~A_TARGET_VIBE~3,Kram~A_TARGET_VIBE~2"
Kompost,3,2|10,Natur & Tiere|Haushalt & Wohnen,5,"Wurm~A_TARGET_VIBE~3,Erde~A_TARGET_VIBE~2,Garten~A_TARGET_VIBE~2,Küchenreste~A_TARGET_VIBE~3,Haufen~A_TARGET_VIBE~2"
Kopfteil,3,10,Haushalt & Wohnen,5,"Lehne~A_TARGET_VIBE~3,Polster~A_TARGET_VIBE~2,Holzrahmen~A_TARGET_VIBE~3,Schlafzimmer~A_TARGET_VIBE~2,Kissen~A_TARGET_VIBE~2"
Kronleuchter,4,4|10,Kultur & Kunst|Haushalt & Wohnen,6,"Kristall~A_TARGET_VIBE~3,Kette~A_TARGET_VIBE~3,Decke~A_TARGET_VIBE~2,Glanz~A_TARGET_VIBE~2,Prunk~A_TARGET_VIBE~3,Kerzenform~A_TARGET_VIBE~3"
Krug,3,1|10,Essen & Trinken|Haushalt & Wohnen,5,"Henkel~A_TARGET_VIBE~2,Steinzeug~A_TARGET_VIBE~3,Ausguss~A_TARGET_VIBE~2,Kühl~A_TARGET_VIBE~2,Schaumkrone~A_TARGET_VIBE~3"
Kuchengitter,3,1|10,Essen & Trinken|Haushalt & Wohnen,5,"Abkühlen~A_TARGET_VIBE~3,Glasur~A_TARGET_VIBE~3,Draht~A_TARGET_VIBE~2,Krümel~A_TARGET_VIBE~2,Backblech~A_TARGET_VIBE~2"
Küchenzeile,3,10,Haushalt & Wohnen,6,"Arbeitsplatte~A_TARGET_VIBE~2,Hängeschrank~A_TARGET_VIBE~3,Schublade~A_TARGET_VIBE~2,Spüle~A_TARGET_VIBE~2,Fliesenspiegel~A_TARGET_VIBE~3,Herdplatte~A_TARGET_VIBE~3"
Kühlschrank,1,1|10,Essen & Trinken|Haushalt & Wohnen,6,"Gemüsefach~A_TARGET_VIBE~2,Brummen~A_TARGET_VIBE~2,Eisfach~A_TARGET_VIBE~3,Abtauen~A_TARGET_VIBE~3,Magnet~A_TARGET_VIBE~2,Kühlen~A_TARGET_VIBE~2"
Laminat,3,10,Haushalt & Wohnen,6,"Klicksystem~A_TARGET_VIBE~3,Dielen~A_TARGET_VIBE~2,Fuge~A_TARGET_VIBE~2,Unterlage~A_TARGET_VIBE~3,Kratzer~A_TARGET_VIBE~2,Pflege~A_TARGET_VIBE~2"
Lampenschirm,3,10,Haushalt & Wohnen,6,"Blendung~A_TARGET_VIBE~3,Stoff~A_TARGET_VIBE~2,Fassung~A_TARGET_VIBE~2,Staub~A_TARGET_VIBE~2,Lichtkegel~A_TARGET_VIBE~3,Abnehmen~A_TARGET_VIBE~2"
Lappen,1,10,Haushalt & Wohnen,5,"Wischen~A_TARGET_VIBE~2,Feucht~A_TARGET_VIBE~2,Fleck~A_TARGET_VIBE~2,Auswringen~A_TARGET_VIBE~3,Eimer~A_TARGET_VIBE~2"
Lattenrost,3,10,Haushalt & Wohnen,6,"Federholz~A_TARGET_VIBE~3,Leisten~A_TARGET_VIBE~2,Verstellen~A_TARGET_VIBE~3,Knarren~A_TARGET_VIBE~2,Rahmen~A_TARGET_VIBE~2,Matratze~A_TARGET_VIBE~2"
Lautsprecher,3,6|10,Technik & Digitales|Haushalt & Wohnen,6,"Bass~A_TARGET_VIBE~2,Membran~A_TARGET_VIBE~3,Klang~A_TARGET_VIBE~2,Verstärker~A_TARGET_VIBE~3,Bluetooth~A_TARGET_VIBE~3,Anschluss~A_TARGET_VIBE~2"
Leuchte,2,10,Haushalt & Wohnen,5,"LED~A_TARGET_VIBE~2,Dimmer~A_TARGET_VIBE~3,Schalter~A_TARGET_VIBE~2,Fassung~A_TARGET_VIBE~2,Decke~A_TARGET_VIBE~2"
Lineal,2,0|9,Alltag & Gegenstände|Gesellschaft & Beruf,5,"Zentimeter~A_TARGET_VIBE~2,Kante~A_TARGET_VIBE~2,Gerade~A_TARGET_VIBE~2,Bleistift~A_TARGET_VIBE~2,Messen~A_TARGET_VIBE~2"
Locher,2,0|9,Alltag & Gegenstände|Gesellschaft & Beruf,5,"Rundloch~A_TARGET_VIBE~3,Papierstapel~A_TARGET_VIBE~2,Hebel~A_TARGET_VIBE~2,Ordner~A_TARGET_VIBE~3,Stanz~A_TARGET_VIBE~3"
Luftbefeuchter,4,6|10,Technik & Digitales|Haushalt & Wohnen,6,"Wassertank~A_TARGET_VIBE~3,Nebeldüse~A_TARGET_VIBE~3,Hygrometer~A_TARGET_VIBE~3,Heizperiode~A_TARGET_VIBE~3,Kalk~A_TARGET_VIBE~2,Brummen~A_TARGET_VIBE~2"
Lufterfrischer,3,10,Haushalt & Wohnen,5,"Sprühstoß~A_TARGET_VIBE~2,Zitrus~A_TARGET_VIBE~2,Duft~A_TARGET_VIBE~2,Aerosol~A_TARGET_VIBE~3,Flakon~A_TARGET_VIBE~2"
Läufer,3,10,Haushalt & Wohnen,5,"Flur~A_TARGET_VIBE~2,Rutschfest~A_TARGET_VIBE~3,Schmutz~A_TARGET_VIBE~2,Kante~A_TARGET_VIBE~2,Waschbar~A_TARGET_VIBE~3"
Löffel,1,1|10,Essen & Trinken|Haushalt & Wohnen,5,"Rühren~A_TARGET_VIBE~2,Suppe~A_TARGET_VIBE~2,Schublade~A_TARGET_VIBE~2,Klecks~A_TARGET_VIBE~2,Silber~A_TARGET_VIBE~2"
Markise,4,10,Haushalt & Wohnen,6,"Kurbel~A_TARGET_VIBE~3,Ausfahren~A_TARGET_VIBE~3,Schatten~A_TARGET_VIBE~2,Balkon~A_TARGET_VIBE~2,Streben~A_TARGET_VIBE~3,Wind~A_TARGET_VIBE~2"
Matratze,2,10,Haushalt & Wohnen,5,"Federkern~A_TARGET_VIBE~3,Bezug~A_TARGET_VIBE~2,Wenden~A_TARGET_VIBE~3,Liegefläche~A_TARGET_VIBE~2,Lattenrost~A_TARGET_VIBE~2"
Mehrfachsteckdose,3,6|10,Technik & Digitales|Haushalt & Wohnen,6,"Leiste~A_TARGET_VIBE~2,Schalter~A_TARGET_VIBE~2,Überspannung~A_TARGET_VIBE~3,Kabelsalat~A_TARGET_VIBE~2,Stecker~A_TARGET_VIBE~2,Anschluss~A_TARGET_VIBE~2"
Messbecher,2,1|10,Essen & Trinken|Haushalt & Wohnen,5,"Skala~A_TARGET_VIBE~2,Milliliter~A_TARGET_VIBE~2,Abmessen~A_TARGET_VIBE~2,Ausguss~A_TARGET_VIBE~2,Backen~A_TARGET_VIBE~2"
Messer,1,1|10,Essen & Trinken|Haushalt & Wohnen,5,"Klinge~A_TARGET_VIBE~2,Schärfen~A_TARGET_VIBE~3,Griff~A_TARGET_VIBE~2,Schneidebrett~A_TARGET_VIBE~2,Spülgang~A_TARGET_VIBE~3"
Mikrowelle,3,1|6|10,Essen & Trinken|Technik & Digitales|Haushalt & Wohnen,6,"Drehteller~A_TARGET_VIBE~3,Piepsen~A_TARGET_VIBE~2,Aufwärmen~A_TARGET_VIBE~2,Türgriff~A_TARGET_VIBE~2,Leistung~A_TARGET_VIBE~3,Popcorn~A_TARGET_VIBE~2"
Milchaufschäumer,4,1|6|10,Essen & Trinken|Technik & Digitales|Haushalt & Wohnen,6,"Schaum~A_TARGET_VIBE~2,Quirl~A_TARGET_VIBE~3,Cappuccino~A_TARGET_VIBE~3,Latte~A_TARGET_VIBE~3,Barista~A_TARGET_VIBE~3,Heiß~A_TARGET_VIBE~2"
Milchkännchen,4,1|10,Essen & Trinken|Haushalt & Wohnen,5,"Ausguss~A_TARGET_VIBE~2,Edelstahl~A_TARGET_VIBE~2,Schaum~A_TARGET_VIBE~2,Latte~A_TARGET_VIBE~3,Barista~A_TARGET_VIBE~3"
Mopp,2,10,Haushalt & Wohnen,5,"Auswringen~A_TARGET_VIBE~3,Eimer~A_TARGET_VIBE~2,Stiel~A_TARGET_VIBE~2,Wischbezug~A_TARGET_VIBE~3,Boden~A_TARGET_VIBE~2"
Mundspülung,3,7|10,Wissenschaft & Medizin|Haushalt & Wohnen,5,"Minze~A_TARGET_VIBE~2,Gurgeln~A_TARGET_VIBE~3,Kappe~A_TARGET_VIBE~2,Flakon~A_TARGET_VIBE~2,Zahnseide~A_TARGET_VIBE~3"
Müllbeutel,2,10,Haushalt & Wohnen,5,"Rolle~A_TARGET_VIBE~2,Knoten~A_TARGET_VIBE~2,Zuziehen~A_TARGET_VIBE~3,Geruch~A_TARGET_VIBE~2,Reißen~A_TARGET_VIBE~3"
Mülleimer,1,10,Haushalt & Wohnen,5,"Deckel~A_TARGET_VIBE~2,Treten~A_TARGET_VIBE~3,Beutel~A_TARGET_VIBE~2,Entleeren~A_TARGET_VIBE~2,Geruch~A_TARGET_VIBE~2"
Mülltonne,2,10,Haushalt & Wohnen,6,"Räder~A_TARGET_VIBE~2,Abfuhr~A_TARGET_VIBE~3,Straßenrand~A_TARGET_VIBE~3,Deckel~A_TARGET_VIBE~2,Leerung~A_TARGET_VIBE~3,Geruch~A_TARGET_VIBE~2"
Müslischale,2,1|10,Essen & Trinken|Haushalt & Wohnen,5,"Frühstück~A_TARGET_VIBE~2,Hafer~A_TARGET_VIBE~3,Joghurt~A_TARGET_VIBE~2,Löffel~A_TARGET_VIBE~2,Spülmaschine~A_TARGET_VIBE~2"
Nachttisch,2,10,Haushalt & Wohnen,6,"Schublade~A_TARGET_VIBE~2,Bettseite~A_TARGET_VIBE~3,Wecker~A_TARGET_VIBE~2,Lampe~A_TARGET_VIBE~2,Buch~A_TARGET_VIBE~2,Brille~A_TARGET_VIBE~3"
Nadel,2,0|10,Alltag & Gegenstände|Haushalt & Wohnen,5,"Faden~A_TARGET_VIBE~2,Stich~A_TARGET_VIBE~2,Nähen~A_TARGET_VIBE~2,Fingerhut~A_TARGET_VIBE~3,Spule~A_TARGET_VIBE~3"
Nagel,2,0|10,Alltag & Gegenstände|Haushalt & Wohnen,5,"Hammer~A_TARGET_VIBE~2,Einschlagen~A_TARGET_VIBE~3,Wand~A_TARGET_VIBE~2,Kopf~A_TARGET_VIBE~2,Rost~A_TARGET_VIBE~3"
Notizbuch,1,0|9,Alltag & Gegenstände|Gesellschaft & Beruf,6,"Einband~A_TARGET_VIBE~2,Seite~A_TARGET_VIBE~2,Kariert~A_TARGET_VIBE~3,Skizze~A_TARGET_VIBE~2,Lesezeichen~A_TARGET_VIBE~3,Stift~A_TARGET_VIBE~2"
Nudelholz,3,1|10,Essen & Trinken|Haushalt & Wohnen,6,"Ausrollen~A_TARGET_VIBE~3,Mehl~A_TARGET_VIBE~2,Teig~A_TARGET_VIBE~2,Holzrolle~A_TARGET_VIBE~3,Backbrett~A_TARGET_VIBE~3,Kekse~A_TARGET_VIBE~2"
Obstschale,3,1|10,Essen & Trinken|Haushalt & Wohnen,5,"Äpfel~A_TARGET_VIBE~2,Banane~A_TARGET_VIBE~2,Reifen~A_TARGET_VIBE~3,Geflecht~A_TARGET_VIBE~2,Küche~A_TARGET_VIBE~2"
Ofen,2,1|10,Essen & Trinken|Haushalt & Wohnen,6,"Vorheizen~A_TARGET_VIBE~2,Umluft~A_TARGET_VIBE~3,Backblech~A_TARGET_VIBE~2,Thermostat~A_TARGET_VIBE~3,Türscheibe~A_TARGET_VIBE~2,Bratengeruch~A_TARGET_VIBE~3"
Ordner,2,0|9,Alltag & Gegenstände|Gesellschaft & Beruf,6,"Register~A_TARGET_VIBE~3,Rückenlabel~A_TARGET_VIBE~3,Lochung~A_TARGET_VIBE~2,Hebelmechanik~A_TARGET_VIBE~3,Ablage~A_TARGET_VIBE~2,Büro~A_TARGET_VIBE~2"
Papierhandtuch,2,10,Haushalt & Wohnen,5,"Abreißen~A_TARGET_VIBE~2,Rolle~A_TARGET_VIBE~2,Saugfähig~A_TARGET_VIBE~2,Spüle~A_TARGET_VIBE~2,Trocknen~A_TARGET_VIBE~2"
Papiertonne,3,10,Haushalt & Wohnen,6,"Recycling~A_TARGET_VIBE~2,Zeitung~A_TARGET_VIBE~2,Kartonage~A_TARGET_VIBE~3,Deckel~A_TARGET_VIBE~2,Abholung~A_TARGET_VIBE~3,Blau~A_TARGET_VIBE~2"
Pfanne,1,1|10,Essen & Trinken|Haushalt & Wohnen,5,"Braten~A_TARGET_VIBE~2,Griff~A_TARGET_VIBE~2,Beschichtung~A_TARGET_VIBE~3,Hitze~A_TARGET_VIBE~2,Ölspritzer~A_TARGET_VIBE~3"
Pfannenwender,3,1|10,Essen & Trinken|Haushalt & Wohnen,5,"Wenden~A_TARGET_VIBE~3,Silikon~A_TARGET_VIBE~3,Bratfett~A_TARGET_VIBE~2,Pfannkuchen~A_TARGET_VIBE~3,Kratzer~A_TARGET_VIBE~2"
Pfeffermühle,3,1|10,Essen & Trinken|Haushalt & Wohnen,6,"Mahlwerk~A_TARGET_VIBE~3,Drehen~A_TARGET_VIBE~2,Körnchen~A_TARGET_VIBE~2,Nachwürzen~A_TARGET_VIBE~2,Aroma~A_TARGET_VIBE~3,Holz~A_TARGET_VIBE~2"
Pfefferstreuer,2,1|10,Essen & Trinken|Haushalt & Wohnen,5,"Löcher~A_TARGET_VIBE~2,Körnchen~A_TARGET_VIBE~2,Nachwürzen~A_TARGET_VIBE~2,Tisch~A_TARGET_VIBE~2,Deckel~A_TARGET_VIBE~2"
Pflanze,2,2|10,Natur & Tiere|Haushalt & Wohnen,6,"Gießen~A_TARGET_VIBE~2,Blatt~A_TARGET_VIBE~2,Topf~A_TARGET_VIBE~2,Umtopfen~A_TARGET_VIBE~3,Dünger~A_TARGET_VIBE~3,Sonne~A_TARGET_VIBE~2"
Pflanzkübel,3,2|10,Natur & Tiere|Haushalt & Wohnen,6,"Erde~A_TARGET_VIBE~2,Drainage~A_TARGET_VIBE~3,Balkon~A_TARGET_VIBE~2,Ton~A_TARGET_VIBE~2,Umtopfen~A_TARGET_VIBE~3,Gießen~A_TARGET_VIBE~2"
Pinnwand,3,0|9,Alltag & Gegenstände|Gesellschaft & Beruf,6,"Reißzwecke~A_TARGET_VIBE~3,Kork~A_TARGET_VIBE~2,Aushang~A_TARGET_VIBE~2,Foto~A_TARGET_VIBE~2,Termin~A_TARGET_VIBE~3,Notiz~A_TARGET_VIBE~2"
Pinsel,2,0|10,Alltag & Gegenstände|Haushalt & Wohnen,5,"Borsten~A_TARGET_VIBE~2,Farbe~A_TARGET_VIBE~2,Streichen~A_TARGET_VIBE~3,Griff~A_TARGET_VIBE~2,Klecks~A_TARGET_VIBE~2"
Platzdeckchen,4,1|10,Essen & Trinken|Haushalt & Wohnen,6,"Krümel~A_TARGET_VIBE~2,Abwischen~A_TARGET_VIBE~2,Teller~A_TARGET_VIBE~2,Fleck~A_TARGET_VIBE~2,Deko~A_TARGET_VIBE~2,Tisch~A_TARGET_VIBE~2"
Plissee,4,10,Haushalt & Wohnen,6,"Falten~A_TARGET_VIBE~2,Klemmträger~A_TARGET_VIBE~3,Fenster~A_TARGET_VIBE~2,Schnurzug~A_TARGET_VIBE~3,Verdunkeln~A_TARGET_VIBE~2,Blickschutz~A_TARGET_VIBE~2"
Putzmittel,2,10,Haushalt & Wohnen,6,"Sprühkopf~A_TARGET_VIBE~2,Einwirken~A_TARGET_VIBE~3,Fettfleck~A_TARGET_VIBE~3,Duft~A_TARGET_VIBE~2,Schwamm~A_TARGET_VIBE~2,Spülen~A_TARGET_VIBE~2"
Putzstein,3,10,Haushalt & Wohnen,5,"Dose~A_TARGET_VIBE~2,Reiben~A_TARGET_VIBE~3,Schwamm~A_TARGET_VIBE~2,Glanz~A_TARGET_VIBE~2,Kalk~A_TARGET_VIBE~3"
Putztuch,2,10,Haushalt & Wohnen,5,"Mikrofaser~A_TARGET_VIBE~2,Polieren~A_TARGET_VIBE~2,Staub~A_TARGET_VIBE~2,Feucht~A_TARGET_VIBE~2,Wischen~A_TARGET_VIBE~2"
Pömpel,3,10,Haushalt & Wohnen,6,"Saugnapf~A_TARGET_VIBE~3,Abfluss~A_TARGET_VIBE~2,Verstopfung~A_TARGET_VIBE~3,Druck~A_TARGET_VIBE~3,Gummi~A_TARGET_VIBE~2,Spritzer~A_TARGET_VIBE~3"
Pürierstab,3,1|6|10,Essen & Trinken|Technik & Digitales|Haushalt & Wohnen,6,"Klingen~A_TARGET_VIBE~3,Suppe~A_TARGET_VIBE~2,Becher~A_TARGET_VIBE~2,Spritzschutz~A_TARGET_VIBE~3,Knopf~A_TARGET_VIBE~2,Kabel~A_TARGET_VIBE~2"
Radiergummi,2,0|9,Alltag & Gegenstände|Gesellschaft & Beruf,5,"Bleistift~A_TARGET_VIBE~2,Krümel~A_TARGET_VIBE~2,Fehler~A_TARGET_VIBE~2,Papier~A_TARGET_VIBE~2,Schule~A_TARGET_VIBE~2"
Radio,2,6|10,Technik & Digitales|Haushalt & Wohnen,6,"Sender~A_TARGET_VIBE~2,Antenne~A_TARGET_VIBE~2,Rauschen~A_TARGET_VIBE~3,Knopf~A_TARGET_VIBE~2,UKW~A_TARGET_VIBE~3,Lautstärke~A_TARGET_VIBE~2"
Rankhilfe,4,2|10,Natur & Tiere|Haushalt & Wohnen,6,"Spalier~A_TARGET_VIBE~3,Draht~A_TARGET_VIBE~2,Bohnen~A_TARGET_VIBE~3,Kletter~A_TARGET_VIBE~3,Garten~A_TARGET_VIBE~2,Stäbe~A_TARGET_VIBE~2"
Rasensprenger,3,2|10,Natur & Tiere|Haushalt & Wohnen,6,"Schlauch~A_TARGET_VIBE~2,Wasserstrahl~A_TARGET_VIBE~3,Drehen~A_TARGET_VIBE~3,Sommerhitze~A_TARGET_VIBE~3,Garten~A_TARGET_VIBE~2,Rasen~A_TARGET_VIBE~2"
Rasierer,2,0|10,Alltag & Gegenstände|Haushalt & Wohnen,6,"Klinge~A_TARGET_VIBE~2,Akkuladung~A_TARGET_VIBE~3,Bart~A_TARGET_VIBE~2,Bad~A_TARGET_VIBE~2,Rasur~A_TARGET_VIBE~3,Kopf~A_TARGET_VIBE~2"
Rasierschaum,3,10,Haushalt & Wohnen,6,"Dose~A_TARGET_VIBE~2,Schaum~A_TARGET_VIBE~2,Auftragen~A_TARGET_VIBE~3,Duft~A_TARGET_VIBE~2,Klinge~A_TARGET_VIBE~2,Bad~A_TARGET_VIBE~2"
Rauchmelder,3,6|10,Technik & Digitales|Haushalt & Wohnen,6,"Piepen~A_TARGET_VIBE~2,Batterie~A_TARGET_VIBE~2,Decke~A_TARGET_VIBE~2,Testknopf~A_TARGET_VIBE~3,Alarm~A_TARGET_VIBE~2,Sirene~A_TARGET_VIBE~3"
Raumduft,3,10,Haushalt & Wohnen,6,"Flakon~A_TARGET_VIBE~2,Stäbchen~A_TARGET_VIBE~3,Vanille~A_TARGET_VIBE~3,Wohnzimmer~A_TARGET_VIBE~2,Sprühstoß~A_TARGET_VIBE~2,Aroma~A_TARGET_VIBE~2"
Regal,1,10,Haushalt & Wohnen,6,"Brett~A_TARGET_VIBE~2,Wand~A_TARGET_VIBE~2,Stauraum~A_TARGET_VIBE~2,Bücher~A_TARGET_VIBE~2,Kiste~A_TARGET_VIBE~2,Schraube~A_TARGET_VIBE~3"
Regalbrett,4,10,Haushalt & Wohnen,6,"Träger~A_TARGET_VIBE~3,Dübel~A_TARGET_VIBE~2,Kante~A_TARGET_VIBE~2,Wand~A_TARGET_VIBE~2,Holz~A_TARGET_VIBE~2,Bohrloch~A_TARGET_VIBE~3"
Reibe,3,1|10,Essen & Trinken|Haushalt & Wohnen,6,"Käse~A_TARGET_VIBE~2,Muskat~A_TARGET_VIBE~3,Gemüse~A_TARGET_VIBE~2,Klinge~A_TARGET_VIBE~2,Spülmaschine~A_TARGET_VIBE~2,Griff~A_TARGET_VIBE~2"
Reinigungsbürste,3,10,Haushalt & Wohnen,6,"Borsten~A_TARGET_VIBE~2,Schrubben~A_TARGET_VIBE~2,Schmutzrand~A_TARGET_VIBE~3,Ecke~A_TARGET_VIBE~2,Griff~A_TARGET_VIBE~2,Seifenwasser~A_TARGET_VIBE~3"
Reißverschluss,3,0|10,Alltag & Gegenstände|Haushalt & Wohnen,6,"Zähne~A_TARGET_VIBE~3,Schieber~A_TARGET_VIBE~3,Jacke~A_TARGET_VIBE~2,Klemmen~A_TARGET_VIBE~3,Tasche~A_TARGET_VIBE~2,Nähen~A_TARGET_VIBE~2"
Rezeptbuch,3,1|4,Essen & Trinken|Kultur & Kunst,6,"Zutaten~A_TARGET_VIBE~3,Handschrift~A_TARGET_VIBE~3,Seitenrand~A_TARGET_VIBE~2,Küchenfleck~A_TARGET_VIBE~3,Backen~A_TARGET_VIBE~2,Notiz~A_TARGET_VIBE~2"
Rohrreiniger,3,10,Haushalt & Wohnen,6,"Abfluss~A_TARGET_VIBE~2,Gel~A_TARGET_VIBE~2,Verstopfung~A_TARGET_VIBE~3,Geruch~A_TARGET_VIBE~2,Einwirken~A_TARGET_VIBE~3,Spülen~A_TARGET_VIBE~2"
Rohrzange,4,0|10,Alltag & Gegenstände|Haushalt & Wohnen,6,"Riffel~A_TARGET_VIBE~3,Greifen~A_TARGET_VIBE~2,Sanitär~A_TARGET_VIBE~3,Mutter~A_TARGET_VIBE~2,Werkzeugkiste~A_TARGET_VIBE~3,Rohr~A_TARGET_VIBE~2"
Rolladen,3,10,Haushalt & Wohnen,6,"Gurt~A_TARGET_VIBE~3,Lamelle~A_TARGET_VIBE~2,Herunterlassen~A_TARGET_VIBE~3,Fenster~A_TARGET_VIBE~2,Kasten~A_TARGET_VIBE~2,Dunkel~A_TARGET_VIBE~2"
Rollo,2,10,Haushalt & Wohnen,6,"Aufrollen~A_TARGET_VIBE~3,Kette~A_TARGET_VIBE~2,Stoffbahn~A_TARGET_VIBE~2,Fenster~A_TARGET_VIBE~2,Verdunkeln~A_TARGET_VIBE~3,Zug~A_TARGET_VIBE~2"
Rührgerät,3,1|6|10,Essen & Trinken|Technik & Digitales|Haushalt & Wohnen,6,"Quirl~A_TARGET_VIBE~3,Teig~A_TARGET_VIBE~2,Stufe~A_TARGET_VIBE~2,Schüssel~A_TARGET_VIBE~2,Kabel~A_TARGET_VIBE~2,Spritzer~A_TARGET_VIBE~3"
Salatbesteck,3,1|10,Essen & Trinken|Haushalt & Wohnen,6,"Dressing~A_TARGET_VIBE~3,Servieren~A_TARGET_VIBE~2,Schüssel~A_TARGET_VIBE~2,Holz~A_TARGET_VIBE~2,Buffet~A_TARGET_VIBE~3,Greifen~A_TARGET_VIBE~2"
Salatschleuder,4,1|10,Essen & Trinken|Haushalt & Wohnen,6,"Kurbel~A_TARGET_VIBE~3,Siebeinsatz~A_TARGET_VIBE~3,Tropfen~A_TARGET_VIBE~2,Deckel~A_TARGET_VIBE~2,Schüssel~A_TARGET_VIBE~2,Wasser~A_TARGET_VIBE~2"
Salzstreuer,1,1|10,Essen & Trinken|Haushalt & Wohnen,5,"Löcher~A_TARGET_VIBE~2,Prise~A_TARGET_VIBE~2,Körnchen~A_TARGET_VIBE~2,Tisch~A_TARGET_VIBE~2,Nachwürzen~A_TARGET_VIBE~2"
Schalter,1,6|10,Technik & Digitales|Haushalt & Wohnen,6,"Klick~A_TARGET_VIBE~2,Wippe~A_TARGET_VIBE~3,Dunkel~A_TARGET_VIBE~2,Unterputz~A_TARGET_VIBE~3,Stromkreis~A_TARGET_VIBE~3,Sicherung~A_TARGET_VIBE~3"
Scharnier,4,10,Haushalt & Wohnen,6,"Klappen~A_TARGET_VIBE~3,Schraube~A_TARGET_VIBE~2,Türflügel~A_TARGET_VIBE~3,Knarren~A_TARGET_VIBE~2,Metall~A_TARGET_VIBE~2,Justieren~A_TARGET_VIBE~3"
Schaumbad,2,10,Haushalt & Wohnen,6,"Wanne~A_TARGET_VIBE~2,Blasen~A_TARGET_VIBE~2,Duft~A_TARGET_VIBE~2,Warmwasser~A_TARGET_VIBE~2,Flasche~A_TARGET_VIBE~2,Badesalz~A_TARGET_VIBE~3"
Schere,1,0|10,Alltag & Gegenstände|Haushalt & Wohnen,6,"Klingen~A_TARGET_VIBE~2,Griffloch~A_TARGET_VIBE~3,Papier~A_TARGET_VIBE~2,Stoff~A_TARGET_VIBE~2,Basteln~A_TARGET_VIBE~2,Schneiden~A_TARGET_VIBE~2"
Scheuerbürste,3,10,Haushalt & Wohnen,6,"Borsten~A_TARGET_VIBE~2,Schrubben~A_TARGET_VIBE~2,Fliese~A_TARGET_VIBE~2,Eimer~A_TARGET_VIBE~2,Schmutzrand~A_TARGET_VIBE~3,Griff~A_TARGET_VIBE~2"
Scheuermilch,4,10,Haushalt & Wohnen,6,"Kalk~A_TARGET_VIBE~3,Flasche~A_TARGET_VIBE~2,Schwamm~A_TARGET_VIBE~2,Glanz~A_TARGET_VIBE~2,Scheuern~A_TARGET_VIBE~3,Geruch~A_TARGET_VIBE~2"
Schirmständer,3,10,Haushalt & Wohnen,6,"Eingang~A_TARGET_VIBE~2,Tropfen~A_TARGET_VIBE~2,Nass~A_TARGET_VIBE~2,Stock~A_TARGET_VIBE~3,Flur~A_TARGET_VIBE~2,Metall~A_TARGET_VIBE~2"
Schlafzimmer,1,10,Haushalt & Wohnen,6,"Bett~A_TARGET_VIBE~2,Nachttisch~A_TARGET_VIBE~2,Kleiderschrank~A_TARGET_VIBE~3,Vorhang~A_TARGET_VIBE~2,Decke~A_TARGET_VIBE~2,Lampe~A_TARGET_VIBE~2"
Schleifpapier,4,0|10,Alltag & Gegenstände|Haushalt & Wohnen,6,"Körnung~A_TARGET_VIBE~3,Abrieb~A_TARGET_VIBE~3,Holz~A_TARGET_VIBE~2,Glätten~A_TARGET_VIBE~2,Staub~A_TARGET_VIBE~2,Rolle~A_TARGET_VIBE~2"
Schließzylinder,4,10,Haushalt & Wohnen,6,"Schlüsselloch~A_TARGET_VIBE~3,Kern~A_TARGET_VIBE~3,Riegel~A_TARGET_VIBE~3,Drehen~A_TARGET_VIBE~2,Tür~A_TARGET_VIBE~2,Bohrschutz~A_TARGET_VIBE~3"
Schlüssel,1,0,Alltag & Gegenstände,6,"Bund~A_TARGET_VIBE~2,Bart~A_TARGET_VIBE~3,Metall~A_TARGET_VIBE~2,Tasche~A_TARGET_VIBE~2,Ersatz~A_TARGET_VIBE~3,Klingel~A_TARGET_VIBE~2"
Schlüsselbrett,3,10,Haushalt & Wohnen,6,"Haken~A_TARGET_VIBE~2,Flur~A_TARGET_VIBE~2,Eingang~A_TARGET_VIBE~2,Bund~A_TARGET_VIBE~2,Ordnung~A_TARGET_VIBE~3,Leiste~A_TARGET_VIBE~2"
Schmutzfangmatte,4,10,Haushalt & Wohnen,6,"Abstreifen~A_TARGET_VIBE~3,Eingang~A_TARGET_VIBE~2,Profil~A_TARGET_VIBE~3,Nässe~A_TARGET_VIBE~2,Gummi~A_TARGET_VIBE~2,Rutschfest~A_TARGET_VIBE~3"
Schneebesen,3,1|10,Essen & Trinken|Haushalt & Wohnen,6,"Draht~A_TARGET_VIBE~2,Eiweiß~A_TARGET_VIBE~3,Schaum~A_TARGET_VIBE~2,Rühren~A_TARGET_VIBE~2,Teig~A_TARGET_VIBE~2,Griff~A_TARGET_VIBE~2"
Schneidebrett,2,1|10,Essen & Trinken|Haushalt & Wohnen,6,"Kratzer~A_TARGET_VIBE~2,Klinge~A_TARGET_VIBE~2,Krümel~A_TARGET_VIBE~2,Saft~A_TARGET_VIBE~3,Abwaschen~A_TARGET_VIBE~2,Holz~A_TARGET_VIBE~2"
Schraube,2,0|10,Alltag & Gegenstände|Haushalt & Wohnen,6,"Gewinde~A_TARGET_VIBE~3,Kopf~A_TARGET_VIBE~2,Bit~A_TARGET_VIBE~3,Dübel~A_TARGET_VIBE~2,Rost~A_TARGET_VIBE~3,Drehen~A_TARGET_VIBE~2"
Schraubensatz,4,0|10,Alltag & Gegenstände|Haushalt & Wohnen,6,"Sortierbox~A_TARGET_VIBE~3,Größen~A_TARGET_VIBE~2,Ersatz~A_TARGET_VIBE~2,Werkstatt~A_TARGET_VIBE~2,Gewinde~A_TARGET_VIBE~3,Schublade~A_TARGET_VIBE~2"
Schraubenschlüssel,3,0|10,Alltag & Gegenstände|Haushalt & Wohnen,6,"Maulweite~A_TARGET_VIBE~3,Sechskant~A_TARGET_VIBE~3,Mutter~A_TARGET_VIBE~2,Hebel~A_TARGET_VIBE~2,Werkzeugkiste~A_TARGET_VIBE~3,Knarre~A_TARGET_VIBE~3"
Schraubstock,4,0|10,Alltag & Gegenstände|Haushalt & Wohnen,6,"Spannen~A_TARGET_VIBE~3,Backen~A_TARGET_VIBE~3,Kurbel~A_TARGET_VIBE~3,Werkbank~A_TARGET_VIBE~2,Metall~A_TARGET_VIBE~2,Druck~A_TARGET_VIBE~3"
Schreibblock,2,0|9,Alltag & Gegenstände|Gesellschaft & Beruf,6,"Kariert~A_TARGET_VIBE~2,Abreißen~A_TARGET_VIBE~2,Notiz~A_TARGET_VIBE~2,Rand~A_TARGET_VIBE~2,Seite~A_TARGET_VIBE~2,Stift~A_TARGET_VIBE~2"
Schreibtisch,2,9|10,Gesellschaft & Beruf|Haushalt & Wohnen,6,"Schublade~A_TARGET_VIBE~2,Monitor~A_TARGET_VIBE~3,Ablage~A_TARGET_VIBE~2,Bürostuhl~A_TARGET_VIBE~3,Kabel~A_TARGET_VIBE~2,Lampe~A_TARGET_VIBE~2"
Schuhanzieher,3,0|10,Alltag & Gegenstände|Haushalt & Wohnen,6,"Ferse~A_TARGET_VIBE~2,Stiefel~A_TARGET_VIBE~2,Gleiten~A_TARGET_VIBE~3,Lang~A_TARGET_VIBE~2,Bücken~A_TARGET_VIBE~2,Haken~A_TARGET_VIBE~2"
Schuhregal,3,10,Haushalt & Wohnen,6,"Flur~A_TARGET_VIBE~2,Stapel~A_TARGET_VIBE~2,Einlegeboden~A_TARGET_VIBE~3,Sneaker~A_TARGET_VIBE~2,Gitter~A_TARGET_VIBE~2,Ordnung~A_TARGET_VIBE~2"
Schuhständer,3,10,Haushalt & Wohnen,6,"Flur~A_TARGET_VIBE~2,Stiefel~A_TARGET_VIBE~2,Abtropfen~A_TARGET_VIBE~3,Gitter~A_TARGET_VIBE~2,Eingang~A_TARGET_VIBE~2,Ordnung~A_TARGET_VIBE~2"
Schutzbrille,3,0|10,Alltag & Gegenstände|Haushalt & Wohnen,6,"Splitter~A_TARGET_VIBE~3,Bohren~A_TARGET_VIBE~3,Werkstatt~A_TARGET_VIBE~2,Bügel~A_TARGET_VIBE~2,Beschlag~A_TARGET_VIBE~3,Polycarbonat~A_TARGET_VIBE~3"
Schutzschalter,4,6|10,Technik & Digitales|Haushalt & Wohnen,6,"Auslösen~A_TARGET_VIBE~3,Testtaste~A_TARGET_VIBE~3,Stromkreis~A_TARGET_VIBE~3,Feuchtigkeit~A_TARGET_VIBE~2,Sicherungskasten~A_TARGET_VIBE~3,FI~A_TARGET_VIBE~3"
Schwamm,1,10,Haushalt & Wohnen,6,"Poren~A_TARGET_VIBE~2,Schaum~A_TARGET_VIBE~2,Spüle~A_TARGET_VIBE~2,Abreiben~A_TARGET_VIBE~2,Tropfen~A_TARGET_VIBE~2,Seife~A_TARGET_VIBE~2"
Schälchen,2,1|10,Essen & Trinken|Haushalt & Wohnen,6,"Dip~A_TARGET_VIBE~3,Snack~A_TARGET_VIBE~2,Sojasauce~A_TARGET_VIBE~3,Klein~A_TARGET_VIBE~2,Porzellan~A_TARGET_VIBE~2,Abwasch~A_TARGET_VIBE~2"
Schäler,3,1|10,Essen & Trinken|Haushalt & Wohnen,6,"Kartoffel~A_TARGET_VIBE~2,Gemüse~A_TARGET_VIBE~2,Klinge~A_TARGET_VIBE~2,Schale~A_TARGET_VIBE~2,Finger~A_TARGET_VIBE~2,Spülmaschine~A_TARGET_VIBE~2"
Schöpfkelle,4,1|10,Essen & Trinken|Haushalt & Wohnen,6,"Suppe~A_TARGET_VIBE~2,Eintopf~A_TARGET_VIBE~2,Stiel~A_TARGET_VIBE~2,Topfrand~A_TARGET_VIBE~3,Portion~A_TARGET_VIBE~2,Ausschöpfen~A_TARGET_VIBE~3"
Schürze,2,1|10,Essen & Trinken|Haushalt & Wohnen,6,"Binden~A_TARGET_VIBE~2,Fleck~A_TARGET_VIBE~2,Tasche~A_TARGET_VIBE~3,Schutz~A_TARGET_VIBE~2,Küche~A_TARGET_VIBE~2,Baumwolle~A_TARGET_VIBE~2"
Schüssel,1,1|10,Essen & Trinken|Haushalt & Wohnen,6,"Rühren~A_TARGET_VIBE~2,Salat~A_TARGET_VIBE~2,Teig~A_TARGET_VIBE~2,Spülmaschine~A_TARGET_VIBE~2,Porzellan~A_TARGET_VIBE~2,Deckel~A_TARGET_VIBE~3"
Seife,1,10,Haushalt & Wohnen,6,"Schaum~A_TARGET_VIBE~2,Duft~A_TARGET_VIBE~2,Stück~A_TARGET_VIBE~2,Rutschig~A_TARGET_VIBE~3,Waschbecken~A_TARGET_VIBE~2,Hand~A_TARGET_VIBE~2"
Seifenablage,4,10,Haushalt & Wohnen,6,"Rillen~A_TARGET_VIBE~3,Abtropfen~A_TARGET_VIBE~3,Kalk~A_TARGET_VIBE~2,Bad~A_TARGET_VIBE~2,Keramik~A_TARGET_VIBE~2,Nass~A_TARGET_VIBE~2"
Seifenspender,3,10,Haushalt & Wohnen,6,"Pumpkopf~A_TARGET_VIBE~3,Nachfüllen~A_TARGET_VIBE~3,Druck~A_TARGET_VIBE~2,Waschbecken~A_TARGET_VIBE~2,Flakon~A_TARGET_VIBE~2,Schaum~A_TARGET_VIBE~2"
Seitenschneider,4,0|10,Alltag & Gegenstände|Haushalt & Wohnen,6,"Draht~A_TARGET_VIBE~2,Abknipsen~A_TARGET_VIBE~3,Kabel~A_TARGET_VIBE~2,Feder~A_TARGET_VIBE~3,Griff~A_TARGET_VIBE~2,Werkzeugkiste~A_TARGET_VIBE~3"
Servierplatte,3,1|10,Essen & Trinken|Haushalt & Wohnen,6,"Buffet~A_TARGET_VIBE~3,Anrichten~A_TARGET_VIBE~3,Kuchenstück~A_TARGET_VIBE~3,Rand~A_TARGET_VIBE~2,Porzellan~A_TARGET_VIBE~2,Tisch~A_TARGET_VIBE~2"
Serviette,1,1|10,Essen & Trinken|Haushalt & Wohnen,6,"Falten~A_TARGET_VIBE~2,Klecks~A_TARGET_VIBE~2,Besteck~A_TARGET_VIBE~2,Dinner~A_TARGET_VIBE~2,Stoff~A_TARGET_VIBE~2,Krümel~A_TARGET_VIBE~2"
Sessel,2,10,Haushalt & Wohnen,6,"Polster~A_TARGET_VIBE~2,Armlehne~A_TARGET_VIBE~2,Lesen~A_TARGET_VIBE~2,Wohnzimmer~A_TARGET_VIBE~2,Kissen~A_TARGET_VIBE~2,Stoff~A_TARGET_VIBE~2"
Sicherung,3,6|10,Technik & Digitales|Haushalt & Wohnen,6,"Ampere~A_TARGET_VIBE~3,Durchbrennen~A_TARGET_VIBE~3,Wechseln~A_TARGET_VIBE~2,Strom~A_TARGET_VIBE~2,Kasten~A_TARGET_VIBE~2,Draht~A_TARGET_VIBE~3"
Sicherungskasten,4,6|10,Technik & Digitales|Haushalt & Wohnen,6,"Klappe~A_TARGET_VIBE~2,Beschriftung~A_TARGET_VIBE~3,Reihe~A_TARGET_VIBE~2,Automat~A_TARGET_VIBE~3,FI~A_TARGET_VIBE~3,Keller~A_TARGET_VIBE~2"
Sieb,2,1|10,Essen & Trinken|Haushalt & Wohnen,6,"Abgießen~A_TARGET_VIBE~3,Löcher~A_TARGET_VIBE~2,Nudeln~A_TARGET_VIBE~2,Tropfen~A_TARGET_VIBE~2,Griff~A_TARGET_VIBE~2,Schüssel~A_TARGET_VIBE~2"
Silikon,4,10,Haushalt & Wohnen,6,"Kartusche~A_TARGET_VIBE~3,Fuge~A_TARGET_VIBE~2,Aushärten~A_TARGET_VIBE~3,Dicht~A_TARGET_VIBE~2,Glätten~A_TARGET_VIBE~3,Bad~A_TARGET_VIBE~2"
Sonnenschirm,2,10,Haushalt & Wohnen,6,"Schirmfuß~A_TARGET_VIBE~3,Stange~A_TARGET_VIBE~2,Schatten~A_TARGET_VIBE~2,Kurbel~A_TARGET_VIBE~3,Wind~A_TARGET_VIBE~2,Strand~A_TARGET_VIBE~3"
Spachtel,3,0|10,Alltag & Gegenstände|Haushalt & Wohnen,6,"Glätten~A_TARGET_VIBE~2,Wand~A_TARGET_VIBE~2,Kratzen~A_TARGET_VIBE~3,Putz~A_TARGET_VIBE~2,Stahl~A_TARGET_VIBE~2,Klecks~A_TARGET_VIBE~2"
Spanngurt,3,0|10,Alltag & Gegenstände|Haushalt & Wohnen,6,"Ratsche~A_TARGET_VIBE~3,Zurren~A_TARGET_VIBE~3,Haken~A_TARGET_VIBE~2,Transport~A_TARGET_VIBE~2,Kofferraum~A_TARGET_VIBE~3,Zugkraft~A_TARGET_VIBE~3"
Spatel,3,1|10,Essen & Trinken|Haushalt & Wohnen,6,"Streichen~A_TARGET_VIBE~2,Silikon~A_TARGET_VIBE~3,Wenden~A_TARGET_VIBE~3,Teig~A_TARGET_VIBE~2,Abstreifen~A_TARGET_VIBE~3,Pfanne~A_TARGET_VIBE~2"
Spiegel,1,10,Haushalt & Wohnen,6,"Reflexion~A_TARGET_VIBE~2,Beschlag~A_TARGET_VIBE~2,Rahmen~A_TARGET_VIBE~2,Bad~A_TARGET_VIBE~2,Putzen~A_TARGET_VIBE~2,Dampf~A_TARGET_VIBE~2"
Spülbecken,2,10,Haushalt & Wohnen,6,"Abfluss~A_TARGET_VIBE~2,Siebkorb~A_TARGET_VIBE~3,Spritzer~A_TARGET_VIBE~2,Armatur~A_TARGET_VIBE~3,Siphon~A_TARGET_VIBE~3,Geschirr~A_TARGET_VIBE~2"
Spülmaschine,2,6|10,Technik & Digitales|Haushalt & Wohnen,6,"Tab~A_TARGET_VIBE~2,Korb~A_TARGET_VIBE~2,Programm~A_TARGET_VIBE~2,Klarspüler~A_TARGET_VIBE~3,Trocknen~A_TARGET_VIBE~2,Brummen~A_TARGET_VIBE~2"
Staubsauger,1,6|10,Technik & Digitales|Haushalt & Wohnen,6,"Saugkraft~A_TARGET_VIBE~2,Düse~A_TARGET_VIBE~2,Beutel~A_TARGET_VIBE~2,Filter~A_TARGET_VIBE~3,Kabel~A_TARGET_VIBE~2,Brummen~A_TARGET_VIBE~2"
Staubsaugerbeutel,3,10,Haushalt & Wohnen,6,"Wechseln~A_TARGET_VIBE~2,Voll~A_TARGET_VIBE~2,Einrasten~A_TARGET_VIBE~3,Staub~A_TARGET_VIBE~2,Papier~A_TARGET_VIBE~2,Filter~A_TARGET_VIBE~3"
Staubtuch,2,10,Haushalt & Wohnen,6,"Mikrofaser~A_TARGET_VIBE~2,Flaum~A_TARGET_VIBE~2,Polieren~A_TARGET_VIBE~2,Regal~A_TARGET_VIBE~2,Trocken~A_TARGET_VIBE~2,Wischen~A_TARGET_VIBE~2"
Staubwedel,3,10,Haushalt & Wohnen,6,"Federn~A_TARGET_VIBE~3,Spinnweben~A_TARGET_VIBE~2,Ecke~A_TARGET_VIBE~2,Stiel~A_TARGET_VIBE~2,Schütteln~A_TARGET_VIBE~2,Regal~A_TARGET_VIBE~2"
Stecker,2,6|10,Technik & Digitales|Haushalt & Wohnen,6,"Schuko~A_TARGET_VIBE~3,Kontakt~A_TARGET_VIBE~2,Kabel~A_TARGET_VIBE~2,Einstecken~A_TARGET_VIBE~2,Adapter~A_TARGET_VIBE~3,Strom~A_TARGET_VIBE~2"
Steckschlüssel,5,0|10,Alltag & Gegenstände|Haushalt & Wohnen,6,"Nuss~A_TARGET_VIBE~4,Ratsche~A_TARGET_VIBE~4,Verlängerung~A_TARGET_VIBE~3,Sechskant~A_TARGET_VIBE~3,Mutter~A_TARGET_VIBE~3,Werkzeugkoffer~A_TARGET_VIBE~3"
Stehlampe,2,10,Haushalt & Wohnen,6,"Fuß~A_TARGET_VIBE~2,Schirm~A_TARGET_VIBE~2,Leselicht~A_TARGET_VIBE~2,Ecke~A_TARGET_VIBE~2,Dimmer~A_TARGET_VIBE~3,Kabel~A_TARGET_VIBE~2"
Stift,1,0|9,Alltag & Gegenstände|Gesellschaft & Beruf,6,"Tinte~A_TARGET_VIBE~2,Kappe~A_TARGET_VIBE~2,Kritzeln~A_TARGET_VIBE~2,Heft~A_TARGET_VIBE~2,Büro~A_TARGET_VIBE~2,Schreiben~A_TARGET_VIBE~2"
Streichholz,2,0,Alltag & Gegenstände,6,"Schachtel~A_TARGET_VIBE~2,Reiben~A_TARGET_VIBE~2,Flamme~A_TARGET_VIBE~2,Zündholz~A_TARGET_VIBE~3,Docht~A_TARGET_VIBE~3,Kamin~A_TARGET_VIBE~2"
Strohhalm,2,1|10,Essen & Trinken|Haushalt & Wohnen,6,"Saug~A_TARGET_VIBE~2,Knick~A_TARGET_VIBE~3,Getränk~A_TARGET_VIBE~2,Papier~A_TARGET_VIBE~2,Cocktail~A_TARGET_VIBE~3,Becher~A_TARGET_VIBE~2"
Stromleitung,3,6|10,Technik & Digitales|Haushalt & Wohnen,6,"Kupfer~A_TARGET_VIBE~3,Isolierung~A_TARGET_VIBE~2,Wand~A_TARGET_VIBE~2,Kabelkanal~A_TARGET_VIBE~3,Sicherung~A_TARGET_VIBE~3,Volt~A_TARGET_VIBE~3"
Stromzähler,4,6|10,Technik & Digitales|Haushalt & Wohnen,6,"KWh~A_TARGET_VIBE~3,Ablesen~A_TARGET_VIBE~3,Zählwerk~A_TARGET_VIBE~3,Ziffern~A_TARGET_VIBE~2,Plombe~A_TARGET_VIBE~3,Keller~A_TARGET_VIBE~2"
Stuhl,1,10,Haushalt & Wohnen,6,"Sitzfläche~A_TARGET_VIBE~2,Lehne~A_TARGET_VIBE~2,Beine~A_TARGET_VIBE~2,Tisch~A_TARGET_VIBE~2,Holz~A_TARGET_VIBE~2,Polster~A_TARGET_VIBE~2"
Stöpsel,2,10,Haushalt & Wohnen,6,"Abfluss~A_TARGET_VIBE~2,Kette~A_TARGET_VIBE~3,Gummi~A_TARGET_VIBE~2,Dichtung~A_TARGET_VIBE~3,Ziehen~A_TARGET_VIBE~2,Waschbecken~A_TARGET_VIBE~2"
Stößel,3,1|10,Essen & Trinken|Haushalt & Wohnen,6,"Zerdrücken~A_TARGET_VIBE~3,Kräuter~A_TARGET_VIBE~2,Keramik~A_TARGET_VIBE~2,Pesto~A_TARGET_VIBE~3,Handgriff~A_TARGET_VIBE~2,Rillen~A_TARGET_VIBE~3"
Säge,2,0|10,Alltag & Gegenstände|Haushalt & Wohnen,6,"Zähne~A_TARGET_VIBE~2,Späne~A_TARGET_VIBE~2,Schnitt~A_TARGET_VIBE~2,Werkbank~A_TARGET_VIBE~2,Holz~A_TARGET_VIBE~2,Griff~A_TARGET_VIBE~2"
Tacker,3,0|9,Alltag & Gegenstände|Gesellschaft & Beruf,6,"Klammern~A_TARGET_VIBE~2,Papierstapel~A_TARGET_VIBE~2,Klick~A_TARGET_VIBE~2,Büro~A_TARGET_VIBE~2,Entklammerer~A_TARGET_VIBE~3,Heften~A_TARGET_VIBE~2"
Tagesdecke,3,10,Haushalt & Wohnen,6,"Überwurf~A_TARGET_VIBE~3,Falten~A_TARGET_VIBE~2,Stoff~A_TARGET_VIBE~2,Muster~A_TARGET_VIBE~2,Bett~A_TARGET_VIBE~2,Kissen~A_TARGET_VIBE~2"
Taschentuch,1,10,Haushalt & Wohnen,6,"Schniefen~A_TARGET_VIBE~2,Päckchen~A_TARGET_VIBE~2,Papier~A_TARGET_VIBE~2,Nase~A_TARGET_VIBE~2,Einweg~A_TARGET_VIBE~2,Klecks~A_TARGET_VIBE~2"
Tasse,1,1|10,Essen & Trinken|Haushalt & Wohnen,6,"Henkel~A_TARGET_VIBE~2,Untertasse~A_TARGET_VIBE~3,Rand~A_TARGET_VIBE~2,Klecks~A_TARGET_VIBE~2,Kaffee~A_TARGET_VIBE~2,Porzellan~A_TARGET_VIBE~2"
Teekanne,2,1|10,Essen & Trinken|Haushalt & Wohnen,6,"Ausguss~A_TARGET_VIBE~2,Deckel~A_TARGET_VIBE~2,Warmhalten~A_TARGET_VIBE~3,Teebeutel~A_TARGET_VIBE~2,Porzellan~A_TARGET_VIBE~2,Henkel~A_TARGET_VIBE~2"
Teesieb,3,1|10,Essen & Trinken|Haushalt & Wohnen,6,"Maschen~A_TARGET_VIBE~3,Teeblatt~A_TARGET_VIBE~3,Aufgießen~A_TARGET_VIBE~2,Abtropfen~A_TARGET_VIBE~2,Kette~A_TARGET_VIBE~2,Tasse~A_TARGET_VIBE~2"
Teigschaber,4,1|10,Essen & Trinken|Haushalt & Wohnen,6,"Schüsselrand~A_TARGET_VIBE~3,Abstreifen~A_TARGET_VIBE~3,Silikon~A_TARGET_VIBE~3,Teig~A_TARGET_VIBE~2,Glätten~A_TARGET_VIBE~3,Backen~A_TARGET_VIBE~2"
Teppich,1,10,Haushalt & Wohnen,6,"Flor~A_TARGET_VIBE~2,Trittschall~A_TARGET_VIBE~3,Flecken~A_TARGET_VIBE~2,Saugen~A_TARGET_VIBE~2,Fransen~A_TARGET_VIBE~2,Staub~A_TARGET_VIBE~2"
Teppichklopfer,5,10,Haushalt & Wohnen,6,"Staubwolke~A_TARGET_VIBE~4,Ausklopfen~A_TARGET_VIBE~4,Balkon~A_TARGET_VIBE~3,Schwingen~A_TARGET_VIBE~3,Rattan~A_TARGET_VIBE~3,Lärm~A_TARGET_VIBE~3"
Terrasse,2,10,Haushalt & Wohnen,6,"Platten~A_TARGET_VIBE~2,Gartenstuhl~A_TARGET_VIBE~3,Sommerabend~A_TARGET_VIBE~3,Grill~A_TARGET_VIBE~2,Markise~A_TARGET_VIBE~2,Balkontür~A_TARGET_VIBE~3"
Thermoskanne,3,1|10,Essen & Trinken|Haushalt & Wohnen,6,"Isolierung~A_TARGET_VIBE~3,Drehverschluss~A_TARGET_VIBE~3,Warm~A_TARGET_VIBE~2,Ausguss~A_TARGET_VIBE~2,Deckel~A_TARGET_VIBE~2,Kaffee~A_TARGET_VIBE~2"
Tisch,1,10,Haushalt & Wohnen,6,"Platte~A_TARGET_VIBE~2,Beine~A_TARGET_VIBE~2,Abstellen~A_TARGET_VIBE~2,Kratzer~A_TARGET_VIBE~2,Tischdecke~A_TARGET_VIBE~2,Stuhl~A_TARGET_VIBE~2"
Tischdecke,2,10,Haushalt & Wohnen,6,"Flecken~A_TARGET_VIBE~2,Bügeln~A_TARGET_VIBE~3,Falten~A_TARGET_VIBE~2,Stoff~A_TARGET_VIBE~2,Festtafel~A_TARGET_VIBE~3,Tisch~A_TARGET_VIBE~2"
Tischlampe,2,10,Haushalt & Wohnen,6,"Schirm~A_TARGET_VIBE~2,Schalter~A_TARGET_VIBE~2,Lesen~A_TARGET_VIBE~2,Kabel~A_TARGET_VIBE~2,Dimmer~A_TARGET_VIBE~3,Nachttisch~A_TARGET_VIBE~2"
Tischset,3,10,Haushalt & Wohnen,6,"Krümel~A_TARGET_VIBE~2,Abwischen~A_TARGET_VIBE~2,Unterlage~A_TARGET_VIBE~2,Muster~A_TARGET_VIBE~2,Teller~A_TARGET_VIBE~2,Rand~A_TARGET_VIBE~2"
Toaster,3,1|6|10,Essen & Trinken|Technik & Digitales|Haushalt & Wohnen,6,"Röstgrad~A_TARGET_VIBE~3,Krümelschublade~A_TARGET_VIBE~3,Hebel~A_TARGET_VIBE~2,Bräunen~A_TARGET_VIBE~2,Klick~A_TARGET_VIBE~2,Scheibe~A_TARGET_VIBE~2"
Toilette,1,10,Haushalt & Wohnen,6,"Spülung~A_TARGET_VIBE~2,Sitz~A_TARGET_VIBE~2,Deckel~A_TARGET_VIBE~2,Keramik~A_TARGET_VIBE~2,Bad~A_TARGET_VIBE~2,Geruch~A_TARGET_VIBE~2"
Toilettenbürste,2,10,Haushalt & Wohnen,6,"Borsten~A_TARGET_VIBE~2,Halter~A_TARGET_VIBE~2,Reinigen~A_TARGET_VIBE~2,Tropfen~A_TARGET_VIBE~2,Bad~A_TARGET_VIBE~2,Keramik~A_TARGET_VIBE~2"
Toilettendeckel,3,10,Haushalt & Wohnen,6,"Scharnier~A_TARGET_VIBE~3,Klappen~A_TARGET_VIBE~2,Absenkautomatik~A_TARGET_VIBE~3,Sitz~A_TARGET_VIBE~2,Keramik~A_TARGET_VIBE~2,Brille~A_TARGET_VIBE~3"
Toilettenpapier,1,10,Haushalt & Wohnen,6,"Rolle~A_TARGET_VIBE~2,Abreißen~A_TARGET_VIBE~2,Lagen~A_TARGET_VIBE~3,Halter~A_TARGET_VIBE~2,Reserve~A_TARGET_VIBE~2,Pappe~A_TARGET_VIBE~2"
Topf,1,1|10,Essen & Trinken|Haushalt & Wohnen,6,"Deckel~A_TARGET_VIBE~2,Dampf~A_TARGET_VIBE~2,Griff~A_TARGET_VIBE~2,Kochplatte~A_TARGET_VIBE~3,Nudelwasser~A_TARGET_VIBE~3,Eintopf~A_TARGET_VIBE~2"
Topflappen,3,1|10,Essen & Trinken|Haushalt & Wohnen,6,"Hitzeschutz~A_TARGET_VIBE~3,Karo~A_TARGET_VIBE~2,Stoff~A_TARGET_VIBE~2,Backofen~A_TARGET_VIBE~2,Greifen~A_TARGET_VIBE~2,Finger~A_TARGET_VIBE~2"
Tortenheber,4,1|10,Essen & Trinken|Haushalt & Wohnen,6,"Kuchenstück~A_TARGET_VIBE~3,Sahne~A_TARGET_VIBE~2,Servieren~A_TARGET_VIBE~2,Spitze~A_TARGET_VIBE~3,Blech~A_TARGET_VIBE~2,Teller~A_TARGET_VIBE~2"
Treppe,1,10,Haushalt & Wohnen,6,"Stufe~A_TARGET_VIBE~2,Geländer~A_TARGET_VIBE~2,Handlauf~A_TARGET_VIBE~2,Aufgang~A_TARGET_VIBE~2,Knarren~A_TARGET_VIBE~2,Flur~A_TARGET_VIBE~2"
Trichter,3,1|10,Essen & Trinken|Haushalt & Wohnen,6,"Einfüllen~A_TARGET_VIBE~2,Flasche~A_TARGET_VIBE~2,Kleineöffnung~A_TARGET_VIBE~3,Öl~A_TARGET_VIBE~2,Plastik~A_TARGET_VIBE~2,Tropfen~A_TARGET_VIBE~2"
Trinkflasche,2,1|10,Essen & Trinken|Haushalt & Wohnen,6,"Auslaufsicher~A_TARGET_VIBE~3,Deckel~A_TARGET_VIBE~2,Dichtung~A_TARGET_VIBE~3,Rucksack~A_TARGET_VIBE~2,Kohlensäure~A_TARGET_VIBE~3,Schluck~A_TARGET_VIBE~2"
Trockner,2,6|10,Technik & Digitales|Haushalt & Wohnen,6,"Trommel~A_TARGET_VIBE~2,Flusensieb~A_TARGET_VIBE~3,Programm~A_TARGET_VIBE~2,Knitter~A_TARGET_VIBE~2,Brummen~A_TARGET_VIBE~2,Wärmepumpe~A_TARGET_VIBE~3"
Tür,1,10,Haushalt & Wohnen,6,"Klinke~A_TARGET_VIBE~2,Scharnier~A_TARGET_VIBE~2,Schloss~A_TARGET_VIBE~2,Zugluft~A_TARGET_VIBE~3,Rahmen~A_TARGET_VIBE~2,Klingel~A_TARGET_VIBE~2"
Türkette,3,10,Haushalt & Wohnen,6,"Einhaken~A_TARGET_VIBE~3,Spalt~A_TARGET_VIBE~2,Sicherheit~A_TARGET_VIBE~2,Riegel~A_TARGET_VIBE~3,Klingeln~A_TARGET_VIBE~2,Metall~A_TARGET_VIBE~2"
Türrahmen,4,10,Haushalt & Wohnen,6,"Zarge~A_TARGET_VIBE~3,Dichtung~A_TARGET_VIBE~3,Fuge~A_TARGET_VIBE~2,Kante~A_TARGET_VIBE~2,Lack~A_TARGET_VIBE~2,Altbau~A_TARGET_VIBE~3"
Türschild,3,0|10,Alltag & Gegenstände|Haushalt & Wohnen,6,"Name~A_TARGET_VIBE~2,Piktogramm~A_TARGET_VIBE~3,Messing~A_TARGET_VIBE~3,Anbringen~A_TARGET_VIBE~2,Klingel~A_TARGET_VIBE~2,Büro~A_TARGET_VIBE~2"
Türstopper,3,10,Haushalt & Wohnen,6,"Keil~A_TARGET_VIBE~3,Gummi~A_TARGET_VIBE~2,Anstoßen~A_TARGET_VIBE~2,Boden~A_TARGET_VIBE~2,Zugluft~A_TARGET_VIBE~3,Kratzer~A_TARGET_VIBE~2"
Untersetzer,3,1|10,Essen & Trinken|Haushalt & Wohnen,6,"Glasring~A_TARGET_VIBE~3,Kork~A_TARGET_VIBE~2,Kratzer~A_TARGET_VIBE~2,Tisch~A_TARGET_VIBE~2,Feuchtigkeit~A_TARGET_VIBE~2,Tasse~A_TARGET_VIBE~2"
Untertasse,2,1|10,Essen & Trinken|Haushalt & Wohnen,6,"Klecks~A_TARGET_VIBE~2,Löffelchen~A_TARGET_VIBE~3,Porzellan~A_TARGET_VIBE~2,Rand~A_TARGET_VIBE~2,Kaffee~A_TARGET_VIBE~2,Tisch~A_TARGET_VIBE~2"
Vase,2,10,Haushalt & Wohnen,6,"Strauß~A_TARGET_VIBE~3,Wasser~A_TARGET_VIBE~2,Glas~A_TARGET_VIBE~2,Hals~A_TARGET_VIBE~2,Dekoration~A_TARGET_VIBE~2,Tisch~A_TARGET_VIBE~2"
Verlängerungskabel,3,6|10,Technik & Digitales|Haushalt & Wohnen,6,"Kupplung~A_TARGET_VIBE~3,Reichweite~A_TARGET_VIBE~2,Isolierung~A_TARGET_VIBE~2,Knick~A_TARGET_VIBE~2,Strom~A_TARGET_VIBE~2,Outdoor~A_TARGET_VIBE~3"
Vitrine,3,10,Haushalt & Wohnen,6,"Glasfront~A_TARGET_VIBE~3,Sammlung~A_TARGET_VIBE~3,Staub~A_TARGET_VIBE~2,Beleuchtung~A_TARGET_VIBE~3,Schloss~A_TARGET_VIBE~3,Regal~A_TARGET_VIBE~2"
Vorhang,1,10,Haushalt & Wohnen,6,"Stange~A_TARGET_VIBE~2,Falten~A_TARGET_VIBE~2,Schlaufen~A_TARGET_VIBE~3,Fenster~A_TARGET_VIBE~2,Verdunkeln~A_TARGET_VIBE~3,Ringe~A_TARGET_VIBE~2"
Vorleger,3,10,Haushalt & Wohnen,6,"Rutschfest~A_TARGET_VIBE~3,Nass~A_TARGET_VIBE~2,Bad~A_TARGET_VIBE~2,Waschbar~A_TARGET_VIBE~3,Kante~A_TARGET_VIBE~2,Flor~A_TARGET_VIBE~2"
Vorrat,2,1|10,Essen & Trinken|Haushalt & Wohnen,6,"Haltbarkeit~A_TARGET_VIBE~3,Konserven~A_TARGET_VIBE~3,Nachfüllen~A_TARGET_VIBE~2,Einkauf~A_TARGET_VIBE~2,Regal~A_TARGET_VIBE~2,Planung~A_TARGET_VIBE~3"
Vorratsbehälter,3,1|10,Essen & Trinken|Haushalt & Wohnen,6,"Luftdicht~A_TARGET_VIBE~3,Deckel~A_TARGET_VIBE~2,Stapeln~A_TARGET_VIBE~2,Beschriftung~A_TARGET_VIBE~3,Klick~A_TARGET_VIBE~2,Müsli~A_TARGET_VIBE~2"
Vorratsdose,2,1|10,Essen & Trinken|Haushalt & Wohnen,6,"Klickverschluss~A_TARGET_VIBE~3,Deckel~A_TARGET_VIBE~2,Frisch~A_TARGET_VIBE~2,Stapeln~A_TARGET_VIBE~2,Keks~A_TARGET_VIBE~2,Krümel~A_TARGET_VIBE~2"
Vorratsglas,3,1|10,Essen & Trinken|Haushalt & Wohnen,6,"Schraubdeckel~A_TARGET_VIBE~3,Etikett~A_TARGET_VIBE~2,Einmachen~A_TARGET_VIBE~3,Füllen~A_TARGET_VIBE~2,Sichtbar~A_TARGET_VIBE~2,Regal~A_TARGET_VIBE~2"
Vorratskammer,4,10,Haushalt & Wohnen,6,"Regal~A_TARGET_VIBE~2,Dunkel~A_TARGET_VIBE~2,Konserven~A_TARGET_VIBE~3,Mehl~A_TARGET_VIBE~2,Tür~A_TARGET_VIBE~2,Vorräte~A_TARGET_VIBE~3"
Wand,1,10,Haushalt & Wohnen,6,"Dübel~A_TARGET_VIBE~2,Bohrloch~A_TARGET_VIBE~2,Anstrich~A_TARGET_VIBE~2,Riss~A_TARGET_VIBE~2,Tapete~A_TARGET_VIBE~3,Ecke~A_TARGET_VIBE~2"
Wandfarbe,2,0|10,Alltag & Gegenstände|Haushalt & Wohnen,6,"Deckkraft~A_TARGET_VIBE~3,Rolle~A_TARGET_VIBE~2,Streichen~A_TARGET_VIBE~3,Abkleben~A_TARGET_VIBE~3,Tropfen~A_TARGET_VIBE~2,Eimer~A_TARGET_VIBE~2"
Wandhaken,3,10,Haushalt & Wohnen,6,"Dübel~A_TARGET_VIBE~2,Aufhängen~A_TARGET_VIBE~2,Jacke~A_TARGET_VIBE~2,Flur~A_TARGET_VIBE~2,Schlüsselbund~A_TARGET_VIBE~3,Haken~A_TARGET_VIBE~2"
Wanduhr,2,10,Haushalt & Wohnen,6,"Ticken~A_TARGET_VIBE~2,Zeiger~A_TARGET_VIBE~2,Zifferblatt~A_TARGET_VIBE~3,Batterie~A_TARGET_VIBE~2,Pendel~A_TARGET_VIBE~3,Küche~A_TARGET_VIBE~2"
Warmwasser,2,10,Haushalt & Wohnen,6,"Dusche~A_TARGET_VIBE~2,Temperatur~A_TARGET_VIBE~2,Boiler~A_TARGET_VIBE~3,Dampf~A_TARGET_VIBE~2,Leitung~A_TARGET_VIBE~2,Aufdrehen~A_TARGET_VIBE~2"
Waschbecken,2,10,Haushalt & Wohnen,6,"Abfluss~A_TARGET_VIBE~2,Siphon~A_TARGET_VIBE~3,Armatur~A_TARGET_VIBE~3,Kalk~A_TARGET_VIBE~2,Stöpsel~A_TARGET_VIBE~2,Spiegel~A_TARGET_VIBE~2"
Waschbeutel,3,10,Haushalt & Wohnen,6,"Netz~A_TARGET_VIBE~2,Feinwäsche~A_TARGET_VIBE~3,Reißverschluss~A_TARGET_VIBE~2,Trommel~A_TARGET_VIBE~2,Socken~A_TARGET_VIBE~2,Waschgang~A_TARGET_VIBE~2"
Waschbrett,4,10,Haushalt & Wohnen,6,"Rillen~A_TARGET_VIBE~3,Einweichen~A_TARGET_VIBE~3,Handarbeit~A_TARGET_VIBE~3,Seife~A_TARGET_VIBE~2,Wäsche~A_TARGET_VIBE~2,Holzrahmen~A_TARGET_VIBE~3"
Waschgang,2,10,Haushalt & Wohnen,6,"Programm~A_TARGET_VIBE~2,Temperatur~A_TARGET_VIBE~2,Schleudern~A_TARGET_VIBE~2,Dauer~A_TARGET_VIBE~2,Weichspüler~A_TARGET_VIBE~3,Trommel~A_TARGET_VIBE~2"
Waschmaschine,1,6|10,Technik & Digitales|Haushalt & Wohnen,6,"Bullauge~A_TARGET_VIBE~3,Schleudern~A_TARGET_VIBE~2,Waschmittel~A_TARGET_VIBE~2,Trommel~A_TARGET_VIBE~2,Vibration~A_TARGET_VIBE~3,Programm~A_TARGET_VIBE~2"
Wasserfilter,3,10,Haushalt & Wohnen,6,"Kartusche~A_TARGET_VIBE~3,Kalk~A_TARGET_VIBE~2,Austauschen~A_TARGET_VIBE~3,Durchfluss~A_TARGET_VIBE~3,Geschmack~A_TARGET_VIBE~2,Kohle~A_TARGET_VIBE~3"
Wasserhahn,2,10,Haushalt & Wohnen,6,"Armatur~A_TARGET_VIBE~3,Hebel~A_TARGET_VIBE~2,Tropfen~A_TARGET_VIBE~2,Perlator~A_TARGET_VIBE~3,Strahl~A_TARGET_VIBE~2,Kalk~A_TARGET_VIBE~2"
Wasserkocher,3,1|6|10,Essen & Trinken|Technik & Digitales|Haushalt & Wohnen,6,"Aufkochen~A_TARGET_VIBE~2,Kalk~A_TARGET_VIBE~2,Dampf~A_TARGET_VIBE~2,Piepsen~A_TARGET_VIBE~2,Abschaltautomatik~A_TARGET_VIBE~3,Deckel~A_TARGET_VIBE~2"
Wasserleitung,3,10,Haushalt & Wohnen,6,"Rohr~A_TARGET_VIBE~2,Druck~A_TARGET_VIBE~3,Leck~A_TARGET_VIBE~3,Absperrhahn~A_TARGET_VIBE~3,Keller~A_TARGET_VIBE~2,Wand~A_TARGET_VIBE~2"
Wasserwaage,3,0|10,Alltag & Gegenstände|Haushalt & Wohnen,6,"Libelle~A_TARGET_VIBE~3,Blase~A_TARGET_VIBE~2,Gerade~A_TARGET_VIBE~2,Neigung~A_TARGET_VIBE~3,Bau~A_TARGET_VIBE~2,Messen~A_TARGET_VIBE~2"
Wecker,2,10,Haushalt & Wohnen,6,"Alarm~A_TARGET_VIBE~2,Snooze~A_TARGET_VIBE~3,Ticken~A_TARGET_VIBE~2,Zifferblatt~A_TARGET_VIBE~3,Nachttisch~A_TARGET_VIBE~2,Batterie~A_TARGET_VIBE~2"
Werkbank,3,0|10,Alltag & Gegenstände|Haushalt & Wohnen,6,"Zwingen~A_TARGET_VIBE~3,Späne~A_TARGET_VIBE~2,Werkstatt~A_TARGET_VIBE~2,Hobel~A_TARGET_VIBE~3,Schraubstock~A_TARGET_VIBE~3,Holz~A_TARGET_VIBE~2"
Werkzeugschrank,3,0|10,Alltag & Gegenstände|Haushalt & Wohnen,6,"Fächer~A_TARGET_VIBE~2,Schublade~A_TARGET_VIBE~2,Werkstatt~A_TARGET_VIBE~2,Sortieren~A_TARGET_VIBE~2,Hakenleiste~A_TARGET_VIBE~3,Schlüssel~A_TARGET_VIBE~2"
Wertstoff,3,10,Haushalt & Wohnen,6,"Recycling~A_TARGET_VIBE~2,Trennen~A_TARGET_VIBE~2,Sammelstelle~A_TARGET_VIBE~3,Container~A_TARGET_VIBE~2,Gelb~A_TARGET_VIBE~3,Sortieren~A_TARGET_VIBE~2"