word,difficulty,genre_ids,genre_names,hint_count,hints
Abend,2,12,Gefühle & Abstraktes,4,"Laterne~A_TARGET_VIBE~2,Dunkel~A_TARGET_VIBE~2,Schlaf~A_TARGET_VIBE~2,Feierabend~A_TARGET_VIBE~2"
Abenddämmerung,2,11,Wetter & Himmel,4,"Silhouette~A_TARGET_VIBE~2,Röte~A_TARGET_VIBE~2,Gegenlicht~A_TARGET_VIBE~2,Kontur~A_TARGET_VIBE~2"
Abendrot,2,11,Wetter & Himmel,4,"Glühen~A_TARGET_VIBE~2,Röte~A_TARGET_VIBE~2,orange~A_TARGET_VIBE~2,Silhouette~A_TARGET_VIBE~2"
Abendstern,3,7|11,Wissenschaft & Medizin|Wetter & Himmel,4,"Konstellation~A_TARGET_VIBE~2,Glanz~A_TARGET_VIBE~3,Funkeln~A_TARGET_VIBE~3,Nacht~A_TARGET_VIBE~2"
Ablagerung,3,11,Wetter & Himmel,4,"Partikel~A_TARGET_VIBE~3,Schicht~A_TARGET_VIBE~2,Aerosol~A_TARGET_VIBE~2,Dichte~A_TARGET_VIBE~3"
Ablenkung,3,11,Wetter & Himmel,4,"Gegenlicht~A_TARGET_VIBE~2,Kontrast~A_TARGET_VIBE~2,Silhouette~A_TARGET_VIBE~2,Schimmer~A_TARGET_VIBE~3"
Abkühlung,3,11,Wetter & Himmel,4,"Minusgrad~A_TARGET_VIBE~3,Atemwolke~A_TARGET_VIBE~2,Heizung~A_TARGET_VIBE~2,Gänsehaut~A_TARGET_VIBE~3"
Abkühlungsphase,4,11,Wetter & Himmel,5,"Heizung~A_TARGET_VIBE~3,Minusgrad~A_TARGET_VIBE~3,Gänsehaut~A_TARGET_VIBE~4,Kaltstart~A_TARGET_VIBE~3,Frostschutz~A_TARGET_VIBE~3"
Abkürzung,2,11,Wetter & Himmel,4,"Kontrast~A_TARGET_VIBE~2,Blick~A_TARGET_VIBE~2,Schimmer~A_TARGET_VIBE~2,Ferne~A_TARGET_VIBE~3"
Abschattung,3,11,Wetter & Himmel,4,"Gegenlicht~A_TARGET_VIBE~2,Schatten~A_TARGET_VIBE~3,Silhouette~A_TARGET_VIBE~3,Kontur~A_TARGET_VIBE~2"
Abschirmung,3,11,Wetter & Himmel,4,"Gegenlicht~A_TARGET_VIBE~2,Kontrast~A_TARGET_VIBE~3,Silhouette~A_TARGET_VIBE~3,Schimmer~A_TARGET_VIBE~2"
Abschwächung,3,11,Wetter & Himmel,4,"Ausgleich~A_TARGET_VIBE~2,Gradient~A_TARGET_VIBE~3,Kurve~A_TARGET_VIBE~2,Messwert~A_TARGET_VIBE~3"
Absolutdruck,4,11,Wetter & Himmel,5,"Barometer~A_TARGET_VIBE~3,Luftdruck~A_TARGET_VIBE~3,Messwert~A_TARGET_VIBE~3,Gradient~A_TARGET_VIBE~4,Isobare~A_TARGET_VIBE~3"
Absorption,3,11,Wetter & Himmel,4,"Strahlung~A_TARGET_VIBE~3,Schicht~A_TARGET_VIBE~2,Dichte~A_TARGET_VIBE~2,Molekül~A_TARGET_VIBE~3"
Achterbahn,2,11,Wetter & Himmel,4,"Blick~A_TARGET_VIBE~2,Kontrast~A_TARGET_VIBE~2,Weite~A_TARGET_VIBE~2,Schimmer~A_TARGET_VIBE~3"
Äquator,3,11,Wetter & Himmel,4,"Weite~A_TARGET_VIBE~2,Kontrast~A_TARGET_VIBE~3,Horizont~A_TARGET_VIBE~3,Ferne~A_TARGET_VIBE~2"
Äquinoktium,4,11,Wetter & Himmel,5,"Kalender~A_TARGET_VIBE~3,Sonnenstand~A_TARGET_VIBE~4,Ekliptik~A_TARGET_VIBE~3,Gleichgewicht~A_TARGET_VIBE~3,Jahreslauf~A_TARGET_VIBE~3"
Aerosol,3,7|11,Wissenschaft & Medizin|Wetter & Himmel,4,"Partikel~A_TARGET_VIBE~2,Dichte~A_TARGET_VIBE~3,Wasserdampf~A_TARGET_VIBE~3,Schicht~A_TARGET_VIBE~2"
Affinität,2,11,Wetter & Himmel,4,"Kontrast~A_TARGET_VIBE~3,Schimmer~A_TARGET_VIBE~2,Blick~A_TARGET_VIBE~2,Ferne~A_TARGET_VIBE~2"
Afrika,3,11,Wetter & Himmel,4,"Weite~A_TARGET_VIBE~2,Kontrast~A_TARGET_VIBE~3,Glühen~A_TARGET_VIBE~3,Ferne~A_TARGET_VIBE~2"
Afterglow,4,11,Wetter & Himmel,5,"Schimmer~A_TARGET_VIBE~3,Glühen~A_TARGET_VIBE~3,Kontrast~A_TARGET_VIBE~3,Silhouette~A_TARGET_VIBE~4,Gegenlicht~A_TARGET_VIBE~3"
Aggregat,3,11,Wetter & Himmel,4,"Partikel~A_TARGET_VIBE~2,Dichte~A_TARGET_VIBE~3,Schicht~A_TARGET_VIBE~3,Molekül~A_TARGET_VIBE~2"
Albedo,4,11,Wetter & Himmel,5,"Strahlung~A_TARGET_VIBE~3,Schimmer~A_TARGET_VIBE~3,Kontrast~A_TARGET_VIBE~4,Schicht~A_TARGET_VIBE~3,Dichte~A_TARGET_VIBE~3"
Algenblüte,3,11,Wetter & Himmel,4,"Schimmer~A_TARGET_VIBE~2,Kontrast~A_TARGET_VIBE~2,Blick~A_TARGET_VIBE~3,Weite~A_TARGET_VIBE~3"
Alpenglühen,4,11,Wetter & Himmel,5,"Glühen~A_TARGET_VIBE~3,Gegenlicht~A_TARGET_VIBE~3,Silhouette~A_TARGET_VIBE~3,Röte~A_TARGET_VIBE~4,Kontur~A_TARGET_VIBE~3"
Altocumulus,4,11,Wetter & Himmel,5,"Kumulus~A_TARGET_VIBE~3,Schicht~A_TARGET_VIBE~3,Höhe~A_TARGET_VIBE~4,Lücke~A_TARGET_VIBE~3,Nimbus~A_TARGET_VIBE~3"
Altostratus,4,11,Wetter & Himmel,5,"Schicht~A_TARGET_VIBE~3,Schleier~A_TARGET_VIBE~3,Grau~A_TARGET_VIBE~4,Aufhellung~A_TARGET_VIBE~3,Decke~A_TARGET_VIBE~3"
Altschnee,3,11,Wetter & Himmel,4,"Knirsch~A_TARGET_VIBE~2,Pulver~A_TARGET_VIBE~3,Glätte~A_TARGET_VIBE~3,Flocke~A_TARGET_VIBE~2"
Ambosswolke,4,11,Wetter & Himmel,5,"Schicht~A_TARGET_VIBE~3,Saum~A_TARGET_VIBE~3,Fetzen~A_TARGET_VIBE~4,Amboss~B_PART_VIBE~2,Aufhellung~A_TARGET_VIBE~3"
Anemometer,4,6|7|11,Technik & Digitales|Wissenschaft & Medizin|Wetter & Himmel,5,"Messwert~A_TARGET_VIBE~3,Station~A_TARGET_VIBE~3,Diagramm~A_TARGET_VIBE~4,Radar~A_TARGET_VIBE~3,Prognose~A_TARGET_VIBE~3"
Asteroid,3,7|11,Wissenschaft & Medizin|Wetter & Himmel,4,"Krater~A_TARGET_VIBE~2,Astrofoto~A_TARGET_VIBE~3,Bahndaten~A_TARGET_VIBE~3,Trümmer~A_TARGET_VIBE~3"
Asteroidengürtel,4,7|11,Wissenschaft & Medizin|Wetter & Himmel,4,"Fernrohr~A_TARGET_VIBE~3,Kosmos~A_TARGET_VIBE~3,Umlaufbahn~A_TARGET_VIBE~4,Kollision~A_TARGET_VIBE~3"
Atmosphäre,3,7|11,Wissenschaft & Medizin|Wetter & Himmel,4,"Thermik~A_TARGET_VIBE~2,UV~A_TARGET_VIBE~3,Ozon~A_TARGET_VIBE~3,Schichtung~A_TARGET_VIBE~3"
Aufheiterung,2,11|12,Wetter & Himmel|Gefühle & Abstraktes,4,"Horizont~A_TARGET_VIBE~2,Dämmerlicht~A_TARGET_VIBE~2,Kontrast~A_TARGET_VIBE~3,Sichtfenster~A_TARGET_VIBE~3"
Aufwind,3,11,Wetter & Himmel,4,"Drachen~A_TARGET_VIBE~2,Wirbel~A_TARGET_VIBE~3,Thermik~A_TARGET_VIBE~3,Böe~A_TARGET_VIBE~3"
Barometer,3,6|7|11,Technik & Digitales|Wissenschaft & Medizin|Wetter & Himmel,4,"Isobare~A_TARGET_VIBE~2,Messwert~A_TARGET_VIBE~3,Skala~A_TARGET_VIBE~3,Gradient~A_TARGET_VIBE~3"
Bergwind,3,11,Wetter & Himmel,4,"Luv~A_TARGET_VIBE~2,Fahne~A_TARGET_VIBE~3,Kamm~A_TARGET_VIBE~3,Lee~A_TARGET_VIBE~3"
Bewölkung,3,11,Wetter & Himmel,4,"Grauton~A_TARGET_VIBE~2,Quellung~A_TARGET_VIBE~3,Lücke~A_TARGET_VIBE~3,Schichtung~A_TARGET_VIBE~3"
Bewölkungsgrad,4,11,Wetter & Himmel,4,"Fetzen~A_TARGET_VIBE~3,Lücke~A_TARGET_VIBE~3,Rand~A_TARGET_VIBE~4,Grauton~A_TARGET_VIBE~3"
Bise,3,11,Wetter & Himmel,4,"Böe~A_TARGET_VIBE~2,Wirbel~A_TARGET_VIBE~3,Lee~A_TARGET_VIBE~3,Windfahne~A_TARGET_VIBE~3"
Blauhimmel,2,11,Wetter & Himmel,4,"Glanz~A_TARGET_VIBE~2,Kontrast~A_TARGET_VIBE~2,Ferne~A_TARGET_VIBE~3,Schimmer~A_TARGET_VIBE~3"
Blitz,3,11,Wetter & Himmel,4,"Erdung~A_TARGET_VIBE~2,Stromausfall~A_TARGET_VIBE~3,Grollen~A_TARGET_VIBE~3,Blendeffekt~A_TARGET_VIBE~3"
Blitzableiter,3,11,Wetter & Himmel,4,"Erdung~A_TARGET_VIBE~2,Stromausfall~A_TARGET_VIBE~3,Warnung~A_TARGET_VIBE~3,Donnerschlag~A_TARGET_VIBE~3"
Blitzbahn,4,11,Wetter & Himmel,4,"Donnerschlag~A_TARGET_VIBE~3,Grollen~A_TARGET_VIBE~3,Erdung~A_TARGET_VIBE~4,Stroboskop~A_TARGET_VIBE~3"
Blitzeis,4,11,Wetter & Himmel,4,"Rutschgefahr~A_TARGET_VIBE~3,Streusalz~A_TARGET_VIBE~3,Eiskratzer~A_TARGET_VIBE~4,Nässe~A_TARGET_VIBE~3"
Blitzentladung,3,11,Wetter & Himmel,4,"Erdung~A_TARGET_VIBE~2,Donnerschlag~A_TARGET_VIBE~3,Stromausfall~A_TARGET_VIBE~3,Warnung~A_TARGET_VIBE~3"
Blitzgabel,3,11,Wetter & Himmel,4,"Grollen~A_TARGET_VIBE~2,Erdung~A_TARGET_VIBE~3,Stroboskop~A_TARGET_VIBE~3,Blendeffekt~A_TARGET_VIBE~3"
Blitzkanal,4,11,Wetter & Himmel,4,"Erdung~A_TARGET_VIBE~3,Donnerschlag~A_TARGET_VIBE~3,Grollen~A_TARGET_VIBE~4,Stromausfall~A_TARGET_VIBE~3"
Blitzlicht,2,11,Wetter & Himmel,4,"Blendeffekt~A_TARGET_VIBE~2,Kontrast~A_TARGET_VIBE~2,Glanz~A_TARGET_VIBE~3,Schattenwurf~A_TARGET_VIBE~3"
Blitzschlag,3,11,Wetter & Himmel,4,"Erdung~A_TARGET_VIBE~2,Stromausfall~A_TARGET_VIBE~3,Warnung~A_TARGET_VIBE~3,Donnerschlag~A_TARGET_VIBE~3"
Bodennebel,3,11,Wetter & Himmel,4,"Sichtweite~A_TARGET_VIBE~2,Tröpfchen~A_TARGET_VIBE~3,Straßenlicht~A_TARGET_VIBE~3,Feuchte~A_TARGET_VIBE~3"
Böe,2,11,Wetter & Himmel,4,"Windfahne~A_TARGET_VIBE~2,Segel~A_TARGET_VIBE~2,Wirbel~A_TARGET_VIBE~3,Zugluft~A_TARGET_VIBE~3"
Brise,2,11,Wetter & Himmel,4,"Segel~A_TARGET_VIBE~2,Drachen~A_TARGET_VIBE~2,Windfahne~A_TARGET_VIBE~3,Gischt~A_TARGET_VIBE~3"
Cirrus,4,11,Wetter & Himmel,4,"Schichtung~A_TARGET_VIBE~3,Schleier~A_TARGET_VIBE~3,Aufhellung~A_TARGET_VIBE~4,Rand~A_TARGET_VIBE~3"
Cumulonimbus,4,11,Wetter & Himmel,4,"Amboss~A_TARGET_VIBE~3,Aufwind~A_TARGET_VIBE~3,Starkregen~A_TARGET_VIBE~4,Hagelkorn~A_TARGET_VIBE~3"
Cumulus,3,11,Wetter & Himmel,4,"Quellung~A_TARGET_VIBE~2,Türmchen~A_TARGET_VIBE~3,Aufhellung~A_TARGET_VIBE~3,Schattenwurf~A_TARGET_VIBE~3"
Dauerregen,3,11,Wetter & Himmel,4,"Pfütze~A_TARGET_VIBE~2,Scheibenwischer~A_TARGET_VIBE~3,Gummistiefel~A_TARGET_VIBE~3,Rinnen~A_TARGET_VIBE~3"
Dämmerlicht,2,11,Wetter & Himmel,4,"Silhouette~A_TARGET_VIBE~2,Gegenlicht~A_TARGET_VIBE~2,Kontur~A_TARGET_VIBE~3,Schimmer~A_TARGET_VIBE~3"
Dämmerung,2,11|12,Wetter & Himmel|Gefühle & Abstraktes,4,"Gegenlicht~A_TARGET_VIBE~2,Silhouette~A_TARGET_VIBE~2,Kontur~A_TARGET_VIBE~3,Horizont~A_TARGET_VIBE~3"
Dichte,3,11,Wetter & Himmel,4,"Gradient~A_TARGET_VIBE~2,Messwert~A_TARGET_VIBE~3,Schichtung~A_TARGET_VIBE~3,Dämpfung~A_TARGET_VIBE~3"
Diffusion,3,11,Wetter & Himmel,4,"Streuung~A_TARGET_VIBE~2,Schleier~A_TARGET_VIBE~3,Kontrast~A_TARGET_VIBE~3,Dämpfung~A_TARGET_VIBE~3"
Donner,2,11,Wetter & Himmel,4,"Grollen~A_TARGET_VIBE~2,Stromausfall~A_TARGET_VIBE~2,Warnung~A_TARGET_VIBE~3,Böenlinie~A_TARGET_VIBE~3"
Donnerhall,3,11,Wetter & Himmel,4,"Grollen~A_TARGET_VIBE~2,Warnung~A_TARGET_VIBE~3,Stromausfall~A_TARGET_VIBE~3,Donnerschlag~A_TARGET_VIBE~3"
Donnerknall,3,11,Wetter & Himmel,4,"Grollen~A_TARGET_VIBE~2,Warnung~A_TARGET_VIBE~3,Stromausfall~A_TARGET_VIBE~3,Donnerschlag~A_TARGET_VIBE~3"
Donnerrolle,4,11,Wetter & Himmel,4,"Grollen~A_TARGET_VIBE~3,Böenlinie~A_TARGET_VIBE~3,Warnung~A_TARGET_VIBE~4,Druckfall~A_TARGET_VIBE~3"
Donnerschlag,3,11,Wetter & Himmel,4,"Grollen~A_TARGET_VIBE~2,Stromausfall~A_TARGET_VIBE~3,Warnung~A_TARGET_VIBE~3,Böenlinie~A_TARGET_VIBE~3"
Donnerwetter,2,11,Wetter & Himmel,4,"Warnung~A_TARGET_VIBE~2,Grollen~A_TARGET_VIBE~2,Starkregen~A_TARGET_VIBE~3,Druckfall~A_TARGET_VIBE~3"
Doppelfrontalzone,4,11,Wetter & Himmel,4,"Frontlinie~A_TARGET_VIBE~3,Kaltluft~A_TARGET_VIBE~3,Warmluft~A_TARGET_VIBE~4,Gradient~A_TARGET_VIBE~3"
Doppelstern,4,7|11,Wissenschaft & Medizin|Wetter & Himmel,4,"Konstellation~A_TARGET_VIBE~3,Fernrohr~A_TARGET_VIBE~3,Parallaxe~A_TARGET_VIBE~4,Spektrum~A_TARGET_VIBE~3"
Druckgebiet,3,11,Wetter & Himmel,4,"Barometer~A_TARGET_VIBE~2,Isobare~A_TARGET_VIBE~3,Gradient~A_TARGET_VIBE~3,Druckfall~A_TARGET_VIBE~3"
Druckwelle,3,11,Wetter & Himmel,4,"Dämpfung~A_TARGET_VIBE~2,Gradient~A_TARGET_VIBE~3,Messwert~A_TARGET_VIBE~3,Streuung~A_TARGET_VIBE~3"
Dunkelheit,2,11|12,Wetter & Himmel|Gefühle & Abstraktes,4,"Silhouette~A_TARGET_VIBE~2,Nacht~A_TARGET_VIBE~2,Kontrast~A_TARGET_VIBE~3,Ferne~A_TARGET_VIBE~3"
Dunst,2,11,Wetter & Himmel,4,"Sichtweite~A_TARGET_VIBE~2,Schleier~A_TARGET_VIBE~2,Tröpfchen~A_TARGET_VIBE~3,Feuchte~A_TARGET_VIBE~3"
Dunstglocke,3,11,Wetter & Himmel,4,"Sichtweite~A_TARGET_VIBE~2,Schleier~A_TARGET_VIBE~3,Diffus~A_TARGET_VIBE~3,Straßenlicht~A_TARGET_VIBE~3"
Dunstschleier,3,11,Wetter & Himmel,4,"Schleier~A_TARGET_VIBE~2,Sichtweite~A_TARGET_VIBE~3,Diffus~A_TARGET_VIBE~3,Dämpfung~A_TARGET_VIBE~3"
Dürre,3,11,Wetter & Himmel,4,"Durst~A_TARGET_VIBE~2,Flimmern~A_TARGET_VIBE~3,Schatten~A_TARGET_VIBE~3,Glut~A_TARGET_VIBE~3"
Eis,2,11,Wetter & Himmel,4,"Streusalz~A_TARGET_VIBE~2,Kratzen~A_TARGET_VIBE~2,Rutschgefahr~A_TARGET_VIBE~3,Kristall~A_TARGET_VIBE~3"
Eisblume,3,11,Wetter & Himmel,4,"Kristall~A_TARGET_VIBE~2,Kratzen~A_TARGET_VIBE~3,Gefrierpunkt~A_TARGET_VIBE~3,Eiskratzer~A_TARGET_VIBE~3"
Eiseskälte,3,11,Wetter & Himmel,4,"Atemwolke~A_TARGET_VIBE~2,Minusgrad~A_TARGET_VIBE~3,Gänsehaut~A_TARGET_VIBE~3,Klirren~A_TARGET_VIBE~3"
Eisfläche,3,11,Wetter & Himmel,4,"Schlittschuh~A_TARGET_VIBE~2,Rutschgefahr~A_TARGET_VIBE~3,Gefrierpunkt~A_TARGET_VIBE~3,Eiskante~A_TARGET_VIBE~3"
Eiskappe,4,11,Wetter & Himmel,4,"Gefrierpunkt~A_TARGET_VIBE~3,Kristall~A_TARGET_VIBE~3,Eiskante~A_TARGET_VIBE~4,Klirren~A_TARGET_VIBE~3"
Eiskern,4,11,Wetter & Himmel,4,"Kristall~A_TARGET_VIBE~3,Gefrierpunkt~A_TARGET_VIBE~3,Eiskante~A_TARGET_VIBE~4,Kratzen~A_TARGET_VIBE~3"
Eisklumpen,3,11,Wetter & Himmel,4,"Rutschgefahr~A_TARGET_VIBE~2,Kristall~A_TARGET_VIBE~3,Streusalz~A_TARGET_VIBE~3,Knirsch~A_TARGET_VIBE~3"
Eiskristall,4,11,Wetter & Himmel,4,"Kristall~A_TARGET_VIBE~3,Gefrierpunkt~A_TARGET_VIBE~3,Schimmer~A_TARGET_VIBE~4,Streuung~A_TARGET_VIBE~3"
Eisnebel,4,11,Wetter & Himmel,4,"Tröpfchen~A_TARGET_VIBE~3,Sichtweite~A_TARGET_VIBE~3,Milchglas~A_TARGET_VIBE~4,Feuchte~A_TARGET_VIBE~3"
Eisregen,4,11,Wetter & Himmel,4,"Rutschgefahr~A_TARGET_VIBE~3,Streusalz~A_TARGET_VIBE~3,Scheibenwischer~A_TARGET_VIBE~4,Nässe~A_TARGET_VIBE~3"
Eisschicht,3,11,Wetter & Himmel,4,"Kratzen~A_TARGET_VIBE~2,Rutschgefahr~A_TARGET_VIBE~3,Eiskratzer~A_TARGET_VIBE~3,Streusalz~A_TARGET_VIBE~3"
Eiszeit,3,11,Wetter & Himmel,4,"Gefrierpunkt~A_TARGET_VIBE~2,Kälte~A_TARGET_VIBE~3,Schichtung~A_TARGET_VIBE~3,Spuren~A_TARGET_VIBE~3"
Ekliptik,4,7|11,Wissenschaft & Medizin|Wetter & Himmel,4,"Spektrum~A_TARGET_VIBE~3,Umlaufbahn~A_TARGET_VIBE~3,Teleskop~A_TARGET_VIBE~4,Konstellation~A_TARGET_VIBE~3"
Energiefluss,4,11,Wetter & Himmel,4,"Gradient~A_TARGET_VIBE~3,Messwert~A_TARGET_VIBE~3,Strömung~A_TARGET_VIBE~4,Dämpfung~A_TARGET_VIBE~3"
Erdschatten,4,11,Wetter & Himmel,4,"Gegenlicht~A_TARGET_VIBE~3,Kontur~A_TARGET_VIBE~3,Silhouette~A_TARGET_VIBE~4,Kontrast~A_TARGET_VIBE~3"
Fahnenwolke,4,11,Wetter & Himmel,4,"Fahne~A_TARGET_VIBE~3,Schichtung~A_TARGET_VIBE~3,Rand~A_TARGET_VIBE~4,Lee~A_TARGET_VIBE~3"
Feuchte,2,11,Wetter & Himmel,4,"Kondensat~A_TARGET_VIBE~2,Beschlag~A_TARGET_VIBE~2,Schwüle~A_TARGET_VIBE~3,Tröpfchen~A_TARGET_VIBE~3"
Feuchtegrad,4,11,Wetter & Himmel,4,"Sättigung~A_TARGET_VIBE~3,Messwert~A_TARGET_VIBE~3,Beschlag~A_TARGET_VIBE~4,Schwüle~A_TARGET_VIBE~3"
Finsternis,3,7|11,Wissenschaft & Medizin|Wetter & Himmel,4,"Kontrast~A_TARGET_VIBE~2,Silhouette~A_TARGET_VIBE~3,Sichel~A_TARGET_VIBE~3,Dunkeladaptation~A_TARGET_VIBE~3"
Fixstern,3,7|11,Wissenschaft & Medizin|Wetter & Himmel,4,"Konstellation~A_TARGET_VIBE~2,Funkeln~A_TARGET_VIBE~3,Sternwarte~A_TARGET_VIBE~3,Spektrum~A_TARGET_VIBE~3"
Flimmern,2,11,Wetter & Himmel,4,"Hitzeflimmern~A_TARGET_VIBE~2,Kontrast~A_TARGET_VIBE~2,Schimmer~A_TARGET_VIBE~3,Streuung~A_TARGET_VIBE~3"
Flocke,2,11,Wetter & Himmel,4,"Knirsch~A_TARGET_VIBE~2,Spuren~A_TARGET_VIBE~2,Pulver~A_TARGET_VIBE~3,Schaufel~A_TARGET_VIBE~3"
Föhn,3,11,Wetter & Himmel,4,"Lee~A_TARGET_VIBE~2,Luv~A_TARGET_VIBE~3,Thermik~A_TARGET_VIBE~3,Zugluft~A_TARGET_VIBE~3"
Föhnfenster,4,11,Wetter & Himmel,4,"Sichtfenster~A_TARGET_VIBE~3,Lee~A_TARGET_VIBE~3,Kontrast~A_TARGET_VIBE~4,Luv~A_TARGET_VIBE~3"
Föhnmauer,4,11,Wetter & Himmel,4,"Schichtung~A_TARGET_VIBE~3,Rand~A_TARGET_VIBE~3,Luv~A_TARGET_VIBE~4,Lee~A_TARGET_VIBE~3"
Frost,2,11,Wetter & Himmel,4,"Minusgrad~A_TARGET_VIBE~2,Heizung~A_TARGET_VIBE~2,Atemwolke~A_TARGET_VIBE~3,Kratzen~A_TARGET_VIBE~3"
Frostgrenze,4,11,Wetter & Himmel,4,"Minusgrad~A_TARGET_VIBE~3,Gefrierpunkt~A_TARGET_VIBE~3,Höhenmeter~A_TARGET_VIBE~4,Gänsehaut~A_TARGET_VIBE~3"
Frostnacht,3,11,Wetter & Himmel,4,"Minusgrad~A_TARGET_VIBE~2,Atemwolke~A_TARGET_VIBE~3,Klirren~A_TARGET_VIBE~3,Gänsehaut~A_TARGET_VIBE~3"
Frostperiode,4,11,Wetter & Himmel,4,"Minusgrad~A_TARGET_VIBE~3,Heizung~A_TARGET_VIBE~3,Atemwolke~A_TARGET_VIBE~4,Klirren~A_TARGET_VIBE~3"
Frosttag,3,11,Wetter & Himmel,4,"Minusgrad~A_TARGET_VIBE~2,Gänsehaut~A_TARGET_VIBE~3,Heizung~A_TARGET_VIBE~3,Atemwolke~A_TARGET_VIBE~3"
Gefrierpunkt,3,11,Wetter & Himmel,4,"Minusgrad~A_TARGET_VIBE~2,Kristall~A_TARGET_VIBE~3,Streusalz~A_TARGET_VIBE~3,Rutschgefahr~A_TARGET_VIBE~3"
Gezeiten,3,7|11,Wissenschaft & Medizin|Wetter & Himmel,4,"Sichel~A_TARGET_VIBE~2,Umlaufbahn~A_TARGET_VIBE~3,Krater~A_TARGET_VIBE~3,Nacht~A_TARGET_VIBE~3"
Gewitter,2,11,Wetter & Himmel,4,"Warnung~A_TARGET_VIBE~2,Grollen~A_TARGET_VIBE~2,Starkregen~A_TARGET_VIBE~3,Hagelkorn~A_TARGET_VIBE~3"
Gewitterfront,4,11,Wetter & Himmel,4,"Frontlinie~A_TARGET_VIBE~3,Starkregen~A_TARGET_VIBE~3,Böenlinie~A_TARGET_VIBE~4,Warnung~A_TARGET_VIBE~3"
Gewitterhimmel,3,11,Wetter & Himmel,4,"Warnung~A_TARGET_VIBE~2,Grauton~A_TARGET_VIBE~3,Grollen~A_TARGET_VIBE~3,Böenlinie~A_TARGET_VIBE~3"
Gewitterlinie,4,11,Wetter & Himmel,4,"Böenlinie~A_TARGET_VIBE~3,Warnung~A_TARGET_VIBE~3,Frontlinie~A_TARGET_VIBE~4,Druckfall~A_TARGET_VIBE~3"
Gewitterneigung,3,11,Wetter & Himmel,4,"Warnung~A_TARGET_VIBE~2,Aufwind~A_TARGET_VIBE~3,Starkregen~A_TARGET_VIBE~3,Druckfall~A_TARGET_VIBE~3"
Gewitterregen,3,11,Wetter & Himmel,4,"Starkregen~A_TARGET_VIBE~2,Pfütze~A_TARGET_VIBE~3,Warnung~A_TARGET_VIBE~3,Scheibenwischer~A_TARGET_VIBE~3"
Gewitterturm,4,11,Wetter & Himmel,4,"Amboss~A_TARGET_VIBE~3,Aufwind~A_TARGET_VIBE~3,Hagelkorn~A_TARGET_VIBE~4,Starkregen~A_TARGET_VIBE~3"
Glatteis,3,11,Wetter & Himmel,4,"Rutschgefahr~A_TARGET_VIBE~2,Streusalz~A_TARGET_VIBE~3,Eiskratzer~A_TARGET_VIBE~3,Nässe~A_TARGET_VIBE~3"
Glätte,2,11,Wetter & Himmel,4,"Rutschgefahr~A_TARGET_VIBE~2,Streusalz~A_TARGET_VIBE~2,Kratzen~A_TARGET_VIBE~3,Eiskratzer~A_TARGET_VIBE~3"
Glanz,2,11,Wetter & Himmel,4,"Schimmer~A_TARGET_VIBE~2,Kontrast~A_TARGET_VIBE~2,Gegenlicht~A_TARGET_VIBE~3,Kontur~A_TARGET_VIBE~3"
Graupel,3,11,Wetter & Himmel,4,"Hagelkorn~A_TARGET_VIBE~2,Starkregen~A_TARGET_VIBE~3,Schirm~A_TARGET_VIBE~3,Matsch~A_TARGET_VIBE~3"
Graupelschauer,4,11,Wetter & Himmel,4,"Hagelkorn~A_TARGET_VIBE~3,Starkregen~A_TARGET_VIBE~3,Warnung~A_TARGET_VIBE~4,Schirm~A_TARGET_VIBE~3"
Hagel,2,11,Wetter & Himmel,4,"Hagelkorn~A_TARGET_VIBE~2,Warnung~A_TARGET_VIBE~2,Starkregen~A_TARGET_VIBE~3,Stromausfall~A_TARGET_VIBE~3"
Hagelkorn,3,11,Wetter & Himmel,4,"Warnung~A_TARGET_VIBE~2,Rutschgefahr~A_TARGET_VIBE~3,Starkregen~A_TARGET_VIBE~3,Gummi­stiefel~A_TARGET_VIBE~3"
Hagelschauer,3,11,Wetter & Himmel,4,"Hagelkorn~A_TARGET_VIBE~2,Warnung~A_TARGET_VIBE~3,Starkregen~A_TARGET_VIBE~3,Schirm~A_TARGET_VIBE~3"
Hagelschlag,4,11,Wetter & Himmel,4,"Warnung~A_TARGET_VIBE~3,Hagelkorn~A_TARGET_VIBE~3,Stromausfall~A_TARGET_VIBE~4,Druckfall~A_TARGET_VIBE~3"
Hagelsturm,4,11,Wetter & Himmel,4,"Warnung~A_TARGET_VIBE~3,Hagelkorn~A_TARGET_VIBE~3,Böenlinie~A_TARGET_VIBE~4,Starkregen~A_TARGET_VIBE~3"
Hagelwolke,4,11,Wetter & Himmel,4,"Amboss~A_TARGET_VIBE~3,Hagelkorn~A_TARGET_VIBE~3,Aufwind~A_TARGET_VIBE~4,Warnung~A_TARGET_VIBE~3"
Halbmond,2,7|11,Wissenschaft & Medizin|Wetter & Himmel,4,"Sichel~A_TARGET_VIBE~2,Schimmer~A_TARGET_VIBE~2,Krater~A_TARGET_VIBE~3,Nacht~A_TARGET_VIBE~3"
Halo,3,11,Wetter & Himmel,4,"Lichthof~A_TARGET_VIBE~2,Eiskristall~A_TARGET_VIBE~3,Streuung~A_TARGET_VIBE~3,Schimmer~A_TARGET_VIBE~3"
Hitzestau,4,11,Wetter & Himmel,4,"Klebrigkeit~A_TARGET_VIBE~3,Schwüle~A_TARGET_VIBE~3,Ventilator~A_TARGET_VIBE~4,Durst~A_TARGET_VIBE~3"
Hochnebel,3,11,Wetter & Himmel,4,"Sichtweite~A_TARGET_VIBE~2,Milchglas~A_TARGET_VIBE~3,Straßenlicht~A_TARGET_VIBE~3,Schleier~A_TARGET_VIBE~3"
Hochdruckgebiet,4,11,Wetter & Himmel,4,"Isobare~A_TARGET_VIBE~3,Barometer~A_TARGET_VIBE~3,Gradient~A_TARGET_VIBE~4,Prognose~A_TARGET_VIBE~3"
Horizont,2,11,Wetter & Himmel,4,"Ferne~A_TARGET_VIBE~2,Kontur~A_TARGET_VIBE~2,Gegenlicht~A_TARGET_VIBE~3,Silhouette~A_TARGET_VIBE~3"
Hygrometer,4,6|7|11,Technik & Digitales|Wissenschaft & Medizin|Wetter & Himmel,4,"Messwert~A_TARGET_VIBE~3,Skala~A_TARGET_VIBE~3,Beschlag~A_TARGET_VIBE~4,Sättigung~A_TARGET_VIBE~3"
Ionosphäre,4,7|11,Wissenschaft & Medizin|Wetter & Himmel,4,"Ion~A_TARGET_VIBE~3,UV~A_TARGET_VIBE~3,Schichtung~A_TARGET_VIBE~4,Streuung~A_TARGET_VIBE~3"
Isobare,4,7|11,Wissenschaft & Medizin|Wetter & Himmel,4,"Karte~A_TARGET_VIBE~3,Linie~A_TARGET_VIBE~3,Gradient~A_TARGET_VIBE~4,Messwert~A_TARGET_VIBE~3"
Isotherme,4,7|11,Wissenschaft & Medizin|Wetter & Himmel,4,"Karte~A_TARGET_VIBE~3,Linie~A_TARGET_VIBE~3,Gradient~A_TARGET_VIBE~4,Messwert~A_TARGET_VIBE~3"
Kaltfront,3,11,Wetter & Himmel,4,"Kaltluft~A_TARGET_VIBE~2,Frontlinie~A_TARGET_VIBE~3,Druckfall~A_TARGET_VIBE~3,Gradient~A_TARGET_VIBE~3"
Kaltluft,2,11,Wetter & Himmel,4,"Minusgrad~A_TARGET_VIBE~2,Atemwolke~A_TARGET_VIBE~2,Gänsehaut~A_TARGET_VIBE~3,Heizung~A_TARGET_VIBE~3"
Kälte,2,11,Wetter & Himmel,4,"Gänsehaut~A_TARGET_VIBE~2,Heizung~A_TARGET_VIBE~2,Atemwolke~A_TARGET_VIBE~3,Minusgrad~A_TARGET_VIBE~3"
Kälteeinbruch,4,11,Wetter & Himmel,4,"Minusgrad~A_TARGET_VIBE~3,Atemwolke~A_TARGET_VIBE~3,Heizung~A_TARGET_VIBE~4,Gänsehaut~A_TARGET_VIBE~3"
Kälteschutz,3,11,Wetter & Himmel,4,"Schal~A_TARGET_VIBE~2,Mütze~A_TARGET_VIBE~3,Heizung~A_TARGET_VIBE~3,Atemwolke~A_TARGET_VIBE~3"
Komet,3,7|11,Wissenschaft & Medizin|Wetter & Himmel,4,"Teleskop~A_TARGET_VIBE~2,Kometenschweif~A_TARGET_VIBE~3,Umlaufbahn~A_TARGET_VIBE~3,Spektrum~A_TARGET_VIBE~3"
Kometenbahn,4,7|11,Wissenschaft & Medizin|Wetter & Himmel,4,"Umlaufbahn~A_TARGET_VIBE~3,Teleskop~A_TARGET_VIBE~3,Bahndaten~A_TARGET_VIBE~4,Spektrum~A_TARGET_VIBE~3"
Kometenschweif,4,7|11,Wissenschaft & Medizin|Wetter & Himmel,4,"Spektrum~A_TARGET_VIBE~3,Trümmer~A_TARGET_VIBE~3,Teleskop~A_TARGET_VIBE~4,Schimmer~A_TARGET_VIBE~3"
Konstellation,3,7|11,Wissenschaft & Medizin|Wetter & Himmel,4,"Sternwarte~A_TARGET_VIBE~2,Funkeln~A_TARGET_VIBE~3,Spektrum~A_TARGET_VIBE~3,Fernrohr~A_TARGET_VIBE~3"
Kontur,2,11,Wetter & Himmel,4,"Silhouette~A_TARGET_VIBE~2,Gegenlicht~A_TARGET_VIBE~2,Kontrast~A_TARGET_VIBE~3,Horizont~A_TARGET_VIBE~3"
Korona,4,7|11,Wissenschaft & Medizin|Wetter & Himmel,4,"Spektrum~A_TARGET_VIBE~3,Blendung~A_TARGET_VIBE~3,Teleskop~A_TARGET_VIBE~4,Protuberanz~A_TARGET_VIBE~3"
Krater,3,7|11,Wissenschaft & Medizin|Wetter & Himmel,4,"Fernrohr~A_TARGET_VIBE~2,Schimmer~A_TARGET_VIBE~3,Sichel~A_TARGET_VIBE~3,Kontrast~A_TARGET_VIBE~3"
Landregen,3,11,Wetter & Himmel,4,"Rinnen~A_TARGET_VIBE~2,Pfütze~A_TARGET_VIBE~3,Schirm~A_TARGET_VIBE~3,Scheibenwischer~A_TARGET_VIBE~3"
Laterne,2,11,Wetter & Himmel,4,"Straßenlicht~A_TARGET_VIBE~2,Diffus~A_TARGET_VIBE~2,Sichtweite~A_TARGET_VIBE~3,Silhouette~A_TARGET_VIBE~3"
Lee,3,11,Wetter & Himmel,4,"Luv~A_TARGET_VIBE~2,Kamm~A_TARGET_VIBE~3,Thermik~A_TARGET_VIBE~3,Wirbel~A_TARGET_VIBE~3"
Lichthof,3,11,Wetter & Himmel,4,"Eiskristall~A_TARGET_VIBE~2,Streuung~A_TARGET_VIBE~3,Schimmer~A_TARGET_VIBE~3,Spektrum~A_TARGET_VIBE~3"
Luftdruck,3,11,Wetter & Himmel,4,"Barometer~A_TARGET_VIBE~2,Isobare~A_TARGET_VIBE~3,Gradient~A_TARGET_VIBE~3,Messwert~A_TARGET_VIBE~3"
Luftdruckfall,4,11,Wetter & Himmel,4,"Barometer~A_TARGET_VIBE~3,Druckfall~A_TARGET_VIBE~3,Isobare~A_TARGET_VIBE~4,Prognose~A_TARGET_VIBE~3"
Luv,3,11,Wetter & Himmel,4,"Lee~A_TARGET_VIBE~2,Kamm~A_TARGET_VIBE~3,Windfahne~A_TARGET_VIBE~3,Thermik~A_TARGET_VIBE~3"
Mesosphäre,4,7|11,Wissenschaft & Medizin|Wetter & Himmel,4,"Schichtung~A_TARGET_VIBE~3,Höhenmeter~A_TARGET_VIBE~3,Molekül~A_TARGET_VIBE~4,UV~A_TARGET_VIBE~3"
Milchglas,2,11,Wetter & Himmel,4,"Diffus~A_TARGET_VIBE~2,Sichtweite~A_TARGET_VIBE~2,Schleier~A_TARGET_VIBE~3,Tröpfchen~A_TARGET_VIBE~3"
Minusgrad,3,11,Wetter & Himmel,4,"Atemwolke~A_TARGET_VIBE~2,Heizung~A_TARGET_VIBE~3,Gänsehaut~A_TARGET_VIBE~3,Knirsch~A_TARGET_VIBE~3"
Molekül,3,11,Wetter & Himmel,4,"Schichtung~A_TARGET_VIBE~2,Gradient~A_TARGET_VIBE~3,Dämpfung~A_TARGET_VIBE~3,Streuung~A_TARGET_VIBE~3"
Mond,2,7|11,Wissenschaft & Medizin|Wetter & Himmel,4,"Sichel~A_TARGET_VIBE~2,Schimmer~A_TARGET_VIBE~2,Krater~A_TARGET_VIBE~3,Nacht~A_TARGET_VIBE~3"
Mondaufgang,3,7|11,Wissenschaft & Medizin|Wetter & Himmel,4,"Horizont~A_TARGET_VIBE~2,Nacht~A_TARGET_VIBE~3,Schimmer~A_TARGET_VIBE~3,Sichel~A_TARGET_VIBE~3"
Mondbahn,4,7|11,Wissenschaft & Medizin|Wetter & Himmel,4,"Umlaufbahn~A_TARGET_VIBE~3,Bahndaten~A_TARGET_VIBE~3,Ekliptik~A_TARGET_VIBE~4,Fernrohr~A_TARGET_VIBE~3"
Mondbogen,4,7|11,Wissenschaft & Medizin|Wetter & Himmel,4,"Farbband~A_TARGET_VIBE~3,Prisma~A_TARGET_VIBE~3,Gegenlicht~A_TARGET_VIBE~4,Schimmer~A_TARGET_VIBE~3"
Mondfinsternis,4,7|11,Wissenschaft & Medizin|Wetter & Himmel,4,"Silhouette~A_TARGET_VIBE~3,Kontrast~A_TARGET_VIBE~3,Sichel~A_TARGET_VIBE~4,Dunkeladaptation~A_TARGET_VIBE~3"
Mondglanz,3,7|11,Wissenschaft & Medizin|Wetter & Himmel,4,"Schimmer~A_TARGET_VIBE~2,Nacht~A_TARGET_VIBE~3,Kontrast~A_TARGET_VIBE~3,Krater~A_TARGET_VIBE~3"
Mondhalo,4,7|11,Wissenschaft & Medizin|Wetter & Himmel,4,"Lichthof~A_TARGET_VIBE~3,Eiskristall~A_TARGET_VIBE~3,Streuung~A_TARGET_VIBE~4,Schimmer~A_TARGET_VIBE~3"
Nassschnee,3,11,Wetter & Himmel,4,"Matsch~A_TARGET_VIBE~2,Schaufel~A_TARGET_VIBE~3,Spuren~A_TARGET_VIBE~3,Knirsch~A_TARGET_VIBE~3"
Nebel,2,11,Wetter & Himmel,4,"Sichtweite~A_TARGET_VIBE~2,Tröpfchen~A_TARGET_VIBE~2,Milchglas~A_TARGET_VIBE~3,Straßenlicht~A_TARGET_VIBE~3"
Nebelbank,3,11,Wetter & Himmel,4,"Sichtweite~A_TARGET_VIBE~2,Milchglas~A_TARGET_VIBE~3,Schleier~A_TARGET_VIBE~3,Straßenlicht~A_TARGET_VIBE~3"
Nebelschicht,4,11,Wetter & Himmel,4,"Schleier~A_TARGET_VIBE~3,Schichtung~A_TARGET_VIBE~3,Diffus~A_TARGET_VIBE~4,Sichtweite~A_TARGET_VIBE~3"
Nebeltropfen,3,11,Wetter & Himmel,4,"Tröpfchen~A_TARGET_VIBE~2,Kondensat~A_TARGET_VIBE~3,Feuchte~A_TARGET_VIBE~3,Sichtweite~A_TARGET_VIBE~3"
Nebensonne,4,7|11,Wissenschaft & Medizin|Wetter & Himmel,4,"Lichthof~A_TARGET_VIBE~3,Eiskristall~A_TARGET_VIBE~3,Streuung~A_TARGET_VIBE~4,Schimmer~A_TARGET_VIBE~3"
Neuschnee,3,11,Wetter & Himmel,4,"Pulver~A_TARGET_VIBE~2,Spuren~A_TARGET_VIBE~3,Schaufel~A_TARGET_VIBE~3,Flocke~A_TARGET_VIBE~3"
Nieselregen,3,11,Wetter & Himmel,4,"Schirm~A_TARGET_VIBE~2,Scheibenwischer~A_TARGET_VIBE~3,Pfütze~A_TARGET_VIBE~3,Nässe~A_TARGET_VIBE~3"
Nieselwetter,3,11,Wetter & Himmel,4,"Schirm~A_TARGET_VIBE~2,Nass~A_TARGET_VIBE~3,Scheibenwischer~A_TARGET_VIBE~3,Dämpfung~A_TARGET_VIBE~3"
Nordlicht,4,11,Wetter & Himmel,4,"Glühen~A_TARGET_VIBE~3,Schimmer~A_TARGET_VIBE~3,Spektrum~A_TARGET_VIBE~4,Streuung~A_TARGET_VIBE~3"
Ozon,3,11,Wetter & Himmel,4,"UV~A_TARGET_VIBE~2,Schichtung~A_TARGET_VIBE~3,Molekül~A_TARGET_VIBE~3,Gradient~A_TARGET_VIBE~3"
Orkan,4,11,Wetter & Himmel,4,"Böenlinie~A_TARGET_VIBE~3,Warnung~A_TARGET_VIBE~3,Druckfall~A_TARGET_VIBE~4,Wirbel~A_TARGET_VIBE~3"
Perihel,4,7|11,Wissenschaft & Medizin|Wetter & Himmel,4,"Ekliptik~A_TARGET_VIBE~3,Umlaufbahn~A_TARGET_VIBE~3,Bahndaten~A_TARGET_VIBE~4,Spektrum~A_TARGET_VIBE~3"
Platzregen,3,11,Wetter & Himmel,4,"Starkregen~A_TARGET_VIBE~2,Pfütze~A_TARGET_VIBE~3,Scheibenwischer~A_TARGET_VIBE~3,Schirm~A_TARGET_VIBE~3"
Polarlicht,4,11,Wetter & Himmel,4,"Spektrum~A_TARGET_VIBE~3,Glühen~A_TARGET_VIBE~3,Schimmer~A_TARGET_VIBE~4,Streuung~A_TARGET_VIBE~3"
Protuberanz,4,7|11,Wissenschaft & Medizin|Wetter & Himmel,4,"Korona~A_TARGET_VIBE~3,Blendung~A_TARGET_VIBE~3,Spektrum~A_TARGET_VIBE~4,Teleskop~A_TARGET_VIBE~3"
Pulverschnee,4,11,Wetter & Himmel,4,"Pulver~A_TARGET_VIBE~3,Spuren~A_TARGET_VIBE~3,Schneebrille~A_TARGET_VIBE~4,Wechte~A_TARGET_VIBE~3"
Regen,2,11,Wetter & Himmel,4,"Tropfen~A_TARGET_VIBE~2,Schirm~A_TARGET_VIBE~2,Pfütze~A_TARGET_VIBE~3,Scheibenwischer~A_TARGET_VIBE~3"
Regenbogen,3,11,Wetter & Himmel,4,"Farbband~A_TARGET_VIBE~2,Prisma~A_TARGET_VIBE~3,Spektrum~A_TARGET_VIBE~3,Gegenlicht~A_TARGET_VIBE~3"
Regenfront,4,11,Wetter & Himmel,4,"Frontlinie~A_TARGET_VIBE~3,Warmluft~A_TARGET_VIBE~3,Druckfall~A_TARGET_VIBE~4,Gradient~A_TARGET_VIBE~3"
Regenradar,4,6|7|11,Technik & Digitales|Wissenschaft & Medizin|Wetter & Himmel,4,"Prognose~A_TARGET_VIBE~3,Station~A_TARGET_VIBE~3,Karte~A_TARGET_VIBE~4,Messwert~A_TARGET_VIBE~3"
Regenrinne,3,11,Wetter & Himmel,4,"Abfluss~A_TARGET_VIBE~2,Rinnen~A_TARGET_VIBE~3,Pfütze~A_TARGET_VIBE~3,Gummistiefel~A_TARGET_VIBE~3"
Schnee,2,11,Wetter & Himmel,4,"Flocke~A_TARGET_VIBE~2,Knirsch~A_TARGET_VIBE~2,Spuren~A_TARGET_VIBE~3,Schaufel~A_TARGET_VIBE~3"
Schneeball,2,11,Wetter & Himmel,4,"Spuren~A_TARGET_VIBE~2,Knirsch~A_TARGET_VIBE~2,Pulver~A_TARGET_VIBE~3,Rodel~A_TARGET_VIBE~3"
Schneeblindheit,4,11,Wetter & Himmel,4,"Schneebrille~A_TARGET_VIBE~3,Schimmer~A_TARGET_VIBE~3,Kontrast~A_TARGET_VIBE~4,Sonnencreme~A_TARGET_VIBE~3"
Schneebrett,4,11,Wetter & Himmel,4,"Lawinenlage~A_TARGET_VIBE~3,Wechte~A_TARGET_VIBE~3,Spuren~A_TARGET_VIBE~4,Schneekette~A_TARGET_VIBE~3"
Schneedecke,3,11,Wetter & Himmel,4,"Spuren~A_TARGET_VIBE~2,Schaufel~A_TARGET_VIBE~3,Pulver~A_TARGET_VIBE~3,Knirsch~A_TARGET_VIBE~3"
Schneegraupel,4,11,Wetter & Himmel,4,"Hagelkorn~A_TARGET_VIBE~3,Matsch~A_TARGET_VIBE~3,Starkregen~A_TARGET_VIBE~4,Schirm~A_TARGET_VIBE~3"
Schneekette,3,11,Wetter & Himmel,4,"Spuren~A_TARGET_VIBE~2,Glätte~A_TARGET_VIBE~3,Rutschgefahr~A_TARGET_VIBE~3,Streusalz~A_TARGET_VIBE~3"
Schneekristall,4,11,Wetter & Himmel,4,"Kristall~A_TARGET_VIBE~3,Schimmer~A_TARGET_VIBE~3,Streuung~A_TARGET_VIBE~4,Knirsch~A_TARGET_VIBE~3"
Schneelast,4,11,Wetter & Himmel,4,"Schaufel~A_TARGET_VIBE~3,Spuren~A_TARGET_VIBE~3,Wechte~A_TARGET_VIBE~4,Knirsch~A_TARGET_VIBE~3"
Schneematsch,3,11,Wetter & Himmel,4,"Matsch~A_TARGET_VIBE~2,Gummistiefel~A_TARGET_VIBE~3,Spuren~A_TARGET_VIBE~3,Rutschgefahr~A_TARGET_VIBE~3"
Schneeschauer,3,11,Wetter & Himmel,4,"Flocke~A_TARGET_VIBE~2,Schaufel~A_TARGET_VIBE~3,Spuren~A_TARGET_VIBE~3,Knirsch~A_TARGET_VIBE~3"
Schneeschicht,4,11,Wetter & Himmel,4,"Schichtung~A_TARGET_VIBE~3,Spuren~A_TARGET_VIBE~3,Wechte~A_TARGET_VIBE~4,Knirsch~A_TARGET_VIBE~3"
Schneeschmelze,4,11,Wetter & Himmel,4,"Abfluss~A_TARGET_VIBE~3,Pfütze~A_TARGET_VIBE~3,Matsch~A_TARGET_VIBE~4,Nässe~A_TARGET_VIBE~3"
Schneesturm,4,11,Wetter & Himmel,4,"Böenlinie~A_TARGET_VIBE~3,Warnung~A_TARGET_VIBE~3,Wechte~A_TARGET_VIBE~4,Knirsch~A_TARGET_VIBE~3"
Schneewehe,3,11,Wetter & Himmel,4,"Wechte~A_TARGET_VIBE~2,Spuren~A_TARGET_VIBE~3,Knirsch~A_TARGET_VIBE~3,Schaufel~A_TARGET_VIBE~3"
Schneezeit,3,11,Wetter & Himmel,4,"Schal~A_TARGET_VIBE~2,Heizung~A_TARGET_VIBE~3,Spuren~A_TARGET_VIBE~3,Knirsch~A_TARGET_VIBE~3"
Sichtweite,3,11,Wetter & Himmel,4,"Milchglas~A_TARGET_VIBE~2,Schleier~A_TARGET_VIBE~3,Straßenlicht~A_TARGET_VIBE~3,Diffus~A_TARGET_VIBE~3"
Silhouette,2,11,Wetter & Himmel,4,"Gegenlicht~A_TARGET_VIBE~2,Kontur~A_TARGET_VIBE~2,Kontrast~A_TARGET_VIBE~3,Horizont~A_TARGET_VIBE~3"
Smog,3,11,Wetter & Himmel,4,"Sichtweite~A_TARGET_VIBE~2,Schleier~A_TARGET_VIBE~3,Dämpfung~A_TARGET_VIBE~3,Diffus~A_TARGET_VIBE~3"
Sonne,2,7|11,Wissenschaft & Medizin|Wetter & Himmel,4,"UV~A_TARGET_VIBE~2,Schatten~A_TARGET_VIBE~2,Blendung~A_TARGET_VIBE~3,Sonnencreme~A_TARGET_VIBE~3"
Sonnenaufgang,2,7|11,Wissenschaft & Medizin|Wetter & Himmel,4,"Horizont~A_TARGET_VIBE~2,Gegenlicht~A_TARGET_VIBE~2,Glut~A_TARGET_VIBE~3,Kontur~A_TARGET_VIBE~3"
Sonnenbahn,4,7|11,Wissenschaft & Medizin|Wetter & Himmel,4,"Ekliptik~A_TARGET_VIBE~3,Bahndaten~A_TARGET_VIBE~3,Sternwarte~A_TARGET_VIBE~4,Spektrum~A_TARGET_VIBE~3"
Sonnenbrand,3,7|11,Wissenschaft & Medizin|Wetter & Himmel,4,"Sonnencreme~A_TARGET_VIBE~2,UV~A_TARGET_VIBE~3,Bräune~A_TARGET_VIBE~3,Schatten~A_TARGET_VIBE~3"
Sonnenenergie,3,7|11,Wissenschaft & Medizin|Wetter & Himmel,4,"UV~A_TARGET_VIBE~2,Blendung~A_TARGET_VIBE~3,Glut~A_TARGET_VIBE~3,Schatten~A_TARGET_VIBE~3"
Sonnenfinsternis,4,7|11,Wissenschaft & Medizin|Wetter & Himmel,4,"Silhouette~A_TARGET_VIBE~3,Kontrast~A_TARGET_VIBE~3,Teleskop~A_TARGET_VIBE~4,Dunkeladaptation~A_TARGET_VIBE~3"
Sonnenfleck,4,7|11,Wissenschaft & Medizin|Wetter & Himmel,4,"Teleskop~A_TARGET_VIBE~3,Spektrum~A_TARGET_VIBE~3,Kontrast~A_TARGET_VIBE~4,Korona~A_TARGET_VIBE~3"
Sonnenhalo,4,7|11,Wissenschaft & Medizin|Wetter & Himmel,4,"Lichthof~A_TARGET_VIBE~3,Eiskristall~A_TARGET_VIBE~3,Streuung~A_TARGET_VIBE~4,Schimmer~A_TARGET_VIBE~3"
Sonnenuntergang,2,7|11,Wissenschaft & Medizin|Wetter & Himmel,4,"Gegenlicht~A_TARGET_VIBE~2,Silhouette~A_TARGET_VIBE~2,Glut~A_TARGET_VIBE~3,Horizont~A_TARGET_VIBE~3"
Stern,2,7|11,Wissenschaft & Medizin|Wetter & Himmel,4,"Funkeln~A_TARGET_VIBE~2,Nacht~A_TARGET_VIBE~2,Konstellation~A_TARGET_VIBE~3,Sternwarte~A_TARGET_VIBE~3"
Sternbild,3,7|11,Wissenschaft & Medizin|Wetter & Himmel,4,"Konstellation~A_TARGET_VIBE~2,Fernrohr~A_TARGET_VIBE~3,Spektrum~A_TARGET_VIBE~3,Fixpunkt~A_TARGET_VIBE~3"
Sternenfeld,3,7|11,Wissenschaft & Medizin|Wetter & Himmel,4,"Funkeln~A_TARGET_VIBE~2,Astrofoto~A_TARGET_VIBE~3,Dunkeladaptation~A_TARGET_VIBE~3,Spektrum~A_TARGET_VIBE~3"
Sternennebel,4,7|11,Wissenschaft & Medizin|Wetter & Himmel,4,"Spektrum~A_TARGET_VIBE~3,Astrofoto~A_TARGET_VIBE~3,Sternwarte~A_TARGET_VIBE~4,Dunkeladaptation~A_TARGET_VIBE~3"
Sternenstaub,4,7|11,Wissenschaft & Medizin|Wetter & Himmel,4,"Trümmer~A_TARGET_VIBE~3,Spektrum~A_TARGET_VIBE~3,Astrofoto~A_TARGET_VIBE~4,Kosmos~A_TARGET_VIBE~3"
Staubsturm,4,11,Wetter & Himmel,4,"Warnung~A_TARGET_VIBE~3,Streuung~A_TARGET_VIBE~3,Sichtweite~A_TARGET_VIBE~4,Dämpfung~A_TARGET_VIBE~3"
Staubwolke,3,11,Wetter & Himmel,4,"Streuung~A_TARGET_VIBE~2,Schleier~A_TARGET_VIBE~3,Sichtweite~A_TARGET_VIBE~3,Dämpfung~A_TARGET_VIBE~3"
Stratosphäre,4,7|11,Wissenschaft & Medizin|Wetter & Himmel,4,"Schichtung~A_TARGET_VIBE~3,Höhenmeter~A_TARGET_VIBE~3,Ozon~A_TARGET_VIBE~4,UV~A_TARGET_VIBE~3"
Streuung,3,11,Wetter & Himmel,4,"Dämpfung~A_TARGET_VIBE~2,Kontrast~A_TARGET_VIBE~3,Schimmer~A_TARGET_VIBE~3,Diffus~A_TARGET_VIBE~3"
Sturm,2,11,Wetter & Himmel,4,"Böe~A_TARGET_VIBE~2,Warnung~A_TARGET_VIBE~2,Wirbel~A_TARGET_VIBE~3,Druckfall~A_TARGET_VIBE~3"
Tauwetter,3,11,Wetter & Himmel,4,"Nässe~A_TARGET_VIBE~2,Matsch~A_TARGET_VIBE~3,Pfütze~A_TARGET_VIBE~3,Abfluss~A_TARGET_VIBE~3"
Tau,2,11,Wetter & Himmel,4,"Kondensat~A_TARGET_VIBE~2,Beschlag~A_TARGET_VIBE~2,Tröpfchen~A_TARGET_VIBE~3,Feuchte~A_TARGET_VIBE~3"
Taupunkt,4,11,Wetter & Himmel,4,"Sättigung~A_TARGET_VIBE~3,Beschlag~A_TARGET_VIBE~3,Kondensat~A_TARGET_VIBE~4,Messwert~A_TARGET_VIBE~3"
Tiefdruckgebiet,4,11,Wetter & Himmel,4,"Isobare~A_TARGET_VIBE~3,Druckfall~A_TARGET_VIBE~3,Gradient~A_TARGET_VIBE~4,Prognose~A_TARGET_VIBE~3"
Thermik,3,11,Wetter & Himmel,4,"Drachen~A_TARGET_VIBE~2,Aufwind~A_TARGET_VIBE~3,Segel~A_TARGET_VIBE~3,Wirbel~A_TARGET_VIBE~3"
Thermometer,3,6|7|11,Technik & Digitales|Wissenschaft & Medizin|Wetter & Himmel,4,"Skala~A_TARGET_VIBE~2,Messwert~A_TARGET_VIBE~3,Anzeige~A_TARGET_VIBE~3,Kalibrierung~A_TARGET_VIBE~3"
Thermosphäre,4,7|11,Wissenschaft & Medizin|Wetter & Himmel,4,"Schichtung~A_TARGET_VIBE~3,UV~A_TARGET_VIBE~3,Höhenmeter~A_TARGET_VIBE~4,Ion~A_TARGET_VIBE~3"
Troposphäre,4,7|11,Wissenschaft & Medizin|Wetter & Himmel,4,"Schichtung~A_TARGET_VIBE~3,Strömung~A_TARGET_VIBE~3,Höhenmeter~A_TARGET_VIBE~4,Kondensat~A_TARGET_VIBE~3"
Tröpfchen,2,11,Wetter & Himmel,4,"Kondensat~A_TARGET_VIBE~2,Beschlag~A_TARGET_VIBE~2,Feuchte~A_TARGET_VIBE~3,Sichtweite~A_TARGET_VIBE~3"
UV,3,11,Wetter & Himmel,4,"Sonnencreme~A_TARGET_VIBE~2,Bräune~A_TARGET_VIBE~3,Schatten~A_TARGET_VIBE~3,Blendung~A_TARGET_VIBE~3"
Verdunstung,3,11,Wetter & Himmel,4,"Trocknung~A_TARGET_VIBE~2,Schwüle~A_TARGET_VIBE~3,Kondensat~A_TARGET_VIBE~3,Feuchte~A_TARGET_VIBE~3"
Warmfront,3,11,Wetter & Himmel,4,"Warmluft~A_TARGET_VIBE~2,Frontlinie~A_TARGET_VIBE~3,Gradient~A_TARGET_VIBE~3,Druckfall~A_TARGET_VIBE~3"
Warmluft,2,11,Wetter & Himmel,4,"Schwüle~A_TARGET_VIBE~2,Schweiß~A_TARGET_VIBE~2,Durst~A_TARGET_VIBE~3,Ventilator~A_TARGET_VIBE~3"
Wärme,2,11,Wetter & Himmel,4,"Ventilator~A_TARGET_VIBE~2,Durst~A_TARGET_VIBE~2,Schatten~A_TARGET_VIBE~3,Schweiß~A_TARGET_VIBE~3"
Wärmeinsel,4,11,Wetter & Himmel,4,"Klimaanlage~A_TARGET_VIBE~3,Flimmern~A_TARGET_VIBE~3,Schweiß~A_TARGET_VIBE~4,Ventilator~A_TARGET_VIBE~3"
Wetterradar,4,6|7|11,Technik & Digitales|Wissenschaft & Medizin|Wetter & Himmel,4,"Karte~A_TARGET_VIBE~3,Messwert~A_TARGET_VIBE~3,Prognose~A_TARGET_VIBE~4,Station~A_TARGET_VIBE~3"
Wind,1,11,Wetter & Himmel,4,"Windfahne~A_TARGET_VIBE~2,Segel~A_TARGET_VIBE~2,Zugluft~A_TARGET_VIBE~3,Böe~A_TARGET_VIBE~3"
Windfahne,3,11,Wetter & Himmel,4,"Fahne~A_TARGET_VIBE~2,Böe~A_TARGET_VIBE~3,Segel~A_TARGET_VIBE~3,Wirbel~A_TARGET_VIBE~3"
Windstau,4,11,Wetter & Himmel,4,"Kamm~A_TARGET_VIBE~3,Luv~A_TARGET_VIBE~3,Schichtung~A_TARGET_VIBE~4,Lee~A_TARGET_VIBE~3"
Windstärke,3,11,Wetter & Himmel,4,"Skala~A_TARGET_VIBE~2,Böe~A_TARGET_VIBE~3,Windfahne~A_TARGET_VIBE~3,Messwert~A_TARGET_VIBE~3"
Winter,2,11|13,Wetter & Himmel|Feste & Jahreszeiten,4,"Schal~A_TARGET_VIBE~2,Heizung~A_TARGET_VIBE~2,Streusalz~A_TARGET_VIBE~3,Mütze~A_TARGET_VIBE~3"
Wirbelsturm,4,11,Wetter & Himmel,4,"Wirbel~A_TARGET_VIBE~3,Böenlinie~A_TARGET_VIBE~3,Druckfall~A_TARGET_VIBE~4,Warnung~A_TARGET_VIBE~3"
Wolke,1,11,Wetter & Himmel,4,"Schichtung~A_TARGET_VIBE~2,Lücke~A_TARGET_VIBE~2,Schattenwurf~A_TARGET_VIBE~3,Quellung~A_TARGET_VIBE~3"
Wolkenatlas,4,11,Wetter & Himmel,4,"Karte~A_TARGET_VIBE~3,Bild~A_TARGET_VIBE~3,Schichtung~A_TARGET_VIBE~4,Skala~A_TARGET_VIBE~3"
Wolkenband,3,11,Wetter & Himmel,4,"Rand~A_TARGET_VIBE~2,Schichtung~A_TARGET_VIBE~3,Decke~A_TARGET_VIBE~3,Aufhellung~A_TARGET_VIBE~3"
Wolkenbank,3,11,Wetter & Himmel,4,"Decke~A_TARGET_VIBE~2,Grauton~A_TARGET_VIBE~3,Lücke~A_TARGET_VIBE~3,Schichtung~A_TARGET_VIBE~3"
Wolkenbasis,4,11,Wetter & Himmel,4,"Basis~A_TARGET_VIBE~3,Untergrenze~A_TARGET_VIBE~3,Schichtung~A_TARGET_VIBE~4,Sichtweite~A_TARGET_VIBE~3"
Wolkenbild,3,11,Wetter & Himmel,4,"Kontrast~A_TARGET_VIBE~2,Schattenwurf~A_TARGET_VIBE~3,Schichtung~A_TARGET_VIBE~3,Rand~A_TARGET_VIBE~3"
Wolkenbildung,4,11,Wetter & Himmel,4,"Quellung~A_TARGET_VIBE~3,Schichtung~A_TARGET_VIBE~3,Kondensat~A_TARGET_VIBE~4,Thermik~A_TARGET_VIBE~3"
Wolkenbruch,4,11,Wetter & Himmel,4,"Starkregen~A_TARGET_VIBE~3,Pfütze~A_TARGET_VIBE~3,Warnung~A_TARGET_VIBE~4,Rinnen~A_TARGET_VIBE~3"
Wolkendecke,3,11,Wetter & Himmel,4,"Decke~A_TARGET_VIBE~2,Grauton~A_TARGET_VIBE~3,Lücke~A_TARGET_VIBE~3,Schichtung~A_TARGET_VIBE~3"
Wolkenfahne,4,11,Wetter & Himmel,4,"Fahne~A_TARGET_VIBE~3,Lee~A_TARGET_VIBE~3,Schichtung~A_TARGET_VIBE~4,Rand~A_TARGET_VIBE~3"
Wolkenfeld,3,11,Wetter & Himmel,4,"Schichtung~A_TARGET_VIBE~2,Lücke~A_TARGET_VIBE~3,Grauton~A_TARGET_VIBE~3,Aufhellung~A_TARGET_VIBE~3"
Wolkenfetzen,3,11,Wetter & Himmel,4,"Fetzen~A_TARGET_VIBE~2,Rand~A_TARGET_VIBE~3,Lücke~A_TARGET_VIBE~3,Schichtung~A_TARGET_VIBE~3"
Wolkenformation,4,11,Wetter & Himmel,4,"Schichtung~A_TARGET_VIBE~3,Rand~A_TARGET_VIBE~3,Quellung~A_TARGET_VIBE~4,Lücke~A_TARGET_VIBE~3"
Wolkengipfel,3,11,Wetter & Himmel,4,"Türmchen~A_TARGET_VIBE~2,Quellung~A_TARGET_VIBE~3,Schattenwurf~A_TARGET_VIBE~3,Aufhellung~A_TARGET_VIBE~3"
Wolkengrau,2,11,Wetter & Himmel,4,"Grauton~A_TARGET_VIBE~2,Diffus~A_TARGET_VIBE~2,Schleier~A_TARGET_VIBE~3,Dämpfung~A_TARGET_VIBE~3"
Wolkenhöhe,4,11,Wetter & Himmel,4,"Höhenmeter~A_TARGET_VIBE~3,Untergrenze~A_TARGET_VIBE~3,Basis~A_TARGET_VIBE~4,Schichtung~A_TARGET_VIBE~3"
Wolkenlücke,3,11,Wetter & Himmel,4,"Aufhellung~A_TARGET_VIBE~2,Kontrast~A_TARGET_VIBE~3,Gegenlicht~A_TARGET_VIBE~3,Schichtung~A_TARGET_VIBE~3"
Wolkenrand,3,11,Wetter & Himmel,4,"Rand~A_TARGET_VIBE~2,Kontrast~A_TARGET_VIBE~3,Schattenwurf~A_TARGET_VIBE~3,Aufhellung~A_TARGET_VIBE~3"
Wolkenschicht,4,11,Wetter & Himmel,4,"Schichtung~A_TARGET_VIBE~3,Decke~A_TARGET_VIBE~3,Grauton~A_TARGET_VIBE~4,Diffus~A_TARGET_VIBE~3"
Wolkenschleier,3,11,Wetter & Himmel,4,"Schleier~A_TARGET_VIBE~2,Diffus~A_TARGET_VIBE~3,Dämpfung~A_TARGET_VIBE~3,Grauton~A_TARGET_VIBE~3"
Wolkenspiel,3,11,Wetter & Himmel,4,"Kontrast~A_TARGET_VIBE~2,Schimmer~A_TARGET_VIBE~3,Gegenlicht~A_TARGET_VIBE~3,Schattenwurf~A_TARGET_VIBE~3"
Wolkenspiegel,4,11,Wetter & Himmel,4,"Schimmer~A_TARGET_VIBE~3,Kontrast~A_TARGET_VIBE~3,Gegenlicht~A_TARGET_VIBE~4,Schattenwurf~A_TARGET_VIBE~3"
Wolkenspur,3,11,Wetter & Himmel,4,"Rand~A_TARGET_VIBE~2,Schichtung~A_TARGET_VIBE~3,Aufhellung~A_TARGET_VIBE~3,Ferne~A_TARGET_VIBE~3"
Wolkenstraße,4,11,Wetter & Himmel,4,"Schichtung~A_TARGET_VIBE~3,Rand~A_TARGET_VIBE~3,Ferne~A_TARGET_VIBE~4,Kontrast~A_TARGET_VIBE~3"
Wolkenstreifen,3,11,Wetter & Himmel,4,"Schichtung~A_TARGET_VIBE~2,Rand~A_TARGET_VIBE~3,Aufhellung~A_TARGET_VIBE~3,Kontrast~A_TARGET_VIBE~3"
Wolkenturm,4,11,Wetter & Himmel,4,"Türmchen~A_TARGET_VIBE~3,Quellung~A_TARGET_VIBE~3,Amboss~A_TARGET_VIBE~4,Schattenwurf~A_TARGET_VIBE~3"
Wolkenuntergrenze,4,11,Wetter & Himmel,4,"Untergrenze~A_TARGET_VIBE~3,Basis~A_TARGET_VIBE~3,Höhenmeter~A_TARGET_VIBE~4,Sichtweite~A_TARGET_VIBE~3"
Wolkenwand,3,11,Wetter & Himmel,4,"Decke~A_TARGET_VIBE~2,Grauton~A_TARGET_VIBE~3,Rand~A_TARGET_VIBE~3,Schichtung~A_TARGET_VIBE~3"
Wolkenwirbel,4,11,Wetter & Himmel,4,"Wirbel~A_TARGET_VIBE~3,Schichtung~A_TARGET_VIBE~3,Rand~A_TARGET_VIBE~4,Quellung~A_TARGET_VIBE~3"
Wolkenzug,3,11,Wetter & Himmel,4,"Ferne~A_TARGET_VIBE~2,Rand~A_TARGET_VIBE~3,Schichtung~A_TARGET_VIBE~3,Aufhellung~A_TARGET_VIBE~3"
Zenit,4,7|11,Wissenschaft & Medizin|Wetter & Himmel,4,"Konstellation~A_TARGET_VIBE~3,Teleskop~A_TARGET_VIBE~3,Parallaxe~A_TARGET_VIBE~4,Spektrum~A_TARGET_VIBE~3"
Zirrus,4,11,Wetter & Himmel,4,"Schleier~A_TARGET_VIBE~3,Schichtung~A_TARGET_VIBE~3,Aufhellung~A_TARGET_VIBE~4,Rand~A_TARGET_VIBE~3"
Zwielicht,3,11|12,Wetter & Himmel|Gefühle & Abstraktes,4,"Dämmerlicht~A_TARGET_VIBE~2,Silhouette~A_TARGET_VIBE~3,Gegenlicht~A_TARGET_VIBE~3,Kontur~A_TARGET_VIBE~3"
Zyklon,4,11,Wetter & Himmel,4,"Wirbel~A_TARGET_VIBE~3,Druckfall~A_TARGET_VIBE~3,Isobare~A_TARGET_VIBE~4,Warnung~A_TARGET_VIBE~3"
Abend,1,11,Wetter & Himmel,4,"Nacht~A_TARGET_VIBE~2,Kerze~A_TARGET_VIBE~2,Dämmerlicht~A_TARGET_VIBE~2,Dunkelheit~A_TARGET_VIBE~2"
Abenddämmerung,2,11,Wetter & Himmel,4,"Gegenlicht~A_TARGET_VIBE~2,Silhouette~A_TARGET_VIBE~2,Kontur~A_TARGET_VIBE~2,Röte~A_TARGET_VIBE~2"
Abendrot,2,11,Wetter & Himmel,4,"Röte~A_TARGET_VIBE~2,Glühen~A_TARGET_VIBE~2,Horizont~A_TARGET_VIBE~2,Silhouette~A_TARGET_VIBE~2"
Aerosol,3,7|11,Wissenschaft & Medizin|Wetter & Himmel,6,"Streuung~A_TARGET_VIBE~3,Luftschicht~A_TARGET_VIBE~2,Partikel~A_TARGET_VIBE~2,Sichtweite~A_TARGET_VIBE~2,Filter~A_TARGET_VIBE~2,Skala~B_PART_VIBE~2"
Afterglow,4,11,Wetter & Himmel,6,"Schimmer~A_TARGET_VIBE~3,Glühen~A_TARGET_VIBE~3,Kontrast~A_TARGET_VIBE~3,Gegenlicht~A_TARGET_VIBE~4,Röte~A_TARGET_VIBE~4,Horizont~A_TARGET_VIBE~4"
Aggregat,3,7|11,Wissenschaft & Medizin|Wetter & Himmel,6,"Partikel~A_TARGET_VIBE~3,Kristall~A_TARGET_VIBE~2,Schichtung~A_TARGET_VIBE~2,Messwert~A_TARGET_VIBE~2,Filter~A_TARGET_VIBE~2,Grad~B_PART_VIBE~2"
Albedo,4,7|11,Wissenschaft & Medizin|Wetter & Himmel,6,"Reflex~A_TARGET_VIBE~3,Kontrast~A_TARGET_VIBE~3,Schimmer~A_TARGET_VIBE~3,Sonnenstand~A_TARGET_VIBE~4,Spektrum~A_TARGET_VIBE~4,Prisma~A_TARGET_VIBE~4"
Alpenglühen,4,11,Wetter & Himmel,6,"Glühen~A_TARGET_VIBE~3,Röte~A_TARGET_VIBE~3,Gegenlicht~A_TARGET_VIBE~3,Bergkamm~A_TARGET_VIBE~4,Silhouette~A_TARGET_VIBE~4,Horizont~A_TARGET_VIBE~4"
Altocumulus,4,11,Wetter & Himmel,6,"Schichtung~A_TARGET_VIBE~3,Quellung~A_TARGET_VIBE~3,Aufhellung~A_TARGET_VIBE~3,Türmchen~A_TARGET_VIBE~4,Lücke~A_TARGET_VIBE~4,Grauton~A_TARGET_VIBE~4"
Altostratus,4,11,Wetter & Himmel,6,"Decke~A_TARGET_VIBE~3,Grauton~A_TARGET_VIBE~3,Schleier~A_TARGET_VIBE~3,Untergrenze~A_TARGET_VIBE~4,Dunst~A_TARGET_VIBE~4,Aufhellung~A_TARGET_VIBE~4"
Altschnee,3,11,Wetter & Himmel,5,"Knirsch~A_TARGET_VIBE~3,Pulver~A_TARGET_VIBE~2,Spur~A_TARGET_VIBE~2,Wechte~A_TARGET_VIBE~2,Schaufel~A_TARGET_VIBE~2"
Ambosswolke,4,11,Wetter & Himmel,7,"Aufwind~A_TARGET_VIBE~3,Hagelkorn~A_TARGET_VIBE~3,Grollen~A_TARGET_VIBE~3,Kaltfront~A_TARGET_VIBE~4,Wolkenrand~A_TARGET_VIBE~4,Amboss~A_TARGET_VIBE~4,Amboss~B_PART_VIBE~3"
Anemometer,4,6|7|11,Technik & Digitales|Wissenschaft & Medizin|Wetter & Himmel,7,"Messwert~A_TARGET_VIBE~3,Skala~A_TARGET_VIBE~3,Sensor~A_TARGET_VIBE~3,Station~A_TARGET_VIBE~4,Kalibrierung~A_TARGET_VIBE~4,Anzeige~A_TARGET_VIBE~4,Mast~B_PART_VIBE~3"
Aphel,4,7|11,Wissenschaft & Medizin|Wetter & Himmel,6,"Umlaufbahn~A_TARGET_VIBE~3,Bahndaten~A_TARGET_VIBE~3,Konstellation~A_TARGET_VIBE~3,Fernrohr~A_TARGET_VIBE~4,Epoche~A_TARGET_VIBE~4,Parallaxe~A_TARGET_VIBE~4"
Asteroid,3,7|11,Wissenschaft & Medizin|Wetter & Himmel,6,"Krater~A_TARGET_VIBE~3,Umlaufbahn~A_TARGET_VIBE~2,Bahndaten~A_TARGET_VIBE~2,Astrofoto~A_TARGET_VIBE~2,Fernrohr~A_TARGET_VIBE~2,Sichel~B_PART_VIBE~2"
Asteroidengürtel,4,7|11,Wissenschaft & Medizin|Wetter & Himmel,6,"Umlaufbahn~A_TARGET_VIBE~3,Bahndaten~A_TARGET_VIBE~3,Konstellation~A_TARGET_VIBE~3,Kollision~A_TARGET_VIBE~4,Trümmer~A_TARGET_VIBE~4,Fernrohr~A_TARGET_VIBE~4"
Atmosphäre,3,7|11,Wissenschaft & Medizin|Wetter & Himmel,6,"Schichtung~A_TARGET_VIBE~3,Ozon~A_TARGET_VIBE~2,Molekül~A_TARGET_VIBE~2,Thermik~A_TARGET_VIBE~2,Druck~A_TARGET_VIBE~2,UV~A_TARGET_VIBE~2"
Aufheiterung,2,11,Wetter & Himmel,4,"Aufhellung~A_TARGET_VIBE~2,Lücke~A_TARGET_VIBE~2,Kontrast~A_TARGET_VIBE~2,Horizont~A_TARGET_VIBE~2"
Aufwind,3,11,Wetter & Himmel,6,"Thermik~A_TARGET_VIBE~3,Drachen~A_TARGET_VIBE~2,Wirbel~A_TARGET_VIBE~2,Segel~A_TARGET_VIBE~2,Kite~A_TARGET_VIBE~2,Ruck~B_PART_VIBE~2"
Aurora,4,11,Wetter & Himmel,6,"Spektrum~A_TARGET_VIBE~3,Glühen~A_TARGET_VIBE~3,Schimmer~A_TARGET_VIBE~3,Polarzone~A_TARGET_VIBE~4,Kamera~A_TARGET_VIBE~4,Kälte~A_TARGET_VIBE~4"
Barometer,3,6|7|11,Technik & Digitales|Wissenschaft & Medizin|Wetter & Himmel,6,"Isobare~A_TARGET_VIBE~3,Zeiger~A_TARGET_VIBE~2,Skala~A_TARGET_VIBE~2,Messwert~A_TARGET_VIBE~2,Gradient~A_TARGET_VIBE~2,Prognose~B_PART_VIBE~2"
Bergwind,3,11,Wetter & Himmel,6,"Lee~A_TARGET_VIBE~3,Luv~A_TARGET_VIBE~2,Rauchfahne~A_TARGET_VIBE~2,Kamm~A_TARGET_VIBE~2,Segel~A_TARGET_VIBE~2,Ruck~B_PART_VIBE~2"
Bewölkung,3,11,Wetter & Himmel,5,"Grauton~A_TARGET_VIBE~3,Schichtung~A_TARGET_VIBE~2,Lücke~A_TARGET_VIBE~2,Schattenwurf~A_TARGET_VIBE~2,Aufhellung~A_TARGET_VIBE~2"
Bewölkungsgrad,4,11,Wetter & Himmel,7,"Grauton~A_TARGET_VIBE~3,Schichtung~A_TARGET_VIBE~3,Lücke~A_TARGET_VIBE~3,Skala~A_TARGET_VIBE~4,Messwert~A_TARGET_VIBE~4,Karte~A_TARGET_VIBE~4,Grad~B_PART_VIBE~3"
Bise,3,11,Wetter & Himmel,6,"Küste~A_TARGET_VIBE~3,Segel~A_TARGET_VIBE~2,Fahne~A_TARGET_VIBE~2,Lee~A_TARGET_VIBE~2,Luv~A_TARGET_VIBE~2,Ruck~B_PART_VIBE~2"
Blauhimmel,2,11,Wetter & Himmel,4,"Kontrast~A_TARGET_VIBE~2,Schimmer~A_TARGET_VIBE~2,Blendung~A_TARGET_VIBE~2,Sonnenbrille~A_TARGET_VIBE~2"
Blitz,3,11,Wetter & Himmel,6,"Erdung~A_TARGET_VIBE~3,Grollen~A_TARGET_VIBE~2,Stromausfall~A_TARGET_VIBE~2,Metallmast~A_TARGET_VIBE~2,Warnung~A_TARGET_VIBE~2,Sicherheitsabstand~B_PART_VIBE~2"
Blitzableiter,3,11,Wetter & Himmel,6,"Erdung~A_TARGET_VIBE~3,Metallmast~A_TARGET_VIBE~2,Dachfirst~A_TARGET_VIBE~2,Sicherheitsabstand~A_TARGET_VIBE~2,Stromausfall~A_TARGET_VIBE~2,Warnung~B_PART_VIBE~2"
Blitzbahn,4,11,Wetter & Himmel,7,"Erdung~A_TARGET_VIBE~3,Blendeffekt~A_TARGET_VIBE~3,Grollen~A_TARGET_VIBE~3,Metallmast~A_TARGET_VIBE~4,Sicherheitsabstand~A_TARGET_VIBE~4,Stromausfall~A_TARGET_VIBE~4,Bahn~B_PART_VIBE~3"
Blitzeis,4,11,Wetter & Himmel,6,"Rutschgefahr~A_TARGET_VIBE~3,Streusalz~A_TARGET_VIBE~3,Bremsweg~A_TARGET_VIBE~3,Eiskratzer~A_TARGET_VIBE~4,Warnung~A_TARGET_VIBE~4,Glattebahn~A_TARGET_VIBE~4"
Blitzentladung,4,11,Wetter & Himmel,7,"Erdung~A_TARGET_VIBE~3,Grollen~A_TARGET_VIBE~3,Stromausfall~A_TARGET_VIBE~3,Metallmast~A_TARGET_VIBE~4,Sicherheitsabstand~A_TARGET_VIBE~4,Warnung~A_TARGET_VIBE~4,Ladung~B_PART_VIBE~3"
Blitzgabel,4,11,Wetter & Himmel,7,"Blendeffekt~A_TARGET_VIBE~3,Erdung~A_TARGET_VIBE~3,Grollen~A_TARGET_VIBE~3,Metallmast~A_TARGET_VIBE~4,Sicherheitsabstand~A_TARGET_VIBE~4,Warnung~A_TARGET_VIBE~4,Gabel~B_PART_VIBE~3"
Blitzkanal,4,11,Wetter & Himmel,7,"Erdung~A_TARGET_VIBE~3,Blendeffekt~A_TARGET_VIBE~3,Grollen~A_TARGET_VIBE~3,Stromausfall~A_TARGET_VIBE~4,Warnung~A_TARGET_VIBE~4,Metallmast~A_TARGET_VIBE~4,Kanal~B_PART_VIBE~3"
Blitzlicht,3,11,Wetter & Himmel,6,"Blendeffekt~A_TARGET_VIBE~3,Kontrast~A_TARGET_VIBE~2,Schatten~A_TARGET_VIBE~2,Reflex~A_TARGET_VIBE~2,Blendung~A_TARGET_VIBE~2,Licht~B_PART_VIBE~2"
Blitzschlag,3,11,Wetter & Himmel,6,"Erdung~A_TARGET_VIBE~3,Stromausfall~A_TARGET_VIBE~2,Warnung~A_TARGET_VIBE~2,Astbruch~A_TARGET_VIBE~2,Sicherheitsabstand~A_TARGET_VIBE~2,Schlag~B_PART_VIBE~2"
Blitzstrahl,3,11,Wetter & Himmel,7,"Erdung~A_TARGET_VIBE~3,Grollen~A_TARGET_VIBE~2,Stromausfall~A_TARGET_VIBE~2,Metallmast~A_TARGET_VIBE~2,Blendeffekt~A_TARGET_VIBE~2,Sicherheitsabstand~A_TARGET_VIBE~2,Strahl~B_PART_VIBE~2"
Bodennebel,3,11,Wetter & Himmel,6,"Sichtweite~A_TARGET_VIBE~3,Tröpfchen~A_TARGET_VIBE~2,Straßenlicht~A_TARGET_VIBE~2,Milchglas~A_TARGET_VIBE~2,Beschlag~A_TARGET_VIBE~2,Kondensat~B_PART_VIBE~2"
Brise,2,11,Wetter & Himmel,4,"Segel~A_TARGET_VIBE~2,Drachen~A_TARGET_VIBE~2,Fahne~A_TARGET_VIBE~2,Zugluft~A_TARGET_VIBE~2"
Brockengespenst,4,11,Wetter & Himmel,7,"Gipfel~A_TARGET_VIBE~3,Nebelschleier~A_TARGET_VIBE~3,Gegenlicht~A_TARGET_VIBE~3,Rundbogen~A_TARGET_VIBE~4,Alpin~A_TARGET_VIBE~4,Gespenst~A_TARGET_VIBE~4,Gespenst~B_PART_VIBE~3"
Böe,2,11,Wetter & Himmel,4,"Ruck~A_TARGET_VIBE~2,Fahne~A_TARGET_VIBE~2,Segel~A_TARGET_VIBE~2,Zugluft~A_TARGET_VIBE~2"
Böigkeit,3,11,Wetter & Himmel,6,"Ruck~A_TARGET_VIBE~3,Fahne~A_TARGET_VIBE~2,Mast~A_TARGET_VIBE~2,Segel~A_TARGET_VIBE~2,Kite~A_TARGET_VIBE~2,Richtung~B_PART_VIBE~2"
Cirrus,4,11,Wetter & Himmel,6,"Schleier~A_TARGET_VIBE~3,Schichtung~A_TARGET_VIBE~3,Aufhellung~A_TARGET_VIBE~3,Rand~A_TARGET_VIBE~4,Fetzen~A_TARGET_VIBE~4,Lücke~A_TARGET_VIBE~4"
Cumulonimbus,4,11,Wetter & Himmel,6,"Aufwind~A_TARGET_VIBE~3,Grollen~A_TARGET_VIBE~3,Hagelkorn~A_TARGET_VIBE~3,Kaltfront~A_TARGET_VIBE~4,Schattenwurf~A_TARGET_VIBE~4,Warnung~A_TARGET_VIBE~4"
Cumulus,3,11,Wetter & Himmel,5,"Quellung~A_TARGET_VIBE~3,Türmchen~A_TARGET_VIBE~2,Schattenwurf~A_TARGET_VIBE~2,Aufhellung~A_TARGET_VIBE~2,Lücke~A_TARGET_VIBE~2"
Dauerregen,3,11,Wetter & Himmel,5,"Pfütze~A_TARGET_VIBE~3,Scheibenwischer~A_TARGET_VIBE~2,Gummistiefel~A_TARGET_VIBE~2,Rinnen~A_TARGET_VIBE~2,Abfluss~A_TARGET_VIBE~2"
Dämmerlicht,2,11,Wetter & Himmel,4,"Gegenlicht~A_TARGET_VIBE~2,Silhouette~A_TARGET_VIBE~2,Kontur~A_TARGET_VIBE~2,Horizont~A_TARGET_VIBE~2"
Dämmerung,2,11,Wetter & Himmel,4,"Gegenlicht~A_TARGET_VIBE~2,Silhouette~A_TARGET_VIBE~2,Laterne~A_TARGET_VIBE~2,Röte~A_TARGET_VIBE~2"
Dichte,3,7|11,Wissenschaft & Medizin|Wetter & Himmel,6,"Messwert~A_TARGET_VIBE~3,Skala~A_TARGET_VIBE~2,Gradient~A_TARGET_VIBE~2,Schichtung~A_TARGET_VIBE~2,Tröpfchen~A_TARGET_VIBE~2,Grad~B_PART_VIBE~2"
Diffusion,3,7|11,Wissenschaft & Medizin|Wetter & Himmel,6,"Streuung~A_TARGET_VIBE~3,Brechung~A_TARGET_VIBE~2,Kontrast~A_TARGET_VIBE~2,Schimmer~A_TARGET_VIBE~2,Luftschicht~A_TARGET_VIBE~2,Grad~B_PART_VIBE~2"
Donner,2,11,Wetter & Himmel,4,"Grollen~A_TARGET_VIBE~2,Echo~A_TARGET_VIBE~2,Fensterscheibe~A_TARGET_VIBE~2,Warnung~A_TARGET_VIBE~2"
Donnerhall,3,11,Wetter & Himmel,6,"Grollen~A_TARGET_VIBE~3,Echo~A_TARGET_VIBE~2,Vibration~A_TARGET_VIBE~2,Fensterscheibe~A_TARGET_VIBE~2,Warnung~A_TARGET_VIBE~2,Hall~B_PART_VIBE~2"
Donnerknall,3,11,Wetter & Himmel,6,"Grollen~A_TARGET_VIBE~3,Echo~A_TARGET_VIBE~2,Vibration~A_TARGET_VIBE~2,Fensterscheibe~A_TARGET_VIBE~2,Warnung~A_TARGET_VIBE~2,Knall~B_PART_VIBE~2"
Donnerrolle,4,11,Wetter & Himmel,7,"Grollen~A_TARGET_VIBE~3,Echo~A_TARGET_VIBE~3,Vibration~A_TARGET_VIBE~3,Fensterscheibe~A_TARGET_VIBE~4,Warnung~A_TARGET_VIBE~4,Beben~A_TARGET_VIBE~4,Rolle~B_PART_VIBE~3"
Donnerschlag,3,11,Wetter & Himmel,6,"Grollen~A_TARGET_VIBE~3,Vibration~A_TARGET_VIBE~2,Fensterscheibe~A_TARGET_VIBE~2,Warnung~A_TARGET_VIBE~2,Echo~A_TARGET_VIBE~2,Schlag~B_PART_VIBE~2"
Donnerwetter,2,11,Wetter & Himmel,4,"Warnung~A_TARGET_VIBE~2,Grollen~A_TARGET_VIBE~2,Echo~A_TARGET_VIBE~2,Blendeffekt~A_TARGET_VIBE~2"
Doppelfrontalzone,4,11,Wetter & Himmel,6,"Frontalzone~A_TARGET_VIBE~3,Isobare~A_TARGET_VIBE~3,Gradient~A_TARGET_VIBE~3,Kaltfront~A_TARGET_VIBE~4,Warmluft~A_TARGET_VIBE~4,Karte~A_TARGET_VIBE~4"
Doppelstern,4,7|11,Wissenschaft & Medizin|Wetter & Himmel,6,"Konstellation~A_TARGET_VIBE~3,Parallaxe~A_TARGET_VIBE~3,Fernrohr~A_TARGET_VIBE~3,Spektrum~A_TARGET_VIBE~4,Bahndaten~A_TARGET_VIBE~4,Sternwarte~A_TARGET_VIBE~4"
Druck,2,7|11,Wissenschaft & Medizin|Wetter & Himmel,4,"Zeiger~A_TARGET_VIBE~2,Skala~A_TARGET_VIBE~2,Messwert~A_TARGET_VIBE~2,Gradient~A_TARGET_VIBE~2"
Druckfall,3,11,Wetter & Himmel,5,"Barometer~A_TARGET_VIBE~3,Isobare~A_TARGET_VIBE~2,Warnung~A_TARGET_VIBE~2,Karte~A_TARGET_VIBE~2,Gradient~A_TARGET_VIBE~2"
Druckgebiet,3,11,Wetter & Himmel,5,"Isobare~A_TARGET_VIBE~3,Barometer~A_TARGET_VIBE~2,Karte~A_TARGET_VIBE~2,Gradient~A_TARGET_VIBE~2,Prognose~A_TARGET_VIBE~2"
Druckwelle,4,11,Wetter & Himmel,7,"Vibration~A_TARGET_VIBE~3,Beben~A_TARGET_VIBE~3,Fensterscheibe~A_TARGET_VIBE~3,Schock~A_TARGET_VIBE~4,Warnung~A_TARGET_VIBE~4,Trümmer~A_TARGET_VIBE~4,Welle~B_PART_VIBE~3"
Dunkelheit,2,11,Wetter & Himmel,4,"Nacht~A_TARGET_VIBE~2,Kontur~A_TARGET_VIBE~2,Silhouette~A_TARGET_VIBE~2,Laterne~A_TARGET_VIBE~2"
Dunst,2,11,Wetter & Himmel,4,"Sichtweite~A_TARGET_VIBE~2,Schleier~A_TARGET_VIBE~2,Tröpfchen~A_TARGET_VIBE~2,Beschlag~A_TARGET_VIBE~2"
Dunstglocke,3,11,Wetter & Himmel,6,"Sichtweite~A_TARGET_VIBE~3,Schleier~A_TARGET_VIBE~2,Tröpfchen~A_TARGET_VIBE~2,Beschlag~A_TARGET_VIBE~2,Straßenlicht~A_TARGET_VIBE~2,Glocke~B_PART_VIBE~2"
Dunstschleier,3,11,Wetter & Himmel,6,"Schleier~A_TARGET_VIBE~3,Sichtweite~A_TARGET_VIBE~2,Tröpfchen~A_TARGET_VIBE~2,Beschlag~A_TARGET_VIBE~2,Feuchte~A_TARGET_VIBE~2,Schleier~B_PART_VIBE~2"
Dürre,3,11,Wetter & Himmel,6,"Durst~A_TARGET_VIBE~3,Rissboden~A_TARGET_VIBE~2,Ernte~A_TARGET_VIBE~2,Wasserstand~A_TARGET_VIBE~2,Brandgefahr~A_TARGET_VIBE~2,Zone~B_PART_VIBE~2"
Eis,1,11,Wetter & Himmel,4,"Streusalz~A_TARGET_VIBE~2,Glätte~A_TARGET_VIBE~2,Kristall~A_TARGET_VIBE~2,Eiskratzer~A_TARGET_VIBE~2"
Eisblume,3,11,Wetter & Himmel,6,"Raureif~A_TARGET_VIBE~3,Kristall~A_TARGET_VIBE~2,Beschlag~A_TARGET_VIBE~2,Eiskratzer~A_TARGET_VIBE~2,Gefrierpunkt~A_TARGET_VIBE~2,Blume~B_PART_VIBE~2"
Eiseskälte,3,11,Wetter & Himmel,5,"Minusgrad~A_TARGET_VIBE~3,Atemwolke~A_TARGET_VIBE~2,Gänsehaut~A_TARGET_VIBE~2,Klirren~A_TARGET_VIBE~2,Heizung~A_TARGET_VIBE~2"
Eisfläche,3,11,Wetter & Himmel,6,"Glätte~A_TARGET_VIBE~3,Streusalz~A_TARGET_VIBE~2,Kristall~A_TARGET_VIBE~2,Eiskratzer~A_TARGET_VIBE~2,Gefrierpunkt~A_TARGET_VIBE~2,Fläche~B_PART_VIBE~2"
Eiskappe,4,11,Wetter & Himmel,7,"Gefrierpunkt~A_TARGET_VIBE~3,Kristall~A_TARGET_VIBE~3,Klirren~A_TARGET_VIBE~3,Minusgrad~A_TARGET_VIBE~4,Raureif~A_TARGET_VIBE~4,Glätte~A_TARGET_VIBE~4,Kappe~B_PART_VIBE~3"
Eiskern,4,11,Wetter & Himmel,7,"Kristall~A_TARGET_VIBE~3,Gefrierpunkt~A_TARGET_VIBE~3,Minusgrad~A_TARGET_VIBE~3,Klirren~A_TARGET_VIBE~4,Raureif~A_TARGET_VIBE~4,Eiskratzer~A_TARGET_VIBE~4,Kern~B_PART_VIBE~3"
Eisklumpen,3,11,Wetter & Himmel,6,"Kristall~A_TARGET_VIBE~3,Glätte~A_TARGET_VIBE~2,Streusalz~A_TARGET_VIBE~2,Klirren~A_TARGET_VIBE~2,Gefrierpunkt~A_TARGET_VIBE~2,Klumpen~B_PART_VIBE~2"
Eiskristall,4,11,Wetter & Himmel,7,"Kristall~A_TARGET_VIBE~3,Schimmer~A_TARGET_VIBE~3,Streuung~A_TARGET_VIBE~3,Gefrierpunkt~A_TARGET_VIBE~4,Raureif~A_TARGET_VIBE~4,Kontrast~A_TARGET_VIBE~4,Rand~B_PART_VIBE~3"
Eiskälte,2,11,Wetter & Himmel,4,"Minusgrad~A_TARGET_VIBE~2,Atemwolke~A_TARGET_VIBE~2,Gänsehaut~A_TARGET_VIBE~2,Heizung~A_TARGET_VIBE~2"
Eisnadel,3,11,Wetter & Himmel,6,"Kristall~A_TARGET_VIBE~3,Raureif~A_TARGET_VIBE~2,Gefrierpunkt~A_TARGET_VIBE~2,Klirren~A_TARGET_VIBE~2,Schimmer~A_TARGET_VIBE~2,Nadel~B_PART_VIBE~2"
Eisnebel,4,11,Wetter & Himmel,7,"Sichtweite~A_TARGET_VIBE~3,Tröpfchen~A_TARGET_VIBE~3,Milchglas~A_TARGET_VIBE~3,Beschlag~A_TARGET_VIBE~4,Minusgrad~A_TARGET_VIBE~4,Raureif~A_TARGET_VIBE~4,Nebel~B_PART_VIBE~3"
Eispanzer,3,11,Wetter & Himmel,6,"Glätte~A_TARGET_VIBE~3,Streusalz~A_TARGET_VIBE~2,Eiskratzer~A_TARGET_VIBE~2,Gefrierpunkt~A_TARGET_VIBE~2,Klirren~A_TARGET_VIBE~2,Panzer~B_PART_VIBE~2"
Eisregen,4,11,Wetter & Himmel,7,"Rutschgefahr~A_TARGET_VIBE~3,Streusalz~A_TARGET_VIBE~3,Bremsweg~A_TARGET_VIBE~3,Scheibenwischer~A_TARGET_VIBE~4,Eiskratzer~A_TARGET_VIBE~4,Warnung~A_TARGET_VIBE~4,Welle~B_PART_VIBE~3"
Eisschicht,3,11,Wetter & Himmel,6,"Glätte~A_TARGET_VIBE~3,Eiskratzer~A_TARGET_VIBE~2,Streusalz~A_TARGET_VIBE~2,Gefrierpunkt~A_TARGET_VIBE~2,Klirren~A_TARGET_VIBE~2,Schicht~B_PART_VIBE~2"
Eisscholle,3,11,Wetter & Himmel,6,"Klirren~A_TARGET_VIBE~3,Kristall~A_TARGET_VIBE~2,Gefrierpunkt~A_TARGET_VIBE~2,Minusgrad~A_TARGET_VIBE~2,Raureif~A_TARGET_VIBE~2,Scholle~B_PART_VIBE~2"
Eissplitter,3,11,Wetter & Himmel,6,"Klirren~A_TARGET_VIBE~3,Kristall~A_TARGET_VIBE~2,Glätte~A_TARGET_VIBE~2,Eiskratzer~A_TARGET_VIBE~2,Gefrierpunkt~A_TARGET_VIBE~2,Splitter~B_PART_VIBE~2"
Eissturm,4,11,Wetter & Himmel,6,"Warnung~A_TARGET_VIBE~3,Stromausfall~A_TARGET_VIBE~3,Rutschgefahr~A_TARGET_VIBE~3,Astbruch~A_TARGET_VIBE~4,Notstrom~A_TARGET_VIBE~4,Keller~A_TARGET_VIBE~4"
Eiszapfen,3,11,Wetter & Himmel,6,"Gefrierpunkt~A_TARGET_VIBE~3,Klirren~A_TARGET_VIBE~2,Raureif~A_TARGET_VIBE~2,Minusgrad~A_TARGET_VIBE~2,Kristall~A_TARGET_VIBE~2,Zapfen~B_PART_VIBE~2"
Eiswind,3,11,Wetter & Himmel,6,"Atemwolke~A_TARGET_VIBE~3,Gänsehaut~A_TARGET_VIBE~2,Schal~A_TARGET_VIBE~2,Zugluft~A_TARGET_VIBE~2,Lee~A_TARGET_VIBE~2,Windrad~B_PART_VIBE~2"
Eiszeit,3,11,Wetter & Himmel,6,"Gletscher~A_TARGET_VIBE~3,Spur~A_TARGET_VIBE~2,Fossil~A_TARGET_VIBE~2,Schichtung~A_TARGET_VIBE~2,Gefrierpunkt~A_TARGET_VIBE~2,Zeit~B_PART_VIBE~2"
Ekliptik,4,7|11,Wissenschaft & Medizin|Wetter & Himmel,6,"Umlaufbahn~A_TARGET_VIBE~3,Parallaxe~A_TARGET_VIBE~3,Bahndaten~A_TARGET_VIBE~3,Konstellation~A_TARGET_VIBE~4,Fernrohr~A_TARGET_VIBE~4,Sternkarte~A_TARGET_VIBE~4"
Energiefluss,4,7|11,Wissenschaft & Medizin|Wetter & Himmel,6,"Gradient~A_TARGET_VIBE~3,Messwert~A_TARGET_VIBE~3,Diagramm~A_TARGET_VIBE~3,Modell~A_TARGET_VIBE~4,Daten~A_TARGET_VIBE~4,Station~A_TARGET_VIBE~4"
Erdachse,4,7|11,Wissenschaft & Medizin|Wetter & Himmel,6,"Neigung~A_TARGET_VIBE~3,Rotation~A_TARGET_VIBE~3,Pol~A_TARGET_VIBE~3,Äquator~A_TARGET_VIBE~4,Jahreslauf~A_TARGET_VIBE~4,Globus~A_TARGET_VIBE~4"
Erdschatten,4,7|11,Wissenschaft & Medizin|Wetter & Himmel,6,"Kontrast~A_TARGET_VIBE~3,Sichel~A_TARGET_VIBE~3,Schattenwurf~A_TARGET_VIBE~3,Dunkelheit~A_TARGET_VIBE~4,Teleskop~A_TARGET_VIBE~4,Beobachtung~A_TARGET_VIBE~4"
Fahnenwolke,4,11,Wetter & Himmel,7,"Rauchfahne~A_TARGET_VIBE~3,Lee~A_TARGET_VIBE~3,Luv~A_TARGET_VIBE~3,Rand~A_TARGET_VIBE~4,Schichtung~A_TARGET_VIBE~4,Kamm~A_TARGET_VIBE~4,Fahne~B_PART_VIBE~3"
Fallstreifen,4,11,Wetter & Himmel,6,"Schleier~A_TARGET_VIBE~3,Untergrenze~A_TARGET_VIBE~3,Verdunstung~A_TARGET_VIBE~3,Sichtweite~A_TARGET_VIBE~4,Schichtung~A_TARGET_VIBE~4,Kondensat~A_TARGET_VIBE~4"
Fallwind,3,11,Wetter & Himmel,6,"Ruck~A_TARGET_VIBE~3,Lee~A_TARGET_VIBE~2,Luv~A_TARGET_VIBE~2,Zugluft~A_TARGET_VIBE~2,Kamm~A_TARGET_VIBE~2,Richtung~B_PART_VIBE~2"
FataMorgana,4,11,Wetter & Himmel,6,"Flimmern~A_TARGET_VIBE~3,Spiegelung~A_TARGET_VIBE~3,Horizont~A_TARGET_VIBE~3,Wüste~A_TARGET_VIBE~4,Luftschicht~A_TARGET_VIBE~4,Trugbild~A_TARGET_VIBE~4"
Federwolke,3,11,Wetter & Himmel,6,"Schleier~A_TARGET_VIBE~3,Fetzen~A_TARGET_VIBE~2,Aufhellung~A_TARGET_VIBE~2,Rand~A_TARGET_VIBE~2,Schichtung~A_TARGET_VIBE~2,Feder~B_PART_VIBE~2"
Feuchte,2,11,Wetter & Himmel,4,"Beschlag~A_TARGET_VIBE~2,Kondensat~A_TARGET_VIBE~2,Tröpfchen~A_TARGET_VIBE~2,Sättigung~A_TARGET_VIBE~2"
Feuchtegrad,4,11,Wetter & Himmel,7,"Sättigung~A_TARGET_VIBE~3,Beschlag~A_TARGET_VIBE~3,Kondensat~A_TARGET_VIBE~3,Messwert~A_TARGET_VIBE~4,Skala~A_TARGET_VIBE~4,Sensor~A_TARGET_VIBE~4,Grad~B_PART_VIBE~3"
Fernglas,3,5|6,Sport & Freizeit|Technik & Digitales,6,"Okular~A_TARGET_VIBE~3,Vergrößerung~A_TARGET_VIBE~2,Linse~A_TARGET_VIBE~2,Vogelzug~A_TARGET_VIBE~2,Safari~A_TARGET_VIBE~2,Glas~B_PART_VIBE~2"
Finsternis,3,7|11,Wissenschaft & Medizin|Wetter & Himmel,6,"Dunkelheit~A_TARGET_VIBE~3,Kontrast~A_TARGET_VIBE~2,Sichel~A_TARGET_VIBE~2,Schutzbrille~A_TARGET_VIBE~2,Beobachtung~A_TARGET_VIBE~2,Nacht~B_PART_VIBE~2"
Fixstern,3,7|11,Wissenschaft & Medizin|Wetter & Himmel,6,"Konstellation~A_TARGET_VIBE~3,Funkeln~A_TARGET_VIBE~2,Parallaxe~A_TARGET_VIBE~2,Sternwarte~A_TARGET_VIBE~2,Astrofoto~A_TARGET_VIBE~2,Zeit~B_PART_VIBE~2"
Flimmern,2,11,Wetter & Himmel,4,"Asphalt~A_TARGET_VIBE~2,Kontrast~A_TARGET_VIBE~2,Schimmer~A_TARGET_VIBE~2,Luftschicht~A_TARGET_VIBE~2"
Flocke,2,11,Wetter & Himmel,4,"Schaufel~A_TARGET_VIBE~2,Spur~A_TARGET_VIBE~2,Knirsch~A_TARGET_VIBE~2,Schlitten~A_TARGET_VIBE~2"
Föhn,3,11,Wetter & Himmel,6,"Lee~A_TARGET_VIBE~3,Luv~A_TARGET_VIBE~2,Kamm~A_TARGET_VIBE~2,Rauchfahne~A_TARGET_VIBE~2,Zugluft~A_TARGET_VIBE~2,Richtung~B_PART_VIBE~2"
Föhnfenster,4,11,Wetter & Himmel,7,"Lücke~A_TARGET_VIBE~3,Aufhellung~A_TARGET_VIBE~3,Kontrast~A_TARGET_VIBE~3,Lee~A_TARGET_VIBE~4,Luv~A_TARGET_VIBE~4,Kamm~A_TARGET_VIBE~4,Fenster~B_PART_VIBE~3"
Föhnmauer,4,11,Wetter & Himmel,7,"Schichtung~A_TARGET_VIBE~3,Rand~A_TARGET_VIBE~3,Decke~A_TARGET_VIBE~3,Luv~A_TARGET_VIBE~4,Lee~A_TARGET_VIBE~4,Kamm~A_TARGET_VIBE~4,Mauer~B_PART_VIBE~3"
Front,3,11,Wetter & Himmel,5,"Karte~A_TARGET_VIBE~3,Isobare~A_TARGET_VIBE~2,Gradient~A_TARGET_VIBE~2,Warnung~A_TARGET_VIBE~2,Prognose~A_TARGET_VIBE~2"
Frontalzone,4,11,Wetter & Himmel,6,"Isobare~A_TARGET_VIBE~3,Gradient~A_TARGET_VIBE~3,Karte~A_TARGET_VIBE~3,Kaltfront~A_TARGET_VIBE~4,Warmluft~A_TARGET_VIBE~4,Höhenwind~A_TARGET_VIBE~4"
Frühling,2,13,Feste & Jahreszeiten,4,"Blüte~A_TARGET_VIBE~2,Pollen~A_TARGET_VIBE~2,Vogelzug~A_TARGET_VIBE~2,Garten~A_TARGET_VIBE~2"
Frost,2,11,Wetter & Himmel,4,"Minusgrad~A_TARGET_VIBE~2,Atemwolke~A_TARGET_VIBE~2,Gänsehaut~A_TARGET_VIBE~2,Eiskratzer~A_TARGET_VIBE~2"
Frostgrenze,4,11,Wetter & Himmel,7,"Minusgrad~A_TARGET_VIBE~3,Gefrierpunkt~A_TARGET_VIBE~3,Höhenmeter~A_TARGET_VIBE~3,Skala~A_TARGET_VIBE~4,Messwert~A_TARGET_VIBE~4,Karte~A_TARGET_VIBE~4,Grenze~B_PART_VIBE~3"
Frostnacht,3,11,Wetter & Himmel,6,"Minusgrad~A_TARGET_VIBE~3,Atemwolke~A_TARGET_VIBE~2,Gänsehaut~A_TARGET_VIBE~2,Klirren~A_TARGET_VIBE~2,Schal~A_TARGET_VIBE~2,Nacht~B_PART_VIBE~2"
Frostperiode,4,11,Wetter & Himmel,6,"Minusgrad~A_TARGET_VIBE~3,Heizung~A_TARGET_VIBE~3,Atemwolke~A_TARGET_VIBE~3,Gänsehaut~A_TARGET_VIBE~4,Eiskratzer~A_TARGET_VIBE~4,Kalender~A_TARGET_VIBE~4"
Frosttag,3,11,Wetter & Himmel,6,"Minusgrad~A_TARGET_VIBE~3,Gänsehaut~A_TARGET_VIBE~2,Heizung~A_TARGET_VIBE~2,Atemwolke~A_TARGET_VIBE~2,Eiskratzer~A_TARGET_VIBE~2,Tag~B_PART_VIBE~2"
Gefrierpunkt,3,11,Wetter & Himmel,6,"Minusgrad~A_TARGET_VIBE~3,Kristall~A_TARGET_VIBE~2,Streusalz~A_TARGET_VIBE~2,Skala~A_TARGET_VIBE~2,Messwert~A_TARGET_VIBE~2,Punkt~B_PART_VIBE~2"
Gezeiten,3,7|11,Wissenschaft & Medizin|Wetter & Himmel,6,"Umlaufbahn~A_TARGET_VIBE~3,Anziehung~A_TARGET_VIBE~2,Pegel~A_TARGET_VIBE~2,Küste~A_TARGET_VIBE~2,Mondphase~A_TARGET_VIBE~2,Welle~B_PART_VIBE~2"
Gewitter,2,11,Wetter & Himmel,4,"Warnung~A_TARGET_VIBE~2,Grollen~A_TARGET_VIBE~2,Stromausfall~A_TARGET_VIBE~2,Blendeffekt~A_TARGET_VIBE~2"
Gewitterfront,4,11,Wetter & Himmel,6,"Warnung~A_TARGET_VIBE~3,Grollen~A_TARGET_VIBE~3,Isobare~A_TARGET_VIBE~3,Kaltfront~A_TARGET_VIBE~4,Böenlinie~A_TARGET_VIBE~4,Karte~A_TARGET_VIBE~4"
Gewitterhimmel,3,11,Wetter & Himmel,6,"Grauton~A_TARGET_VIBE~3,Warnung~A_TARGET_VIBE~2,Grollen~A_TARGET_VIBE~2,Blendeffekt~A_TARGET_VIBE~2,Schattenwurf~A_TARGET_VIBE~2,Kontrast~B_PART_VIBE~2"
Gewitterlinie,4,11,Wetter & Himmel,6,"Böenlinie~A_TARGET_VIBE~3,Warnung~A_TARGET_VIBE~3,Isobare~A_TARGET_VIBE~3,Front~A_TARGET_VIBE~4,Karte~A_TARGET_VIBE~4,Druckfall~A_TARGET_VIBE~4"
Gewitterneigung,3,11,Wetter & Himmel,6,"Warnung~A_TARGET_VIBE~3,Prognose~A_TARGET_VIBE~2,Aufwind~A_TARGET_VIBE~2,Böenlinie~A_TARGET_VIBE~2,Karte~A_TARGET_VIBE~2,Grad~B_PART_VIBE~2"
Gewitterregen,3,11,Wetter & Himmel,6,"Pfütze~A_TARGET_VIBE~3,Scheibenwischer~A_TARGET_VIBE~2,Warnung~A_TARGET_VIBE~2,Gummistiefel~A_TARGET_VIBE~2,Abfluss~A_TARGET_VIBE~2,Regen~B_PART_VIBE~2"
Gewitterturm,4,11,Wetter & Himmel,6,"Aufwind~A_TARGET_VIBE~3,Quellung~A_TARGET_VIBE~3,Grollen~A_TARGET_VIBE~3,Hagelkorn~A_TARGET_VIBE~4,Warnung~A_TARGET_VIBE~4,Schattenwurf~A_TARGET_VIBE~4"
Glatteis,3,11,Wetter & Himmel,5,"Rutschgefahr~A_TARGET_VIBE~3,Streusalz~A_TARGET_VIBE~2,Eiskratzer~A_TARGET_VIBE~2,Bremsweg~A_TARGET_VIBE~2,Warnung~A_TARGET_VIBE~2"
Glätte,2,11,Wetter & Himmel,4,"Rutschgefahr~A_TARGET_VIBE~2,Streusalz~A_TARGET_VIBE~2,Bremsweg~A_TARGET_VIBE~2,Eiskratzer~A_TARGET_VIBE~2"
Glanz,2,11,Wetter & Himmel,4,"Schimmer~A_TARGET_VIBE~2,Kontrast~A_TARGET_VIBE~2,Reflex~A_TARGET_VIBE~2,Blendung~A_TARGET_VIBE~2"
Graupel,3,11,Wetter & Himmel,6,"Hagelkorn~A_TARGET_VIBE~3,Schirm~A_TARGET_VIBE~2,Pfütze~A_TARGET_VIBE~2,Gummistiefel~A_TARGET_VIBE~2,Warnung~A_TARGET_VIBE~2,Grad~B_PART_VIBE~2"
Graupelschauer,4,11,Wetter & Himmel,6,"Hagelkorn~A_TARGET_VIBE~3,Warnung~A_TARGET_VIBE~3,Schirm~A_TARGET_VIBE~3,Gummistiefel~A_TARGET_VIBE~4,Pfütze~A_TARGET_VIBE~4,Abfluss~A_TARGET_VIBE~4"
Hagel,2,11,Wetter & Himmel,4,"Hagelkorn~A_TARGET_VIBE~2,Warnung~A_TARGET_VIBE~2,Astbruch~A_TARGET_VIBE~2,Schirm~A_TARGET_VIBE~2"
Hagelkorn,3,11,Wetter & Himmel,6,"Warnung~A_TARGET_VIBE~3,Schirm~A_TARGET_VIBE~2,Gummistiefel~A_TARGET_VIBE~2,Astbruch~A_TARGET_VIBE~2,Pfütze~A_TARGET_VIBE~2,Korn~B_PART_VIBE~2"
Hagelschauer,3,11,Wetter & Himmel,6,"Warnung~A_TARGET_VIBE~3,Hagelkorn~A_TARGET_VIBE~2,Schirm~A_TARGET_VIBE~2,Gummistiefel~A_TARGET_VIBE~2,Astbruch~A_TARGET_VIBE~2,Schauer~B_PART_VIBE~2"
Hagelschlag,4,11,Wetter & Himmel,7,"Warnung~A_TARGET_VIBE~3,Astbruch~A_TARGET_VIBE~3,Trümmer~A_TARGET_VIBE~3,Hagelkorn~A_TARGET_VIBE~4,Schadensmeldung~A_TARGET_VIBE~4,Rettungsdienst~A_TARGET_VIBE~4,Schlag~B_PART_VIBE~3"
Hagelsturm,4,11,Wetter & Himmel,6,"Warnung~A_TARGET_VIBE~3,Astbruch~A_TARGET_VIBE~3,Trümmer~A_TARGET_VIBE~3,Hagelkorn~A_TARGET_VIBE~4,Stromausfall~A_TARGET_VIBE~4,Notstrom~A_TARGET_VIBE~4"
Hagelwolke,4,11,Wetter & Himmel,6,"Aufwind~A_TARGET_VIBE~3,Quellung~A_TARGET_VIBE~3,Schattenwurf~A_TARGET_VIBE~3,Hagelkorn~A_TARGET_VIBE~4,Warnung~A_TARGET_VIBE~4,Rand~A_TARGET_VIBE~4"
Halbmond,2,7|11,Wissenschaft & Medizin|Wetter & Himmel,4,"Sichel~A_TARGET_VIBE~2,Krater~A_TARGET_VIBE~2,Schimmer~A_TARGET_VIBE~2,Nacht~A_TARGET_VIBE~2"
Halo,3,11,Wetter & Himmel,6,"Lichthof~A_TARGET_VIBE~3,Eiskristall~A_TARGET_VIBE~2,Streuung~A_TARGET_VIBE~2,Schimmer~A_TARGET_VIBE~2,Spektrum~A_TARGET_VIBE~2,Kranz~B_PART_VIBE~2"
Herbst,2,13,Feste & Jahreszeiten,4,"Laub~A_TARGET_VIBE~2,Ernte~A_TARGET_VIBE~2,Kürbis~A_TARGET_VIBE~2,Nebelbank~A_TARGET_VIBE~2"
Himmel,1,11,Wetter & Himmel,4,"Horizont~A_TARGET_VIBE~2,Weite~A_TARGET_VIBE~2,Bläue~A_TARGET_VIBE~2,Kontrast~A_TARGET_VIBE~2"
Himmelsblau,2,11,Wetter & Himmel,4,"Bläue~A_TARGET_VIBE~2,Kontrast~A_TARGET_VIBE~2,Schimmer~A_TARGET_VIBE~2,Sonnenbrille~A_TARGET_VIBE~2"
Himmelsbläue,2,11,Wetter & Himmel,4,"Bläue~A_TARGET_VIBE~2,Ferne~A_TARGET_VIBE~2,Kontrast~A_TARGET_VIBE~2,Schimmer~A_TARGET_VIBE~2"
Himmelsbogen,3,11,Wetter & Himmel,5,"Horizont~A_TARGET_VIBE~3,Krümmung~A_TARGET_VIBE~2,Weite~A_TARGET_VIBE~2,Kontrast~A_TARGET_VIBE~2,Bogen~B_PART_VIBE~2"
Himmelsfenster,3,11,Wetter & Himmel,6,"Lücke~A_TARGET_VIBE~3,Aufhellung~A_TARGET_VIBE~2,Kontrast~A_TARGET_VIBE~2,Schleier~A_TARGET_VIBE~2,Rand~A_TARGET_VIBE~2,Fenster~B_PART_VIBE~2"
Himmelsfunkeln,3,11,Wetter & Himmel,6,"Funkeln~A_TARGET_VIBE~3,Konstellation~A_TARGET_VIBE~2,Nacht~A_TARGET_VIBE~2,Schimmer~A_TARGET_VIBE~2,Parallaxe~A_TARGET_VIBE~2,Funkeln~B_PART_VIBE~2"
Himmelsgewölbe,4,11,Wetter & Himmel,6,"Weite~A_TARGET_VIBE~3,Krümmung~A_TARGET_VIBE~3,Horizont~A_TARGET_VIBE~3,Kontrast~A_TARGET_VIBE~4,Schimmer~A_TARGET_VIBE~4,Gewölbe~B_PART_VIBE~3"
Himmelsglanz,3,11,Wetter & Himmel,6,"Schimmer~A_TARGET_VIBE~3,Kontrast~A_TARGET_VIBE~2,Blendung~A_TARGET_VIBE~2,Reflex~A_TARGET_VIBE~2,Gegenlicht~A_TARGET_VIBE~2,Glanz~B_PART_VIBE~2"
Himmelsglühen,3,11,Wetter & Himmel,6,"Glühen~A_TARGET_VIBE~3,Röte~A_TARGET_VIBE~2,Schimmer~A_TARGET_VIBE~2,Gegenlicht~A_TARGET_VIBE~2,Horizont~A_TARGET_VIBE~2,Glühen~B_PART_VIBE~2"
Himmelsgold,4,11,Wetter & Himmel,6,"Glühen~A_TARGET_VIBE~3,Röte~A_TARGET_VIBE~3,Schimmer~A_TARGET_VIBE~3,Gegenlicht~A_TARGET_VIBE~4,Horizont~A_TARGET_VIBE~4,Gold~B_PART_VIBE~3"
Himmelsgrau,2,11,Wetter & Himmel,4,"Grauton~A_TARGET_VIBE~2,Schleier~A_TARGET_VIBE~2,Dunst~A_TARGET_VIBE~2,Decke~A_TARGET_VIBE~2"
Himmelskuppel,4,11,Wetter & Himmel,6,"Weite~A_TARGET_VIBE~3,Krümmung~A_TARGET_VIBE~3,Horizont~A_TARGET_VIBE~3,Kontrast~A_TARGET_VIBE~4,Schimmer~A_TARGET_VIBE~4,Kuppel~B_PART_VIBE~3"
Himmelskörper,3,7|11,Wissenschaft & Medizin|Wetter & Himmel,6,"Konstellation~A_TARGET_VIBE~3,Fernrohr~A_TARGET_VIBE~2,Umlaufbahn~A_TARGET_VIBE~2,Parallaxe~A_TARGET_VIBE~2,Spektrum~A_TARGET_VIBE~2,Körper~B_PART_VIBE~2"
Himmelsleuchten,3,11,Wetter & Himmel,6,"Schimmer~A_TARGET_VIBE~3,Glühen~A_TARGET_VIBE~2,Kontrast~A_TARGET_VIBE~2,Lichthof~A_TARGET_VIBE~2,Gegenlicht~A_TARGET_VIBE~2,Leuchten~B_PART_VIBE~2"
Himmelslicht,2,11,Wetter & Himmel,4,"Gegenlicht~A_TARGET_VIBE~2,Schimmer~A_TARGET_VIBE~2,Kontrast~A_TARGET_VIBE~2,Blendung~A_TARGET_VIBE~2"
Himmelslinie,3,11,Wetter & Himmel,6,"Horizont~A_TARGET_VIBE~3,Kontur~A_TARGET_VIBE~2,Ferne~A_TARGET_VIBE~2,Silhouette~A_TARGET_VIBE~2,Kontrast~A_TARGET_VIBE~2,Linie~B_PART_VIBE~2"
Himmelsrichtung,2,3|11,Orte & Reisen|Wetter & Himmel,4,"Kompass~A_TARGET_VIBE~2,Navigation~A_TARGET_VIBE~2,Karte~A_TARGET_VIBE~2,Orientierung~A_TARGET_VIBE~2"
Himmelsrot,3,11,Wetter & Himmel,6,"Röte~A_TARGET_VIBE~3,Glühen~A_TARGET_VIBE~2,Horizont~A_TARGET_VIBE~2,Gegenlicht~A_TARGET_VIBE~2,Silhouette~A_TARGET_VIBE~2,Rot~B_PART_VIBE~2"
Himmelsweite,3,11,Wetter & Himmel,5,"Weite~A_TARGET_VIBE~3,Ferne~A_TARGET_VIBE~2,Horizont~A_TARGET_VIBE~2,Kontrast~A_TARGET_VIBE~2,Weite~B_PART_VIBE~2"
Himmelszeichen,3,11,Wetter & Himmel,6,"Funkeln~A_TARGET_VIBE~3,Konstellation~A_TARGET_VIBE~2,Karte~A_TARGET_VIBE~2,Deutung~A_TARGET_VIBE~2,Symbol~A_TARGET_VIBE~2,Zeichen~B_PART_VIBE~2"
Himmelszelt,3,11,Wetter & Himmel,6,"Weite~A_TARGET_VIBE~3,Krümmung~A_TARGET_VIBE~2,Horizont~A_TARGET_VIBE~2,Kontrast~A_TARGET_VIBE~2,Nacht~A_TARGET_VIBE~2,Zelt~B_PART_VIBE~2"
Hitze,2,11,Wetter & Himmel,6,"Schweiß~A_TARGET_VIBE~2,Durst~A_TARGET_VIBE~2,Ventilator~A_TARGET_VIBE~2,Schatten~A_TARGET_VIBE~2,Asphalt~A_TARGET_VIBE~2,Schwüle~A_TARGET_VIBE~2"
Hitzerekord,3,11,Wetter & Himmel,6,"Messwert~A_TARGET_VIBE~3,Skala~A_TARGET_VIBE~2,Presse~A_TARGET_VIBE~2,Warnstufe~A_TARGET_VIBE~2,Hitzetag~A_TARGET_VIBE~2,Rekord~B_PART_VIBE~2"
Hitzewelle,3,11,Wetter & Himmel,6,"Tropennacht~A_TARGET_VIBE~3,Ventilator~A_TARGET_VIBE~2,Warnstufe~A_TARGET_VIBE~2,Durst~A_TARGET_VIBE~2,Schwüle~A_TARGET_VIBE~2,Welle~B_PART_VIBE~2"
Hitzestau,4,11,Wetter & Himmel,6,"Schwüle~A_TARGET_VIBE~3,Schweiß~A_TARGET_VIBE~3,Ventilator~A_TARGET_VIBE~3,Asphalt~A_TARGET_VIBE~4,Schatten~A_TARGET_VIBE~4,Trinkflasche~A_TARGET_VIBE~4"
Hochnebel,3,11,Wetter & Himmel,6,"Sichtweite~A_TARGET_VIBE~3,Milchglas~A_TARGET_VIBE~2,Straßenlicht~A_TARGET_VIBE~2,Schleier~A_TARGET_VIBE~2,Beschlag~A_TARGET_VIBE~2,Schicht~B_PART_VIBE~2"
Hochdruckgebiet,4,11,Wetter & Himmel,6,"Isobare~A_TARGET_VIBE~3,Barometer~A_TARGET_VIBE~3,Gradient~A_TARGET_VIBE~3,Karte~A_TARGET_VIBE~4,Prognose~A_TARGET_VIBE~4,Zeiger~A_TARGET_VIBE~4"
Horizont,2,11,Wetter & Himmel,4,"Ferne~A_TARGET_VIBE~2,Kontur~A_TARGET_VIBE~2,Weite~A_TARGET_VIBE~2,Silhouette~A_TARGET_VIBE~2"
Hurrikan,4,11,Wetter & Himmel,6,"Sturmauge~A_TARGET_VIBE~3,Tropen~A_TARGET_VIBE~3,Küstenlinie~A_TARGET_VIBE~3,Evakuierung~A_TARGET_VIBE~4,Sturmflut~A_TARGET_VIBE~4,Warnstufe~A_TARGET_VIBE~4"
Hygrometer,4,6|7|11,Technik & Digitales|Wissenschaft & Medizin|Wetter & Himmel,7,"Messwert~A_TARGET_VIBE~3,Skala~A_TARGET_VIBE~3,Sensor~A_TARGET_VIBE~3,Beschlag~A_TARGET_VIBE~4,Sättigung~A_TARGET_VIBE~4,Kalibrierung~A_TARGET_VIBE~4,Grad~B_PART_VIBE~3"
Ionosphäre,4,7|11,Wissenschaft & Medizin|Wetter & Himmel,6,"Ion~A_TARGET_VIBE~3,Polarlicht~A_TARGET_VIBE~3,Signal~A_TARGET_VIBE~3,Streuung~A_TARGET_VIBE~4,Höhenmeter~A_TARGET_VIBE~4,UV~A_TARGET_VIBE~4"
Isobare,4,7|11,Wissenschaft & Medizin|Wetter & Himmel,7,"Karte~A_TARGET_VIBE~3,Linie~A_TARGET_VIBE~3,Gradient~A_TARGET_VIBE~3,Messwert~A_TARGET_VIBE~4,Barometer~A_TARGET_VIBE~4,Prognose~A_TARGET_VIBE~4,Linie~B_PART_VIBE~3"
Isotherme,4,7|11,Wissenschaft & Medizin|Wetter & Himmel,7,"Karte~A_TARGET_VIBE~3,Linie~A_TARGET_VIBE~3,Gradient~A_TARGET_VIBE~3,Messwert~A_TARGET_VIBE~4,Skala~A_TARGET_VIBE~4,Prognose~A_TARGET_VIBE~4,Linie~B_PART_VIBE~3"
Kaltfront,3,11,Wetter & Himmel,6,"Karte~A_TARGET_VIBE~3,Isobare~A_TARGET_VIBE~2,Gradient~A_TARGET_VIBE~2,Warnung~A_TARGET_VIBE~2,Prognose~A_TARGET_VIBE~2,Front~B_PART_VIBE~2"
Kaltluft,2,11,Wetter & Himmel,4,"Minusgrad~A_TARGET_VIBE~2,Atemwolke~A_TARGET_VIBE~2,Gänsehaut~A_TARGET_VIBE~2,Zugluft~A_TARGET_VIBE~2"
Kälte,2,11,Wetter & Himmel,4,"Gänsehaut~A_TARGET_VIBE~2,Heizung~A_TARGET_VIBE~2,Atemwolke~A_TARGET_VIBE~2,Minusgrad~A_TARGET_VIBE~2"
Kälteeinbruch,4,11,Wetter & Himmel,6,"Minusgrad~A_TARGET_VIBE~3,Atemwolke~A_TARGET_VIBE~3,Gänsehaut~A_TARGET_VIBE~3,Heizung~A_TARGET_VIBE~4,Eiskratzer~A_TARGET_VIBE~4,Warnung~A_TARGET_VIBE~4"
Kälterekord,4,11,Wetter & Himmel,6,"Messwert~A_TARGET_VIBE~3,Skala~A_TARGET_VIBE~3,Minusgrad~A_TARGET_VIBE~3,Presse~A_TARGET_VIBE~4,Warnstufe~A_TARGET_VIBE~4,Rekord~A_TARGET_VIBE~4"
Kälteschutz,3,11,Wetter & Himmel,6,"Schal~A_TARGET_VIBE~3,Mütze~A_TARGET_VIBE~2,Heizung~A_TARGET_VIBE~2,Atemwolke~A_TARGET_VIBE~2,Gänsehaut~A_TARGET_VIBE~2,Schutz~B_PART_VIBE~2"
Klimadiagramm,4,3|7|11,Orte & Reisen|Wissenschaft & Medizin|Wetter & Himmel,6,"Messwert~A_TARGET_VIBE~3,Skala~A_TARGET_VIBE~3,Daten~A_TARGET_VIBE~3,Karte~A_TARGET_VIBE~4,Diagramm~A_TARGET_VIBE~4,Breitengrad~A_TARGET_VIBE~4"
Klimazone,4,3|7|11,Orte & Reisen|Wissenschaft & Medizin|Wetter & Himmel,6,"Breitengrad~A_TARGET_VIBE~3,Klimadiagramm~A_TARGET_VIBE~3,Vegetation~A_TARGET_VIBE~3,Passat~A_TARGET_VIBE~4,Monsun~A_TARGET_VIBE~4,Höhenlage~A_TARGET_VIBE~4"
Komet,3,7|11,Wissenschaft & Medizin|Wetter & Himmel,6,"Umlaufbahn~A_TARGET_VIBE~3,Bahndaten~A_TARGET_VIBE~2,Fernrohr~A_TARGET_VIBE~2,Astrofoto~A_TARGET_VIBE~2,Spektrum~A_TARGET_VIBE~2,Schweif~B_PART_VIBE~2"
Kometenbahn,4,7|11,Wissenschaft & Medizin|Wetter & Himmel,6,"Umlaufbahn~A_TARGET_VIBE~3,Bahndaten~A_TARGET_VIBE~3,Fernrohr~A_TARGET_VIBE~3,Epoche~A_TARGET_VIBE~4,Parallaxe~A_TARGET_VIBE~4,Sternwarte~A_TARGET_VIBE~4"
Kometenschweif,4,7|11,Wissenschaft & Medizin|Wetter & Himmel,6,"Schweif~A_TARGET_VIBE~3,Astrofoto~A_TARGET_VIBE~3,Spektrum~A_TARGET_VIBE~3,Fernrohr~A_TARGET_VIBE~4,Bahndaten~A_TARGET_VIBE~4,Kontrast~A_TARGET_VIBE~4"
Konstellation,3,7|11,Wissenschaft & Medizin|Wetter & Himmel,6,"Funkeln~A_TARGET_VIBE~3,Sternkarte~A_TARGET_VIBE~2,Sternwarte~A_TARGET_VIBE~2,Fernrohr~A_TARGET_VIBE~2,Parallaxe~A_TARGET_VIBE~2,Zeichen~B_PART_VIBE~2"
Kontur,2,11,Wetter & Himmel,4,"Silhouette~A_TARGET_VIBE~2,Gegenlicht~A_TARGET_VIBE~2,Kontrast~A_TARGET_VIBE~2,Horizont~A_TARGET_VIBE~2"
Korona,4,7|11,Wissenschaft & Medizin|Wetter & Himmel,6,"Spektrum~A_TARGET_VIBE~3,Blendung~A_TARGET_VIBE~3,Fernrohr~A_TARGET_VIBE~3,Kontrast~A_TARGET_VIBE~4,Parallaxe~A_TARGET_VIBE~4,Astrofoto~A_TARGET_VIBE~4"
Krater,3,7|11,Wissenschaft & Medizin|Wetter & Himmel,6,"Schattenwurf~A_TARGET_VIBE~3,Kontrast~A_TARGET_VIBE~2,Fernrohr~A_TARGET_VIBE~2,Schimmer~A_TARGET_VIBE~2,Sichel~A_TARGET_VIBE~2,Rand~B_PART_VIBE~2"
Kumulus,3,11,Wetter & Himmel,5,"Quellung~A_TARGET_VIBE~3,Türmchen~A_TARGET_VIBE~2,Schattenwurf~A_TARGET_VIBE~2,Lücke~A_TARGET_VIBE~2,Aufhellung~A_TARGET_VIBE~2"
Küstenwind,3,11,Wetter & Himmel,6,"Küste~A_TARGET_VIBE~3,Segel~A_TARGET_VIBE~2,Fahne~A_TARGET_VIBE~2,Kite~A_TARGET_VIBE~2,Rauchfahne~A_TARGET_VIBE~2,Richtung~B_PART_VIBE~2"
Landwind,3,11,Wetter & Himmel,6,"Küste~A_TARGET_VIBE~3,Segel~A_TARGET_VIBE~2,Lee~A_TARGET_VIBE~2,Luv~A_TARGET_VIBE~2,Fahne~A_TARGET_VIBE~2,Richtung~B_PART_VIBE~2"
Lichtbrechung,4,7|11,Wissenschaft & Medizin|Wetter & Himmel,6,"Brechung~A_TARGET_VIBE~3,Prisma~A_TARGET_VIBE~3,Spektrum~A_TARGET_VIBE~3,Kontrast~A_TARGET_VIBE~4,Spiegelung~A_TARGET_VIBE~4,Streuung~A_TARGET_VIBE~4"
Lichthof,3,11,Wetter & Himmel,6,"Streuung~A_TARGET_VIBE~3,Schimmer~A_TARGET_VIBE~2,Kontrast~A_TARGET_VIBE~2,Prisma~A_TARGET_VIBE~2,Spektrum~A_TARGET_VIBE~2,Hof~B_PART_VIBE~2"
Luftdruck,3,11,Wetter & Himmel,5,"Barometer~A_TARGET_VIBE~3,Isobare~A_TARGET_VIBE~2,Zeiger~A_TARGET_VIBE~2,Skala~A_TARGET_VIBE~2,Messwert~A_TARGET_VIBE~2"
Luftdruckfall,4,11,Wetter & Himmel,6,"Barometer~A_TARGET_VIBE~3,Isobare~A_TARGET_VIBE~3,Warnung~A_TARGET_VIBE~3,Prognose~A_TARGET_VIBE~4,Karte~A_TARGET_VIBE~4,Gradient~A_TARGET_VIBE~4"
Luftfeuchte,3,11,Wetter & Himmel,6,"Beschlag~A_TARGET_VIBE~3,Sättigung~A_TARGET_VIBE~2,Tröpfchen~A_TARGET_VIBE~2,Sensor~A_TARGET_VIBE~2,Messwert~A_TARGET_VIBE~2,Grad~B_PART_VIBE~2"
Luftschicht,3,11,Wetter & Himmel,5,"Schichtung~A_TARGET_VIBE~3,Tröpfchen~A_TARGET_VIBE~2,Dunst~A_TARGET_VIBE~2,Kontrast~A_TARGET_VIBE~2,Messwert~A_TARGET_VIBE~2"
Luv,3,11,Wetter & Himmel,6,"Lee~A_TARGET_VIBE~3,Kamm~A_TARGET_VIBE~2,Rauchfahne~A_TARGET_VIBE~2,Fahne~A_TARGET_VIBE~2,Segel~A_TARGET_VIBE~2,Richtung~B_PART_VIBE~2"
Mammatus,4,11,Wetter & Himmel,6,"Grauton~A_TARGET_VIBE~3,Schichtung~A_TARGET_VIBE~3,Saum~A_TARGET_VIBE~3,Schattenwurf~A_TARGET_VIBE~4,Aufhellung~A_TARGET_VIBE~4,Kontrast~A_TARGET_VIBE~4"
Mesosphäre,4,7|11,Wissenschaft & Medizin|Wetter & Himmel,6,"Schichtung~A_TARGET_VIBE~3,Höhenmeter~A_TARGET_VIBE~3,Leuchten~A_TARGET_VIBE~3,Meteorschauer~A_TARGET_VIBE~4,Temperatur~A_TARGET_VIBE~4,Dichte~A_TARGET_VIBE~4"
Meteor,3,7|11,Wissenschaft & Medizin|Wetter & Himmel,6,"Funkeln~A_TARGET_VIBE~3,Schweif~A_TARGET_VIBE~2,Nacht~A_TARGET_VIBE~2,Beobachtung~A_TARGET_VIBE~2,Konstellation~A_TARGET_VIBE~2,Spur~B_PART_VIBE~2"
Mitternacht,2,11,Wetter & Himmel,4,"Nacht~A_TARGET_VIBE~2,Dunkelheit~A_TARGET_VIBE~2,Sternwarte~A_TARGET_VIBE~2,Stille~A_TARGET_VIBE~2"
Milchstraße,3,7|11,Wissenschaft & Medizin|Wetter & Himmel,6,"Funkeln~A_TARGET_VIBE~3,Konstellation~A_TARGET_VIBE~2,Sternkarte~A_TARGET_VIBE~2,Dunkeladaptation~A_TARGET_VIBE~2,Sternwarte~A_TARGET_VIBE~2,Straße~B_PART_VIBE~2"
Mond,1,7|11,Wissenschaft & Medizin|Wetter & Himmel,4,"Sichel~A_TARGET_VIBE~2,Krater~A_TARGET_VIBE~2,Schimmer~A_TARGET_VIBE~2,Nacht~A_TARGET_VIBE~2"
Mondaufgang,3,7|11,Wissenschaft & Medizin|Wetter & Himmel,6,"Horizont~A_TARGET_VIBE~3,Schimmer~A_TARGET_VIBE~2,Nacht~A_TARGET_VIBE~2,Sichel~A_TARGET_VIBE~2,Kontur~A_TARGET_VIBE~2,Aufgang~B_PART_VIBE~2"
Mondbahn,4,7|11,Wissenschaft & Medizin|Wetter & Himmel,6,"Umlaufbahn~A_TARGET_VIBE~3,Bahndaten~A_TARGET_VIBE~3,Parallaxe~A_TARGET_VIBE~3,Konstellation~A_TARGET_VIBE~4,Sternkarte~A_TARGET_VIBE~4,Fernrohr~A_TARGET_VIBE~4"
Mondbogen,4,7|11,Wissenschaft & Medizin|Wetter & Himmel,6,"Prisma~A_TARGET_VIBE~3,Spektrum~A_TARGET_VIBE~3,Schimmer~A_TARGET_VIBE~3,Gegenlicht~A_TARGET_VIBE~4,Kontrast~A_TARGET_VIBE~4,Nacht~A_TARGET_VIBE~4"
Mondfinsternis,4,7|11,Wissenschaft & Medizin|Wetter & Himmel,6,"Sichel~A_TARGET_VIBE~3,Kontrast~A_TARGET_VIBE~3,Schattenwurf~A_TARGET_VIBE~3,Teleskop~A_TARGET_VIBE~4,Dunkelheit~A_TARGET_VIBE~4,Beobachtung~A_TARGET_VIBE~4"
Mondglanz,3,7|11,Wissenschaft & Medizin|Wetter & Himmel,6,"Schimmer~A_TARGET_VIBE~3,Kontrast~A_TARGET_VIBE~2,Nacht~A_TARGET_VIBE~2,Sichel~A_TARGET_VIBE~2,Krater~A_TARGET_VIBE~2,Glanz~B_PART_VIBE~2"
Mondhalo,4,7|11,Wissenschaft & Medizin|Wetter & Himmel,6,"Lichthof~A_TARGET_VIBE~3,Streuung~A_TARGET_VIBE~3,Schimmer~A_TARGET_VIBE~3,Eiskristall~A_TARGET_VIBE~4,Kontrast~A_TARGET_VIBE~4,Nacht~A_TARGET_VIBE~4"
Mondkälte,3,7|11,Wissenschaft & Medizin|Wetter & Himmel,6,"Minusgrad~A_TARGET_VIBE~3,Atemwolke~A_TARGET_VIBE~2,Nacht~A_TARGET_VIBE~2,Schimmer~A_TARGET_VIBE~2,Kristall~A_TARGET_VIBE~2,Kälte~B_PART_VIBE~2"
Mondkranz,4,7|11,Wissenschaft & Medizin|Wetter & Himmel,6,"Lichthof~A_TARGET_VIBE~3,Eiskristall~A_TARGET_VIBE~3,Streuung~A_TARGET_VIBE~3,Schimmer~A_TARGET_VIBE~4,Kontrast~A_TARGET_VIBE~4,Nacht~A_TARGET_VIBE~4"
Mondkrater,4,7|11,Wissenschaft & Medizin|Wetter & Himmel,6,"Fernrohr~A_TARGET_VIBE~3,Kraterwand~A_TARGET_VIBE~3,Schattenwurf~A_TARGET_VIBE~3,Gestein~A_TARGET_VIBE~4,Kontrast~A_TARGET_VIBE~4,Schimmer~A_TARGET_VIBE~4"
Mondlicht,2,7|11,Wissenschaft & Medizin|Wetter & Himmel,4,"Schimmer~A_TARGET_VIBE~2,Nacht~A_TARGET_VIBE~2,Kontrast~A_TARGET_VIBE~2,Sichel~A_TARGET_VIBE~2"
Mondoberfläche,4,7|11,Wissenschaft & Medizin|Wetter & Himmel,6,"Krater~A_TARGET_VIBE~3,Gestein~A_TARGET_VIBE~3,Kontrast~A_TARGET_VIBE~3,Fernrohr~A_TARGET_VIBE~4,Schattenwurf~A_TARGET_VIBE~4,Schimmer~A_TARGET_VIBE~4"
Mondphase,3,7|11,Wissenschaft & Medizin|Wetter & Himmel,6,"Sichel~A_TARGET_VIBE~3,Kalender~A_TARGET_VIBE~2,Umlaufbahn~A_TARGET_VIBE~2,Gezeiten~A_TARGET_VIBE~2,Nacht~A_TARGET_VIBE~2,Phase~B_PART_VIBE~2"
Mondrand,3,7|11,Wissenschaft & Medizin|Wetter & Himmel,6,"Kontrast~A_TARGET_VIBE~3,Schimmer~A_TARGET_VIBE~2,Schattenwurf~A_TARGET_VIBE~2,Fernrohr~A_TARGET_VIBE~2,Sichel~A_TARGET_VIBE~2,Rand~B_PART_VIBE~2"
Mondschatten,4,7|11,Wissenschaft & Medizin|Wetter & Himmel,6,"Schattenwurf~A_TARGET_VIBE~3,Kontrast~A_TARGET_VIBE~3,Sichel~A_TARGET_VIBE~3,Dunkelheit~A_TARGET_VIBE~4,Teleskop~A_TARGET_VIBE~4,Beobachtung~A_TARGET_VIBE~4"
Mondscheibe,3,7|11,Wissenschaft & Medizin|Wetter & Himmel,6,"Kontrast~A_TARGET_VIBE~3,Schimmer~A_TARGET_VIBE~2,Krater~A_TARGET_VIBE~2,Sichel~A_TARGET_VIBE~2,Fernrohr~A_TARGET_VIBE~2,Scheibe~B_PART_VIBE~2"
Mondschein,2,7|11,Wissenschaft & Medizin|Wetter & Himmel,4,"Schimmer~A_TARGET_VIBE~2,Nacht~A_TARGET_VIBE~2,Kontrast~A_TARGET_VIBE~2,Sichel~A_TARGET_VIBE~2"
Mondsichel,3,7|11,Wissenschaft & Medizin|Wetter & Himmel,6,"Sichel~A_TARGET_VIBE~3,Kontrast~A_TARGET_VIBE~2,Nacht~A_TARGET_VIBE~2,Schimmer~A_TARGET_VIBE~2,Fernrohr~A_TARGET_VIBE~2,Rand~B_PART_VIBE~2"
Mondumlauf,4,7|11,Wissenschaft & Medizin|Wetter & Himmel,6,"Umlaufbahn~A_TARGET_VIBE~3,Bahndaten~A_TARGET_VIBE~3,Parallaxe~A_TARGET_VIBE~3,Kalender~A_TARGET_VIBE~4,Epoche~A_TARGET_VIBE~4,Sternkarte~A_TARGET_VIBE~4"
Monduntergang,3,7|11,Wissenschaft & Medizin|Wetter & Himmel,6,"Horizont~A_TARGET_VIBE~3,Nacht~A_TARGET_VIBE~2,Schimmer~A_TARGET_VIBE~2,Sichel~A_TARGET_VIBE~2,Kontur~A_TARGET_VIBE~2,Untergang~B_PART_VIBE~2"
Morgen,1,11,Wetter & Himmel,4,"Tau~A_TARGET_VIBE~2,Sonnenaufgang~A_TARGET_VIBE~2,Frühlicht~A_TARGET_VIBE~2,Wecker~A_TARGET_VIBE~2"
Morgendämmerung,2,11,Wetter & Himmel,4,"Frühlicht~A_TARGET_VIBE~2,Horizont~A_TARGET_VIBE~2,Kontur~A_TARGET_VIBE~2,Gegenlicht~A_TARGET_VIBE~2"
Morgenrot,2,11,Wetter & Himmel,4,"Röte~A_TARGET_VIBE~2,Glühen~A_TARGET_VIBE~2,Horizont~A_TARGET_VIBE~2,Gegenlicht~A_TARGET_VIBE~2"
Nacht,1,11,Wetter & Himmel,4,"Dunkelheit~A_TARGET_VIBE~2,Funkeln~A_TARGET_VIBE~2,Sternwarte~A_TARGET_VIBE~2,Stille~A_TARGET_VIBE~2"
Nassschnee,3,11,Wetter & Himmel,6,"Pfütze~A_TARGET_VIBE~3,Gummistiefel~A_TARGET_VIBE~2,Schaufel~A_TARGET_VIBE~2,Spur~A_TARGET_VIBE~2,Knirsch~A_TARGET_VIBE~2,Nässe~B_PART_VIBE~2"
Nebel,1,11,Wetter & Himmel,4,"Sichtweite~A_TARGET_VIBE~2,Tröpfchen~A_TARGET_VIBE~2,Straßenlicht~A_TARGET_VIBE~2,Beschlag~A_TARGET_VIBE~2"
Nebelbank,3,11,Wetter & Himmel,6,"Sichtweite~A_TARGET_VIBE~3,Milchglas~A_TARGET_VIBE~2,Straßenlicht~A_TARGET_VIBE~2,Schleier~A_TARGET_VIBE~2,Tröpfchen~A_TARGET_VIBE~2,Bank~B_PART_VIBE~2"
Nebelschicht,4,11,Wetter & Himmel,7,"Schleier~A_TARGET_VIBE~3,Sichtweite~A_TARGET_VIBE~3,Tröpfchen~A_TARGET_VIBE~3,Beschlag~A_TARGET_VIBE~4,Milchglas~A_TARGET_VIBE~4,Straßenlicht~A_TARGET_VIBE~4,Schicht~B_PART_VIBE~3"
Nebeltropfen,3,11,Wetter & Himmel,6,"Tröpfchen~A_TARGET_VIBE~3,Kondensat~A_TARGET_VIBE~2,Beschlag~A_TARGET_VIBE~2,Feuchte~A_TARGET_VIBE~2,Sichtweite~A_TARGET_VIBE~2,Punkt~B_PART_VIBE~2"
Nebensonne,4,11,Wetter & Himmel,6,"Lichthof~A_TARGET_VIBE~3,Streuung~A_TARGET_VIBE~3,Eiskristall~A_TARGET_VIBE~3,Schimmer~A_TARGET_VIBE~4,Kontrast~A_TARGET_VIBE~4,Prisma~A_TARGET_VIBE~4"
Neuschnee,3,11,Wetter & Himmel,6,"Pulver~A_TARGET_VIBE~3,Flocke~A_TARGET_VIBE~2,Spur~A_TARGET_VIBE~2,Schlitten~A_TARGET_VIBE~2,Schaufel~A_TARGET_VIBE~2,Neu~B_PART_VIBE~2"
Niederschlag,2,11,Wetter & Himmel,4,"Schirm~A_TARGET_VIBE~2,Pfütze~A_TARGET_VIBE~2,Scheibenwischer~A_TARGET_VIBE~2,Tropfen~A_TARGET_VIBE~2"
Niederschlagsmenge,4,11,Wetter & Himmel,6,"Messwert~A_TARGET_VIBE~3,Skala~A_TARGET_VIBE~3,Trichter~A_TARGET_VIBE~3,Station~A_TARGET_VIBE~4,Daten~A_TARGET_VIBE~4,Diagramm~A_TARGET_VIBE~4"
Nieselregen,3,11,Wetter & Himmel,6,"Schirm~A_TARGET_VIBE~3,Scheibenwischer~A_TARGET_VIBE~2,Nässe~A_TARGET_VIBE~2,Tropfen~A_TARGET_VIBE~2,Kapuze~A_TARGET_VIBE~2,Regen~B_PART_VIBE~2"
Nieselwetter,3,11,Wetter & Himmel,5,"Schirm~A_TARGET_VIBE~3,Nässe~A_TARGET_VIBE~2,Scheibenwischer~A_TARGET_VIBE~2,Kapuze~A_TARGET_VIBE~2,Tröpfchen~A_TARGET_VIBE~2"
Nordlicht,4,11,Wetter & Himmel,6,"Spektrum~A_TARGET_VIBE~3,Glühen~A_TARGET_VIBE~3,Schimmer~A_TARGET_VIBE~3,Polarzone~A_TARGET_VIBE~4,Kamera~A_TARGET_VIBE~4,Kälte~A_TARGET_VIBE~4"
Nordwind,2,11,Wetter & Himmel,4,"Schal~A_TARGET_VIBE~2,Zugluft~A_TARGET_VIBE~2,Fahne~A_TARGET_VIBE~2,Lee~A_TARGET_VIBE~2"
Ozon,3,7|11,Wissenschaft & Medizin|Wetter & Himmel,6,"UV~A_TARGET_VIBE~3,Schichtung~A_TARGET_VIBE~2,Molekül~A_TARGET_VIBE~2,Messwert~A_TARGET_VIBE~2,Sensor~A_TARGET_VIBE~2,Grad~B_PART_VIBE~2"
Orkan,4,11,Wetter & Himmel,6,"Warnung~A_TARGET_VIBE~3,Sirene~A_TARGET_VIBE~3,Stromausfall~A_TARGET_VIBE~3,Astbruch~A_TARGET_VIBE~4,Notstrom~A_TARGET_VIBE~4,Evakuierung~A_TARGET_VIBE~4"
Ostwind,2,11,Wetter & Himmel,4,"Zugluft~A_TARGET_VIBE~2,Fahne~A_TARGET_VIBE~2,Segel~A_TARGET_VIBE~2,Rauchfahne~A_TARGET_VIBE~2"
Perihel,4,7|11,Wissenschaft & Medizin|Wetter & Himmel,6,"Umlaufbahn~A_TARGET_VIBE~3,Bahndaten~A_TARGET_VIBE~3,Epoche~A_TARGET_VIBE~3,Konstellation~A_TARGET_VIBE~4,Parallaxe~A_TARGET_VIBE~4,Fernrohr~A_TARGET_VIBE~4"
Platzregen,3,11,Wetter & Himmel,6,"Pfütze~A_TARGET_VIBE~3,Scheibenwischer~A_TARGET_VIBE~2,Gummistiefel~A_TARGET_VIBE~2,Tropfen~A_TARGET_VIBE~2,Abfluss~A_TARGET_VIBE~2,Schauer~B_PART_VIBE~2"
Polarlicht,4,11,Wetter & Himmel,6,"Spektrum~A_TARGET_VIBE~3,Glühen~A_TARGET_VIBE~3,Schimmer~A_TARGET_VIBE~3,Polarzone~A_TARGET_VIBE~4,Kamera~A_TARGET_VIBE~4,Kälte~A_TARGET_VIBE~4"
Protuberanz,4,7|11,Wissenschaft & Medizin|Wetter & Himmel,6,"Spektrum~A_TARGET_VIBE~3,Blendung~A_TARGET_VIBE~3,Astrofoto~A_TARGET_VIBE~3,Fernrohr~A_TARGET_VIBE~4,Kontrast~A_TARGET_VIBE~4,Parallaxe~A_TARGET_VIBE~4"
Pulverschnee,4,11,Wetter & Himmel,7,"Pulver~A_TARGET_VIBE~3,Flocke~A_TARGET_VIBE~3,Wechte~A_TARGET_VIBE~3,Schneebrille~A_TARGET_VIBE~4,Piste~A_TARGET_VIBE~4,Spur~A_TARGET_VIBE~4,Schnee~B_PART_VIBE~3"
Regen,1,11,Wetter & Himmel,4,"Schirm~A_TARGET_VIBE~2,Pfütze~A_TARGET_VIBE~2,Scheibenwischer~A_TARGET_VIBE~2,Gummistiefel~A_TARGET_VIBE~2"
Regenbogen,3,11,Wetter & Himmel,6,"Farbband~A_TARGET_VIBE~3,Prisma~A_TARGET_VIBE~2,Spektrum~A_TARGET_VIBE~2,Gegenlicht~A_TARGET_VIBE~2,Schauer~A_TARGET_VIBE~2,Bogen~B_PART_VIBE~2"
Regengebiet,4,11,Wetter & Himmel,6,"Karte~A_TARGET_VIBE~3,Prognose~A_TARGET_VIBE~3,Pfütze~A_TARGET_VIBE~3,Scheibenwischer~A_TARGET_VIBE~4,Schirm~A_TARGET_VIBE~4,Rinnen~A_TARGET_VIBE~4"
Regenguss,3,11,Wetter & Himmel,6,"Pfütze~A_TARGET_VIBE~3,Scheibenwischer~A_TARGET_VIBE~2,Gummistiefel~A_TARGET_VIBE~2,Tropfen~A_TARGET_VIBE~2,Abfluss~A_TARGET_VIBE~2,Guss~B_PART_VIBE~2"
Regenjacke,2,11,Wetter & Himmel,4,"Kapuze~A_TARGET_VIBE~2,Nässe~A_TARGET_VIBE~2,Pfütze~A_TARGET_VIBE~2,Schirm~A_TARGET_VIBE~2"
Regenmantel,2,11,Wetter & Himmel,4,"Kapuze~A_TARGET_VIBE~2,Nässe~A_TARGET_VIBE~2,Gummistiefel~A_TARGET_VIBE~2,Schirm~A_TARGET_VIBE~2"
Regenmesser,4,6|7|11,Technik & Digitales|Wissenschaft & Medizin|Wetter & Himmel,7,"Messwert~A_TARGET_VIBE~3,Skala~A_TARGET_VIBE~3,Garten~A_TARGET_VIBE~3,Station~A_TARGET_VIBE~4,Trichter~A_TARGET_VIBE~4,Tropfenzahl~A_TARGET_VIBE~4,Messer~B_PART_VIBE~3"
Regenpause,3,11,Wetter & Himmel,5,"Aufhellung~A_TARGET_VIBE~3,Jacke~A_TARGET_VIBE~2,Schirm~A_TARGET_VIBE~2,Prognose~A_TARGET_VIBE~2,Karte~A_TARGET_VIBE~2"
Regenpfütze,3,11,Wetter & Himmel,6,"Pfütze~A_TARGET_VIBE~3,Spritzwasser~A_TARGET_VIBE~2,Gummistiefel~A_TARGET_VIBE~2,Abfluss~A_TARGET_VIBE~2,Rinnen~A_TARGET_VIBE~2,Pfütze~B_PART_VIBE~2"
Regenschauer,3,11,Wetter & Himmel,6,"Schirm~A_TARGET_VIBE~3,Pfütze~A_TARGET_VIBE~2,Scheibenwischer~A_TARGET_VIBE~2,Tropfen~A_TARGET_VIBE~2,Gummistiefel~A_TARGET_VIBE~2,Schauer~B_PART_VIBE~2"
Regenschirm,2,11,Wetter & Himmel,4,"Kapuze~A_TARGET_VIBE~2,Tropfen~A_TARGET_VIBE~2,Nässe~A_TARGET_VIBE~2,Pfütze~A_TARGET_VIBE~2"
Regenschleier,4,11,Wetter & Himmel,6,"Schleier~A_TARGET_VIBE~3,Sichtweite~A_TARGET_VIBE~3,Tropfen~A_TARGET_VIBE~3,Scheibenwischer~A_TARGET_VIBE~4,Kontrast~A_TARGET_VIBE~4,Milchglas~A_TARGET_VIBE~4"
Regentag,2,11,Wetter & Himmel,4,"Schirm~A_TARGET_VIBE~2,Pfütze~A_TARGET_VIBE~2,Scheibenwischer~A_TARGET_VIBE~2,Kapuze~A_TARGET_VIBE~2"
Regentropfen,2,11,Wetter & Himmel,4,"Tropfen~A_TARGET_VIBE~2,Scheibenwischer~A_TARGET_VIBE~2,Pfütze~A_TARGET_VIBE~2,Kapuze~A_TARGET_VIBE~2"
Regenwasser,2,11,Wetter & Himmel,4,"Abfluss~A_TARGET_VIBE~2,Rinnen~A_TARGET_VIBE~2,Pfütze~A_TARGET_VIBE~2,Spritzwasser~A_TARGET_VIBE~2"
Regenwolke,4,11,Wetter & Himmel,6,"Grauton~A_TARGET_VIBE~3,Decke~A_TARGET_VIBE~3,Schirm~A_TARGET_VIBE~3,Pfütze~A_TARGET_VIBE~4,Scheibenwischer~A_TARGET_VIBE~4,Warnung~A_TARGET_VIBE~4"
Regenzone,4,11,Wetter & Himmel,6,"Karte~A_TARGET_VIBE~3,Prognose~A_TARGET_VIBE~3,Schirm~A_TARGET_VIBE~3,Pfütze~A_TARGET_VIBE~4,Scheibenwischer~A_TARGET_VIBE~4,Zone~B_PART_VIBE~3"
Saharastaub,4,11,Wetter & Himmel,6,"Staubwolke~A_TARGET_VIBE~3,Filter~A_TARGET_VIBE~3,Sichtweite~A_TARGET_VIBE~3,Schleier~A_TARGET_VIBE~4,Kontrast~A_TARGET_VIBE~4,Partikel~A_TARGET_VIBE~4"
Sandsturm,4,11,Wetter & Himmel,6,"Staubwolke~A_TARGET_VIBE~3,Schutzbrille~A_TARGET_VIBE~3,Atemmaske~A_TARGET_VIBE~3,Sichtweite~A_TARGET_VIBE~4,Düne~A_TARGET_VIBE~4,Wüstenwind~A_TARGET_VIBE~4"
Satellit,3,6|7,Technik & Digitales|Wissenschaft & Medizin,6,"Überflug~A_TARGET_VIBE~3,Antenne~A_TARGET_VIBE~2,Signal~A_TARGET_VIBE~2,Erdorbit~A_TARGET_VIBE~2,Bahndaten~A_TARGET_VIBE~2,Karte~B_PART_VIBE~2"
Satellitenbild,4,6|7|11,Technik & Digitales|Wissenschaft & Medizin|Wetter & Himmel,7,"Pixel~A_TARGET_VIBE~3,Überflug~A_TARGET_VIBE~3,Auflösung~A_TARGET_VIBE~3,Daten~A_TARGET_VIBE~4,Karte~A_TARGET_VIBE~4,Wolkenband~A_TARGET_VIBE~4,Bild~B_PART_VIBE~3"
Schatten,2,11,Wetter & Himmel,4,"Gegenlicht~A_TARGET_VIBE~2,Kontrast~A_TARGET_VIBE~2,Silhouette~A_TARGET_VIBE~2,Sonnenstand~A_TARGET_VIBE~2"
Schauer,2,11,Wetter & Himmel,4,"Schirm~A_TARGET_VIBE~2,Pfütze~A_TARGET_VIBE~2,Tropfen~A_TARGET_VIBE~2,Kapuze~A_TARGET_VIBE~2"
Schauerlinie,4,11,Wetter & Himmel,6,"Karte~A_TARGET_VIBE~3,Warnung~A_TARGET_VIBE~3,Prognose~A_TARGET_VIBE~3,Gradient~A_TARGET_VIBE~4,Isobare~A_TARGET_VIBE~4,Linie~B_PART_VIBE~3"
Schichtwolke,3,11,Wetter & Himmel,6,"Schichtung~A_TARGET_VIBE~3,Decke~A_TARGET_VIBE~2,Grauton~A_TARGET_VIBE~2,Untergrenze~A_TARGET_VIBE~2,Dunst~A_TARGET_VIBE~2,Schicht~B_PART_VIBE~2"
Schleierwolke,3,11,Wetter & Himmel,6,"Schleier~A_TARGET_VIBE~3,Aufhellung~A_TARGET_VIBE~2,Schichtung~A_TARGET_VIBE~2,Rand~A_TARGET_VIBE~2,Kontrast~A_TARGET_VIBE~2,Schleier~B_PART_VIBE~2"
Schmelzwasser,3,11,Wetter & Himmel,6,"Abfluss~A_TARGET_VIBE~3,Pfütze~A_TARGET_VIBE~2,Nässe~A_TARGET_VIBE~2,Gefrierpunkt~A_TARGET_VIBE~2,Glätte~A_TARGET_VIBE~2,Wasser~B_PART_VIBE~2"
Schneefahne,4,11,Wetter & Himmel,6,"Wechte~A_TARGET_VIBE~3,Spur~A_TARGET_VIBE~3,Kamm~A_TARGET_VIBE~3,Lee~A_TARGET_VIBE~4,Luv~A_TARGET_VIBE~4,Schneebrille~A_TARGET_VIBE~4"
Schneefall,2,11,Wetter & Himmel,4,"Flocke~A_TARGET_VIBE~2,Schaufel~A_TARGET_VIBE~2,Spur~A_TARGET_VIBE~2,Knirsch~A_TARGET_VIBE~2"
Schneefallgrenze,4,11,Wetter & Himmel,7,"Höhenmeter~A_TARGET_VIBE~3,Messwert~A_TARGET_VIBE~3,Karte~A_TARGET_VIBE~3,Skala~A_TARGET_VIBE~4,Gradient~A_TARGET_VIBE~4,Warnung~A_TARGET_VIBE~4,Grenze~B_PART_VIBE~3"
Schneeflocke,2,11,Wetter & Himmel,4,"Flocke~A_TARGET_VIBE~2,Pulver~A_TARGET_VIBE~2,Schlitten~A_TARGET_VIBE~2,Spur~A_TARGET_VIBE~2"
Schneegestöber,3,11,Wetter & Himmel,6,"Sichtweite~A_TARGET_VIBE~3,Wechte~A_TARGET_VIBE~2,Schneebrille~A_TARGET_VIBE~2,Spur~A_TARGET_VIBE~2,Schaufel~A_TARGET_VIBE~2,Wirbel~B_PART_VIBE~2"
Schneeglanz,3,11,Wetter & Himmel,6,"Schimmer~A_TARGET_VIBE~3,Kontrast~A_TARGET_VIBE~2,Schneebrille~A_TARGET_VIBE~2,Blendung~A_TARGET_VIBE~2,Pulver~A_TARGET_VIBE~2,Glanz~B_PART_VIBE~2"
Schneegriesel,4,11,Wetter & Himmel,6,"Schirm~A_TARGET_VIBE~3,Nässe~A_TARGET_VIBE~3,Pfütze~A_TARGET_VIBE~3,Gummistiefel~A_TARGET_VIBE~4,Tröpfchen~A_TARGET_VIBE~4,Sichtweite~A_TARGET_VIBE~4"
Schneekristall,4,11,Wetter & Himmel,6,"Kristall~A_TARGET_VIBE~3,Schimmer~A_TARGET_VIBE~3,Streuung~A_TARGET_VIBE~3,Gefrierpunkt~A_TARGET_VIBE~4,Raureif~A_TARGET_VIBE~4,Kontrast~A_TARGET_VIBE~4"
Schneelast,4,11,Wetter & Himmel,6,"Schaufel~A_TARGET_VIBE~3,Spur~A_TARGET_VIBE~3,Wechte~A_TARGET_VIBE~3,Warnung~A_TARGET_VIBE~4,Astbruch~A_TARGET_VIBE~4,Keller~A_TARGET_VIBE~4"
Schneematsch,3,11,Wetter & Himmel,6,"Pfütze~A_TARGET_VIBE~3,Gummistiefel~A_TARGET_VIBE~2,Spur~A_TARGET_VIBE~2,Abfluss~A_TARGET_VIBE~2,Nässe~A_TARGET_VIBE~2,Matsch~B_PART_VIBE~2"
Schneeschauer,3,11,Wetter & Himmel,6,"Flocke~A_TARGET_VIBE~3,Schaufel~A_TARGET_VIBE~2,Spur~A_TARGET_VIBE~2,Knirsch~A_TARGET_VIBE~2,Schlitten~A_TARGET_VIBE~2,Schauer~B_PART_VIBE~2"
Schneeschicht,4,11,Wetter & Himmel,7,"Schichtung~A_TARGET_VIBE~3,Spur~A_TARGET_VIBE~3,Wechte~A_TARGET_VIBE~3,Schaufel~A_TARGET_VIBE~4,Knirsch~A_TARGET_VIBE~4,Gefrierpunkt~A_TARGET_VIBE~4,Schicht~B_PART_VIBE~3"
Schneeschmelze,4,11,Wetter & Himmel,6,"Abfluss~A_TARGET_VIBE~3,Pfütze~A_TARGET_VIBE~3,Nässe~A_TARGET_VIBE~3,Gefrierpunkt~A_TARGET_VIBE~4,Glätte~A_TARGET_VIBE~4,Rinnen~A_TARGET_VIBE~4"
Schneesturm,4,11,Wetter & Himmel,6,"Warnung~A_TARGET_VIBE~3,Sichtweite~A_TARGET_VIBE~3,Wechte~A_TARGET_VIBE~3,Schneebrille~A_TARGET_VIBE~4,Stromausfall~A_TARGET_VIBE~4,Notstrom~A_TARGET_VIBE~4"
Schneewehe,3,11,Wetter & Himmel,6,"Wechte~A_TARGET_VIBE~3,Spur~A_TARGET_VIBE~2,Schaufel~A_TARGET_VIBE~2,Knirsch~A_TARGET_VIBE~2,Schlitten~A_TARGET_VIBE~2,Wehe~B_PART_VIBE~2"
Schneewolke,4,11,Wetter & Himmel,6,"Grauton~A_TARGET_VIBE~3,Decke~A_TARGET_VIBE~3,Sichtweite~A_TARGET_VIBE~3,Schaufel~A_TARGET_VIBE~4,Warnung~A_TARGET_VIBE~4,Schneebrille~A_TARGET_VIBE~4"
Schwerkraft,4,7,Wissenschaft & Medizin,6,"Anziehung~A_TARGET_VIBE~3,Masse~A_TARGET_VIBE~3,Fallhöhe~A_TARGET_VIBE~3,Umlaufbahn~A_TARGET_VIBE~4,Schwere~A_TARGET_VIBE~4,Beschleunigung~A_TARGET_VIBE~4"
Sichtweite,3,11,Wetter & Himmel,6,"Sichtweite~A_TARGET_VIBE~3,Milchglas~A_TARGET_VIBE~2,Schleier~A_TARGET_VIBE~2,Straßenlicht~A_TARGET_VIBE~2,Kontrast~A_TARGET_VIBE~2,Weite~B_PART_VIBE~2"
Silhouette,2,11,Wetter & Himmel,4,"Gegenlicht~A_TARGET_VIBE~2,Kontur~A_TARGET_VIBE~2,Kontrast~A_TARGET_VIBE~2,Horizont~A_TARGET_VIBE~2"
Smog,3,11,Wetter & Himmel,6,"Sichtweite~A_TARGET_VIBE~3,Filter~A_TARGET_VIBE~2,Schleier~A_TARGET_VIBE~2,Beschlag~A_TARGET_VIBE~2,Kontrast~A_TARGET_VIBE~2,Dunst~B_PART_VIBE~2"
Sommer,2,13,Feste & Jahreszeiten,4,"Badesee~A_TARGET_VIBE~2,Grill~A_TARGET_VIBE~2,Schulferien~A_TARGET_VIBE~2,Hitzetag~A_TARGET_VIBE~2"
Sonne,1,11,Wetter & Himmel,4,"UV~A_TARGET_VIBE~2,Schatten~A_TARGET_VIBE~2,Sonnencreme~A_TARGET_VIBE~2,Blendung~A_TARGET_VIBE~2"
Sonnenaufgang,2,11,Wetter & Himmel,4,"Horizont~A_TARGET_VIBE~2,Gegenlicht~A_TARGET_VIBE~2,Röte~A_TARGET_VIBE~2,Frühlicht~A_TARGET_VIBE~2"
Sonnenball,3,11,Wetter & Himmel,6,"Sonnenscheibe~A_TARGET_VIBE~3,Blendung~A_TARGET_VIBE~2,Kontrast~A_TARGET_VIBE~2,Sonnenbrille~A_TARGET_VIBE~2,Glut~A_TARGET_VIBE~2,Ball~B_PART_VIBE~2"
Sonnenbrand,3,7|11,Wissenschaft & Medizin|Wetter & Himmel,6,"Sonnencreme~A_TARGET_VIBE~3,UV~A_TARGET_VIBE~2,Bräune~A_TARGET_VIBE~2,Hut~A_TARGET_VIBE~2,Schatten~A_TARGET_VIBE~2,Brand~B_PART_VIBE~2"
Sonnenenergie,3,7|11,Wissenschaft & Medizin|Wetter & Himmel,6,"UV~A_TARGET_VIBE~3,Solarpanel~A_TARGET_VIBE~2,Messwert~A_TARGET_VIBE~2,Skala~A_TARGET_VIBE~2,Glut~A_TARGET_VIBE~2,Energie~B_PART_VIBE~2"
Sonnenfinsternis,4,7|11,Wissenschaft & Medizin|Wetter & Himmel,6,"Sichel~A_TARGET_VIBE~3,Kontrast~A_TARGET_VIBE~3,Schutzbrille~A_TARGET_VIBE~3,Teleskop~A_TARGET_VIBE~4,Dunkelheit~A_TARGET_VIBE~4,Beobachtung~A_TARGET_VIBE~4"
Sonnenfleck,4,7|11,Wissenschaft & Medizin|Wetter & Himmel,6,"Kontrast~A_TARGET_VIBE~3,Fernrohr~A_TARGET_VIBE~3,Spektrum~A_TARGET_VIBE~3,Astrofoto~A_TARGET_VIBE~4,Blendung~A_TARGET_VIBE~4,Skala~A_TARGET_VIBE~4"
Sonnenflimmern,3,11,Wetter & Himmel,6,"Asphalt~A_TARGET_VIBE~3,Kontrast~A_TARGET_VIBE~2,Schimmer~A_TARGET_VIBE~2,Luftschicht~A_TARGET_VIBE~2,Glut~A_TARGET_VIBE~2,Flimmern~B_PART_VIBE~2"
Sonnenhalo,4,7|11,Wissenschaft & Medizin|Wetter & Himmel,6,"Lichthof~A_TARGET_VIBE~3,Streuung~A_TARGET_VIBE~3,Eiskristall~A_TARGET_VIBE~3,Schimmer~A_TARGET_VIBE~4,Kontrast~A_TARGET_VIBE~4,Prisma~A_TARGET_VIBE~4"
Sonnenhöhe,4,11,Wetter & Himmel,6,"Sonnenstand~A_TARGET_VIBE~3,Zenit~A_TARGET_VIBE~3,Schattenwurf~A_TARGET_VIBE~3,Skala~A_TARGET_VIBE~4,Messwert~A_TARGET_VIBE~4,Sonnenuhr~A_TARGET_VIBE~4"
Sonnenjahr,4,7|11,Wissenschaft & Medizin|Wetter & Himmel,6,"Kalender~A_TARGET_VIBE~3,Jahreslauf~A_TARGET_VIBE~3,Epoche~A_TARGET_VIBE~3,Rotation~A_TARGET_VIBE~4,Taglänge~A_TARGET_VIBE~4,Sonnenwende~A_TARGET_VIBE~4"
Sonnenklarheit,3,11,Wetter & Himmel,6,"Kontrast~A_TARGET_VIBE~3,Sonnenbrille~A_TARGET_VIBE~2,Bräune~A_TARGET_VIBE~2,Schatten~A_TARGET_VIBE~2,Picknick~A_TARGET_VIBE~2,Klarheit~B_PART_VIBE~2"
Sonnenkranz,4,11,Wetter & Himmel,6,"Lichthof~A_TARGET_VIBE~3,Streuung~A_TARGET_VIBE~3,Kontrast~A_TARGET_VIBE~3,Eiskristall~A_TARGET_VIBE~4,Schimmer~A_TARGET_VIBE~4,Kranz~B_PART_VIBE~3"
Sonnenkrone,4,7|11,Wissenschaft & Medizin|Wetter & Himmel,6,"Spektrum~A_TARGET_VIBE~3,Blendung~A_TARGET_VIBE~3,Kontrast~A_TARGET_VIBE~3,Fernrohr~A_TARGET_VIBE~4,Astrofoto~A_TARGET_VIBE~4,Krone~B_PART_VIBE~3"
Sonnenlicht,2,11,Wetter & Himmel,4,"Schatten~A_TARGET_VIBE~2,Blendung~A_TARGET_VIBE~2,Sonnenbrille~A_TARGET_VIBE~2,Kontrast~A_TARGET_VIBE~2"
Sonnenrand,4,7|11,Wissenschaft & Medizin|Wetter & Himmel,6,"Kontrast~A_TARGET_VIBE~3,Blendung~A_TARGET_VIBE~3,Spektrum~A_TARGET_VIBE~3,Fernrohr~A_TARGET_VIBE~4,Astrofoto~A_TARGET_VIBE~4,Rand~B_PART_VIBE~3"
Sonnenreflex,3,11,Wetter & Himmel,6,"Reflex~A_TARGET_VIBE~3,Blendung~A_TARGET_VIBE~2,Kontrast~A_TARGET_VIBE~2,Sonnenbrille~A_TARGET_VIBE~2,Schimmer~A_TARGET_VIBE~2,Reflex~B_PART_VIBE~2"
Sonnenrot,3,11,Wetter & Himmel,6,"Röte~A_TARGET_VIBE~3,Glühen~A_TARGET_VIBE~2,Horizont~A_TARGET_VIBE~2,Gegenlicht~A_TARGET_VIBE~2,Silhouette~A_TARGET_VIBE~2,Rot~B_PART_VIBE~2"
Sonnenscheibe,3,11,Wetter & Himmel,6,"Blendung~A_TARGET_VIBE~3,Kontrast~A_TARGET_VIBE~2,Sonnenbrille~A_TARGET_VIBE~2,UV~A_TARGET_VIBE~2,Glut~A_TARGET_VIBE~2,Scheibe~B_PART_VIBE~2"
Sonnenschein,2,11,Wetter & Himmel,4,"Sonnenbrille~A_TARGET_VIBE~2,Schatten~A_TARGET_VIBE~2,Bräune~A_TARGET_VIBE~2,Picknick~A_TARGET_VIBE~2"
Sonnenstand,3,11,Wetter & Himmel,6,"Schattenwurf~A_TARGET_VIBE~3,Zenit~A_TARGET_VIBE~2,Mittag~A_TARGET_VIBE~2,Sonnenuhr~A_TARGET_VIBE~2,Skala~A_TARGET_VIBE~2,Stand~B_PART_VIBE~2"
Sonnenstich,4,7|11,Wissenschaft & Medizin|Wetter & Himmel,6,"Kopfschmerz~A_TARGET_VIBE~3,Hut~A_TARGET_VIBE~3,Übelkeit~A_TARGET_VIBE~3,Dehydrierung~A_TARGET_VIBE~4,Nacken~A_TARGET_VIBE~4,Schatten~A_TARGET_VIBE~4"
Sonnenstrahl,3,11,Wetter & Himmel,6,"Gegenlicht~A_TARGET_VIBE~3,Schatten~A_TARGET_VIBE~2,Schimmer~A_TARGET_VIBE~2,Kontrast~A_TARGET_VIBE~2,Glut~A_TARGET_VIBE~2,Strahl~B_PART_VIBE~2"
Sonnentag,3,11,Wetter & Himmel,6,"Picknick~A_TARGET_VIBE~3,Sonnenbrille~A_TARGET_VIBE~2,Bräune~A_TARGET_VIBE~2,Schatten~A_TARGET_VIBE~2,UV~A_TARGET_VIBE~2,Tag~B_PART_VIBE~2"
Sonnenuhr,4,6|7,Technik & Digitales|Wissenschaft & Medizin,7,"Schattenstab~A_TARGET_VIBE~3,Zifferblatt~A_TARGET_VIBE~3,Mittag~A_TARGET_VIBE~3,Gnomon~A_TARGET_VIBE~4,Steinplatte~A_TARGET_VIBE~4,Sonnenstand~A_TARGET_VIBE~4,Uhr~B_PART_VIBE~3"
Sonnenuntergang,2,11,Wetter & Himmel,4,"Horizont~A_TARGET_VIBE~2,Gegenlicht~A_TARGET_VIBE~2,Silhouette~A_TARGET_VIBE~2,Glühen~A_TARGET_VIBE~2"
Sonnenwende,4,7|11|13,Wissenschaft & Medizin|Wetter & Himmel|Feste & Jahreszeiten,6,"Taglänge~A_TARGET_VIBE~3,Kalender~A_TARGET_VIBE~3,Mittsommer~A_TARGET_VIBE~3,Jahreslauf~A_TARGET_VIBE~4,Dämmerung~A_TARGET_VIBE~4,Sonnenstand~A_TARGET_VIBE~4"
Sonnenwinkel,4,11,Wetter & Himmel,6,"Schattenwurf~A_TARGET_VIBE~3,Zenit~A_TARGET_VIBE~3,Skala~A_TARGET_VIBE~3,Messwert~A_TARGET_VIBE~4,Sonnenuhr~A_TARGET_VIBE~4,Mittag~A_TARGET_VIBE~4"
Sonnenwärme,3,11,Wetter & Himmel,6,"Schweiß~A_TARGET_VIBE~3,Durst~A_TARGET_VIBE~2,Schatten~A_TARGET_VIBE~2,Glut~A_TARGET_VIBE~2,Bräune~A_TARGET_VIBE~2,Wärme~B_PART_VIBE~2"
Stern,1,7|11,Wissenschaft & Medizin|Wetter & Himmel,4,"Funkeln~A_TARGET_VIBE~2,Konstellation~A_TARGET_VIBE~2,Sternwarte~A_TARGET_VIBE~2,Fernrohr~A_TARGET_VIBE~2"
Sternbild,3,7|11,Wissenschaft & Medizin|Wetter & Himmel,6,"Konstellation~A_TARGET_VIBE~3,Sternkarte~A_TARGET_VIBE~2,Fernrohr~A_TARGET_VIBE~2,Sternwarte~A_TARGET_VIBE~2,Funkeln~A_TARGET_VIBE~2,Bild~B_PART_VIBE~2"
Sternenfunkeln,3,7|11,Wissenschaft & Medizin|Wetter & Himmel,6,"Funkeln~A_TARGET_VIBE~3,Dunkeladaptation~A_TARGET_VIBE~2,Astrofoto~A_TARGET_VIBE~2,Sternwarte~A_TARGET_VIBE~2,Konstellation~A_TARGET_VIBE~2,Funkeln~B_PART_VIBE~2"
Sternenglanz,3,7|11,Wissenschaft & Medizin|Wetter & Himmel,6,"Schimmer~A_TARGET_VIBE~3,Funkeln~A_TARGET_VIBE~2,Kontrast~A_TARGET_VIBE~2,Astrofoto~A_TARGET_VIBE~2,Sternkarte~A_TARGET_VIBE~2,Glanz~B_PART_VIBE~2"
Sternenhimmel,3,7|11,Wissenschaft & Medizin|Wetter & Himmel,6,"Funkeln~A_TARGET_VIBE~3,Dunkeladaptation~A_TARGET_VIBE~2,Sternwarte~A_TARGET_VIBE~2,Konstellation~A_TARGET_VIBE~2,Astrofoto~A_TARGET_VIBE~2,Weite~B_PART_VIBE~2"
Sternenmeer,4,7|11,Wissenschaft & Medizin|Wetter & Himmel,6,"Funkeln~A_TARGET_VIBE~3,Weite~A_TARGET_VIBE~3,Dunkeladaptation~A_TARGET_VIBE~3,Astrofoto~A_TARGET_VIBE~4,Konstellation~A_TARGET_VIBE~4,Meer~B_PART_VIBE~3"
Sternennacht,3,7|11,Wissenschaft & Medizin|Wetter & Himmel,6,"Dunkeladaptation~A_TARGET_VIBE~3,Funkeln~A_TARGET_VIBE~2,Konstellation~A_TARGET_VIBE~2,Sternwarte~A_TARGET_VIBE~2,Stille~A_TARGET_VIBE~2,Nacht~B_PART_VIBE~2"
Sternenregen,4,7|11,Wissenschaft & Medizin|Wetter & Himmel,6,"Wunsch~A_TARGET_VIBE~3,August~A_TARGET_VIBE~3,Funkeln~A_TARGET_VIBE~3,Nacht~A_TARGET_VIBE~4,Beobachtung~A_TARGET_VIBE~4,Schweif~A_TARGET_VIBE~4"
Sternenwind,4,7|11,Wissenschaft & Medizin|Wetter & Himmel,6,"Umlaufbahn~A_TARGET_VIBE~3,Spektrum~A_TARGET_VIBE~3,Partikel~A_TARGET_VIBE~3,Signal~A_TARGET_VIBE~4,Bahndaten~A_TARGET_VIBE~4,Konstellation~A_TARGET_VIBE~4"
Sternenzelt,4,7|11,Wissenschaft & Medizin|Wetter & Himmel,6,"Funkeln~A_TARGET_VIBE~3,Weite~A_TARGET_VIBE~3,Dunkeladaptation~A_TARGET_VIBE~3,Nacht~A_TARGET_VIBE~4,Konstellation~A_TARGET_VIBE~4,Zelt~B_PART_VIBE~3"
Sternfall,4,7|11,Wissenschaft & Medizin|Wetter & Himmel,6,"Wunsch~A_TARGET_VIBE~3,August~A_TARGET_VIBE~3,Funkeln~A_TARGET_VIBE~3,Beobachtung~A_TARGET_VIBE~4,Nacht~A_TARGET_VIBE~4,Spur~A_TARGET_VIBE~4"
Sternhaufen,4,7|11,Wissenschaft & Medizin|Wetter & Himmel,6,"Konstellation~A_TARGET_VIBE~3,Fernrohr~A_TARGET_VIBE~3,Sternkarte~A_TARGET_VIBE~3,Parallaxe~A_TARGET_VIBE~4,Astrofoto~A_TARGET_VIBE~4,Sternwarte~A_TARGET_VIBE~4"
Sternkarte,4,6|7,Technik & Digitales|Wissenschaft & Medizin,6,"Karte~A_TARGET_VIBE~3,Koordinaten~A_TARGET_VIBE~3,Konstellation~A_TARGET_VIBE~3,Sternwarte~A_TARGET_VIBE~4,Fernrohr~A_TARGET_VIBE~4,Epoche~A_TARGET_VIBE~4"
Sternklarheit,4,7|11,Wissenschaft & Medizin|Wetter & Himmel,6,"Kontrast~A_TARGET_VIBE~3,Dunkeladaptation~A_TARGET_VIBE~3,Funkeln~A_TARGET_VIBE~3,Sternwarte~A_TARGET_VIBE~4,Weite~A_TARGET_VIBE~4,Astrofoto~A_TARGET_VIBE~4"
Sternlicht,3,7|11,Wissenschaft & Medizin|Wetter & Himmel,6,"Funkeln~A_TARGET_VIBE~3,Kontrast~A_TARGET_VIBE~2,Dunkeladaptation~A_TARGET_VIBE~2,Sternwarte~A_TARGET_VIBE~2,Astrofoto~A_TARGET_VIBE~2,Licht~B_PART_VIBE~2"
Sternschnuppe,3,7|11,Wissenschaft & Medizin|Wetter & Himmel,7,"Wunsch~A_TARGET_VIBE~3,August~A_TARGET_VIBE~2,Schweif~A_TARGET_VIBE~2,Nacht~A_TARGET_VIBE~2,Funkeln~A_TARGET_VIBE~2,Beobachtung~A_TARGET_VIBE~2,Schnuppe~B_PART_VIBE~2"
Sternwarte,3,6|7,Technik & Digitales|Wissenschaft & Medizin,6,"Fernrohr~A_TARGET_VIBE~3,Okular~A_TARGET_VIBE~2,Beobachtung~A_TARGET_VIBE~2,Konstellation~A_TARGET_VIBE~2,Astrofoto~A_TARGET_VIBE~2,Warte~B_PART_VIBE~2"
Sternzeichen,3,8|11,Geschichte & Mythos|Wetter & Himmel,6,"Horoskop~A_TARGET_VIBE~3,Widder~A_TARGET_VIBE~2,Waage~A_TARGET_VIBE~2,Aszendent~A_TARGET_VIBE~2,Tierkreis~A_TARGET_VIBE~2,Zeichen~B_PART_VIBE~2"
Sternzeit,4,7|11,Wissenschaft & Medizin|Wetter & Himmel,6,"Rotation~A_TARGET_VIBE~3,Meridian~A_TARGET_VIBE~3,Koordinaten~A_TARGET_VIBE~3,Sternwarte~A_TARGET_VIBE~4,Epoche~A_TARGET_VIBE~4,Uhrzeit~A_TARGET_VIBE~4"
Strahlstrom,4,11,Wetter & Himmel,6,"Höhenwind~A_TARGET_VIBE~3,Wellen~A_TARGET_VIBE~3,Frontalzone~A_TARGET_VIBE~3,Isobare~A_TARGET_VIBE~4,Karte~A_TARGET_VIBE~4,Wirbel~A_TARGET_VIBE~4"
Stratosphäre,4,7|11,Wissenschaft & Medizin|Wetter & Himmel,6,"Ozon~A_TARGET_VIBE~3,UV~A_TARGET_VIBE~3,Schichtung~A_TARGET_VIBE~3,Höhenmeter~A_TARGET_VIBE~4,Temperatur~A_TARGET_VIBE~4,Ballon~A_TARGET_VIBE~4"
Stratus,4,11,Wetter & Himmel,6,"Decke~A_TARGET_VIBE~3,Grauton~A_TARGET_VIBE~3,Dunst~A_TARGET_VIBE~3,Untergrenze~A_TARGET_VIBE~4,Schichtung~A_TARGET_VIBE~4,Aufhellung~A_TARGET_VIBE~4"
Streulicht,4,11,Wetter & Himmel,6,"Streuung~A_TARGET_VIBE~3,Kontrast~A_TARGET_VIBE~3,Schimmer~A_TARGET_VIBE~3,Prisma~A_TARGET_VIBE~4,Spektrum~A_TARGET_VIBE~4,Gegenlicht~A_TARGET_VIBE~4"
Sturm,2,11,Wetter & Himmel,4,"Warnung~A_TARGET_VIBE~2,Sirene~A_TARGET_VIBE~2,Stromausfall~A_TARGET_VIBE~2,Astbruch~A_TARGET_VIBE~2"
Sturmauge,4,11,Wetter & Himmel,6,"Ruhezone~A_TARGET_VIBE~3,Spirale~A_TARGET_VIBE~3,Tropen~A_TARGET_VIBE~3,Radarbild~A_TARGET_VIBE~4,Küste~A_TARGET_VIBE~4,Wolkenband~A_TARGET_VIBE~4"
Sturmböe,4,11,Wetter & Himmel,7,"Warnung~A_TARGET_VIBE~3,Sirene~A_TARGET_VIBE~3,Stromausfall~A_TARGET_VIBE~3,Astbruch~A_TARGET_VIBE~4,Ruck~A_TARGET_VIBE~4,Fahne~A_TARGET_VIBE~4,Böe~B_PART_VIBE~3"
Sturmflut,4,11,Wetter & Himmel,6,"Deich~A_TARGET_VIBE~3,Pegel~A_TARGET_VIBE~3,Küste~A_TARGET_VIBE~3,Evakuierung~A_TARGET_VIBE~4,Salzwasser~A_TARGET_VIBE~4,Sandbank~A_TARGET_VIBE~4"
Sturmhimmel,4,11,Wetter & Himmel,6,"Grauton~A_TARGET_VIBE~3,Warnung~A_TARGET_VIBE~3,Kontrast~A_TARGET_VIBE~3,Schattenwurf~A_TARGET_VIBE~4,Blendeffekt~A_TARGET_VIBE~4,Grollen~A_TARGET_VIBE~4"
Sturmwarnung,4,11,Wetter & Himmel,6,"Warnstufe~A_TARGET_VIBE~3,Sirene~A_TARGET_VIBE~3,Radio~A_TARGET_VIBE~3,App~A_TARGET_VIBE~4,Böenlinie~A_TARGET_VIBE~4,Einsatz~A_TARGET_VIBE~4"
Sturmwind,4,11,Wetter & Himmel,6,"Warnung~A_TARGET_VIBE~3,Astbruch~A_TARGET_VIBE~3,Stromausfall~A_TARGET_VIBE~3,Fahne~A_TARGET_VIBE~4,Ruck~A_TARGET_VIBE~4,Notstrom~A_TARGET_VIBE~4"
Sturmwolke,4,11,Wetter & Himmel,6,"Grauton~A_TARGET_VIBE~3,Decke~A_TARGET_VIBE~3,Warnung~A_TARGET_VIBE~3,Grollen~A_TARGET_VIBE~4,Schattenwurf~A_TARGET_VIBE~4,Blendeffekt~A_TARGET_VIBE~4"
Sturmzentrum,4,11,Wetter & Himmel,6,"Isobare~A_TARGET_VIBE~3,Druckfall~A_TARGET_VIBE~3,Karte~A_TARGET_VIBE~3,Spirale~A_TARGET_VIBE~4,Warnung~A_TARGET_VIBE~4,Front~A_TARGET_VIBE~4"
Sturzregen,4,11,Wetter & Himmel,6,"Pfütze~A_TARGET_VIBE~3,Scheibenwischer~A_TARGET_VIBE~3,Abfluss~A_TARGET_VIBE~3,Warnung~A_TARGET_VIBE~4,Kapuze~A_TARGET_VIBE~4,Rinnen~A_TARGET_VIBE~4"
Südwind,2,11,Wetter & Himmel,4,"Schweiß~A_TARGET_VIBE~2,Schwüle~A_TARGET_VIBE~2,Fahne~A_TARGET_VIBE~2,Segel~A_TARGET_VIBE~2"
Tagundnachtgleiche,4,7|11|13,Wissenschaft & Medizin|Wetter & Himmel|Feste & Jahreszeiten,6,"Taglänge~A_TARGET_VIBE~3,Kalender~A_TARGET_VIBE~3,Äquinoktium~A_TARGET_VIBE~3,Jahreslauf~A_TARGET_VIBE~4,Dämmerung~A_TARGET_VIBE~4,Sonnenstand~A_TARGET_VIBE~4"
Talwind,3,11,Wetter & Himmel,6,"Zugluft~A_TARGET_VIBE~3,Lee~A_TARGET_VIBE~2,Luv~A_TARGET_VIBE~2,Kamm~A_TARGET_VIBE~2,Rauchfahne~A_TARGET_VIBE~2,Richtung~B_PART_VIBE~2"
Tau,2,11,Wetter & Himmel,4,"Kondensat~A_TARGET_VIBE~2,Beschlag~A_TARGET_VIBE~2,Tröpfchen~A_TARGET_VIBE~2,Frühlicht~A_TARGET_VIBE~2"
Taupunkt,4,7|11,Wissenschaft & Medizin|Wetter & Himmel,6,"Sättigung~A_TARGET_VIBE~3,Beschlag~A_TARGET_VIBE~3,Kondensat~A_TARGET_VIBE~3,Messwert~A_TARGET_VIBE~4,Feuchte~A_TARGET_VIBE~4,Temperatur~A_TARGET_VIBE~4"
Teleskop,4,6|7,Technik & Digitales|Wissenschaft & Medizin,6,"Okular~A_TARGET_VIBE~3,Linse~A_TARGET_VIBE~3,Vergrößerung~A_TARGET_VIBE~3,Stativ~A_TARGET_VIBE~4,Astrofoto~A_TARGET_VIBE~4,Fernrohr~A_TARGET_VIBE~4"
Temperatur,2,7|11,Wissenschaft & Medizin|Wetter & Himmel,4,"Skala~A_TARGET_VIBE~2,Messwert~A_TARGET_VIBE~2,Thermometer~A_TARGET_VIBE~2,Grad~A_TARGET_VIBE~2"
Thermik,3,11,Wetter & Himmel,6,"Aufwind~A_TARGET_VIBE~3,Drachen~A_TARGET_VIBE~2,Wirbel~A_TARGET_VIBE~2,Segel~A_TARGET_VIBE~2,Kite~A_TARGET_VIBE~2,Ruck~B_PART_VIBE~2"
Thermometer,3,6|7|11,Technik & Digitales|Wissenschaft & Medizin|Wetter & Himmel,6,"Skala~A_TARGET_VIBE~3,Messwert~A_TARGET_VIBE~2,Anzeige~A_TARGET_VIBE~2,Sensor~A_TARGET_VIBE~2,Kalibrierung~A_TARGET_VIBE~2,Grad~B_PART_VIBE~2"
Thermosphäre,4,7|11,Wissenschaft & Medizin|Wetter & Himmel,6,"Ion~A_TARGET_VIBE~3,UV~A_TARGET_VIBE~3,Schichtung~A_TARGET_VIBE~3,Höhenmeter~A_TARGET_VIBE~4,Dichte~A_TARGET_VIBE~4,Polarlicht~A_TARGET_VIBE~4"
Tiefdruckgebiet,4,11,Wetter & Himmel,6,"Isobare~A_TARGET_VIBE~3,Druckfall~A_TARGET_VIBE~3,Karte~A_TARGET_VIBE~3,Warnung~A_TARGET_VIBE~4,Gradient~A_TARGET_VIBE~4,Prognose~A_TARGET_VIBE~4"
Tropennacht,4,11,Wetter & Himmel,6,"Schweiß~A_TARGET_VIBE~3,Schwüle~A_TARGET_VIBE~3,Ventilator~A_TARGET_VIBE~3,Offenfenster~A_TARGET_VIBE~4,Trinkflasche~A_TARGET_VIBE~4,Schlaflos~A_TARGET_VIBE~4"
Troposphäre,4,7|11,Wissenschaft & Medizin|Wetter & Himmel,6,"Thermik~A_TARGET_VIBE~3,Schichtung~A_TARGET_VIBE~3,Wolkenbasis~A_TARGET_VIBE~3,Turbulenz~A_TARGET_VIBE~4,Feuchte~A_TARGET_VIBE~4,Höhenwind~A_TARGET_VIBE~4"
Tröpfchen,2,11,Wetter & Himmel,4,"Kondensat~A_TARGET_VIBE~2,Beschlag~A_TARGET_VIBE~2,Feuchte~A_TARGET_VIBE~2,Sichtweite~A_TARGET_VIBE~2"
UV,3,11,Wetter & Himmel,6,"Sonnencreme~A_TARGET_VIBE~3,Bräune~A_TARGET_VIBE~2,Hut~A_TARGET_VIBE~2,Schatten~A_TARGET_VIBE~2,Sonnenbrille~A_TARGET_VIBE~2,Grad~B_PART_VIBE~2"
Verdunstung,3,11,Wetter & Himmel,6,"Trocknung~A_TARGET_VIBE~3,Schwüle~A_TARGET_VIBE~2,Kondensat~A_TARGET_VIBE~2,Feuchte~A_TARGET_VIBE~2,Messwert~A_TARGET_VIBE~2,Grad~B_PART_VIBE~2"
Warmluft,2,11,Wetter & Himmel,4,"Schwüle~A_TARGET_VIBE~2,Schweiß~A_TARGET_VIBE~2,Durst~A_TARGET_VIBE~2,Zugluft~A_TARGET_VIBE~2"
Warmfront,3,11,Wetter & Himmel,6,"Karte~A_TARGET_VIBE~3,Isobare~A_TARGET_VIBE~2,Gradient~A_TARGET_VIBE~2,Prognose~A_TARGET_VIBE~2,Warnung~A_TARGET_VIBE~2,Front~B_PART_VIBE~2"
Wärme,2,11,Wetter & Himmel,4,"Schweiß~A_TARGET_VIBE~2,Durst~A_TARGET_VIBE~2,Schatten~A_TARGET_VIBE~2,Ventilator~A_TARGET_VIBE~2"
Wärmeinsel,4,11,Wetter & Himmel,6,"Asphalt~A_TARGET_VIBE~3,Stadtzentrum~A_TARGET_VIBE~3,Abwärme~A_TARGET_VIBE~3,Tropennacht~A_TARGET_VIBE~4,Schwüle~A_TARGET_VIBE~4,Ventilator~A_TARGET_VIBE~4"
Wasser,1,2|11,Natur & Tiere|Wetter & Himmel,4,"Tropfen~A_TARGET_VIBE~2,Pfütze~A_TARGET_VIBE~2,Abfluss~A_TARGET_VIBE~2,Spiegelung~A_TARGET_VIBE~2"
Wassertropfen,2,11,Wetter & Himmel,4,"Tropfen~A_TARGET_VIBE~2,Beschlag~A_TARGET_VIBE~2,Scheibenwischer~A_TARGET_VIBE~2,Pfütze~A_TARGET_VIBE~2"
Westwind,2,11,Wetter & Himmel,4,"Segel~A_TARGET_VIBE~2,Fahne~A_TARGET_VIBE~2,Zugluft~A_TARGET_VIBE~2,Rauchfahne~A_TARGET_VIBE~2"
Wetterhahn,3,10|11,Haushalt & Wohnen|Wetter & Himmel,7,"Kirchturm~A_TARGET_VIBE~3,Dachfirst~A_TARGET_VIBE~2,Windrichtung~A_TARGET_VIBE~2,Rost~A_TARGET_VIBE~2,Metall~A_TARGET_VIBE~2,Fahne~A_TARGET_VIBE~2,Hahn~B_PART_VIBE~2"
Wetterradar,4,6|7|11,Technik & Digitales|Wissenschaft & Medizin|Wetter & Himmel,7,"Messwert~A_TARGET_VIBE~3,Daten~A_TARGET_VIBE~3,Karte~A_TARGET_VIBE~3,Prognose~A_TARGET_VIBE~4,Anzeige~A_TARGET_VIBE~4,Auflösung~A_TARGET_VIBE~4,Radar~B_PART_VIBE~3"
Wind,1,11,Wetter & Himmel,4,"Segel~A_TARGET_VIBE~2,Drachen~A_TARGET_VIBE~2,Fahne~A_TARGET_VIBE~2,Zugluft~A_TARGET_VIBE~2"
Winddreher,4,11,Wetter & Himmel,6,"Kompass~A_TARGET_VIBE~3,Fahne~A_TARGET_VIBE~3,Navigation~A_TARGET_VIBE~3,Ruck~A_TARGET_VIBE~4,Peilung~A_TARGET_VIBE~4,Skala~A_TARGET_VIBE~4"
Windfahne,3,11,Wetter & Himmel,6,"Dachfirst~A_TARGET_VIBE~3,Fahne~A_TARGET_VIBE~2,Rost~A_TARGET_VIBE~2,Kirchturm~A_TARGET_VIBE~2,Windrichtung~A_TARGET_VIBE~2,Saum~B_PART_VIBE~2"
Windhose,4,11,Wetter & Himmel,6,"Trichter~A_TARGET_VIBE~3,Staub~A_TARGET_VIBE~3,Wirbel~A_TARGET_VIBE~3,Feldweg~A_TARGET_VIBE~4,Warnung~A_TARGET_VIBE~4,Dachziegel~A_TARGET_VIBE~4"
Windmesser,4,6|7|11,Technik & Digitales|Wissenschaft & Medizin|Wetter & Himmel,7,"Messwert~A_TARGET_VIBE~3,Skala~A_TARGET_VIBE~3,Mast~A_TARGET_VIBE~3,Station~A_TARGET_VIBE~4,Sensor~A_TARGET_VIBE~4,Böenlinie~A_TARGET_VIBE~4,Messer~B_PART_VIBE~3"
Windrad,3,11,Wetter & Himmel,6,"Rotor~A_TARGET_VIBE~3,Mast~A_TARGET_VIBE~2,Stromnetz~A_TARGET_VIBE~2,Fahne~A_TARGET_VIBE~2,Feld~A_TARGET_VIBE~2,Rad~B_PART_VIBE~2"
Windrauschen,3,11,Wetter & Himmel,6,"Fichte~A_TARGET_VIBE~3,Zugluft~A_TARGET_VIBE~2,Fahne~A_TARGET_VIBE~2,Schornstein~A_TARGET_VIBE~2,Wirbel~A_TARGET_VIBE~2,Rauschen~B_PART_VIBE~2"
Windrichtung,3,3|11,Orte & Reisen|Wetter & Himmel,6,"Kompass~A_TARGET_VIBE~3,Navigation~A_TARGET_VIBE~2,Fahne~A_TARGET_VIBE~2,Karte~A_TARGET_VIBE~2,Orientierung~A_TARGET_VIBE~2,Richtung~B_PART_VIBE~2"
Windschatten,3,11,Wetter & Himmel,6,"Lee~A_TARGET_VIBE~3,Mauer~A_TARGET_VIBE~2,Hecke~A_TARGET_VIBE~2,Segel~A_TARGET_VIBE~2,Zugluft~A_TARGET_VIBE~2,Schatten~B_PART_VIBE~2"
Windstille,2,11,Wetter & Himmel,4,"Rauchfahne~A_TARGET_VIBE~2,Segel~A_TARGET_VIBE~2,Drachen~A_TARGET_VIBE~2,Schwüle~A_TARGET_VIBE~2"
Windstoß,3,11,Wetter & Himmel,6,"Ruck~A_TARGET_VIBE~3,Fahne~A_TARGET_VIBE~2,Segel~A_TARGET_VIBE~2,Zugluft~A_TARGET_VIBE~2,Wirbel~A_TARGET_VIBE~2,Stoß~B_PART_VIBE~2"
Wolkenatlas,4,6|7|11,Technik & Digitales|Wissenschaft & Medizin|Wetter & Himmel,6,"Karte~A_TARGET_VIBE~3,Bild~A_TARGET_VIBE~3,Skala~A_TARGET_VIBE~3,Daten~A_TARGET_VIBE~4,Prognose~A_TARGET_VIBE~4,Schichtung~A_TARGET_VIBE~4"
Wolkenband,3,11,Wetter & Himmel,6,"Schichtung~A_TARGET_VIBE~3,Rand~A_TARGET_VIBE~2,Kontrast~A_TARGET_VIBE~2,Aufhellung~A_TARGET_VIBE~2,Lücke~A_TARGET_VIBE~2,Band~B_PART_VIBE~2"
Wolkenbildung,4,11,Wetter & Himmel,6,"Schichtung~A_TARGET_VIBE~3,Quellung~A_TARGET_VIBE~3,Feuchte~A_TARGET_VIBE~3,Thermik~A_TARGET_VIBE~4,Kondensat~A_TARGET_VIBE~4,Untergrenze~A_TARGET_VIBE~4"
Wolkendecke,3,11,Wetter & Himmel,6,"Decke~A_TARGET_VIBE~3,Grauton~A_TARGET_VIBE~2,Schichtung~A_TARGET_VIBE~2,Lücke~A_TARGET_VIBE~2,Schattenwurf~A_TARGET_VIBE~2,Decke~B_PART_VIBE~2"
Wolkenfeld,3,11,Wetter & Himmel,6,"Schichtung~A_TARGET_VIBE~3,Lücke~A_TARGET_VIBE~2,Rand~A_TARGET_VIBE~2,Aufhellung~A_TARGET_VIBE~2,Grauton~A_TARGET_VIBE~2,Feld~B_PART_VIBE~2"
Wolkenfront,4,11,Wetter & Himmel,6,"Karte~A_TARGET_VIBE~3,Isobare~A_TARGET_VIBE~3,Gradient~A_TARGET_VIBE~3,Warnung~A_TARGET_VIBE~4,Prognose~A_TARGET_VIBE~4,Front~B_PART_VIBE~3"
Wolkenfärbung,4,11,Wetter & Himmel,6,"Röte~A_TARGET_VIBE~3,Kontrast~A_TARGET_VIBE~3,Schimmer~A_TARGET_VIBE~3,Gegenlicht~A_TARGET_VIBE~4,Spektrum~A_TARGET_VIBE~4,Prisma~A_TARGET_VIBE~4"
Wolkengipfel,4,11,Wetter & Himmel,6,"Türmchen~A_TARGET_VIBE~3,Quellung~A_TARGET_VIBE~3,Schattenwurf~A_TARGET_VIBE~3,Aufhellung~A_TARGET_VIBE~4,Schichtung~A_TARGET_VIBE~4,Rand~A_TARGET_VIBE~4"
Wolkengrenze,4,11,Wetter & Himmel,6,"Untergrenze~A_TARGET_VIBE~3,Höhenmeter~A_TARGET_VIBE~3,Skala~A_TARGET_VIBE~3,Messwert~A_TARGET_VIBE~4,Karte~A_TARGET_VIBE~4,Gradient~A_TARGET_VIBE~4"
Wolkenhimmel,3,11,Wetter & Himmel,6,"Grauton~A_TARGET_VIBE~3,Schichtung~A_TARGET_VIBE~2,Lücke~A_TARGET_VIBE~2,Schattenwurf~A_TARGET_VIBE~2,Aufhellung~A_TARGET_VIBE~2,Kontrast~B_PART_VIBE~2"
Wolkenhöhe,4,11,Wetter & Himmel,6,"Höhenmeter~A_TARGET_VIBE~3,Untergrenze~A_TARGET_VIBE~3,Messwert~A_TARGET_VIBE~3,Skala~A_TARGET_VIBE~4,Karte~A_TARGET_VIBE~4,Gradient~A_TARGET_VIBE~4"
Wolkenkante,4,11,Wetter & Himmel,7,"Rand~A_TARGET_VIBE~3,Kontrast~A_TARGET_VIBE~3,Schichtung~A_TARGET_VIBE~3,Aufhellung~A_TARGET_VIBE~4,Schattenwurf~A_TARGET_VIBE~4,Lücke~A_TARGET_VIBE~4,Kante~B_PART_VIBE~3"
Wolkenkern,4,11,Wetter & Himmel,6,"Grauton~A_TARGET_VIBE~3,Schichtung~A_TARGET_VIBE~3,Schattenwurf~A_TARGET_VIBE~3,Quellung~A_TARGET_VIBE~4,Aufwind~A_TARGET_VIBE~4,Warnung~A_TARGET_VIBE~4"
Wolkenloch,4,11,Wetter & Himmel,7,"Lücke~A_TARGET_VIBE~3,Aufhellung~A_TARGET_VIBE~3,Kontrast~A_TARGET_VIBE~3,Schichtung~A_TARGET_VIBE~4,Rand~A_TARGET_VIBE~4,Gegenlicht~A_TARGET_VIBE~4,Loch~B_PART_VIBE~3"
Wolkenlosigkeit,4,11,Wetter & Himmel,6,"Kontrast~A_TARGET_VIBE~3,Sonnenbrille~A_TARGET_VIBE~3,Weite~A_TARGET_VIBE~3,Blendung~A_TARGET_VIBE~4,Schatten~A_TARGET_VIBE~4,Schimmer~A_TARGET_VIBE~4"
Wolkenlücke,3,11,Wetter & Himmel,6,"Aufhellung~A_TARGET_VIBE~3,Kontrast~A_TARGET_VIBE~2,Gegenlicht~A_TARGET_VIBE~2,Rand~A_TARGET_VIBE~2,Schichtung~A_TARGET_VIBE~2,Lücke~B_PART_VIBE~2"
Wolkenmeer,4,11,Wetter & Himmel,7,"Schichtung~A_TARGET_VIBE~3,Weite~A_TARGET_VIBE~3,Grauton~A_TARGET_VIBE~3,Untergrenze~A_TARGET_VIBE~4,Aufhellung~A_TARGET_VIBE~4,Rand~A_TARGET_VIBE~4,Meer~B_PART_VIBE~3"
Wolkenrand,4,11,Wetter & Himmel,7,"Rand~A_TARGET_VIBE~3,Kontrast~A_TARGET_VIBE~3,Schichtung~A_TARGET_VIBE~3,Aufhellung~A_TARGET_VIBE~4,Schattenwurf~A_TARGET_VIBE~4,Lücke~A_TARGET_VIBE~4,Rand~B_PART_VIBE~3"
Wolkenriss,4,11,Wetter & Himmel,6,"Lücke~A_TARGET_VIBE~3,Kontrast~A_TARGET_VIBE~3,Aufhellung~A_TARGET_VIBE~3,Rand~A_TARGET_VIBE~4,Schichtung~A_TARGET_VIBE~4,Schattenwurf~A_TARGET_VIBE~4"
Wolkensaum,4,11,Wetter & Himmel,7,"Saum~A_TARGET_VIBE~3,Rand~A_TARGET_VIBE~3,Kontrast~A_TARGET_VIBE~3,Aufhellung~A_TARGET_VIBE~4,Schichtung~A_TARGET_VIBE~4,Schattenwurf~A_TARGET_VIBE~4,Saum~B_PART_VIBE~3"
Wolkenschatten,4,11,Wetter & Himmel,7,"Schattenwurf~A_TARGET_VIBE~3,Kontrast~A_TARGET_VIBE~3,Gegenlicht~A_TARGET_VIBE~3,Schimmer~A_TARGET_VIBE~4,Rand~A_TARGET_VIBE~4,Aufhellung~A_TARGET_VIBE~4,Schatten~B_PART_VIBE~3"
Wolkenschleier,4,11,Wetter & Himmel,6,"Schleier~A_TARGET_VIBE~3,Schichtung~A_TARGET_VIBE~3,Aufhellung~A_TARGET_VIBE~3,Kontrast~A_TARGET_VIBE~4,Rand~A_TARGET_VIBE~4,Dunst~A_TARGET_VIBE~4"
Wolkenspiegel,4,11,Wetter & Himmel,6,"Spiegelung~A_TARGET_VIBE~3,Schimmer~A_TARGET_VIBE~3,Kontrast~A_TARGET_VIBE~3,Gegenlicht~A_TARGET_VIBE~4,Reflex~A_TARGET_VIBE~4,Prisma~A_TARGET_VIBE~4"
Wolkenspiel,4,11,Wetter & Himmel,6,"Kontrast~A_TARGET_VIBE~3,Schimmer~A_TARGET_VIBE~3,Gegenlicht~A_TARGET_VIBE~3,Schattenwurf~A_TARGET_VIBE~4,Aufhellung~A_TARGET_VIBE~4,Rand~A_TARGET_VIBE~4"
Wolkenspur,4,11,Wetter & Himmel,6,"Rand~A_TARGET_VIBE~3,Schichtung~A_TARGET_VIBE~3,Kontrast~A_TARGET_VIBE~3,Aufhellung~A_TARGET_VIBE~4,Ferne~A_TARGET_VIBE~4,Weite~A_TARGET_VIBE~4"
Wolkenstraße,4,11,Wetter & Himmel,6,"Schichtung~A_TARGET_VIBE~3,Ferne~A_TARGET_VIBE~3,Rand~A_TARGET_VIBE~3,Kontrast~A_TARGET_VIBE~4,Weite~A_TARGET_VIBE~4,Aufhellung~A_TARGET_VIBE~4"
Wolkenstreifen,3,11,Wetter & Himmel,6,"Schichtung~A_TARGET_VIBE~3,Rand~A_TARGET_VIBE~2,Kontrast~A_TARGET_VIBE~2,Aufhellung~A_TARGET_VIBE~2,Lücke~A_TARGET_VIBE~2,Band~B_PART_VIBE~2"
Wolkenturm,4,11,Wetter & Himmel,6,"Quellung~A_TARGET_VIBE~3,Türmchen~A_TARGET_VIBE~3,Schattenwurf~A_TARGET_VIBE~3,Aufwind~A_TARGET_VIBE~4,Warnung~A_TARGET_VIBE~4,Rand~A_TARGET_VIBE~4"
Wolkenuntergrenze,4,11,Wetter & Himmel,6,"Untergrenze~A_TARGET_VIBE~3,Höhenmeter~A_TARGET_VIBE~3,Messwert~A_TARGET_VIBE~3,Skala~A_TARGET_VIBE~4,Karte~A_TARGET_VIBE~4,Gradient~A_TARGET_VIBE~4"
Wolkenwand,4,11,Wetter & Himmel,6,"Decke~A_TARGET_VIBE~3,Grauton~A_TARGET_VIBE~3,Rand~A_TARGET_VIBE~3,Schattenwurf~A_TARGET_VIBE~4,Warnung~A_TARGET_VIBE~4,Kontrast~A_TARGET_VIBE~4"
Wolkenwirbel,4,11,Wetter & Himmel,6,"Wirbel~A_TARGET_VIBE~3,Schichtung~A_TARGET_VIBE~3,Rand~A_TARGET_VIBE~3,Kontrast~A_TARGET_VIBE~4,Aufwind~A_TARGET_VIBE~4,Lücke~A_TARGET_VIBE~4"
Wolkenzug,3,11,Wetter & Himmel,6,"Ferne~A_TARGET_VIBE~3,Rand~A_TARGET_VIBE~2,Schichtung~A_TARGET_VIBE~2,Aufhellung~A_TARGET_VIBE~2,Lücke~A_TARGET_VIBE~2,Zug~B_PART_VIBE~2"
Zenit,4,7|11,Wissenschaft & Medizin|Wetter & Himmel,6,"Koordinaten~A_TARGET_VIBE~3,Parallaxe~A_TARGET_VIBE~3,Sternkarte~A_TARGET_VIBE~3,Meridian~A_TARGET_VIBE~4,Fernrohr~A_TARGET_VIBE~4,Epoche~A_TARGET_VIBE~4"
Zirrus,4,11,Wetter & Himmel,6,"Schleier~A_TARGET_VIBE~3,Schichtung~A_TARGET_VIBE~3,Aufhellung~A_TARGET_VIBE~3,Rand~A_TARGET_VIBE~4,Fetzen~A_TARGET_VIBE~4,Lücke~A_TARGET_VIBE~4"
Zwielicht,3,11,Wetter & Himmel,6,"Gegenlicht~A_TARGET_VIBE~3,Silhouette~A_TARGET_VIBE~2,Kontur~A_TARGET_VIBE~2,Röte~A_TARGET_VIBE~2,Dämmerlicht~A_TARGET_VIBE~2,Licht~B_PART_VIBE~2"
Zyklon,4,11,Wetter & Himmel,7,"Isobare~A_TARGET_VIBE~3,Druckfall~A_TARGET_VIBE~3,Spirale~A_TARGET_VIBE~3,Warnung~A_TARGET_VIBE~4,Sturmzentrum~A_TARGET_VIBE~4,Frontlinie~A_TARGET_VIBE~4,Zone~B_PART_VIBE~3"
Firmament,3,11,Wetter & Himmel,6,"Sternbild~A_TARGET_VIBE~2,Funkeln~A_TARGET_VIBE~2,Weite~A_TARGET_VIBE~2,Gewölbe~A_TARGET_VIBE~3,Dunkelblau~A_TARGET_VIBE~2,Sternwarte~A_TARGET_VIBE~3"
Galaxie,3,7|11,Wissenschaft & Medizin|Wetter & Himmel,6,"Andromeda~A_TARGET_VIBE~3,Spiralarme~A_TARGET_VIBE~3,Lichtjahr~A_TARGET_VIBE~2,Teleskop~A_TARGET_VIBE~2,Rotverschiebung~A_TARGET_VIBE~3,Nebelfleck~A_TARGET_VIBE~3"
Gegenwind,2,5|11,Sport & Freizeit|Wetter & Himmel,6,"Fahrrad~A_TARGET_VIBE~2,Anstrengung~A_TARGET_VIBE~2,Segel~A_TARGET_VIBE~2,Steigung~A_TARGET_VIBE~3,Vortrieb~A_TARGET_VIBE~3,Böe~A_TARGET_VIBE~2"
Gewitterkern,3,11,Wetter & Himmel,6,"Hagel~A_TARGET_VIBE~3,Aufwind~A_TARGET_VIBE~3,Radar~A_TARGET_VIBE~2,Ozon~A_TARGET_VIBE~3,Wolkenbruch~A_TARGET_VIBE~3,Donner~A_TARGET_VIBE~2"
Gewitterwolke,3,11,Wetter & Himmel,6,"Amboss~A_TARGET_VIBE~3,Wolkenbasis~A_TARGET_VIBE~3,Blitz~A_TARGET_VIBE~2,Grollen~A_TARGET_VIBE~2,Schauer~A_TARGET_VIBE~2,Dunkelrand~A_TARGET_VIBE~3"
Gewitterzelle,3,11,Wetter & Himmel,6,"Zugbahn~A_TARGET_VIBE~3,Radarecho~A_TARGET_VIBE~3,Hagelschlag~A_TARGET_VIBE~3,Entladung~A_TARGET_VIBE~3,Wolkenturm~A_TARGET_VIBE~3,Böenlinie~A_TARGET_VIBE~3"
Haufenwolke,3,11,Wetter & Himmel,6,"Thermik~A_TARGET_VIBE~3,Türmchen~A_TARGET_VIBE~2,Sommermittag~A_TARGET_VIBE~2,Schattenwurf~A_TARGET_VIBE~2,Segelflug~A_TARGET_VIBE~3,Aufquellen~A_TARGET_VIBE~3"
Höhenwind,3,11,Wetter & Himmel,6,"Jetstream~A_TARGET_VIBE~3,Stratosphäre~A_TARGET_VIBE~3,Flughöhe~A_TARGET_VIBE~2,Düsenjet~A_TARGET_VIBE~2,Wolkenband~A_TARGET_VIBE~2,Scherenwind~A_TARGET_VIBE~4"
Inversion,4,7|11,Wissenschaft & Medizin|Wetter & Himmel,6,"Hochnebel~A_TARGET_VIBE~3,Smog~A_TARGET_VIBE~3,Kaltluftsee~A_TARGET_VIBE~4,Schichtung~A_TARGET_VIBE~3,Bergkessel~A_TARGET_VIBE~3,Sichttrübung~A_TARGET_VIBE~3"
Kondensation,4,7|11,Wissenschaft & Medizin|Wetter & Himmel,6,"Taupunkt~A_TARGET_VIBE~3,Beschlag~A_TARGET_VIBE~2,Tröpfchen~A_TARGET_VIBE~2,Atemwolke~A_TARGET_VIBE~2,Sättigung~A_TARGET_VIBE~3,Wolkenbildung~A_TARGET_VIBE~3"
Konjunktion,4,7|11,Wissenschaft & Medizin|Wetter & Himmel,6,"Annäherung~A_TARGET_VIBE~2,Venus~A_TARGET_VIBE~3,Mars~A_TARGET_VIBE~3,Ephemeride~A_TARGET_VIBE~4,Sichtfenster~A_TARGET_VIBE~3,Sternkarte~A_TARGET_VIBE~2"
Kosmos,2,7|11,Wissenschaft & Medizin|Wetter & Himmel,6,"Lichtjahr~A_TARGET_VIBE~2,Sternwarte~A_TARGET_VIBE~2,Teleskop~A_TARGET_VIBE~2,Gravitation~A_TARGET_VIBE~3,Dunkelmaterie~A_TARGET_VIBE~3,Unendlichkeit~A_TARGET_VIBE~2"
Kugelblitz,4,7|11,Wissenschaft & Medizin|Wetter & Himmel,6,"Entladung~A_TARGET_VIBE~3,Glühen~A_TARGET_VIBE~3,Fensterscheibe~A_TARGET_VIBE~2,Ozon~A_TARGET_VIBE~3,Funken~A_TARGET_VIBE~2,Stromausfall~A_TARGET_VIBE~3"
Kältewelle,3,11,Wetter & Himmel,6,"Minusgrade~A_TARGET_VIBE~2,Heizung~A_TARGET_VIBE~2,Streusalz~A_TARGET_VIBE~2,Eiskratzer~A_TARGET_VIBE~2,Frostschaden~A_TARGET_VIBE~3,Winterreifen~A_TARGET_VIBE~2"
Luft,1,0|11,Alltag & Gegenstände|Wetter & Himmel,6,"Atmen~A_TARGET_VIBE~2,Unsichtbar~A_TARGET_VIBE~2,Ballon~A_TARGET_VIBE~2,Lüften~A_TARGET_VIBE~2,Sauerstoff~A_TARGET_VIBE~3,Druck~A_TARGET_VIBE~3"
Luftfeuchtigkeit,3,7|11,Wissenschaft & Medizin|Wetter & Himmel,6,"Hygrometer~A_TARGET_VIBE~3,Schwüle~A_TARGET_VIBE~2,Beschlag~A_TARGET_VIBE~2,Taupunkt~A_TARGET_VIBE~3,Kellergeruch~A_TARGET_VIBE~3,Locken~A_TARGET_VIBE~2"
Luftmasse,3,11,Wetter & Himmel,6,"Kaltluft~A_TARGET_VIBE~2,Warmluft~A_TARGET_VIBE~2,Front~A_TARGET_VIBE~2,Herkunft~A_TARGET_VIBE~3,Schichtung~A_TARGET_VIBE~3,Advektion~A_TARGET_VIBE~4"
Luftspiegelung,3,7|11,Wissenschaft & Medizin|Wetter & Himmel,6,"FataMorgana~A_TARGET_VIBE~3,Flimmern~A_TARGET_VIBE~2,Asphalt~A_TARGET_VIBE~2,Horizont~A_TARGET_VIBE~2,Spiegelbild~A_TARGET_VIBE~3,Wüste~A_TARGET_VIBE~3"
Luftstrom,3,11,Wetter & Himmel,6,"Konvektion~A_TARGET_VIBE~3,Düse~A_TARGET_VIBE~2,Ventilator~A_TARGET_VIBE~2,Durchzug~A_TARGET_VIBE~2,Kanal~A_TARGET_VIBE~2,Auftrieb~A_TARGET_VIBE~3"
Luftzug,1,0|11,Alltag & Gegenstände|Wetter & Himmel,6,"Türspalt~A_TARGET_VIBE~2,Vorhang~A_TARGET_VIBE~2,Nacken~A_TARGET_VIBE~2,Fenster~A_TARGET_VIBE~2,Durchzug~A_TARGET_VIBE~2,Gänsehaut~A_TARGET_VIBE~2"
Meteorit,3,7|11,Wissenschaft & Medizin|Wetter & Himmel,6,"Krater~A_TARGET_VIBE~3,Fundstück~A_TARGET_VIBE~3,Eisen~A_TARGET_VIBE~2,Gestein~A_TARGET_VIBE~2,Museum~A_TARGET_VIBE~2,Einschlag~A_TARGET_VIBE~3"
Meteorologe,3,9|11,Gesellschaft & Beruf|Wetter & Himmel,6,"Prognose~A_TARGET_VIBE~2,Messreihe~A_TARGET_VIBE~3,Radardaten~A_TARGET_VIBE~3,Dienststelle~A_TARGET_VIBE~2,Studium~A_TARGET_VIBE~2,Schichtdienst~A_TARGET_VIBE~3"
Meteorschauer,4,7|11,Wissenschaft & Medizin|Wetter & Himmel,6,"Perseiden~A_TARGET_VIBE~4,Augustnacht~A_TARGET_VIBE~3,Radiant~A_TARGET_VIBE~4,Zählung~A_TARGET_VIBE~3,Decke~A_TARGET_VIBE~2,Wunsch~A_TARGET_VIBE~2"
Meteorspur,3,7|11,Wissenschaft & Medizin|Wetter & Himmel,6,"Leuchtstreifen~A_TARGET_VIBE~3,Langzeitbelichtung~A_TARGET_VIBE~4,Nachglühen~A_TARGET_VIBE~3,Atmosphärenschicht~A_TARGET_VIBE~3,Bogen~A_TARGET_VIBE~2,Dämmerung~A_TARGET_VIBE~2"
Mistral,4,3|11,Orte & Reisen|Wetter & Himmel,6,"Provence~A_TARGET_VIBE~4,Rhonetal~A_TARGET_VIBE~4,Klarluft~A_TARGET_VIBE~3,Böen~A_TARGET_VIBE~2,Segelrevier~A_TARGET_VIBE~3,Kälte~A_TARGET_VIBE~2"
Mittag,2,11|12,Wetter & Himmel|Gefühle & Abstraktes,6,"Zenit~A_TARGET_VIBE~3,Schattenwurf~A_TARGET_VIBE~2,Mittagspause~A_TARGET_VIBE~2,Kantine~A_TARGET_VIBE~2,Sonnenstand~A_TARGET_VIBE~3,Kurzschlaf~A_TARGET_VIBE~2"
Monsun,3,3|11,Orte & Reisen|Wetter & Himmel,6,"Regenzeit~A_TARGET_VIBE~3,Indien~A_TARGET_VIBE~3,Saison~A_TARGET_VIBE~2,Überschwemmung~A_TARGET_VIBE~3,Reisfeld~A_TARGET_VIBE~2,Schwüle~A_TARGET_VIBE~2"
Neumond,3,11,Wetter & Himmel,6,"Dunkelheit~A_TARGET_VIBE~2,Kalender~A_TARGET_VIBE~2,Mondphase~A_TARGET_VIBE~3,Sternsicht~A_TARGET_VIBE~3,Nachtfotografie~A_TARGET_VIBE~3,Gezeiten~A_TARGET_VIBE~2"
Niederschlagsart,3,7|11,Wissenschaft & Medizin|Wetter & Himmel,6,"Graupel~A_TARGET_VIBE~3,Niesel~A_TARGET_VIBE~3,Eisregen~A_TARGET_VIBE~3,Hagel~A_TARGET_VIBE~3,Schauer~A_TARGET_VIBE~2,Flocken~A_TARGET_VIBE~2"
Niederschlagsgebiet,3,11,Wetter & Himmel,6,"Radarbild~A_TARGET_VIBE~3,Ausläufer~A_TARGET_VIBE~2,Frontzone~A_TARGET_VIBE~3,Zugbahn~A_TARGET_VIBE~2,Warnkarte~A_TARGET_VIBE~3,Schauerlinie~A_TARGET_VIBE~3"
Nullgradgrenze,4,7|11,Wissenschaft & Medizin|Wetter & Himmel,6,"Höhenlinie~A_TARGET_VIBE~3,Bergstation~A_TARGET_VIBE~2,Skigebiet~A_TARGET_VIBE~2,Gefrierpunkt~A_TARGET_VIBE~3,Eisregen~A_TARGET_VIBE~3,Schneefallgrenze~A_TARGET_VIBE~3"
Nässe,2,0|11,Alltag & Gegenstände|Wetter & Himmel,6,"Pfütze~A_TARGET_VIBE~2,Gummistiefel~A_TARGET_VIBE~2,Durchweicht~A_TARGET_VIBE~2,Tropfen~A_TARGET_VIBE~2,Feuchtigkeit~A_TARGET_VIBE~2,Regenschirm~A_TARGET_VIBE~2"
Opposition,3,7|11,Wissenschaft & Medizin|Wetter & Himmel,6,"Mars~A_TARGET_VIBE~3,Erdnähe~A_TARGET_VIBE~4,Helligkeit~A_TARGET_VIBE~2,Kulmination~A_TARGET_VIBE~4,Sternkarte~A_TARGET_VIBE~2,Beobachtungsnacht~A_TARGET_VIBE~3"
Packeis,4,2|11,Natur & Tiere|Wetter & Himmel,6,"Scholle~A_TARGET_VIBE~3,Arktis~A_TARGET_VIBE~3,Drift~A_TARGET_VIBE~3,Forschungsschiff~A_TARGET_VIBE~3,Polarnacht~A_TARGET_VIBE~3,Eismeer~A_TARGET_VIBE~3"
Passat,3,3|11,Orte & Reisen|Wetter & Himmel,6,"Äquator~A_TARGET_VIBE~3,Karibik~A_TARGET_VIBE~3,Segelboot~A_TARGET_VIBE~2,Beständigkeit~A_TARGET_VIBE~2,Wolkenband~A_TARGET_VIBE~3,Handelsroute~A_TARGET_VIBE~3"
Planet,2,7|11,Wissenschaft & Medizin|Wetter & Himmel,6,"Teleskop~A_TARGET_VIBE~2,Umlaufbahn~A_TARGET_VIBE~2,Rotation~A_TARGET_VIBE~3,Atmosphäre~A_TARGET_VIBE~2,Oberfläche~A_TARGET_VIBE~2,Gravitation~A_TARGET_VIBE~3"
Planetarium,2,4|7,Kultur & Kunst|Wissenschaft & Medizin,6,"Kuppel~A_TARGET_VIBE~2,Projektor~A_TARGET_VIBE~3,Sitzreihe~A_TARGET_VIBE~2,Vorführung~A_TARGET_VIBE~2,Laser~A_TARGET_VIBE~3,Schulklasse~A_TARGET_VIBE~2"
Planetenring,3,7|11,Wissenschaft & Medizin|Wetter & Himmel,6,"Saturn~A_TARGET_VIBE~3,Teilchen~A_TARGET_VIBE~2,Schatten~A_TARGET_VIBE~2,Cassini~A_TARGET_VIBE~4,Spalt~A_TARGET_VIBE~3,Eiskörnchen~A_TARGET_VIBE~3"
Quellwolke,3,11,Wetter & Himmel,6,"Thermik~A_TARGET_VIBE~3,Aufwind~A_TARGET_VIBE~3,Türmchen~A_TARGET_VIBE~2,Sommer~A_TARGET_VIBE~2,Segelflug~A_TARGET_VIBE~3,Schattenwurf~A_TARGET_VIBE~2"
Raumfahrt,2,6|7,Technik & Digitales|Wissenschaft & Medizin,6,"Rakete~A_TARGET_VIBE~2,Countdown~A_TARGET_VIBE~2,Startplatz~A_TARGET_VIBE~2,Mission~A_TARGET_VIBE~2,Astronaut~A_TARGET_VIBE~2,Triebwerk~A_TARGET_VIBE~3"
Raumsonde,4,6|7,Technik & Digitales|Wissenschaft & Medizin,6,"Antenne~A_TARGET_VIBE~3,Telemetrie~A_TARGET_VIBE~4,Vorbeiflug~A_TARGET_VIBE~3,Bilddaten~A_TARGET_VIBE~3,Kurskorrektur~A_TARGET_VIBE~4,Mission~A_TARGET_VIBE~2"
Raureif,3,11,Wetter & Himmel,6,"Kristall~A_TARGET_VIBE~2,Glitzern~A_TARGET_VIBE~2,Zweig~A_TARGET_VIBE~2,Morgenkälte~A_TARGET_VIBE~2,Wiese~A_TARGET_VIBE~2,Frostnacht~A_TARGET_VIBE~3"
Reif,2,11,Wetter & Himmel,6,"Wiese~A_TARGET_VIBE~2,Morgensonne~A_TARGET_VIBE~2,Eiskratzer~A_TARGET_VIBE~2,Glitzern~A_TARGET_VIBE~2,Blatt~A_TARGET_VIBE~2,Frost~A_TARGET_VIBE~2"
Reifbildung,3,7|11,Wissenschaft & Medizin|Wetter & Himmel,6,"Taupunkt~A_TARGET_VIBE~3,Sättigung~A_TARGET_VIBE~3,Kristall~A_TARGET_VIBE~2,Fensterscheibe~A_TARGET_VIBE~2,Nachtkälte~A_TARGET_VIBE~2,Oberfläche~A_TARGET_VIBE~2"
Rückenwind,2,5|11,Sport & Freizeit|Wetter & Himmel,6,"Vortrieb~A_TARGET_VIBE~3,Tempo~A_TARGET_VIBE~2,Radrennen~A_TARGET_VIBE~3,Schub~A_TARGET_VIBE~2,Segel~A_TARGET_VIBE~2,Erleichterung~A_TARGET_VIBE~2"
Schneekorn,3,11,Wetter & Himmel,6,"Handschuh~A_TARGET_VIBE~2,Mütze~A_TARGET_VIBE~2,Kristall~A_TARGET_VIBE~2,Schmelzen~A_TARGET_VIBE~2,Stapfen~A_TARGET_VIBE~2,Winterluft~A_TARGET_VIBE~2"
Schneekruste,3,11,Wetter & Himmel,6,"Harsch~A_TARGET_VIBE~4,Bruch~A_TARGET_VIBE~2,Oberfläche~A_TARGET_VIBE~2,Trittsicherheit~A_TARGET_VIBE~3,Skistock~A_TARGET_VIBE~2,Spur~A_TARGET_VIBE~2"
Schneekugel,2,0|13,Alltag & Gegenstände|Feste & Jahreszeiten,6,"Glaskugel~A_TARGET_VIBE~3,Schütteln~A_TARGET_VIBE~2,Souvenir~A_TARGET_VIBE~2,Miniatur~A_TARGET_VIBE~2,Glitzer~A_TARGET_VIBE~2,Winterdorf~A_TARGET_VIBE~3"
Schneelawine,3,3|11,Orte & Reisen|Wetter & Himmel,6,"Hang~A_TARGET_VIBE~2,Bergrettung~A_TARGET_VIBE~3,Lawinenpieps~A_TARGET_VIBE~4,Verschüttung~A_TARGET_VIBE~3,Schaufel~A_TARGET_VIBE~2,Warnstufe~A_TARGET_VIBE~2"
Schneemann,1,5|13,Sport & Freizeit|Feste & Jahreszeiten,6,"Karotte~A_TARGET_VIBE~2,Schal~A_TARGET_VIBE~2,Mütze~A_TARGET_VIBE~2,Kohle~A_TARGET_VIBE~2,Kinder~A_TARGET_VIBE~2,Schlitten~A_TARGET_VIBE~2"
Schneepuder,3,5|11,Sport & Freizeit|Wetter & Himmel,6,"Pulver~A_TARGET_VIBE~2,Piste~A_TARGET_VIBE~2,Tiefschnee~A_TARGET_VIBE~3,Board~A_TARGET_VIBE~2,Spur~A_TARGET_VIBE~2,Kälte~A_TARGET_VIBE~2"
Schneeregen,3,11,Wetter & Himmel,6,"Kapuze~A_TARGET_VIBE~2,Pfütze~A_TARGET_VIBE~2,Nullgradgrenze~A_TARGET_VIBE~3,Scheibenwischer~A_TARGET_VIBE~2,klamm~A_TARGET_VIBE~2,Glätte~A_TARGET_VIBE~3"
Schneetreiben,3,11,Wetter & Himmel,6,"Sichtweite~A_TARGET_VIBE~3,Wechte~A_TARGET_VIBE~3,Böen~A_TARGET_VIBE~2,Schneebrille~A_TARGET_VIBE~3,Verwehung~A_TARGET_VIBE~3,Laternenlicht~A_TARGET_VIBE~2"
Schneeverwehung,4,11,Wetter & Himmel,6,"Schaufel~A_TARGET_VIBE~2,Wechte~A_TARGET_VIBE~3,Straßensperre~A_TARGET_VIBE~3,Dünenform~A_TARGET_VIBE~3,Grat~A_TARGET_VIBE~2,Randstreifen~A_TARGET_VIBE~2"
Schneewall,3,0|11,Alltag & Gegenstände|Wetter & Himmel,6,"Schneepflug~A_TARGET_VIBE~3,Einfahrt~A_TARGET_VIBE~2,Randstein~A_TARGET_VIBE~2,Parkplatz~A_TARGET_VIBE~2,Haufen~A_TARGET_VIBE~2,Schaufel~A_TARGET_VIBE~2"
Schäfchenwolke,3,11,Wetter & Himmel,6,"Watte~A_TARGET_VIBE~2,Postkarte~A_TARGET_VIBE~2,Sommer~A_TARGET_VIBE~2,Muster~A_TARGET_VIBE~2,Segelflug~A_TARGET_VIBE~3,Sonnentag~A_TARGET_VIBE~2"
Seewind,2,3|11,Orte & Reisen|Wetter & Himmel,6,"Strand~A_TARGET_VIBE~2,Möwe~A_TARGET_VIBE~2,Salzluft~A_TARGET_VIBE~2,Segelboot~A_TARGET_VIBE~2,Abkühlung~A_TARGET_VIBE~2,Küste~A_TARGET_VIBE~2"
Seitenwind,3,5|11,Sport & Freizeit|Wetter & Himmel,6,"Brücke~A_TARGET_VIBE~2,LKW~A_TARGET_VIBE~2,Lenker~A_TARGET_VIBE~2,Schräglage~A_TARGET_VIBE~3,Spurhaltung~A_TARGET_VIBE~3,Böe~A_TARGET_VIBE~2"
Sirocco,4,3|11,Orte & Reisen|Wetter & Himmel,6,"Sahara~A_TARGET_VIBE~4,Staub~A_TARGET_VIBE~3,Dunst~A_TARGET_VIBE~2,Schwüle~A_TARGET_VIBE~2,Mittelmeer~A_TARGET_VIBE~3,Sand~A_TARGET_VIBE~2"
Sonnenglut,3,11,Wetter & Himmel,6,"Asphalt~A_TARGET_VIBE~2,Flimmern~A_TARGET_VIBE~2,Sonnencreme~A_TARGET_VIBE~2,Schatten~A_TARGET_VIBE~2,Hitzefrei~A_TARGET_VIBE~3,Durst~A_TARGET_VIBE~2"
Spritzregen,2,11,Wetter & Himmel,6,"Pfütze~A_TARGET_VIBE~2,Radfahrer~A_TARGET_VIBE~2,Gischt~A_TARGET_VIBE~3,Kapuze~A_TARGET_VIBE~2,Niesel~A_TARGET_VIBE~2,Scheibenwischer~A_TARGET_VIBE~2"
Sprühnebel,3,11,Wetter & Himmel,6,"Tröpfchen~A_TARGET_VIBE~2,Sichttrübung~A_TARGET_VIBE~3,Straßenlicht~A_TARGET_VIBE~2,Beschlag~A_TARGET_VIBE~2,Atem~A_TARGET_VIBE~2,Feuchte~A_TARGET_VIBE~2"
Sprühregen,3,11,Wetter & Himmel,6,"Niesel~A_TARGET_VIBE~2,Schirm~A_TARGET_VIBE~2,Kapuze~A_TARGET_VIBE~2,Grau~A_TARGET_VIBE~2,Scheibenwischer~A_TARGET_VIBE~2,Tropfen~A_TARGET_VIBE~2"
Starkregen,2,11,Wetter & Himmel,6,"Keller~A_TARGET_VIBE~2,Überflutung~A_TARGET_VIBE~3,Kanaldeckel~A_TARGET_VIBE~2,Abfluss~A_TARGET_VIBE~2,Aquaplaning~A_TARGET_VIBE~3,Warnstufe~A_TARGET_VIBE~2"
Tagesanbruch,2,11,Wetter & Himmel,6,"Wecker~A_TARGET_VIBE~2,Tau~A_TARGET_VIBE~2,Dämmerlicht~A_TARGET_VIBE~2,Vogelruf~A_TARGET_VIBE~2,Horizont~A_TARGET_VIBE~2,Morgenkühle~A_TARGET_VIBE~2"
Tageslicht,1,11,Wetter & Himmel,6,"Fenster~A_TARGET_VIBE~2,Vorhang~A_TARGET_VIBE~2,Schatten~A_TARGET_VIBE~2,Helligkeit~A_TARGET_VIBE~2,Fotografie~A_TARGET_VIBE~2,Büro~A_TARGET_VIBE~2"
Taifun,3,3|11,Orte & Reisen|Wetter & Himmel,6,"Spirale~A_TARGET_VIBE~2,Auge~A_TARGET_VIBE~2,Sturmflut~A_TARGET_VIBE~3,Evakuierung~A_TARGET_VIBE~3,Satellitenbild~A_TARGET_VIBE~3,Küstenschutz~A_TARGET_VIBE~3"
Temperaturanstieg,2,7|11,Wissenschaft & Medizin|Wetter & Himmel,6,"Thermometer~A_TARGET_VIBE~2,Kurve~A_TARGET_VIBE~2,Tauwetter~A_TARGET_VIBE~3,Jacke~A_TARGET_VIBE~2,Messreihe~A_TARGET_VIBE~3,Frühlingsluft~A_TARGET_VIBE~2"
Temperatursturz,2,7|11,Wissenschaft & Medizin|Wetter & Himmel,6,"Kaltfront~A_TARGET_VIBE~3,Jacke~A_TARGET_VIBE~2,Heizung~A_TARGET_VIBE~2,Frost~A_TARGET_VIBE~2,Kurve~A_TARGET_VIBE~2,Abkühlung~A_TARGET_VIBE~2"
Tierkreis,3,8|11,Geschichte & Mythos|Wetter & Himmel,6,"Horoskop~A_TARGET_VIBE~3,Aszendent~A_TARGET_VIBE~3,Widder~A_TARGET_VIBE~3,Skorpion~A_TARGET_VIBE~3,Astrologie~A_TARGET_VIBE~3,Sternbild~A_TARGET_VIBE~2"
Tornado,3,11,Wetter & Himmel,6,"Trichter~A_TARGET_VIBE~3,Wirbel~A_TARGET_VIBE~2,Warnsirene~A_TARGET_VIBE~3,Dachziegel~A_TARGET_VIBE~2,Schneise~A_TARGET_VIBE~3,Superzelle~A_TARGET_VIBE~3"
Treibhausgas,2,7|11,Wissenschaft & Medizin|Wetter & Himmel,6,"CO2~A_TARGET_VIBE~2,Methan~A_TARGET_VIBE~3,Abgas~A_TARGET_VIBE~2,Klimakurve~A_TARGET_VIBE~3,Erwärmung~A_TARGET_VIBE~2,Emissionshandel~A_TARGET_VIBE~3"
Triebschnee,4,11,Wetter & Himmel,6,"Wechte~A_TARGET_VIBE~3,Lawinengefahr~A_TARGET_VIBE~3,Grat~A_TARGET_VIBE~2,Verfrachtung~A_TARGET_VIBE~4,Schneebrille~A_TARGET_VIBE~3,Harsch~A_TARGET_VIBE~3"
Trockenheit,2,2|11,Natur & Tiere|Wetter & Himmel,6,"Rissboden~A_TARGET_VIBE~3,Staub~A_TARGET_VIBE~2,Gießkanne~A_TARGET_VIBE~2,Wasserstand~A_TARGET_VIBE~3,Brandgefahr~A_TARGET_VIBE~3,Ernte~A_TARGET_VIBE~2"
Trägerrakete,3,6|7,Technik & Digitales|Wissenschaft & Medizin,6,"Booster~A_TARGET_VIBE~3,Nutzlast~A_TARGET_VIBE~3,Startturm~A_TARGET_VIBE~3,Stufe~A_TARGET_VIBE~2,Treibstoff~A_TARGET_VIBE~2,Kosmodrom~A_TARGET_VIBE~4"
Umlaufbahn,3,7|11,Wissenschaft & Medizin|Wetter & Himmel,6,"Gravitation~A_TARGET_VIBE~3,Ellipse~A_TARGET_VIBE~2,Perihel~A_TARGET_VIBE~4,Aphel~A_TARGET_VIBE~4,Manöver~A_TARGET_VIBE~3,Satellit~A_TARGET_VIBE~2"
Universum,2,7|11,Wissenschaft & Medizin|Wetter & Himmel,6,"Expansion~A_TARGET_VIBE~3,Rotverschiebung~A_TARGET_VIBE~3,Hubble~A_TARGET_VIBE~3,Lichtjahr~A_TARGET_VIBE~2,Dunkelmaterie~A_TARGET_VIBE~3,Vakuum~A_TARGET_VIBE~2"
Unwetter,2,11,Wetter & Himmel,6,"Warnstufe~A_TARGET_VIBE~2,Feuerwehr~A_TARGET_VIBE~2,Stromausfall~A_TARGET_VIBE~2,Keller~A_TARGET_VIBE~2,Astbruch~A_TARGET_VIBE~2,Sirene~A_TARGET_VIBE~2"
Vollmond,2,11,Wetter & Himmel,6,"Mondlicht~A_TARGET_VIBE~2,Gezeiten~A_TARGET_VIBE~2,Nachtwanderung~A_TARGET_VIBE~2,Fernrohr~A_TARGET_VIBE~3,Schlaflos~A_TARGET_VIBE~2,Werwolf~A_TARGET_VIBE~3"
Wasserdampf,2,7|11,Wissenschaft & Medizin|Wetter & Himmel,6,"Sauna~A_TARGET_VIBE~2,Sättigung~A_TARGET_VIBE~3,Atemwolke~A_TARGET_VIBE~2,Taupunkt~A_TARGET_VIBE~3,Kondensation~A_TARGET_VIBE~3,Nebelschleier~A_TARGET_VIBE~2"
Weltraum,2,7|11,Wissenschaft & Medizin|Wetter & Himmel,6,"Schwerelos~A_TARGET_VIBE~2,Vakuum~A_TARGET_VIBE~2,Raumanzug~A_TARGET_VIBE~2,Radiowellen~A_TARGET_VIBE~3,Umlaufbahn~A_TARGET_VIBE~2,Raumstation~A_TARGET_VIBE~2"
Wetter,1,11,Wetter & Himmel,6,"Isobare~A_TARGET_VIBE~3,Front~A_TARGET_VIBE~2,Prognose~A_TARGET_VIBE~2,Temperatur~A_TARGET_VIBE~2,Bewölkung~A_TARGET_VIBE~2,Radar~A_TARGET_VIBE~2"
Wetterballon,3,6|7|11,Technik & Digitales|Wissenschaft & Medizin|Wetter & Himmel,7,"Helium~A_TARGET_VIBE~2,Aufstieg~A_TARGET_VIBE~2,Stratosphäre~A_TARGET_VIBE~3,Radiosonde~A_TARGET_VIBE~3,Messpaket~A_TARGET_VIBE~3,Telemetrie~A_TARGET_VIBE~3,Ballon~B_PART_VIBE~2"
Wetterbericht,3,9|11,Gesellschaft & Beruf|Wetter & Himmel,7,"Moderator~A_TARGET_VIBE~2,Studio~A_TARGET_VIBE~2,Grafik~A_TARGET_VIBE~2,Zeigestock~A_TARGET_VIBE~3,Prognose~A_TARGET_VIBE~2,Bericht~B_PART_VIBE~2"
Wetterberuhigung,3,11,Wetter & Himmel,6,"Aufklaren~A_TARGET_VIBE~3,Abklingen~A_TARGET_VIBE~3,Windstille~A_TARGET_VIBE~3,Wolkenlücke~A_TARGET_VIBE~2,Druckanstieg~A_TARGET_VIBE~3,Sonnenschein~A_TARGET_VIBE~2"
Wetterdienst,2,9|11,Gesellschaft & Beruf|Wetter & Himmel,7,"Warnapp~A_TARGET_VIBE~3,Messnetz~A_TARGET_VIBE~3,Hotline~A_TARGET_VIBE~2,Zentrale~A_TARGET_VIBE~2,Radar~A_TARGET_VIBE~2,Prognose~A_TARGET_VIBE~2,Dienst~B_PART_VIBE~2"
Wetterfahne,3,10|11,Haushalt & Wohnen|Wetter & Himmel,7,"Dachfirst~A_TARGET_VIBE~2,Windrose~A_TARGET_VIBE~3,Pfeil~A_TARGET_VIBE~2,Kirchturm~A_TARGET_VIBE~2,Rost~A_TARGET_VIBE~2,Himmelsrichtung~A_TARGET_VIBE~2,Fahne~B_PART_VIBE~2"
Wetterfenster,2,3|11,Orte & Reisen|Wetter & Himmel,6,"Startfreigabe~A_TARGET_VIBE~3,Bergtour~A_TARGET_VIBE~2,Segeltrip~A_TARGET_VIBE~2,Baustelle~A_TARGET_VIBE~2,Planung~A_TARGET_VIBE~2,Termin~A_TARGET_VIBE~2"
Wetterfrosch,2,9|11,Gesellschaft & Beruf|Wetter & Himmel,7,"TV~A_TARGET_VIBE~2,Studio~A_TARGET_VIBE~2,Sprüche~A_TARGET_VIBE~2,Zeigestock~A_TARGET_VIBE~3,Gummistiefel~A_TARGET_VIBE~2,Karte~A_TARGET_VIBE~2,Frosch~B_PART_VIBE~2"
Wetterfühligkeit,4,7|11|12,Wissenschaft & Medizin|Wetter & Himmel|Gefühle & Abstraktes,6,"Migräne~A_TARGET_VIBE~3,Druckwechsel~A_TARGET_VIBE~3,Gelenk~A_TARGET_VIBE~2,Kopfschmerz~A_TARGET_VIBE~2,Müdigkeit~A_TARGET_VIBE~2,Laune~A_TARGET_VIBE~2"
Wetterglas,3,6|11,Technik & Digitales|Wetter & Himmel,7,"Skala~A_TARGET_VIBE~2,Zeiger~A_TARGET_VIBE~2,Flüssigkeit~A_TARGET_VIBE~2,Druckfall~A_TARGET_VIBE~3,Sturmwarnung~A_TARGET_VIBE~3,Messing~A_TARGET_VIBE~2,Glas~B_PART_VIBE~2"
Wettergott,3,8|11,Geschichte & Mythos|Wetter & Himmel,6,"Zeus~A_TARGET_VIBE~3,Thor~A_TARGET_VIBE~3,Indra~A_TARGET_VIBE~4,Opfergabe~A_TARGET_VIBE~3,Tempel~A_TARGET_VIBE~2,Donnerkeil~A_TARGET_VIBE~3"
Wetterkapriole,3,11|12,Wetter & Himmel|Gefühle & Abstraktes,6,"Überraschung~A_TARGET_VIBE~2,Regenschirm~A_TARGET_VIBE~2,Sonnenbrille~A_TARGET_VIBE~2,Zwiebelprinzip~A_TARGET_VIBE~3,Laune~A_TARGET_VIBE~2,Umplanung~A_TARGET_VIBE~3"
Wetterkarte,3,11,Wetter & Himmel,7,"Isobare~A_TARGET_VIBE~3,Front~A_TARGET_VIBE~2,Farbfeld~A_TARGET_VIBE~2,Legende~A_TARGET_VIBE~2,Druckgebiet~A_TARGET_VIBE~3,Radarbild~A_TARGET_VIBE~2,Karte~B_PART_VIBE~2"
Wetterkunde,3,7|11,Wissenschaft & Medizin|Wetter & Himmel,6,"Lehrbuch~A_TARGET_VIBE~2,Vorlesung~A_TARGET_VIBE~2,Diagramm~A_TARGET_VIBE~2,Messreihe~A_TARGET_VIBE~3,Physik~A_TARGET_VIBE~2,Praktikum~A_TARGET_VIBE~2"
Wetterlage,3,11,Wetter & Himmel,6,"Hochdruck~A_TARGET_VIBE~3,Tiefdruck~A_TARGET_VIBE~3,Frontenzug~A_TARGET_VIBE~3,Strömungsmuster~A_TARGET_VIBE~3,Großwetter~A_TARGET_VIBE~3,Karte~A_TARGET_VIBE~2"
Wetterleuchten,4,11,Wetter & Himmel,6,"Horizont~A_TARGET_VIBE~2,Flackern~A_TARGET_VIBE~2,Sommernacht~A_TARGET_VIBE~2,Ferngewitter~A_TARGET_VIBE~3,Schimmer~A_TARGET_VIBE~2,Blitzlicht~A_TARGET_VIBE~2"
Wettermodell,3,6|7|11,Technik & Digitales|Wissenschaft & Medizin|Wetter & Himmel,6,"Simulation~A_TARGET_VIBE~3,Ensemble~A_TARGET_VIBE~3,Rechenzentrum~A_TARGET_VIBE~3,Gitter~A_TARGET_VIBE~3,Parameter~A_TARGET_VIBE~3,Modelllauf~A_TARGET_VIBE~3"
Wetterphänomen,3,7|11,Wissenschaft & Medizin|Wetter & Himmel,6,"Regenbogen~A_TARGET_VIBE~2,Halo~A_TARGET_VIBE~3,Polarlicht~A_TARGET_VIBE~2,FataMorgana~A_TARGET_VIBE~3,Morgenrot~A_TARGET_VIBE~2,Nebelbank~A_TARGET_VIBE~2"
Wetterstation,3,6|7|11,Technik & Digitales|Wissenschaft & Medizin|Wetter & Himmel,6,"Sensor~A_TARGET_VIBE~2,Messmast~A_TARGET_VIBE~3,Datenlogger~A_TARGET_VIBE~3,Regenmesser~A_TARGET_VIBE~3,Anemometer~A_TARGET_VIBE~3,Solarpanel~A_TARGET_VIBE~2"
Wettersturz,4,11,Wetter & Himmel,6,"Kaltfront~A_TARGET_VIBE~3,Temperaturfall~A_TARGET_VIBE~3,Druckfall~A_TARGET_VIBE~3,Jacke~A_TARGET_VIBE~2,Böen~A_TARGET_VIBE~2,Schauer~A_TARGET_VIBE~2"
Wetterumschwung,3,11,Wetter & Himmel,6,"Frontwechsel~A_TARGET_VIBE~3,Jacke~A_TARGET_VIBE~2,Regenschirm~A_TARGET_VIBE~2,Aufhellung~A_TARGET_VIBE~2,Planänderung~A_TARGET_VIBE~3,Zwiebelprinzip~A_TARGET_VIBE~3"
Wettervorhersage,2,6|11,Technik & Digitales|Wetter & Himmel,6,"App~A_TARGET_VIBE~2,Prognose~A_TARGET_VIBE~2,Radar~A_TARGET_VIBE~2,Wochentrend~A_TARGET_VIBE~3,Pushmeldung~A_TARGET_VIBE~2,Modellensemble~A_TARGET_VIBE~3"
Wetterwarnung,3,9|11,Gesellschaft & Beruf|Wetter & Himmel,6,"Warnstufe~A_TARGET_VIBE~2,Pushmeldung~A_TARGET_VIBE~2,Sirene~A_TARGET_VIBE~2,Gefahrenkarte~A_TARGET_VIBE~3,Evakuierung~A_TARGET_VIBE~3,Durchsage~A_TARGET_VIBE~2"
Wetterwarte,4,9|11,Gesellschaft & Beruf|Wetter & Himmel,6,"Beobachter~A_TARGET_VIBE~3,Messnetz~A_TARGET_VIBE~3,Dachplattform~A_TARGET_VIBE~3,Funk~A_TARGET_VIBE~2,Schichtdienst~A_TARGET_VIBE~3,Archiv~A_TARGET_VIBE~2"
Wetterwechsel,2,11,Wetter & Himmel,6,"Regenschirm~A_TARGET_VIBE~2,Sonnenbrille~A_TARGET_VIBE~2,Jacke~A_TARGET_VIBE~2,Wolkenlücke~A_TARGET_VIBE~2,Kopfschmerz~A_TARGET_VIBE~2,Laune~A_TARGET_VIBE~2"
Wetterzeichen,3,11,Wetter & Himmel,6,"Bauernregel~A_TARGET_VIBE~3,Abendrot~A_TARGET_VIBE~2,Rauchfahne~A_TARGET_VIBE~3,Wolkenzug~A_TARGET_VIBE~2,Winddreher~A_TARGET_VIBE~3,Schwalbenflug~A_TARGET_VIBE~3"