word,difficulty,genre_ids,genre_names,hint_count,hints
Ablehnung,3,12,Gefühle & Abstraktes,6,"Hang~A_TARGET_VIBE~3,Ausweichen~A_TARGET_VIBE~3,Stirnrunzeln~A_TARGET_VIBE~2,Distanz~A_TARGET_VIBE~3,Ignorieren~A_TARGET_VIBE~2,Richtung~A_TARGET_VIBE~2"
Ablenkung,4,12,Gefühle & Abstraktes,7,"Scrollen~A_TARGET_VIBE~3,Nebengeräusch~A_TARGET_VIBE~3,Pop-up~A_TARGET_VIBE~3,Werbung~A_TARGET_VIBE~3,Handy~A_TARGET_VIBE~3,Klingeln~A_TARGET_VIBE~3,Stille~A_TARGET_VIBE~3"
Abneigung,3,12,Gefühle & Abstraktes,6,"Ignorieren~A_TARGET_VIBE~3,Veto~A_TARGET_VIBE~2,Distanz~A_TARGET_VIBE~2,Stirnrunzeln~A_TARGET_VIBE~3,Ausweichen~A_TARGET_VIBE~2,Korb~A_TARGET_VIBE~3"
Abscheu,3,12,Gefühle & Abstraktes,6,"Geruch~A_TARGET_VIBE~3,Würgen~A_TARGET_VIBE~2,Stirnrunzeln~A_TARGET_VIBE~2,Toilette~A_TARGET_VIBE~3,Faulig~A_TARGET_VIBE~3,Putzen~A_TARGET_VIBE~2"
Absicht,2,12,Gefühle & Abstraktes,5,"Motiv~A_TARGET_VIBE~2,Plan~A_TARGET_VIBE~2,Ziel~A_TARGET_VIBE~2,Strategie~A_TARGET_VIBE~2,Agenda~A_TARGET_VIBE~2"
Abstand,2,12,Gefühle & Abstraktes,5,"Offline~A_TARGET_VIBE~2,Stille~A_TARGET_VIBE~2,Leere~A_TARGET_VIBE~2,Schatten~A_TARGET_VIBE~2,Lücke~A_TARGET_VIBE~2"
Abwehr,4,12,Gefühle & Abstraktes,7,"Veto~A_TARGET_VIBE~3,Distanz~A_TARGET_VIBE~3,Ignorieren~A_TARGET_VIBE~3,Ausweichen~A_TARGET_VIBE~3,Korb~A_TARGET_VIBE~3,Stirnrunzeln~A_TARGET_VIBE~4,Blick~A_TARGET_VIBE~3"
Abwesenheit,2,12,Gefühle & Abstraktes,5,"Leere~A_TARGET_VIBE~2,Schatten~A_TARGET_VIBE~2,Wartezimmer~A_TARGET_VIBE~2,Offline~A_TARGET_VIBE~2,Stille~A_TARGET_VIBE~2"
Achtsamkeit,3,12,Gefühle & Abstraktes,6,"Zuhören~A_TARGET_VIBE~3,Atem~A_TARGET_VIBE~2,Präsenz~A_TARGET_VIBE~2,Tafel~A_TARGET_VIBE~2,Alarm~A_TARGET_VIBE~3,Blick~A_TARGET_VIBE~2"
Achtung,2,9|12,Gesellschaft & Beruf|Gefühle & Abstraktes,5,"Publikum~A_TARGET_VIBE~2,Lob~A_TARGET_VIBE~2,Trophäe~A_TARGET_VIBE~2,Preis~A_TARGET_VIBE~2,Orden~A_TARGET_VIBE~2"
Adrenalin,4,12,Gefühle & Abstraktes,7,"Sprung~A_TARGET_VIBE~3,Puls~A_TARGET_VIBE~3,Achterbahn~A_TARGET_VIBE~3,Krimi~A_TARGET_VIBE~3,Kino~A_TARGET_VIBE~3,Seil~A_TARGET_VIBE~3,Zittern~A_TARGET_VIBE~4"
Ahnung,3,12,Gefühle & Abstraktes,6,"Zeichen~A_TARGET_VIBE~3,Flair~A_TARGET_VIBE~3,Bauchgefühl~A_TARGET_VIBE~2,Spürsinn~A_TARGET_VIBE~3,Kribbeln~A_TARGET_VIBE~2,Vorzeichen~A_TARGET_VIBE~3"
Akzeptanz,2,12,Gefühle & Abstraktes,5,"Stempel~A_TARGET_VIBE~2,Nick~A_TARGET_VIBE~2,Freigabe~A_TARGET_VIBE~2,Grünlicht~A_TARGET_VIBE~2,Handschlag~A_TARGET_VIBE~2"
Alptraum,3,12,Gefühle & Abstraktes,6,"Dunkel~A_TARGET_VIBE~2,Kissen~A_TARGET_VIBE~2,Wecker~A_TARGET_VIBE~2,Schrei~A_TARGET_VIBE~3,Nacht~A_TARGET_VIBE~2,Schweiß~A_TARGET_VIBE~3"
Altruismus,4,12,Gefühle & Abstraktes,7,"Trösten~A_TARGET_VIBE~3,Spende~A_TARGET_VIBE~3,Umarmung~A_TARGET_VIBE~4,Patenschaft~A_TARGET_VIBE~3,Ehrenamt~A_TARGET_VIBE~3,Pflege~A_TARGET_VIBE~3,Blick~A_TARGET_VIBE~3"
Ambition,4,12,Gefühle & Abstraktes,7,"Erfolg~A_TARGET_VIBE~3,Ziel~A_TARGET_VIBE~3,Training~A_TARGET_VIBE~3,Karriere~A_TARGET_VIBE~3,Rangliste~A_TARGET_VIBE~3,Wettkampf~A_TARGET_VIBE~3,Plan~A_TARGET_VIBE~3"
Anmut,4,12,Gefühle & Abstraktes,7,"Ballett~A_TARGET_VIBE~3,Bühne~A_TARGET_VIBE~3,Pose~A_TARGET_VIBE~3,Kleid~A_TARGET_VIBE~3,Spiegel~A_TARGET_VIBE~3,Seide~A_TARGET_VIBE~3,Lächeln~A_TARGET_VIBE~3"
Ansehen,3,12,Gefühle & Abstraktes,6,"Applaus~A_TARGET_VIBE~3,Publikum~A_TARGET_VIBE~2,Preis~A_TARGET_VIBE~3,Orden~A_TARGET_VIBE~2,Lob~A_TARGET_VIBE~3,Trophäe~A_TARGET_VIBE~3"
Anspruch,4,12,Gefühle & Abstraktes,7,"Messlatte~A_TARGET_VIBE~3,Qualität~A_TARGET_VIBE~3,Reklamation~A_TARGET_VIBE~4,Vertrag~A_TARGET_VIBE~3,Kunde~A_TARGET_VIBE~3,Deadline~A_TARGET_VIBE~3,Plan~A_TARGET_VIBE~3"
Anspannung,3,12,Gefühle & Abstraktes,6,"Warnung~A_TARGET_VIBE~2,Magen~A_TARGET_VIBE~2,Checkliste~A_TARGET_VIBE~3,Telefon~A_TARGET_VIBE~3,Schlaflos~A_TARGET_VIBE~3,Grübeln~A_TARGET_VIBE~2"
Antrieb,3,12,Gefühle & Abstraktes,6,"Energie~A_TARGET_VIBE~3,Start~A_TARGET_VIBE~2,Kraft~A_TARGET_VIBE~2,Anreiz~A_TARGET_VIBE~3,Biss~A_TARGET_VIBE~3,Ziel~A_TARGET_VIBE~3"
Anwesenheit,2,12,Gefühle & Abstraktes,5,"Check-in~A_TARGET_VIBE~2,Meeting~A_TARGET_VIBE~2,Stuhl~A_TARGET_VIBE~2,Klassenraum~A_TARGET_VIBE~2,Namensliste~A_TARGET_VIBE~2"
Apathie,4,12,Gefühle & Abstraktes,7,"Sofa~A_TARGET_VIBE~3,Fernbedienung~A_TARGET_VIBE~3,Gähnen~A_TARGET_VIBE~3,Leerlauf~A_TARGET_VIBE~3,Starre~A_TARGET_VIBE~3,Grauton~A_TARGET_VIBE~3,Blick~A_TARGET_VIBE~3"
Aufbruch,3,12,Gefühle & Abstraktes,6,"Wende~A_TARGET_VIBE~3,Häutung~A_TARGET_VIBE~3,Umbau~A_TARGET_VIBE~2,Neuanfang~A_TARGET_VIBE~3,Schritt~A_TARGET_VIBE~2,Kurve~A_TARGET_VIBE~2"
Aufmerksamkeit,2,12,Gefühle & Abstraktes,5,"Präsenz~A_TARGET_VIBE~2,Blick~A_TARGET_VIBE~2,Alarm~A_TARGET_VIBE~2,Zuhören~A_TARGET_VIBE~2,Tafel~A_TARGET_VIBE~2"
Aufregung,2,12,Gefühle & Abstraktes,5,"Warnung~A_TARGET_VIBE~2,Telefon~A_TARGET_VIBE~2,Grübeln~A_TARGET_VIBE~2,Checkliste~A_TARGET_VIBE~2,Magen~A_TARGET_VIBE~2"
Aufrichtigkeit,3,9|12,Gesellschaft & Beruf|Gefühle & Abstraktes,6,"Geradeaus~A_TARGET_VIBE~2,Geständnis~A_TARGET_VIBE~2,Zeugnis~A_TARGET_VIBE~2,Lüge~A_TARGET_VIBE~2,Beichte~A_TARGET_VIBE~2,Wort~A_TARGET_VIBE~3"
Ausgleich,3,12,Gefühle & Abstraktes,6,"Waage~A_TARGET_VIBE~2,Pendeln~A_TARGET_VIBE~3,Gegenpol~A_TARGET_VIBE~2,Yoga~A_TARGET_VIBE~3,Pausen~A_TARGET_VIBE~3,Kompensation~A_TARGET_VIBE~2"
Ausdauer,4,12,Gefühle & Abstraktes,7,"Training~A_TARGET_VIBE~3,Marathon~A_TARGET_VIBE~3,Schritt~A_TARGET_VIBE~3,Kalender~A_TARGET_VIBE~3,Dranbleiben~A_TARGET_VIBE~3,Routine~A_TARGET_VIBE~3,Plan~A_TARGET_VIBE~3"
Autorität,3,9|12,Gesellschaft & Beruf|Gefühle & Abstraktes,6,"Büro~A_TARGET_VIBE~3,Uniform~A_TARGET_VIBE~2,Stempel~A_TARGET_VIBE~3,Anweisung~A_TARGET_VIBE~2,Chef~A_TARGET_VIBE~2,Amt~A_TARGET_VIBE~3"
Bangen,3,12,Gefühle & Abstraktes,6,"Warten~A_TARGET_VIBE~3,Herzklopfen~A_TARGET_VIBE~2,Nachricht~A_TARGET_VIBE~2,Zittern~A_TARGET_VIBE~2,Türspalt~A_TARGET_VIBE~3,Nacht~A_TARGET_VIBE~3"
Bangigkeit,4,12,Gefühle & Abstraktes,7,"Herzklopfen~A_TARGET_VIBE~3,Nachricht~A_TARGET_VIBE~3,Türspalt~A_TARGET_VIBE~3,Zittern~A_TARGET_VIBE~3,Warten~A_TARGET_VIBE~3,Nacht~A_TARGET_VIBE~3,Schatten~A_TARGET_VIBE~4"
Barmherzigkeit,3,12,Gefühle & Abstraktes,6,"Pflege~A_TARGET_VIBE~2,Herz~A_TARGET_VIBE~3,Hand~A_TARGET_VIBE~2,Trösten~A_TARGET_VIBE~2,Spende~A_TARGET_VIBE~3,Helfen~A_TARGET_VIBE~3"
Bedauern,2,12,Gefühle & Abstraktes,5,"Rückblick~A_TARGET_VIBE~2,Entschuldigung~A_TARGET_VIBE~2,Fehler~A_TARGET_VIBE~2,Hätte~A_TARGET_VIBE~2,Seufzer~A_TARGET_VIBE~2"
Bedrohung,3,12,Gefühle & Abstraktes,6,"Keller~A_TARGET_VIBE~2,Schatten~A_TARGET_VIBE~2,Alarm~A_TARGET_VIBE~3,Flucht~A_TARGET_VIBE~3,Zittern~A_TARGET_VIBE~3,Herzrasen~A_TARGET_VIBE~2"
Bedürfnis,2,12,Gefühle & Abstraktes,5,"Schlaf~A_TARGET_VIBE~2,Pause~A_TARGET_VIBE~2,Durst~A_TARGET_VIBE~2,Wärme~A_TARGET_VIBE~2,Nähe~A_TARGET_VIBE~2"
Befangenheit,3,12,Gefühle & Abstraktes,6,"Schweigen~A_TARGET_VIBE~2,Erröten~A_TARGET_VIBE~2,Smalltalk~A_TARGET_VIBE~2,Kragen~A_TARGET_VIBE~3,Kinn~A_TARGET_VIBE~3,Stottern~A_TARGET_VIBE~3"
Befreiung,3,12,Gefühle & Abstraktes,6,"Aufatmen~A_TARGET_VIBE~3,Schlüssel~A_TARGET_VIBE~3,Flügel~A_TARGET_VIBE~2,Ketten~A_TARGET_VIBE~3,Weite~A_TARGET_VIBE~2,Fenster~A_TARGET_VIBE~2"
Befremden,4,12,Gefühle & Abstraktes,7,"Wow~A_TARGET_VIBE~3,Sprachlos~A_TARGET_VIBE~3,Blitz~A_TARGET_VIBE~3,Blinzeln~A_TARGET_VIBE~3,Stirnrunzeln~A_TARGET_VIBE~3,Fragezeichen~A_TARGET_VIBE~3,Blick~A_TARGET_VIBE~4"
Befriedigung,3,12,Gefühle & Abstraktes,6,"Aufatmen~A_TARGET_VIBE~2,Schlüssel~A_TARGET_VIBE~3,Pause~A_TARGET_VIBE~3,Schultern~A_TARGET_VIBE~3,Lächeln~A_TARGET_VIBE~2,Last~A_TARGET_VIBE~3"
Befürchtung,3,12,Gefühle & Abstraktes,6,"Schwarzmalerei~A_TARGET_VIBE~3,Telefon~A_TARGET_VIBE~2,Checkliste~A_TARGET_VIBE~2,Magen~A_TARGET_VIBE~3,Nachricht~A_TARGET_VIBE~3,Warten~A_TARGET_VIBE~2"
Begehren,4,12,Gefühle & Abstraktes,7,"Glut~A_TARGET_VIBE~3,Verboten~A_TARGET_VIBE~4,Pulsschlag~A_TARGET_VIBE~3,Blick~A_TARGET_VIBE~3,Kuss~A_TARGET_VIBE~3,Nacht~A_TARGET_VIBE~3,Schokolade~A_TARGET_VIBE~3"
Behagen,2,12,Gefühle & Abstraktes,5,"Kerze~A_TARGET_VIBE~2,Kissen~A_TARGET_VIBE~2,Tee~A_TARGET_VIBE~2,Decke~A_TARGET_VIBE~2,Wärme~A_TARGET_VIBE~2"
Beharrlichkeit,4,12,Gefühle & Abstraktes,7,"Training~A_TARGET_VIBE~3,Kalender~A_TARGET_VIBE~3,Routine~A_TARGET_VIBE~3,Haken~A_TARGET_VIBE~3,Marathon~A_TARGET_VIBE~3,Dranbleiben~A_TARGET_VIBE~3,Plan~A_TARGET_VIBE~3"
Beherrschung,4,12,Gefühle & Abstraktes,7,"Bremse~A_TARGET_VIBE~3,Atmen~A_TARGET_VIBE~3,Disziplin~A_TARGET_VIBE~4,Hand~A_TARGET_VIBE~3,Zähne~A_TARGET_VIBE~3,Impuls~A_TARGET_VIBE~3,Stille~A_TARGET_VIBE~3"
Beleidigung,3,12,Gefühle & Abstraktes,6,"Kälte~A_TARGET_VIBE~2,Wunde~A_TARGET_VIBE~3,Blick~A_TARGET_VIBE~2,Tränen~A_TARGET_VIBE~3,Stich~A_TARGET_VIBE~2,Schweigen~A_TARGET_VIBE~2"
Belustigung,2,12,Gefühle & Abstraktes,5,"Grinsen~A_TARGET_VIBE~2,Konfetti~A_TARGET_VIBE~2,Witz~A_TARGET_VIBE~2,Lachen~A_TARGET_VIBE~2,Party~A_TARGET_VIBE~2"
Bemerken,2,12,Gefühle & Abstraktes,5,"Blick~A_TARGET_VIBE~2,Signal~A_TARGET_VIBE~2,Zeichen~A_TARGET_VIBE~2,Geräusch~A_TARGET_VIBE~2,Brille~A_TARGET_VIBE~2"
Bedenken,3,12,Gefühle & Abstraktes,6,"Grübeln~A_TARGET_VIBE~2,Warnung~A_TARGET_VIBE~2,Schlaflos~A_TARGET_VIBE~3,Magen~A_TARGET_VIBE~2,Telefon~A_TARGET_VIBE~3,Checkliste~A_TARGET_VIBE~2"
Beobachtung,2,12,Gefühle & Abstraktes,5,"Blick~A_TARGET_VIBE~2,Notiz~A_TARGET_VIBE~2,Lupe~A_TARGET_VIBE~2,Spuren~A_TARGET_VIBE~2,Still~A_TARGET_VIBE~2"
Berechtigung,3,9|12,Gesellschaft & Beruf|Gefühle & Abstraktes,6,"Stempel~A_TARGET_VIBE~3,Pass~A_TARGET_VIBE~3,Unterschrift~A_TARGET_VIBE~3,Schlüssel~A_TARGET_VIBE~2,Freigabe~A_TARGET_VIBE~3,Okay~A_TARGET_VIBE~2"
Bereitschaft,2,12,Gefühle & Abstraktes,5,"Nick~A_TARGET_VIBE~2,Start~A_TARGET_VIBE~2,Loslegen~A_TARGET_VIBE~2,Helm~A_TARGET_VIBE~2,Okay~A_TARGET_VIBE~2"
Beruhigung,2,12,Gefühle & Abstraktes,5,"Badewanne~A_TARGET_VIBE~2,Kerze~A_TARGET_VIBE~2,Sofa~A_TARGET_VIBE~2,Massage~A_TARGET_VIBE~2,Ausatmen~A_TARGET_VIBE~2"
Bescheidenheit,3,12,Gefühle & Abstraktes,6,"Bodenständig~A_TARGET_VIBE~2,Verzicht~A_TARGET_VIBE~2,Schlicht~A_TARGET_VIBE~3,Tiefstapeln~A_TARGET_VIBE~3,Dank~A_TARGET_VIBE~3,Leise~A_TARGET_VIBE~2"
Besessenheit,4,12,Gefühle & Abstraktes,7,"Ritual~A_TARGET_VIBE~3,Sammlung~A_TARGET_VIBE~3,Gedankenspirale~A_TARGET_VIBE~3,Kontrolle~A_TARGET_VIBE~3,Sucht~A_TARGET_VIBE~3,Zwang~A_TARGET_VIBE~3,Dauerschleife~A_TARGET_VIBE~4"
Besinnung,3,12,Gefühle & Abstraktes,6,"Tagebuch~A_TARGET_VIBE~3,Spiegel~A_TARGET_VIBE~2,Still~A_TARGET_VIBE~3,Frage~A_TARGET_VIBE~2,Pause~A_TARGET_VIBE~2,Kerze~A_TARGET_VIBE~3"
Besonnenheit,3,12,Gefühle & Abstraktes,6,"Abwägen~A_TARGET_VIBE~2,Tee~A_TARGET_VIBE~2,Atem~A_TARGET_VIBE~2,Langsam~A_TARGET_VIBE~3,Pause~A_TARGET_VIBE~3,Ruhe~A_TARGET_VIBE~3"
Bestürzung,4,12,Gefühle & Abstraktes,7,"Stille~A_TARGET_VIBE~4,Schock~A_TARGET_VIBE~3,Kälte~A_TARGET_VIBE~3,Nachricht~A_TARGET_VIBE~3,Blinzeln~A_TARGET_VIBE~3,Sprachlos~A_TARGET_VIBE~3,Wow~A_TARGET_VIBE~3"
Betroffenheit,3,12,Gefühle & Abstraktes,6,"Tränen~A_TARGET_VIBE~3,Nachricht~A_TARGET_VIBE~2,Stille~A_TARGET_VIBE~2,Herz~A_TARGET_VIBE~3,Blick~A_TARGET_VIBE~2,Schulter~A_TARGET_VIBE~3"
Beunruhigung,3,12,Gefühle & Abstraktes,6,"Schlaflos~A_TARGET_VIBE~2,Panik~A_TARGET_VIBE~2,Warnung~A_TARGET_VIBE~2,Grübeln~A_TARGET_VIBE~2,Nachricht~A_TARGET_VIBE~3,Magen~A_TARGET_VIBE~3"
Bewältigung,4,12,Gefühle & Abstraktes,7,"Hürde~A_TARGET_VIBE~4,Schritt~A_TARGET_VIBE~3,Plan~A_TARGET_VIBE~3,Atmen~A_TARGET_VIBE~3,Rückblick~A_TARGET_VIBE~3,Therapie~A_TARGET_VIBE~3,Blick~A_TARGET_VIBE~3"
Bewunderung,2,12,Gefühle & Abstraktes,5,"Blick~A_TARGET_VIBE~2,Applaus~A_TARGET_VIBE~2,Idol~A_TARGET_VIBE~2,Stern~A_TARGET_VIBE~2,Glanz~A_TARGET_VIBE~2"
Bewusstsein,3,12,Gefühle & Abstraktes,6,"Therapie~A_TARGET_VIBE~3,Innerlich~A_TARGET_VIBE~2,Stimme~A_TARGET_VIBE~3,Nacht~A_TARGET_VIBE~2,Spiegel~A_TARGET_VIBE~2,Traum~A_TARGET_VIBE~3"
Bindung,3,12,Gefühle & Abstraktes,6,"Seil~A_TARGET_VIBE~3,Familie~A_TARGET_VIBE~2,Kleber~A_TARGET_VIBE~3,Rückhalt~A_TARGET_VIBE~3,Nähe~A_TARGET_VIBE~2,Knoten~A_TARGET_VIBE~2"
Bitterkeit,4,12,Gefühle & Abstraktes,7,"Nachgeschmack~A_TARGET_VIBE~3,Spott~A_TARGET_VIBE~3,Zunge~A_TARGET_VIBE~3,Galle~A_TARGET_VIBE~3,Kälte~A_TARGET_VIBE~3,Groll~A_TARGET_VIBE~3,Blick~A_TARGET_VIBE~3"
Blamage,3,12,Gefühle & Abstraktes,6,"Publikum~A_TARGET_VIBE~3,Panne~A_TARGET_VIBE~2,Blick~A_TARGET_VIBE~3,Erröten~A_TARGET_VIBE~3,Schweiß~A_TARGET_VIBE~2,Stolpern~A_TARGET_VIBE~2"
Bosheit,4,12,Gefühle & Abstraktes,7,"Intrige~A_TARGET_VIBE~3,Gift~A_TARGET_VIBE~3,Schadenfreude~A_TARGET_VIBE~3,Sticheln~A_TARGET_VIBE~3,Spott~A_TARGET_VIBE~3,Kälte~A_TARGET_VIBE~3,Blick~A_TARGET_VIBE~3"
Chaos,2,12,Gefühle & Abstraktes,5,"Zettel~A_TARGET_VIBE~2,Zickzack~A_TARGET_VIBE~2,Suchen~A_TARGET_VIBE~2,Lärm~A_TARGET_VIBE~2,Stapel~A_TARGET_VIBE~2"
Dankbarkeit,2,9|12,Gesellschaft & Beruf|Gefühle & Abstraktes,5,"Geschenk~A_TARGET_VIBE~2,Blumen~A_TARGET_VIBE~2,Lächeln~A_TARGET_VIBE~2,Brief~A_TARGET_VIBE~2,Hilfe~A_TARGET_VIBE~2"
Denken,2,12,Gefühle & Abstraktes,5,"Notiz~A_TARGET_VIBE~2,Plan~A_TARGET_VIBE~2,Buch~A_TARGET_VIBE~2,Skizze~A_TARGET_VIBE~2,Kopf~A_TARGET_VIBE~2"
Depression,5,12,Gefühle & Abstraktes,8,"Grauton~A_TARGET_VIBE~3,Decke~A_TARGET_VIBE~3,Leere~A_TARGET_VIBE~3,Schlaflos~A_TARGET_VIBE~3,Tränen~A_TARGET_VIBE~3,Einsamkeit~A_TARGET_VIBE~3,Seufzer~A_TARGET_VIBE~4,Nacht~A_TARGET_VIBE~3"
Diskretion,3,9|12,Gesellschaft & Beruf|Gefühle & Abstraktes,6,"Geheimnis~A_TARGET_VIBE~3,Vorhang~A_TARGET_VIBE~3,Schlüsselloch~A_TARGET_VIBE~2,Flüstern~A_TARGET_VIBE~2,Hinterzimmer~A_TARGET_VIBE~3,Vertrauen~A_TARGET_VIBE~3"
Disziplin,4,12,Gefühle & Abstraktes,7,"Routine~A_TARGET_VIBE~3,Kalender~A_TARGET_VIBE~3,Plan~A_TARGET_VIBE~3,Training~A_TARGET_VIBE~3,Haken~A_TARGET_VIBE~3,Dranbleiben~A_TARGET_VIBE~3,Schritt~A_TARGET_VIBE~4"
Distanz,2,12,Gefühle & Abstraktes,5,"Abstand~A_TARGET_VIBE~2,Schweigen~A_TARGET_VIBE~2,Leere~A_TARGET_VIBE~2,Mauer~A_TARGET_VIBE~2,Offline~A_TARGET_VIBE~2"
Egoismus,4,12,Gefühle & Abstraktes,7,"Beute~A_TARGET_VIBE~3,Ich~A_TARGET_VIBE~3,Spiegel~A_TARGET_VIBE~3,Vorteil~A_TARGET_VIBE~3,Forderung~A_TARGET_VIBE~3,Konkurrenz~A_TARGET_VIBE~3,Blick~A_TARGET_VIBE~3"
Ehrgeiz,4,12,Gefühle & Abstraktes,7,"Rangliste~A_TARGET_VIBE~3,Erfolg~A_TARGET_VIBE~4,Karriere~A_TARGET_VIBE~3,Wettkampf~A_TARGET_VIBE~3,Training~A_TARGET_VIBE~3,Ziel~A_TARGET_VIBE~3,Plan~A_TARGET_VIBE~3"
Ehrlichkeit,3,9|12,Gesellschaft & Beruf|Gefühle & Abstraktes,6,"Zeugnis~A_TARGET_VIBE~3,Geradeaus~A_TARGET_VIBE~2,Beichte~A_TARGET_VIBE~3,Geständnis~A_TARGET_VIBE~2,Wort~A_TARGET_VIBE~2,Lüge~A_TARGET_VIBE~3"
Eifersucht,4,12,Gefühle & Abstraktes,7,"Kontrolle~A_TARGET_VIBE~3,Vergleich~A_TARGET_VIBE~4,Rivale~A_TARGET_VIBE~3,Blick~A_TARGET_VIBE~3,Status~A_TARGET_VIBE~3,Instagram~A_TARGET_VIBE~3,Misstrauen~A_TARGET_VIBE~3"
Einbildung,3,12,Gefühle & Abstraktes,6,"Trugbild~A_TARGET_VIBE~2,Maske~A_TARGET_VIBE~2,Nebel~A_TARGET_VIBE~2,Ausrede~A_TARGET_VIBE~3,Spiegel~A_TARGET_VIBE~3,Trick~A_TARGET_VIBE~3"
Einfluss,3,9|12,Gesellschaft & Beruf|Gefühle & Abstraktes,6,"Fäden~A_TARGET_VIBE~2,Hebel~A_TARGET_VIBE~3,Lobby~A_TARGET_VIBE~3,Netzwerk~A_TARGET_VIBE~2,Bühne~A_TARGET_VIBE~2,Chef~A_TARGET_VIBE~3"
Einfühlung,3,12,Gefühle & Abstraktes,6,"Tränen~A_TARGET_VIBE~3,Zuhören~A_TARGET_VIBE~3,Herz~A_TARGET_VIBE~2,Perspektive~A_TARGET_VIBE~2,Therapie~A_TARGET_VIBE~2,Umarmung~A_TARGET_VIBE~2"
Einigkeit,3,9|12,Gesellschaft & Beruf|Gefühle & Abstraktes,6,"Miteinander~A_TARGET_VIBE~3,Handschlag~A_TARGET_VIBE~3,Chor~A_TARGET_VIBE~2,Frieden~A_TARGET_VIBE~2,Brücke~A_TARGET_VIBE~3,Gleichklang~A_TARGET_VIBE~3"
Einsicht,3,12,Gefühle & Abstraktes,6,"Aha~A_TARGET_VIBE~3,Puzzle~A_TARGET_VIBE~2,Brille~A_TARGET_VIBE~2,Lampe~A_TARGET_VIBE~2,Buch~A_TARGET_VIBE~2,Schlüssel~A_TARGET_VIBE~3"
Elend,4,12,Gefühle & Abstraktes,7,"Brot~A_TARGET_VIBE~3,Einsamkeit~A_TARGET_VIBE~3,Tränen~A_TARGET_VIBE~3,Nacht~A_TARGET_VIBE~3,Kälte~A_TARGET_VIBE~3,Straße~A_TARGET_VIBE~3,Leere~A_TARGET_VIBE~3"
Energie,2,12,Gefühle & Abstraktes,5,"Batterie~A_TARGET_VIBE~2,Koffein~A_TARGET_VIBE~2,Akku~A_TARGET_VIBE~2,Laufen~A_TARGET_VIBE~2,Adrenalin~A_TARGET_VIBE~2"
Entbehrung,4,12,Gefühle & Abstraktes,7,"Ration~A_TARGET_VIBE~3,Sparen~A_TARGET_VIBE~3,Durst~A_TARGET_VIBE~3,Kälte~A_TARGET_VIBE~3,Zelt~A_TARGET_VIBE~3,Fasten~A_TARGET_VIBE~3,Blick~A_TARGET_VIBE~3"
Entfremdung,4,12,Gefühle & Abstraktes,7,"Mauer~A_TARGET_VIBE~3,Schweigen~A_TARGET_VIBE~3,Abstand~A_TARGET_VIBE~3,Fremd~A_TARGET_VIBE~3,Kälte~A_TARGET_VIBE~3,Leere~A_TARGET_VIBE~3,Schatten~A_TARGET_VIBE~3"
Enthemmung,4,12,Gefühle & Abstraktes,7,"Grenzlos~A_TARGET_VIBE~3,Tanz~A_TARGET_VIBE~3,Party~A_TARGET_VIBE~3,Grenzen~A_TARGET_VIBE~3,Kicher~A_TARGET_VIBE~3,Laut~A_TARGET_VIBE~3,Blick~A_TARGET_VIBE~3"
Entmutigung,4,12,Gefühle & Abstraktes,7,"Grauton~A_TARGET_VIBE~3,Seufzen~A_TARGET_VIBE~3,Niederlage~A_TARGET_VIBE~3,Abbruch~A_TARGET_VIBE~3,Schulter~A_TARGET_VIBE~3,Regen~A_TARGET_VIBE~3,Blick~A_TARGET_VIBE~4"
Entschlossenheit,3,12,Gefühle & Abstraktes,6,"Durchziehen~A_TARGET_VIBE~3,Fokus~A_TARGET_VIBE~2,Knoten~A_TARGET_VIBE~2,Biss~A_TARGET_VIBE~3,Start~A_TARGET_VIBE~3,Ziel~A_TARGET_VIBE~2"
Enttäuschung,2,12,Gefühle & Abstraktes,5,"Platzen~A_TARGET_VIBE~2,Tränen~A_TARGET_VIBE~2,Absage~A_TARGET_VIBE~2,Leere~A_TARGET_VIBE~2,Erwartung~A_TARGET_VIBE~2"
Entwicklung,3,12,Gefühle & Abstraktes,6,"Version~A_TARGET_VIBE~3,Schritt~A_TARGET_VIBE~2,Baustelle~A_TARGET_VIBE~3,Kurve~A_TARGET_VIBE~2,Wachstum~A_TARGET_VIBE~2,Ausbau~A_TARGET_VIBE~3"
Entzücken,4,12,Gefühle & Abstraktes,7,"Blumen~A_TARGET_VIBE~3,Jubel~A_TARGET_VIBE~3,Lächeln~A_TARGET_VIBE~3,Tränen~A_TARGET_VIBE~3,Glitzer~A_TARGET_VIBE~3,Herz~A_TARGET_VIBE~3,Blick~A_TARGET_VIBE~3"
Erfolg,2,12,Gefühle & Abstraktes,5,"Trophäe~A_TARGET_VIBE~2,Urkunde~A_TARGET_VIBE~2,Feier~A_TARGET_VIBE~2,Haken~A_TARGET_VIBE~2,Podest~A_TARGET_VIBE~2"
Erfüllung,3,12,Gefühle & Abstraktes,6,"Bilanz~A_TARGET_VIBE~3,Ruhe~A_TARGET_VIBE~2,Lächeln~A_TARGET_VIBE~2,Kern~A_TARGET_VIBE~2,Ziel~A_TARGET_VIBE~3,Haken~A_TARGET_VIBE~2"
Ergriffenheit,4,12,Gefühle & Abstraktes,7,"Tränen~A_TARGET_VIBE~3,Blick~A_TARGET_VIBE~3,Blumen~A_TARGET_VIBE~3,Jubel~A_TARGET_VIBE~3,Herz~A_TARGET_VIBE~3,Glitzer~A_TARGET_VIBE~3,Lächeln~A_TARGET_VIBE~3"
Erkenntnis,3,12,Gefühle & Abstraktes,6,"Aha~A_TARGET_VIBE~2,Schlüssel~A_TARGET_VIBE~2,Lampe~A_TARGET_VIBE~2,Puzzle~A_TARGET_VIBE~2,Brille~A_TARGET_VIBE~3,Buch~A_TARGET_VIBE~3"
Erlaubnis,2,9|12,Gesellschaft & Beruf|Gefühle & Abstraktes,5,"Unterschrift~A_TARGET_VIBE~2,Okay~A_TARGET_VIBE~2,Stempel~A_TARGET_VIBE~2,Freigabe~A_TARGET_VIBE~2,Schlüssel~A_TARGET_VIBE~2"
Erleichterung,2,12,Gefühle & Abstraktes,5,"Lächeln~A_TARGET_VIBE~2,Schultern~A_TARGET_VIBE~2,Pause~A_TARGET_VIBE~2,Aufatmen~A_TARGET_VIBE~2,Last~A_TARGET_VIBE~2"
Ermunterung,2,12,Gefühle & Abstraktes,5,"Start~A_TARGET_VIBE~2,Daumen~A_TARGET_VIBE~2,Lob~A_TARGET_VIBE~2,Zuschauer~A_TARGET_VIBE~2,Trainer~A_TARGET_VIBE~2"
Ernüchterung,3,12,Gefühle & Abstraktes,6,"Morgen~A_TARGET_VIBE~3,Abkühlen~A_TARGET_VIBE~3,Kaffee~A_TARGET_VIBE~2,Grauton~A_TARGET_VIBE~2,Nüchtern~A_TARGET_VIBE~3,Fakten~A_TARGET_VIBE~2"
Ernst,2,12,Gefühle & Abstraktes,5,"Anzug~A_TARGET_VIBE~2,Protokoll~A_TARGET_VIBE~2,Stirnfalte~A_TARGET_VIBE~2,Sitzung~A_TARGET_VIBE~2,Miene~A_TARGET_VIBE~2"
Erschöpfung,3,7|12,Wissenschaft & Medizin|Gefühle & Abstraktes,6,"Pause~A_TARGET_VIBE~3,Gähnen~A_TARGET_VIBE~2,Bett~A_TARGET_VIBE~2,Augenringe~A_TARGET_VIBE~3,Schweiß~A_TARGET_VIBE~3,Kaffee~A_TARGET_VIBE~3"
Erschütterung,4,12,Gefühle & Abstraktes,7,"Nachricht~A_TARGET_VIBE~3,Schock~A_TARGET_VIBE~4,Blinzeln~A_TARGET_VIBE~3,Kälte~A_TARGET_VIBE~3,Sprachlos~A_TARGET_VIBE~3,Stille~A_TARGET_VIBE~3,Zittern~A_TARGET_VIBE~3"
Euphorie,4,12,Gefühle & Abstraktes,7,"Feier~A_TARGET_VIBE~3,Konfetti~A_TARGET_VIBE~3,Musik~A_TARGET_VIBE~3,Jubel~A_TARGET_VIBE~3,Adrenalin~A_TARGET_VIBE~3,Grinsen~A_TARGET_VIBE~3,Lachen~A_TARGET_VIBE~3"
Existenz,3,12,Gefühle & Abstraktes,6,"Atmen~A_TARGET_VIBE~3,Alltag~A_TARGET_VIBE~2,Konto~A_TARGET_VIBE~2,Brot~A_TARGET_VIBE~2,Wurzeln~A_TARGET_VIBE~3,Miete~A_TARGET_VIBE~3"
Fairness,3,9|12,Gesellschaft & Beruf|Gefühle & Abstraktes,6,"Aufrecht~A_TARGET_VIBE~2,Orden~A_TARGET_VIBE~2,Ehrensache~A_TARGET_VIBE~2,Ruf~A_TARGET_VIBE~2,Zeremonie~A_TARGET_VIBE~3,Fahne~A_TARGET_VIBE~3"
Fantasie,3,4|12,Kultur & Kunst|Gefühle & Abstraktes,6,"Notizbuch~A_TARGET_VIBE~2,Pinsel~A_TARGET_VIBE~3,Skizze~A_TARGET_VIBE~2,Farben~A_TARGET_VIBE~3,Funken~A_TARGET_VIBE~3,Bühne~A_TARGET_VIBE~2"
Faszination,3,12,Gefühle & Abstraktes,6,"Magnet~A_TARGET_VIBE~3,Glanz~A_TARGET_VIBE~2,Sog~A_TARGET_VIBE~2,Staunen~A_TARGET_VIBE~3,Krimi~A_TARGET_VIBE~2,Blick~A_TARGET_VIBE~3"
Faulheit,2,12,Gefühle & Abstraktes,5,"Gähnen~A_TARGET_VIBE~2,Sofa~A_TARGET_VIBE~2,Kissen~A_TARGET_VIBE~2,Leerlauf~A_TARGET_VIBE~2,Fernbedienung~A_TARGET_VIBE~2"
Feigheit,3,12,Gefühle & Abstraktes,6,"Ducken~A_TARGET_VIBE~2,Verstecken~A_TARGET_VIBE~3,Ausrede~A_TARGET_VIBE~3,Flucht~A_TARGET_VIBE~2,Schatten~A_TARGET_VIBE~2,Knie~A_TARGET_VIBE~3"
Fernweh,3,3|12,Orte & Reisen|Gefühle & Abstraktes,6,"Rucksack~A_TARGET_VIBE~3,Koffer~A_TARGET_VIBE~2,Fensterplatz~A_TARGET_VIBE~2,Landkarte~A_TARGET_VIBE~3,Weite~A_TARGET_VIBE~3,Heimat~A_TARGET_VIBE~2"
Fleiß,3,12,Gefühle & Abstraktes,6,"Schreibtisch~A_TARGET_VIBE~3,Bücher~A_TARGET_VIBE~2,To-do~A_TARGET_VIBE~3,Frühauf~A_TARGET_VIBE~2,Haken~A_TARGET_VIBE~2,Routine~A_TARGET_VIBE~3"
Flüstern,2,12,Gefühle & Abstraktes,5,"Ohr~A_TARGET_VIBE~2,Kirche~A_TARGET_VIBE~2,Vorhang~A_TARGET_VIBE~2,Nacht~A_TARGET_VIBE~2,Leise~A_TARGET_VIBE~2"
Fortschritt,3,12,Gefühle & Abstraktes,6,"Wachstum~A_TARGET_VIBE~3,Kurve~A_TARGET_VIBE~2,Schritt~A_TARGET_VIBE~2,Version~A_TARGET_VIBE~3,Baustelle~A_TARGET_VIBE~3,Ausbau~A_TARGET_VIBE~2"
Freude,1,12,Gefühle & Abstraktes,4,"Lachen~A_TARGET_VIBE~2,Feier~A_TARGET_VIBE~2,Konfetti~A_TARGET_VIBE~2,Jubel~A_TARGET_VIBE~2"
Freundlichkeit,2,9|12,Gesellschaft & Beruf|Gefühle & Abstraktes,5,"Lächeln~A_TARGET_VIBE~2,Gruß~A_TARGET_VIBE~2,Danke~A_TARGET_VIBE~2,Kaffee~A_TARGET_VIBE~2,Hand~A_TARGET_VIBE~2"
Frieden,2,9|12,Gesellschaft & Beruf|Gefühle & Abstraktes,5,"Taube~A_TARGET_VIBE~2,Mediation~A_TARGET_VIBE~2,Umarmung~A_TARGET_VIBE~2,Kompromiss~A_TARGET_VIBE~2,Brücke~A_TARGET_VIBE~2"
Friedfertigkeit,3,9|12,Gesellschaft & Beruf|Gefühle & Abstraktes,6,"Taube~A_TARGET_VIBE~2,Umarmung~A_TARGET_VIBE~2,Stille~A_TARGET_VIBE~2,Kompromiss~A_TARGET_VIBE~2,Brücke~A_TARGET_VIBE~3,Mediation~A_TARGET_VIBE~3"
Fürsorge,3,9|12,Gesellschaft & Beruf|Gefühle & Abstraktes,6,"Ehrenamt~A_TARGET_VIBE~2,Trösten~A_TARGET_VIBE~2,Patenschaft~A_TARGET_VIBE~2,Umarmung~A_TARGET_VIBE~2,Pflege~A_TARGET_VIBE~3,Spende~A_TARGET_VIBE~3"
Gefahr,2,12,Gefühle & Abstraktes,5,"Warnschild~A_TARGET_VIBE~2,Alarm~A_TARGET_VIBE~2,Notausgang~A_TARGET_VIBE~2,Helm~A_TARGET_VIBE~2,Schloss~A_TARGET_VIBE~2"
Gefühl,2,12,Gefühle & Abstraktes,5,"Herz~A_TARGET_VIBE~2,Bauch~A_TARGET_VIBE~2,Gänsehaut~A_TARGET_VIBE~2,Tränen~A_TARGET_VIBE~2,Nerv~A_TARGET_VIBE~2"
Gedächtnis,3,12,Gefühle & Abstraktes,6,"Kalender~A_TARGET_VIBE~3,Fotoalbum~A_TARGET_VIBE~3,Rückblende~A_TARGET_VIBE~2,Name~A_TARGET_VIBE~2,Notiz~A_TARGET_VIBE~2,Schublade~A_TARGET_VIBE~3"
Geduld,2,12,Gefühle & Abstraktes,5,"Zählen~A_TARGET_VIBE~2,Warten~A_TARGET_VIBE~2,Uhr~A_TARGET_VIBE~2,Ampel~A_TARGET_VIBE~2,Schlange~A_TARGET_VIBE~2"
Gedanke,2,12,Gefühle & Abstraktes,5,"Kopf~A_TARGET_VIBE~2,Plan~A_TARGET_VIBE~2,Skizze~A_TARGET_VIBE~2,Notiz~A_TARGET_VIBE~2,Buch~A_TARGET_VIBE~2"
Gegenwart,2,12,Gefühle & Abstraktes,5,"Namensliste~A_TARGET_VIBE~2,Check-in~A_TARGET_VIBE~2,Meeting~A_TARGET_VIBE~2,Stuhl~A_TARGET_VIBE~2,Klassenraum~A_TARGET_VIBE~2"
Gelassenheit,2,12,Gefühle & Abstraktes,5,"Atem~A_TARGET_VIBE~2,Ruhe~A_TARGET_VIBE~2,Zuversicht~A_TARGET_VIBE~2,Entspannt~A_TARGET_VIBE~2,Lächeln~A_TARGET_VIBE~2"
Genugtuung,3,12,Gefühle & Abstraktes,6,"Bilanz~A_TARGET_VIBE~3,Kern~A_TARGET_VIBE~2,Haken~A_TARGET_VIBE~2,Lächeln~A_TARGET_VIBE~2,Ziel~A_TARGET_VIBE~3,Ruhe~A_TARGET_VIBE~3"
Genuss,2,12,Gefühle & Abstraktes,5,"Sauna~A_TARGET_VIBE~2,Schokolade~A_TARGET_VIBE~2,Kaffee~A_TARGET_VIBE~2,Duft~A_TARGET_VIBE~2,Sonnenbad~A_TARGET_VIBE~2"
Genügsamkeit,3,12,Gefühle & Abstraktes,6,"Cent~A_TARGET_VIBE~3,Verzicht~A_TARGET_VIBE~2,Sparen~A_TARGET_VIBE~2,Kasse~A_TARGET_VIBE~3,Portemonnaie~A_TARGET_VIBE~3,Rabatt~A_TARGET_VIBE~2"
Gewissensbiss,4,12,Gefühle & Abstraktes,7,"Gewissen~A_TARGET_VIBE~3,Beichte~A_TARGET_VIBE~3,Nacht~A_TARGET_VIBE~3,Entschuldigung~A_TARGET_VIBE~3,Erröten~A_TARGET_VIBE~3,Schuld~A_TARGET_VIBE~3,Kirche~A_TARGET_VIBE~4"
Gewissen,3,12,Gefühle & Abstraktes,6,"Kirche~A_TARGET_VIBE~2,Schuld~A_TARGET_VIBE~3,Beichte~A_TARGET_VIBE~3,Nacht~A_TARGET_VIBE~2,Stimme~A_TARGET_VIBE~3,Moral~A_TARGET_VIBE~2"
Gewissheit,2,12,Gefühle & Abstraktes,5,"Ja~A_TARGET_VIBE~2,Stempel~A_TARGET_VIBE~2,Beweis~A_TARGET_VIBE~2,Klar~A_TARGET_VIBE~2,Fakten~A_TARGET_VIBE~2"
Gewohnheit,3,12,Gefühle & Abstraktes,6,"Autopilot~A_TARGET_VIBE~2,Wecker~A_TARGET_VIBE~2,Weg~A_TARGET_VIBE~3,Ritual~A_TARGET_VIBE~3,Kalender~A_TARGET_VIBE~3,Kaffee~A_TARGET_VIBE~2"
Gier,4,12,Gefühle & Abstraktes,7,"Geld~A_TARGET_VIBE~3,Konkurrenz~A_TARGET_VIBE~3,Beute~A_TARGET_VIBE~3,Kasse~A_TARGET_VIBE~3,Mehr~A_TARGET_VIBE~3,Hunger~A_TARGET_VIBE~3,Blick~A_TARGET_VIBE~3"
Glaube,3,12,Gefühle & Abstraktes,6,"Geheimnis~A_TARGET_VIBE~3,Handschlag~A_TARGET_VIBE~2,Versprechen~A_TARGET_VIBE~2,Netz~A_TARGET_VIBE~3,Rückhalt~A_TARGET_VIBE~3,Zusage~A_TARGET_VIBE~3"
Gnade,4,12,Gefühle & Abstraktes,7,"Kirche~A_TARGET_VIBE~3,Richter~A_TARGET_VIBE~3,Tränen~A_TARGET_VIBE~3,Bitte~A_TARGET_VIBE~3,Hand~A_TARGET_VIBE~3,Vergebung~A_TARGET_VIBE~3,Blick~A_TARGET_VIBE~3"
Groll,4,12,Gefühle & Abstraktes,7,"Türknallen~A_TARGET_VIBE~3,Streit~A_TARGET_VIBE~3,Fluchen~A_TARGET_VIBE~3,Dampf~A_TARGET_VIBE~3,Krach~A_TARGET_VIBE~3,Fäuste~A_TARGET_VIBE~3,Rot~A_TARGET_VIBE~3"
Großzügigkeit,3,9|12,Gesellschaft & Beruf|Gefühle & Abstraktes,6,"Einladen~A_TARGET_VIBE~3,Trinkgeld~A_TARGET_VIBE~2,Geschenk~A_TARGET_VIBE~2,Geste~A_TARGET_VIBE~2,Spende~A_TARGET_VIBE~3,Portemonnaie~A_TARGET_VIBE~3"
Grundsatz,3,9|12,Gesellschaft & Beruf|Gefühle & Abstraktes,6,"Leitlinie~A_TARGET_VIBE~3,Kodex~A_TARGET_VIBE~2,Maßstab~A_TARGET_VIBE~3,Kompass~A_TARGET_VIBE~2,Richtwert~A_TARGET_VIBE~2,Moral~A_TARGET_VIBE~3"
Grübelei,3,12,Gefühle & Abstraktes,6,"Nacht~A_TARGET_VIBE~3,Fragen~A_TARGET_VIBE~3,Notiz~A_TARGET_VIBE~2,Kopf~A_TARGET_VIBE~3,Schlaflos~A_TARGET_VIBE~2,Kreis~A_TARGET_VIBE~2"
Grauen,4,12,Gefühle & Abstraktes,7,"Dunkel~A_TARGET_VIBE~3,Keller~A_TARGET_VIBE~3,Gänsehaut~A_TARGET_VIBE~3,Schrei~A_TARGET_VIBE~3,Schatten~A_TARGET_VIBE~3,Nacht~A_TARGET_VIBE~3,Blick~A_TARGET_VIBE~4"
Güte,2,12,Gefühle & Abstraktes,5,"Lächeln~A_TARGET_VIBE~2,Hand~A_TARGET_VIBE~2,Trösten~A_TARGET_VIBE~2,Helfen~A_TARGET_VIBE~2,Spende~A_TARGET_VIBE~2"
Harmonie,2,12,Gefühle & Abstraktes,5,"Gleichklang~A_TARGET_VIBE~2,Frieden~A_TARGET_VIBE~2,Miteinander~A_TARGET_VIBE~2,Brücke~A_TARGET_VIBE~2,Chor~A_TARGET_VIBE~2"
Hass,4,12,Gefühle & Abstraktes,7,"Gift~A_TARGET_VIBE~3,Fluchen~A_TARGET_VIBE~3,Feind~A_TARGET_VIBE~3,Streit~A_TARGET_VIBE~3,Blick~A_TARGET_VIBE~3,Groll~A_TARGET_VIBE~3,Dampf~A_TARGET_VIBE~4"
Heimweh,3,3|12,Orte & Reisen|Gefühle & Abstraktes,6,"Heimat~A_TARGET_VIBE~3,Landkarte~A_TARGET_VIBE~2,Koffer~A_TARGET_VIBE~2,Weite~A_TARGET_VIBE~3,Rucksack~A_TARGET_VIBE~3,Fensterplatz~A_TARGET_VIBE~2"
Hektik,2,12,Gefühle & Abstraktes,5,"Rennen~A_TARGET_VIBE~2,Telefon~A_TARGET_VIBE~2,Klingeln~A_TARGET_VIBE~2,Kalender~A_TARGET_VIBE~2,Stau~A_TARGET_VIBE~2"
Hemmung,3,12,Gefühle & Abstraktes,6,"Bremse~A_TARGET_VIBE~3,Schwelle~A_TARGET_VIBE~2,Scham~A_TARGET_VIBE~3,Zögern~A_TARGET_VIBE~2,Regel~A_TARGET_VIBE~3,Stop~A_TARGET_VIBE~2"
Hemmungslosigkeit,4,12,Gefühle & Abstraktes,7,"Grenzen~A_TARGET_VIBE~3,Grenzlos~A_TARGET_VIBE~3,Party~A_TARGET_VIBE~3,Laut~A_TARGET_VIBE~3,Kicher~A_TARGET_VIBE~3,Tanz~A_TARGET_VIBE~3,Blick~A_TARGET_VIBE~3"
Herzklopfen,2,7|12,Wissenschaft & Medizin|Gefühle & Abstraktes,5,"Puls~A_TARGET_VIBE~2,Schweiß~A_TARGET_VIBE~2,Adrenalin~A_TARGET_VIBE~2,Blick~A_TARGET_VIBE~2,Nacht~A_TARGET_VIBE~2"
Hilflosigkeit,4,12,Gefühle & Abstraktes,7,"Notruf~A_TARGET_VIBE~3,Wand~A_TARGET_VIBE~3,Dunkel~A_TARGET_VIBE~3,Knoten~A_TARGET_VIBE~3,Tränen~A_TARGET_VIBE~3,Schulter~A_TARGET_VIBE~3,Blick~A_TARGET_VIBE~3"
Hingabe,4,12,Gefühle & Abstraktes,7,"Treue~A_TARGET_VIBE~3,Herz~A_TARGET_VIBE~3,Zeit~A_TARGET_VIBE~3,Opfer~A_TARGET_VIBE~3,Dienst~A_TARGET_VIBE~3,Knie~A_TARGET_VIBE~3,Blick~A_TARGET_VIBE~4"
Hoffnung,2,12,Gefühle & Abstraktes,5,"Morgen~A_TARGET_VIBE~2,Anker~A_TARGET_VIBE~2,Stern~A_TARGET_VIBE~2,Licht~A_TARGET_VIBE~2,Wunsch~A_TARGET_VIBE~2"
Hochgefühl,4,12,Gefühle & Abstraktes,7,"Jubel~A_TARGET_VIBE~3,Glitzer~A_TARGET_VIBE~3,Lächeln~A_TARGET_VIBE~3,Herz~A_TARGET_VIBE~3,Tränen~A_TARGET_VIBE~3,Blumen~A_TARGET_VIBE~3,Blick~A_TARGET_VIBE~4"
Hochmut,4,12,Gefühle & Abstraktes,7,"Podest~A_TARGET_VIBE~3,Krone~A_TARGET_VIBE~3,Spiegel~A_TARGET_VIBE~4,Schulter~A_TARGET_VIBE~3,Oben~A_TARGET_VIBE~3,Applaus~A_TARGET_VIBE~3,Blick~A_TARGET_VIBE~3"
Humor,2,4|12,Kultur & Kunst|Gefühle & Abstraktes,5,"Witz~A_TARGET_VIBE~2,Pointe~A_TARGET_VIBE~2,Lachen~A_TARGET_VIBE~2,Comedy~A_TARGET_VIBE~2,Kitzeln~A_TARGET_VIBE~2"
Identität,3,12,Gefühle & Abstraktes,6,"Maske~A_TARGET_VIBE~3,Profil~A_TARGET_VIBE~2,Biografie~A_TARGET_VIBE~2,Ausweis~A_TARGET_VIBE~3,Spiegel~A_TARGET_VIBE~3,Name~A_TARGET_VIBE~2"
Illusion,4,12,Gefühle & Abstraktes,7,"Trugbild~A_TARGET_VIBE~3,Stern~A_TARGET_VIBE~3,Skizze~A_TARGET_VIBE~3,Luftschloss~A_TARGET_VIBE~3,Plakat~A_TARGET_VIBE~3,Entwurf~A_TARGET_VIBE~3,Träumerei~A_TARGET_VIBE~3"
Inbrunst,4,12,Gefühle & Abstraktes,7,"Pulsschlag~A_TARGET_VIBE~3,Nacht~A_TARGET_VIBE~3,Kuss~A_TARGET_VIBE~3,Glut~A_TARGET_VIBE~3,Blick~A_TARGET_VIBE~3,Verboten~A_TARGET_VIBE~3,Herz~A_TARGET_VIBE~4"
Inspiration,3,4|12,Kultur & Kunst|Gefühle & Abstraktes,6,"Skizze~A_TARGET_VIBE~2,Muse~A_TARGET_VIBE~3,Notizbuch~A_TARGET_VIBE~2,Kaffeepause~A_TARGET_VIBE~3,Funke~A_TARGET_VIBE~3,Geistesblitz~A_TARGET_VIBE~2"
Instinkt,3,12,Gefühle & Abstraktes,6,"Flair~A_TARGET_VIBE~2,Kribbeln~A_TARGET_VIBE~2,Zeichen~A_TARGET_VIBE~2,Bauchgefühl~A_TARGET_VIBE~2,Spürsinn~A_TARGET_VIBE~3,Vorzeichen~A_TARGET_VIBE~3"
Interesse,2,12,Gefühle & Abstraktes,5,"Lupe~A_TARGET_VIBE~2,Fragen~A_TARGET_VIBE~2,Buch~A_TARGET_VIBE~2,Entdecken~A_TARGET_VIBE~2,Klicken~A_TARGET_VIBE~2"
Ironie,3,4|12,Kultur & Kunst|Gefühle & Abstraktes,6,"Augendrehen~A_TARGET_VIBE~3,Kommentar~A_TARGET_VIBE~2,Bitter~A_TARGET_VIBE~2,Zwinkern~A_TARGET_VIBE~2,Spott~A_TARGET_VIBE~3,Tonfall~A_TARGET_VIBE~3"
Kälte,2,12,Gefühle & Abstraktes,5,"Frost~A_TARGET_VIBE~2,Mantel~A_TARGET_VIBE~2,Eis~A_TARGET_VIBE~2,Abstand~A_TARGET_VIBE~2,Fenster~A_TARGET_VIBE~2"
Klarheit,3,12,Gefühle & Abstraktes,6,"Fenster~A_TARGET_VIBE~2,Ordnung~A_TARGET_VIBE~3,Brille~A_TARGET_VIBE~3,Licht~A_TARGET_VIBE~2,Kopf~A_TARGET_VIBE~2,Beweis~A_TARGET_VIBE~3"
Kompass,2,12,Gefühle & Abstraktes,5,"Abzweig~A_TARGET_VIBE~2,Landkarte~A_TARGET_VIBE~2,Schilder~A_TARGET_VIBE~2,Plan~A_TARGET_VIBE~2,Stern~A_TARGET_VIBE~2"
Kompromiss,3,9|12,Gesellschaft & Beruf|Gefühle & Abstraktes,6,"Brücke~A_TARGET_VIBE~2,Miteinander~A_TARGET_VIBE~2,Verhandlung~A_TARGET_VIBE~3,Handschlag~A_TARGET_VIBE~3,Verein~A_TARGET_VIBE~2,Abstimmung~A_TARGET_VIBE~3"
Konkurrenz,3,9|12,Gesellschaft & Beruf|Gefühle & Abstraktes,6,"Rangliste~A_TARGET_VIBE~2,Kampf~A_TARGET_VIBE~3,Sprint~A_TARGET_VIBE~3,Finale~A_TARGET_VIBE~3,Punktestand~A_TARGET_VIBE~2,Karriere~A_TARGET_VIBE~2"
Konzept,3,12,Gefühle & Abstraktes,6,"Skizze~A_TARGET_VIBE~2,Notiz~A_TARGET_VIBE~3,Kopf~A_TARGET_VIBE~3,Plan~A_TARGET_VIBE~2,Buch~A_TARGET_VIBE~2,Frage~A_TARGET_VIBE~3"
Kontrolle,3,9|12,Gesellschaft & Beruf|Gefühle & Abstraktes,6,"Kamera~A_TARGET_VIBE~3,Schlüssel~A_TARGET_VIBE~2,Regeln~A_TARGET_VIBE~3,Hebel~A_TARGET_VIBE~2,Büro~A_TARGET_VIBE~3,Chef~A_TARGET_VIBE~2"
Kooperation,3,9|12,Gesellschaft & Beruf|Gefühle & Abstraktes,6,"Handschlag~A_TARGET_VIBE~2,Verhandlung~A_TARGET_VIBE~2,Team~A_TARGET_VIBE~3,Brücke~A_TARGET_VIBE~3,Miteinander~A_TARGET_VIBE~2,Abstimmung~A_TARGET_VIBE~3"
Kraft,2,12,Gefühle & Abstraktes,5,"Biss~A_TARGET_VIBE~2,Muskeln~A_TARGET_VIBE~2,Stand~A_TARGET_VIBE~2,Panzer~A_TARGET_VIBE~2,Rückenwind~A_TARGET_VIBE~2"
Kränkung,3,12,Gefühle & Abstraktes,6,"Tränen~A_TARGET_VIBE~2,Blick~A_TARGET_VIBE~2,Stich~A_TARGET_VIBE~3,Schweigen~A_TARGET_VIBE~3,Wunde~A_TARGET_VIBE~2,Kälte~A_TARGET_VIBE~3"
Kummer,2,12,Gefühle & Abstraktes,5,"Taschentuch~A_TARGET_VIBE~2,Tränen~A_TARGET_VIBE~2,Regen~A_TARGET_VIBE~2,Seufzer~A_TARGET_VIBE~2,Einsamkeit~A_TARGET_VIBE~2"
Langeweile,2,12,Gefühle & Abstraktes,5,"Uhr~A_TARGET_VIBE~2,Leerlauf~A_TARGET_VIBE~2,Gähnen~A_TARGET_VIBE~2,Sofa~A_TARGET_VIBE~2,Warten~A_TARGET_VIBE~2"
Laune,2,12,Gefühle & Abstraktes,5,"Kaffee~A_TARGET_VIBE~2,Montag~A_TARGET_VIBE~2,Musik~A_TARGET_VIBE~2,Lächeln~A_TARGET_VIBE~2,Regen~A_TARGET_VIBE~2"
Leichtigkeit,2,12,Gefühle & Abstraktes,5,"Feder~A_TARGET_VIBE~2,Ballon~A_TARGET_VIBE~2,Tanz~A_TARGET_VIBE~2,Sommer~A_TARGET_VIBE~2,Hängematte~A_TARGET_VIBE~2"
Leidenschaft,4,12,Gefühle & Abstraktes,7,"Glut~A_TARGET_VIBE~3,Blick~A_TARGET_VIBE~3,Nacht~A_TARGET_VIBE~3,Pulsschlag~A_TARGET_VIBE~3,Verboten~A_TARGET_VIBE~3,Kuss~A_TARGET_VIBE~3,Herz~A_TARGET_VIBE~4"
Leere,2,12,Gefühle & Abstraktes,5,"Schatten~A_TARGET_VIBE~2,Wartezimmer~A_TARGET_VIBE~2,Stille~A_TARGET_VIBE~2,Lücke~A_TARGET_VIBE~2,Offline~A_TARGET_VIBE~2"
Liebe,2,12,Gefühle & Abstraktes,5,"Kuss~A_TARGET_VIBE~2,Rosen~A_TARGET_VIBE~2,Herz~A_TARGET_VIBE~2,Nähe~A_TARGET_VIBE~2,Umarmung~A_TARGET_VIBE~2"
Logik,4,12|14,Gefühle & Abstraktes|Höhere Mathematik,7,"Schluss~A_TARGET_VIBE~3,Beweis~A_TARGET_VIBE~3,Diagramm~A_TARGET_VIBE~3,Regel~A_TARGET_VIBE~3,Formel~A_TARGET_VIBE~3,Argument~A_TARGET_VIBE~3,Statistik~A_TARGET_VIBE~4"
Loyalität,3,9|12,Gesellschaft & Beruf|Gefühle & Abstraktes,6,"Versprechen~A_TARGET_VIBE~2,Team~A_TARGET_VIBE~3,Pünktlich~A_TARGET_VIBE~2,Zusage~A_TARGET_VIBE~2,Dienst~A_TARGET_VIBE~3,Schlüsselbund~A_TARGET_VIBE~3"
Lüge,3,12,Gefühle & Abstraktes,6,"Maske~A_TARGET_VIBE~2,Alibi~A_TARGET_VIBE~2,Flüstern~A_TARGET_VIBE~2,Gericht~A_TARGET_VIBE~3,Blick~A_TARGET_VIBE~3,Ausrede~A_TARGET_VIBE~3"
Macht,3,9|12,Gesellschaft & Beruf|Gefühle & Abstraktes,6,"Chef~A_TARGET_VIBE~3,Büro~A_TARGET_VIBE~3,Schlüssel~A_TARGET_VIBE~2,Hebel~A_TARGET_VIBE~2,Regeln~A_TARGET_VIBE~3,Kamera~A_TARGET_VIBE~3"
Melancholie,4,12,Gefühle & Abstraktes,7,"Tränen~A_TARGET_VIBE~3,Einsamkeit~A_TARGET_VIBE~3,Seufzer~A_TARGET_VIBE~3,Regen~A_TARGET_VIBE~3,Schwarz~A_TARGET_VIBE~3,Musik~A_TARGET_VIBE~3,Kissen~A_TARGET_VIBE~3"
Menschlichkeit,3,12,Gefühle & Abstraktes,6,"Trösten~A_TARGET_VIBE~2,Spende~A_TARGET_VIBE~3,Pflege~A_TARGET_VIBE~2,Helfen~A_TARGET_VIBE~2,Hand~A_TARGET_VIBE~3,Herz~A_TARGET_VIBE~3"
Meinung,2,9|12,Gesellschaft & Beruf|Gefühle & Abstraktes,5,"Diskussion~A_TARGET_VIBE~2,Kommentar~A_TARGET_VIBE~2,Forum~A_TARGET_VIBE~2,Daumen~A_TARGET_VIBE~2,Stammtisch~A_TARGET_VIBE~2"
Minderwertigkeit,4,12,Gefühle & Abstraktes,7,"Vergleich~A_TARGET_VIBE~3,Schatten~A_TARGET_VIBE~3,Blicksenken~A_TARGET_VIBE~3,Rücken~A_TARGET_VIBE~3,Knoten~A_TARGET_VIBE~3,Leise~A_TARGET_VIBE~3,Blick~A_TARGET_VIBE~3"
Misstrauen,3,12,Gefühle & Abstraktes,6,"Wackeln~A_TARGET_VIBE~2,Schatten~A_TARGET_VIBE~3,Beweis~A_TARGET_VIBE~3,Vielleicht~A_TARGET_VIBE~2,Frage~A_TARGET_VIBE~2,Grübeln~A_TARGET_VIBE~3"
Misserfolg,3,12,Gefühle & Abstraktes,6,"Fehler~A_TARGET_VIBE~3,Absage~A_TARGET_VIBE~2,Niederlage~A_TARGET_VIBE~3,Rückschlag~A_TARGET_VIBE~2,Stille~A_TARGET_VIBE~3,Pech~A_TARGET_VIBE~2"
Mitleid,3,12,Gefühle & Abstraktes,6,"Umarmung~A_TARGET_VIBE~2,Trösten~A_TARGET_VIBE~3,Spende~A_TARGET_VIBE~2,Pflege~A_TARGET_VIBE~2,Herz~A_TARGET_VIBE~3,Tränen~A_TARGET_VIBE~3"
Moral,3,9|12,Gesellschaft & Beruf|Gefühle & Abstraktes,6,"Kompass~A_TARGET_VIBE~3,Gewissen~A_TARGET_VIBE~2,Regel~A_TARGET_VIBE~2,Kirche~A_TARGET_VIBE~3,Schuld~A_TARGET_VIBE~3,Anstand~A_TARGET_VIBE~2"
Motivation,2,12,Gefühle & Abstraktes,5,"Start~A_TARGET_VIBE~2,Antrieb~A_TARGET_VIBE~2,Energie~A_TARGET_VIBE~2,Ziel~A_TARGET_VIBE~2,Biss~A_TARGET_VIBE~2"
Mut,2,12,Gefühle & Abstraktes,5,"Mutprobe~A_TARGET_VIBE~2,Helm~A_TARGET_VIBE~2,Sprung~A_TARGET_VIBE~2,Risiko~A_TARGET_VIBE~2,Rückenwind~A_TARGET_VIBE~2"
Müdigkeit,2,7|12,Wissenschaft & Medizin|Gefühle & Abstraktes,5,"Gähnen~A_TARGET_VIBE~2,Bett~A_TARGET_VIBE~2,Augenringe~A_TARGET_VIBE~2,Kaffee~A_TARGET_VIBE~2,Wecker~A_TARGET_VIBE~2"
Mutlosigkeit,4,12,Gefühle & Abstraktes,7,"Grauton~A_TARGET_VIBE~3,Abbruch~A_TARGET_VIBE~3,Schulter~A_TARGET_VIBE~3,Zittern~A_TARGET_VIBE~3,Ausrede~A_TARGET_VIBE~3,Rücken~A_TARGET_VIBE~3,Blick~A_TARGET_VIBE~3"
Nachdenklichkeit,3,12,Gefühle & Abstraktes,6,"Tagebuch~A_TARGET_VIBE~2,Spaziergang~A_TARGET_VIBE~2,Fenster~A_TARGET_VIBE~3,Frage~A_TARGET_VIBE~2,Kerze~A_TARGET_VIBE~2,Stille~A_TARGET_VIBE~3"
Nachsicht,3,9|12,Gesellschaft & Beruf|Gefühle & Abstraktes,6,"Richter~A_TARGET_VIBE~2,Lächeln~A_TARGET_VIBE~3,Schulter~A_TARGET_VIBE~3,Hand~A_TARGET_VIBE~2,Fehler~A_TARGET_VIBE~2,Vergebung~A_TARGET_VIBE~3"
Nähe,2,12,Gefühle & Abstraktes,5,"Hand~A_TARGET_VIBE~2,Wärme~A_TARGET_VIBE~2,Flüstern~A_TARGET_VIBE~2,Blick~A_TARGET_VIBE~2,Umarmung~A_TARGET_VIBE~2"
Neid,3,12,Gefühle & Abstraktes,6,"Vergleich~A_TARGET_VIBE~2,Status~A_TARGET_VIBE~3,Instagram~A_TARGET_VIBE~2,Rivale~A_TARGET_VIBE~2,Kontrolle~A_TARGET_VIBE~3,Blick~A_TARGET_VIBE~3"
Neigung,3,12,Gefühle & Abstraktes,6,"Hang~A_TARGET_VIBE~2,Geschmack~A_TARGET_VIBE~3,Richtung~A_TARGET_VIBE~2,Bauchgefühl~A_TARGET_VIBE~2,Hobby~A_TARGET_VIBE~3,Schräge~A_TARGET_VIBE~3"
Nervenkitzel,3,12,Gefühle & Abstraktes,6,"Achterbahn~A_TARGET_VIBE~3,Puls~A_TARGET_VIBE~3,Krimi~A_TARGET_VIBE~2,Sprung~A_TARGET_VIBE~2,Kino~A_TARGET_VIBE~2,Adrenalin~A_TARGET_VIBE~3"
Neuanfang,3,12,Gefühle & Abstraktes,6,"Kapitel~A_TARGET_VIBE~2,Wende~A_TARGET_VIBE~3,Schritt~A_TARGET_VIBE~3,Frühling~A_TARGET_VIBE~2,Koffer~A_TARGET_VIBE~2,Plan~A_TARGET_VIBE~3"
Neugier,2,12,Gefühle & Abstraktes,5,"Türspalt~A_TARGET_VIBE~2,Lupe~A_TARGET_VIBE~2,Fragen~A_TARGET_VIBE~2,Entdecken~A_TARGET_VIBE~2,Klicken~A_TARGET_VIBE~2"
Nichtigkeit,4,12,Gefühle & Abstraktes,7,"Staub~A_TARGET_VIBE~3,Leerraum~A_TARGET_VIBE~3,Schatten~A_TARGET_VIBE~3,Kies~A_TARGET_VIBE~3,Vergessen~A_TARGET_VIBE~3,Flüstern~A_TARGET_VIBE~3,Blick~A_TARGET_VIBE~3"
Niedergeschlagenheit,3,12,Gefühle & Abstraktes,6,"Decke~A_TARGET_VIBE~3,Regen~A_TARGET_VIBE~3,Bett~A_TARGET_VIBE~2,Tränen~A_TARGET_VIBE~2,Seufzer~A_TARGET_VIBE~2,Leere~A_TARGET_VIBE~3"
Optimismus,3,12,Gefühle & Abstraktes,6,"Stern~A_TARGET_VIBE~3,Licht~A_TARGET_VIBE~3,Anker~A_TARGET_VIBE~2,Morgen~A_TARGET_VIBE~2,Aufbruch~A_TARGET_VIBE~3,Wunsch~A_TARGET_VIBE~2"
Orientierung,2,12,Gefühle & Abstraktes,5,"Schilder~A_TARGET_VIBE~2,Plan~A_TARGET_VIBE~2,Kompass~A_TARGET_VIBE~2,Landkarte~A_TARGET_VIBE~2,Abzweig~A_TARGET_VIBE~2"
Panik,4,12,Gefühle & Abstraktes,7,"Zittern~A_TARGET_VIBE~3,Herzrasen~A_TARGET_VIBE~3,Alarm~A_TARGET_VIBE~3,Flucht~A_TARGET_VIBE~3,Schatten~A_TARGET_VIBE~3,Keller~A_TARGET_VIBE~3,Blick~A_TARGET_VIBE~4"
Peinlichkeit,2,12,Gefühle & Abstraktes,5,"Erröten~A_TARGET_VIBE~2,Panne~A_TARGET_VIBE~2,Publikum~A_TARGET_VIBE~2,Blick~A_TARGET_VIBE~2,Schweiß~A_TARGET_VIBE~2"
Perfektion,4,12,Gefühle & Abstraktes,7,"Lineal~A_TARGET_VIBE~3,Checkliste~A_TARGET_VIBE~3,Spiegel~A_TARGET_VIBE~3,Fehlerlos~A_TARGET_VIBE~3,Korrektur~A_TARGET_VIBE~3,Anspruch~A_TARGET_VIBE~3,Blick~A_TARGET_VIBE~3"
Pessimismus,3,12,Gefühle & Abstraktes,6,"Grauton~A_TARGET_VIBE~3,Regen~A_TARGET_VIBE~2,Abbruch~A_TARGET_VIBE~2,Niederlage~A_TARGET_VIBE~3,Seufzen~A_TARGET_VIBE~3,Schulter~A_TARGET_VIBE~2"
Pflicht,3,9|12,Gesellschaft & Beruf|Gefühle & Abstraktes,6,"Chef~A_TARGET_VIBE~2,Uniform~A_TARGET_VIBE~3,Regeln~A_TARGET_VIBE~2,Anweisung~A_TARGET_VIBE~2,Stempel~A_TARGET_VIBE~3,Amt~A_TARGET_VIBE~3"
Rache,4,12,Gefühle & Abstraktes,7,"Plan~A_TARGET_VIBE~3,Feind~A_TARGET_VIBE~3,Dolch~A_TARGET_VIBE~3,Groll~A_TARGET_VIBE~3,Gericht~A_TARGET_VIBE~3,Schaden~A_TARGET_VIBE~3,Blick~A_TARGET_VIBE~3"
Rastlosigkeit,3,12,Gefühle & Abstraktes,6,"Zappeln~A_TARGET_VIBE~2,Rennen~A_TARGET_VIBE~2,Uhr~A_TARGET_VIBE~3,Pendel~A_TARGET_VIBE~3,Nacht~A_TARGET_VIBE~3,Kaffee~A_TARGET_VIBE~2"
Rationalität,4,12,Gefühle & Abstraktes,7,"Zahlen~A_TARGET_VIBE~3,Beweis~A_TARGET_VIBE~3,Argument~A_TARGET_VIBE~3,Plan~A_TARGET_VIBE~3,Kühl~A_TARGET_VIBE~3,Kopf~A_TARGET_VIBE~3,Blick~A_TARGET_VIBE~3"
Raum,2,12,Gefühle & Abstraktes,5,"Zimmer~A_TARGET_VIBE~2,Weite~A_TARGET_VIBE~2,Wände~A_TARGET_VIBE~2,Decke~A_TARGET_VIBE~2,Kosmos~A_TARGET_VIBE~2"
Realität,3,12,Gefühle & Abstraktes,6,"Alltag~A_TARGET_VIBE~2,Kasse~A_TARGET_VIBE~2,Boden~A_TARGET_VIBE~3,Fakten~A_TARGET_VIBE~3,Miete~A_TARGET_VIBE~3,Nüchtern~A_TARGET_VIBE~2"
Realismus,3,12,Gefühle & Abstraktes,6,"Alltag~A_TARGET_VIBE~3,Miete~A_TARGET_VIBE~3,Fakten~A_TARGET_VIBE~2,Boden~A_TARGET_VIBE~2,Nüchtern~A_TARGET_VIBE~2,Kasse~A_TARGET_VIBE~3"
Reizbarkeit,3,12,Gefühle & Abstraktes,6,"Zündfunke~A_TARGET_VIBE~3,Stress~A_TARGET_VIBE~3,Knurren~A_TARGET_VIBE~2,Sticheln~A_TARGET_VIBE~3,Zucken~A_TARGET_VIBE~2,Kurzschluss~A_TARGET_VIBE~2"
Resignation,4,12,Gefühle & Abstraktes,7,"Grauton~A_TARGET_VIBE~3,Abbruch~A_TARGET_VIBE~3,Regen~A_TARGET_VIBE~3,Seufzen~A_TARGET_VIBE~4,Niederlage~A_TARGET_VIBE~3,Schulter~A_TARGET_VIBE~3,Blick~A_TARGET_VIBE~3"
Respekt,2,9|12,Gesellschaft & Beruf|Gefühle & Abstraktes,5,"Titel~A_TARGET_VIBE~2,Abstand~A_TARGET_VIBE~2,Applaus~A_TARGET_VIBE~2,Gruß~A_TARGET_VIBE~2,Blick~A_TARGET_VIBE~2"
Risiko,3,12,Gefühle & Abstraktes,6,"Wagnis~A_TARGET_VIBE~2,Helm~A_TARGET_VIBE~2,Sprung~A_TARGET_VIBE~2,Versicherung~A_TARGET_VIBE~3,Alarm~A_TARGET_VIBE~3,Kante~A_TARGET_VIBE~3"
Rivalität,3,12,Gefühle & Abstraktes,6,"Duell~A_TARGET_VIBE~3,Derby~A_TARGET_VIBE~3,Kampf~A_TARGET_VIBE~2,Punktestand~A_TARGET_VIBE~2,Rangliste~A_TARGET_VIBE~2,Sticheln~A_TARGET_VIBE~3"
Routine,2,12,Gefühle & Abstraktes,5,"Kaffee~A_TARGET_VIBE~2,Wecker~A_TARGET_VIBE~2,Kalender~A_TARGET_VIBE~2,Autopilot~A_TARGET_VIBE~2,Montag~A_TARGET_VIBE~2"
Rückhalt,3,12,Gefühle & Abstraktes,6,"Team~A_TARGET_VIBE~3,Anker~A_TARGET_VIBE~2,Netz~A_TARGET_VIBE~2,Hand~A_TARGET_VIBE~2,Familie~A_TARGET_VIBE~3,Schulter~A_TARGET_VIBE~3"
Rücksicht,3,9|12,Gesellschaft & Beruf|Gefühle & Abstraktes,6,"Leise~A_TARGET_VIBE~2,Nachbar~A_TARGET_VIBE~3,Warten~A_TARGET_VIBE~2,Abstand~A_TARGET_VIBE~3,Blick~A_TARGET_VIBE~2,Gruß~A_TARGET_VIBE~3"
Rücksichtslosigkeit,4,9|12,Gesellschaft & Beruf|Gefühle & Abstraktes,7,"Ellenbogen~A_TARGET_VIBE~3,Drängeln~A_TARGET_VIBE~3,Ignorieren~A_TARGET_VIBE~3,Lärm~A_TARGET_VIBE~3,Türknallen~A_TARGET_VIBE~3,Rücksicht~A_TARGET_VIBE~3,Blick~A_TARGET_VIBE~4"
Rückschritt,3,12,Gefühle & Abstraktes,6,"Rückwärts~A_TARGET_VIBE~3,Fehler~A_TARGET_VIBE~3,Pause~A_TARGET_VIBE~2,Bruch~A_TARGET_VIBE~2,Staub~A_TARGET_VIBE~3,Kurve~A_TARGET_VIBE~2"
Rätsel,2,5|12,Sport & Freizeit|Gefühle & Abstraktes,5,"Sudoku~A_TARGET_VIBE~2,Hinweis~A_TARGET_VIBE~2,Fragezeichen~A_TARGET_VIBE~2,Kreuzworträtsel~A_TARGET_VIBE~2,Schlüssel~A_TARGET_VIBE~2"
Rührung,3,12,Gefühle & Abstraktes,6,"Tränen~A_TARGET_VIBE~2,Herz~A_TARGET_VIBE~2,Blumen~A_TARGET_VIBE~2,Lächeln~A_TARGET_VIBE~3,Glitzer~A_TARGET_VIBE~3,Jubel~A_TARGET_VIBE~3"
Sanftmut,4,12,Gefühle & Abstraktes,7,"Samthandschuh~A_TARGET_VIBE~3,Streicheln~A_TARGET_VIBE~3,Lächeln~A_TARGET_VIBE~3,Tee~A_TARGET_VIBE~3,Geduld~A_TARGET_VIBE~3,Leise~A_TARGET_VIBE~3,Blick~A_TARGET_VIBE~3"
Sarkasmus,3,12,Gefühle & Abstraktes,6,"Spott~A_TARGET_VIBE~2,Augendrehen~A_TARGET_VIBE~3,Kommentar~A_TARGET_VIBE~2,Ironisch~A_TARGET_VIBE~2,Kalt~A_TARGET_VIBE~3,Bitter~A_TARGET_VIBE~3"
Scham,3,12,Gefühle & Abstraktes,6,"Erröten~A_TARGET_VIBE~2,Kinn~A_TARGET_VIBE~2,Entschuldigung~A_TARGET_VIBE~3,Beichte~A_TARGET_VIBE~2,Gewissen~A_TARGET_VIBE~2,Nacht~A_TARGET_VIBE~3"
Schicksal,4,12,Gefühle & Abstraktes,7,"Los~A_TARGET_VIBE~3,Stern~A_TARGET_VIBE~3,Kreuzung~A_TARGET_VIBE~3,Orakel~A_TARGET_VIBE~3,Vorzeichen~A_TARGET_VIBE~3,Würfel~A_TARGET_VIBE~3,Blick~A_TARGET_VIBE~4"
Schmerz,2,7|12,Wissenschaft & Medizin|Gefühle & Abstraktes,5,"Pflaster~A_TARGET_VIBE~2,Arzt~A_TARGET_VIBE~2,Stich~A_TARGET_VIBE~2,Tränen~A_TARGET_VIBE~2,Zähne~A_TARGET_VIBE~2"
Schuld,3,12,Gefühle & Abstraktes,6,"Gewissen~A_TARGET_VIBE~2,Beichte~A_TARGET_VIBE~2,Entschuldigung~A_TARGET_VIBE~3,Nacht~A_TARGET_VIBE~3,Erröten~A_TARGET_VIBE~2,Kinn~A_TARGET_VIBE~3"
Schutz,2,12,Gefühle & Abstraktes,5,"Helm~A_TARGET_VIBE~2,Schloss~A_TARGET_VIBE~2,Panzer~A_TARGET_VIBE~2,Zelt~A_TARGET_VIBE~2,Sicherheitsgurt~A_TARGET_VIBE~2"
Schweigen,2,12,Gefühle & Abstraktes,5,"Pause~A_TARGET_VIBE~2,Vorhang~A_TARGET_VIBE~2,Geheimnis~A_TARGET_VIBE~2,Blick~A_TARGET_VIBE~2,Kirche~A_TARGET_VIBE~2"
Schwere,3,12,Gefühle & Abstraktes,6,"Last~A_TARGET_VIBE~3,Bleigewicht~A_TARGET_VIBE~2,Koffer~A_TARGET_VIBE~2,Stein~A_TARGET_VIBE~2,Druck~A_TARGET_VIBE~3,Nebel~A_TARGET_VIBE~3"
Schwermut,4,12,Gefühle & Abstraktes,7,"Einsamkeit~A_TARGET_VIBE~3,Tränen~A_TARGET_VIBE~3,Regen~A_TARGET_VIBE~3,Kissen~A_TARGET_VIBE~3,Schwarz~A_TARGET_VIBE~3,Seufzer~A_TARGET_VIBE~3,Schlaflos~A_TARGET_VIBE~3"
Sicherheit,2,12,Gefühle & Abstraktes,5,"Schloss~A_TARGET_VIBE~2,Gurt~A_TARGET_VIBE~2,Helm~A_TARGET_VIBE~2,Warnschild~A_TARGET_VIBE~2,Notausgang~A_TARGET_VIBE~2"
Solidarität,3,9|12,Gesellschaft & Beruf|Gefühle & Abstraktes,6,"Miteinander~A_TARGET_VIBE~3,Team~A_TARGET_VIBE~3,Abstimmung~A_TARGET_VIBE~2,Handschlag~A_TARGET_VIBE~2,Brücke~A_TARGET_VIBE~3,Verein~A_TARGET_VIBE~2"
Sorgfalt,3,12,Gefühle & Abstraktes,6,"Checkliste~A_TARGET_VIBE~3,Lupe~A_TARGET_VIBE~2,Ordner~A_TARGET_VIBE~2,Lineal~A_TARGET_VIBE~3,Pünktlich~A_TARGET_VIBE~3,Korrektur~A_TARGET_VIBE~2"
Sorglosigkeit,2,12,Gefühle & Abstraktes,5,"Sommer~A_TARGET_VIBE~2,Hängematte~A_TARGET_VIBE~2,Barfuß~A_TARGET_VIBE~2,Sonne~A_TARGET_VIBE~2,Lachen~A_TARGET_VIBE~2"
Sorge,2,12,Gefühle & Abstraktes,5,"Grübeln~A_TARGET_VIBE~2,Warnung~A_TARGET_VIBE~2,Telefon~A_TARGET_VIBE~2,Magen~A_TARGET_VIBE~2,Schlaflos~A_TARGET_VIBE~2"
Spaß,1,12,Gefühle & Abstraktes,4,"Lachen~A_TARGET_VIBE~2,Spiel~A_TARGET_VIBE~2,Witz~A_TARGET_VIBE~2,Grinsen~A_TARGET_VIBE~2"
Spannung,2,12,Gefühle & Abstraktes,5,"Puls~A_TARGET_VIBE~2,Krimi~A_TARGET_VIBE~2,Kino~A_TARGET_VIBE~2,Seil~A_TARGET_VIBE~2,Stille~A_TARGET_VIBE~2"
Spontaneität,3,12,Gefühle & Abstraktes,6,"Impuls~A_TARGET_VIBE~2,Einfall~A_TARGET_VIBE~2,Jetzt~A_TARGET_VIBE~2,Los~A_TARGET_VIBE~2,Anruf~A_TARGET_VIBE~3,Abenteuer~A_TARGET_VIBE~3"
Spott,3,12,Gefühle & Abstraktes,6,"Gelächter~A_TARGET_VIBE~3,Kommentar~A_TARGET_VIBE~2,Zwinkern~A_TARGET_VIBE~2,Kalt~A_TARGET_VIBE~2,Bitter~A_TARGET_VIBE~3,Sticheln~A_TARGET_VIBE~3"
Staunen,2,12,Gefühle & Abstraktes,5,"Blinzeln~A_TARGET_VIBE~2,Wow~A_TARGET_VIBE~2,Stirnrunzeln~A_TARGET_VIBE~2,Blitz~A_TARGET_VIBE~2,Fragezeichen~A_TARGET_VIBE~2"
Stille,2,12,Gefühle & Abstraktes,5,"Atem~A_TARGET_VIBE~2,Pause~A_TARGET_VIBE~2,Leise~A_TARGET_VIBE~2,Meditation~A_TARGET_VIBE~2,Wald~A_TARGET_VIBE~2"
Stillstand,3,12,Gefühle & Abstraktes,6,"Stau~A_TARGET_VIBE~3,Blockade~A_TARGET_VIBE~2,Einfrieren~A_TARGET_VIBE~2,Warten~A_TARGET_VIBE~2,Rost~A_TARGET_VIBE~3,Pause~A_TARGET_VIBE~3"
Stolz,2,12,Gefühle & Abstraktes,5,"Brust~A_TARGET_VIBE~2,Orden~A_TARGET_VIBE~2,Urkunde~A_TARGET_VIBE~2,Podest~A_TARGET_VIBE~2,Applaus~A_TARGET_VIBE~2"
Streit,2,12,Gefühle & Abstraktes,5,"Krach~A_TARGET_VIBE~2,Fronten~A_TARGET_VIBE~2,Debatte~A_TARGET_VIBE~2,Laut~A_TARGET_VIBE~2,Türen~A_TARGET_VIBE~2"
Strenge,3,12,Gefühle & Abstraktes,6,"Lehrer~A_TARGET_VIBE~2,Verbot~A_TARGET_VIBE~2,Lineal~A_TARGET_VIBE~3,Blick~A_TARGET_VIBE~3,Regel~A_TARGET_VIBE~3,Takt~A_TARGET_VIBE~2"
Stärke,2,12,Gefühle & Abstraktes,5,"Stand~A_TARGET_VIBE~2,Biss~A_TARGET_VIBE~2,Rückenwind~A_TARGET_VIBE~2,Muskeln~A_TARGET_VIBE~2,Panzer~A_TARGET_VIBE~2"
Symbol,3,4|12,Kultur & Kunst|Gefühle & Abstraktes,6,"Ikone~A_TARGET_VIBE~3,Zeichen~A_TARGET_VIBE~3,Herz~A_TARGET_VIBE~2,Fahne~A_TARGET_VIBE~2,Taube~A_TARGET_VIBE~2,Ring~A_TARGET_VIBE~3"
Tapferkeit,4,12,Gefühle & Abstraktes,7,"Helm~A_TARGET_VIBE~3,Front~A_TARGET_VIBE~3,Mutprobe~A_TARGET_VIBE~3,Kampf~A_TARGET_VIBE~3,Standhalten~A_TARGET_VIBE~3,Rückenwind~A_TARGET_VIBE~3,Blick~A_TARGET_VIBE~4"
Toleranz,3,9|12,Gesellschaft & Beruf|Gefühle & Abstraktes,6,"Respekt~A_TARGET_VIBE~3,Brücke~A_TARGET_VIBE~2,Zuhören~A_TARGET_VIBE~2,Dialog~A_TARGET_VIBE~3,Vielfalt~A_TARGET_VIBE~2,Kompromiss~A_TARGET_VIBE~3"
Trauer,2,12,Gefühle & Abstraktes,5,"Tränen~A_TARGET_VIBE~2,Schwarz~A_TARGET_VIBE~2,Taschentuch~A_TARGET_VIBE~2,Regen~A_TARGET_VIBE~2,Seufzer~A_TARGET_VIBE~2"
Transparenz,3,9|12,Gesellschaft & Beruf|Gefühle & Abstraktes,6,"Glas~A_TARGET_VIBE~3,Licht~A_TARGET_VIBE~3,Fenster~A_TARGET_VIBE~2,Akten~A_TARGET_VIBE~2,Offen~A_TARGET_VIBE~2,Klar~A_TARGET_VIBE~3"
Trennung,3,12,Gefühle & Abstraktes,6,"Abschied~A_TARGET_VIBE~3,Koffer~A_TARGET_VIBE~2,Mauer~A_TARGET_VIBE~3,Schlüssel~A_TARGET_VIBE~2,Tür~A_TARGET_VIBE~3,Zwei~A_TARGET_VIBE~2"
Trost,2,12,Gefühle & Abstraktes,5,"Umarmung~A_TARGET_VIBE~2,Taschentuch~A_TARGET_VIBE~2,Schulter~A_TARGET_VIBE~2,Tee~A_TARGET_VIBE~2,Kerze~A_TARGET_VIBE~2"
Täuschung,3,12,Gefühle & Abstraktes,6,"Maske~A_TARGET_VIBE~3,Trugbild~A_TARGET_VIBE~2,Nebel~A_TARGET_VIBE~2,Ausrede~A_TARGET_VIBE~3,Trick~A_TARGET_VIBE~2,Spiegel~A_TARGET_VIBE~3"
Überforderung,4,12,Gefühle & Abstraktes,7,"To-do~A_TARGET_VIBE~3,Deadline~A_TARGET_VIBE~3,Kaffee~A_TARGET_VIBE~3,Mail~A_TARGET_VIBE~3,Stapel~A_TARGET_VIBE~3,Termine~A_TARGET_VIBE~3,Kopfschmerz~A_TARGET_VIBE~4"
Überheblichkeit,4,12,Gefühle & Abstraktes,7,"Podest~A_TARGET_VIBE~3,Oben~A_TARGET_VIBE~3,Krone~A_TARGET_VIBE~3,Applaus~A_TARGET_VIBE~3,Spiegel~A_TARGET_VIBE~3,Schulter~A_TARGET_VIBE~3,Blick~A_TARGET_VIBE~3"
Überlegenheit,4,12,Gefühle & Abstraktes,7,"Podest~A_TARGET_VIBE~3,Oben~A_TARGET_VIBE~3,Krone~A_TARGET_VIBE~3,Spiegel~A_TARGET_VIBE~3,Applaus~A_TARGET_VIBE~3,Schulter~A_TARGET_VIBE~3,Blick~A_TARGET_VIBE~4"
Übermut,4,12,Gefühle & Abstraktes,7,"Risiko~A_TARGET_VIBE~3,Sprung~A_TARGET_VIBE~3,Tempo~A_TARGET_VIBE~3,Kater~A_TARGET_VIBE~3,Grinsen~A_TARGET_VIBE~3,Krone~A_TARGET_VIBE~3,Blick~A_TARGET_VIBE~3"
Überraschung,2,12,Gefühle & Abstraktes,5,"Wow~A_TARGET_VIBE~2,Stirnrunzeln~A_TARGET_VIBE~2,Blitz~A_TARGET_VIBE~2,Fragezeichen~A_TARGET_VIBE~2,Blinzeln~A_TARGET_VIBE~2"
Überzeugung,3,12,Gefühle & Abstraktes,6,"Standpunkt~A_TARGET_VIBE~3,Argument~A_TARGET_VIBE~2,Bauchgefühl~A_TARGET_VIBE~2,Kette~A_TARGET_VIBE~3,Rede~A_TARGET_VIBE~3,Fahne~A_TARGET_VIBE~2"
Utopie,4,12,Gefühle & Abstraktes,7,"Luftschloss~A_TARGET_VIBE~3,Entwurf~A_TARGET_VIBE~3,Stern~A_TARGET_VIBE~3,Plakat~A_TARGET_VIBE~3,Skizze~A_TARGET_VIBE~3,Trugbild~A_TARGET_VIBE~3,Träumerei~A_TARGET_VIBE~4"
Verachtung,4,12,Gefühle & Abstraktes,7,"Stirnrunzeln~A_TARGET_VIBE~3,Distanz~A_TARGET_VIBE~3,Ignorieren~A_TARGET_VIBE~3,Kälte~A_TARGET_VIBE~3,Ausweichen~A_TARGET_VIBE~3,Veto~A_TARGET_VIBE~3,Blick~A_TARGET_VIBE~3"
Veränderung,3,12,Gefühle & Abstraktes,6,"Wende~A_TARGET_VIBE~3,Schritt~A_TARGET_VIBE~3,Neuanfang~A_TARGET_VIBE~2,Kurve~A_TARGET_VIBE~2,Umbau~A_TARGET_VIBE~2,Häutung~A_TARGET_VIBE~3"
Verbindlichkeit,3,9|12,Gesellschaft & Beruf|Gefühle & Abstraktes,6,"Versprechen~A_TARGET_VIBE~2,Pünktlich~A_TARGET_VIBE~3,Team~A_TARGET_VIBE~2,Zusage~A_TARGET_VIBE~2,Dienst~A_TARGET_VIBE~3,Schlüsselbund~A_TARGET_VIBE~3"
Verblendung,4,12,Gefühle & Abstraktes,7,"Maske~A_TARGET_VIBE~3,Ausrede~A_TARGET_VIBE~3,Nebel~A_TARGET_VIBE~3,Trugbild~A_TARGET_VIBE~3,Spiegel~A_TARGET_VIBE~3,Trick~A_TARGET_VIBE~3,Blick~A_TARGET_VIBE~4"
Verbot,3,12,Gefühle & Abstraktes,6,"Schild~A_TARGET_VIBE~2,Schranke~A_TARGET_VIBE~2,Heimlich~A_TARGET_VIBE~3,Grenze~A_TARGET_VIBE~3,Regel~A_TARGET_VIBE~3,Kitzel~A_TARGET_VIBE~2"
Vergebung,3,9|12,Gesellschaft & Beruf|Gefühle & Abstraktes,6,"Entschuldigung~A_TARGET_VIBE~3,Neuanfang~A_TARGET_VIBE~2,Handschlag~A_TARGET_VIBE~3,Frieden~A_TARGET_VIBE~2,Umarmung~A_TARGET_VIBE~2,Tränen~A_TARGET_VIBE~3"
Vergänglichkeit,5,12,Gefühle & Abstraktes,8,"Sanduhr~A_TARGET_VIBE~3,Abschied~A_TARGET_VIBE~3,Jahre~A_TARGET_VIBE~3,Friedhof~A_TARGET_VIBE~4,Blattfall~A_TARGET_VIBE~3,Nacht~A_TARGET_VIBE~3,Uhr~A_TARGET_VIBE~3,Ende~A_TARGET_VIBE~4"
Vergangenheit,2,12,Gefühle & Abstraktes,5,"Fotoalbum~A_TARGET_VIBE~2,Kalender~A_TARGET_VIBE~2,Rückblende~A_TARGET_VIBE~2,Notiz~A_TARGET_VIBE~2,Schublade~A_TARGET_VIBE~2"
Vergessen,2,12,Gefühle & Abstraktes,5,"Schlüssel~A_TARGET_VIBE~2,Zettel~A_TARGET_VIBE~2,Pinnwand~A_TARGET_VIBE~2,Name~A_TARGET_VIBE~2,Knoten~A_TARGET_VIBE~2"
Vergnügen,2,12,Gefühle & Abstraktes,5,"Lachen~A_TARGET_VIBE~2,Party~A_TARGET_VIBE~2,Grinsen~A_TARGET_VIBE~2,Konfetti~A_TARGET_VIBE~2,Witz~A_TARGET_VIBE~2"
Verlegenheit,3,12,Gefühle & Abstraktes,6,"Erröten~A_TARGET_VIBE~2,Schweigen~A_TARGET_VIBE~2,Smalltalk~A_TARGET_VIBE~3,Kragen~A_TARGET_VIBE~3,Stottern~A_TARGET_VIBE~2,Kinn~A_TARGET_VIBE~3"
Verlangen,3,12,Gefühle & Abstraktes,6,"Verboten~A_TARGET_VIBE~3,Glanz~A_TARGET_VIBE~2,Locken~A_TARGET_VIBE~3,Blick~A_TARGET_VIBE~2,Anreiz~A_TARGET_VIBE~3,Schokolade~A_TARGET_VIBE~3"
Verlorenheit,4,12,Gefühle & Abstraktes,7,"Nebel~A_TARGET_VIBE~3,Landkarte~A_TARGET_VIBE~3,Leere~A_TARGET_VIBE~3,Schatten~A_TARGET_VIBE~3,Einsamkeit~A_TARGET_VIBE~3,Stille~A_TARGET_VIBE~3,Blick~A_TARGET_VIBE~3"
Verlässlichkeit,3,9|12,Gesellschaft & Beruf|Gefühle & Abstraktes,6,"Pünktlich~A_TARGET_VIBE~3,Uhr~A_TARGET_VIBE~2,Zusage~A_TARGET_VIBE~2,Kalender~A_TARGET_VIBE~3,Team~A_TARGET_VIBE~3,Versprechen~A_TARGET_VIBE~2"
Verrat,4,9|12,Gesellschaft & Beruf|Gefühle & Abstraktes,7,"Dolch~A_TARGET_VIBE~3,Rücken~A_TARGET_VIBE~3,Geheimnis~A_TARGET_VIBE~3,Spion~A_TARGET_VIBE~3,Freund~A_TARGET_VIBE~3,Lüge~A_TARGET_VIBE~3,Blick~A_TARGET_VIBE~3"
Verstand,3,12,Gefühle & Abstraktes,6,"Argument~A_TARGET_VIBE~2,Plan~A_TARGET_VIBE~2,Schach~A_TARGET_VIBE~3,Kopf~A_TARGET_VIBE~3,Rätsel~A_TARGET_VIBE~3,Brille~A_TARGET_VIBE~2"
Verständnis,3,12,Gefühle & Abstraktes,6,"Erklären~A_TARGET_VIBE~2,Nicken~A_TARGET_VIBE~2,Handbuch~A_TARGET_VIBE~2,Übersetzen~A_TARGET_VIBE~2,Sprache~A_TARGET_VIBE~3,Stirnrunzeln~A_TARGET_VIBE~3"
Vertrauen,2,9|12,Gesellschaft & Beruf|Gefühle & Abstraktes,5,"Zusage~A_TARGET_VIBE~2,Handschlag~A_TARGET_VIBE~2,Geheimnis~A_TARGET_VIBE~2,Team~A_TARGET_VIBE~2,Rückhalt~A_TARGET_VIBE~2"
Verwandlung,3,12,Gefühle & Abstraktes,6,"Häutung~A_TARGET_VIBE~2,Wende~A_TARGET_VIBE~3,Neuanfang~A_TARGET_VIBE~3,Schritt~A_TARGET_VIBE~2,Kurve~A_TARGET_VIBE~2,Umbau~A_TARGET_VIBE~3"
Verwirrung,3,12,Gefühle & Abstraktes,6,"Durcheinander~A_TARGET_VIBE~2,Fragezeichen~A_TARGET_VIBE~2,Zickzack~A_TARGET_VIBE~2,Knoten~A_TARGET_VIBE~3,Planlos~A_TARGET_VIBE~3,Stapel~A_TARGET_VIBE~3"
Verzicht,3,12,Gefühle & Abstraktes,6,"Fasten~A_TARGET_VIBE~2,Minimal~A_TARGET_VIBE~2,Sparen~A_TARGET_VIBE~3,Disziplin~A_TARGET_VIBE~3,Verlockung~A_TARGET_VIBE~2,Nein~A_TARGET_VIBE~3"
Verzweiflung,4,12,Gefühle & Abstraktes,7,"Tränen~A_TARGET_VIBE~3,Nacht~A_TARGET_VIBE~3,Kloß~A_TARGET_VIBE~3,Leere~A_TARGET_VIBE~3,Schlaflos~A_TARGET_VIBE~3,Kälte~A_TARGET_VIBE~3,Blick~A_TARGET_VIBE~4"
Vision,3,12,Gefühle & Abstraktes,6,"Entwurf~A_TARGET_VIBE~2,Skizze~A_TARGET_VIBE~2,Stern~A_TARGET_VIBE~3,Plakat~A_TARGET_VIBE~3,Luftschloss~A_TARGET_VIBE~3,Träumerei~A_TARGET_VIBE~2"
Vorsicht,2,12,Gefühle & Abstraktes,5,"Warnschild~A_TARGET_VIBE~2,Eis~A_TARGET_VIBE~2,Bremse~A_TARGET_VIBE~2,Schritt~A_TARGET_VIBE~2,Zebrastreifen~A_TARGET_VIBE~2"
Vorstellung,3,12,Gefühle & Abstraktes,6,"Kino~A_TARGET_VIBE~3,Bild~A_TARGET_VIBE~2,Bühne~A_TARGET_VIBE~3,Kopf~A_TARGET_VIBE~2,Plan~A_TARGET_VIBE~2,Skizze~A_TARGET_VIBE~3"
Vorurteil,3,9|12,Gesellschaft & Beruf|Gefühle & Abstraktes,6,"Schublade~A_TARGET_VIBE~2,Stempel~A_TARGET_VIBE~3,Pauschal~A_TARGET_VIBE~3,Gerücht~A_TARGET_VIBE~2,Etikett~A_TARGET_VIBE~2,Gruppe~A_TARGET_VIBE~3"
Wahn,5,12,Gefühle & Abstraktes,8,"Paranoia~A_TARGET_VIBE~3,Halluzination~A_TARGET_VIBE~4,Spirale~A_TARGET_VIBE~3,Stimmen~A_TARGET_VIBE~3,Wirr~A_TARGET_VIBE~3,Klinikum~A_TARGET_VIBE~3,Chaos~A_TARGET_VIBE~4,Nacht~A_TARGET_VIBE~3"
Wahrscheinlichkeit,4,12|14,Gefühle & Abstraktes|Höhere Mathematik,7,"Statistik~A_TARGET_VIBE~3,Diagramm~A_TARGET_VIBE~3,Formel~A_TARGET_VIBE~3,Beweis~A_TARGET_VIBE~3,Regel~A_TARGET_VIBE~3,Schluss~A_TARGET_VIBE~3,Los~A_TARGET_VIBE~4"
Wahrheit,3,12,Gefühle & Abstraktes,6,"Beleg~A_TARGET_VIBE~2,Zeuge~A_TARGET_VIBE~2,Protokoll~A_TARGET_VIBE~2,Fakten~A_TARGET_VIBE~2,Gericht~A_TARGET_VIBE~3,Licht~A_TARGET_VIBE~3"
Wahrnehmung,3,12,Gefühle & Abstraktes,6,"Sinne~A_TARGET_VIBE~2,Geruch~A_TARGET_VIBE~2,Geräusch~A_TARGET_VIBE~3,Blick~A_TARGET_VIBE~3,Brille~A_TARGET_VIBE~3,Licht~A_TARGET_VIBE~2"
Wandlung,3,12,Gefühle & Abstraktes,6,"Wende~A_TARGET_VIBE~3,Umbau~A_TARGET_VIBE~3,Schritt~A_TARGET_VIBE~2,Neuanfang~A_TARGET_VIBE~2,Kurve~A_TARGET_VIBE~2,Häutung~A_TARGET_VIBE~3"
Wärme,2,12,Gefühle & Abstraktes,5,"Heizung~A_TARGET_VIBE~2,Tee~A_TARGET_VIBE~2,Decke~A_TARGET_VIBE~2,Umarmung~A_TARGET_VIBE~2,Sonne~A_TARGET_VIBE~2"
Wertschätzung,3,9|12,Gesellschaft & Beruf|Gefühle & Abstraktes,6,"Lob~A_TARGET_VIBE~3,Applaus~A_TARGET_VIBE~2,Preis~A_TARGET_VIBE~2,Orden~A_TARGET_VIBE~2,Publikum~A_TARGET_VIBE~3,Trophäe~A_TARGET_VIBE~3"
Widerspruch,3,12,Gefühle & Abstraktes,6,"Debatte~A_TARGET_VIBE~3,Fronten~A_TARGET_VIBE~2,Einwand~A_TARGET_VIBE~3,Spaltung~A_TARGET_VIBE~2,Vermitteln~A_TARGET_VIBE~3,Krach~A_TARGET_VIBE~2"
Wille,2,12,Gefühle & Abstraktes,5,"Durchziehen~A_TARGET_VIBE~2,Knoten~A_TARGET_VIBE~2,Richtung~A_TARGET_VIBE~2,Bauch~A_TARGET_VIBE~2,Ziel~A_TARGET_VIBE~2"
Wunsch,2,12,Gefühle & Abstraktes,5,"Zettel~A_TARGET_VIBE~2,Geburtstag~A_TARGET_VIBE~2,Sternschnuppe~A_TARGET_VIBE~2,Liste~A_TARGET_VIBE~2,Hoffnung~A_TARGET_VIBE~2"
Wut,2,12,Gefühle & Abstraktes,5,"Fluchen~A_TARGET_VIBE~2,Dampf~A_TARGET_VIBE~2,Streit~A_TARGET_VIBE~2,Fäuste~A_TARGET_VIBE~2,Türknallen~A_TARGET_VIBE~2"
Würde,3,9|12,Gesellschaft & Beruf|Gefühle & Abstraktes,6,"Aufrecht~A_TARGET_VIBE~3,Ehrensache~A_TARGET_VIBE~2,Ruf~A_TARGET_VIBE~2,Orden~A_TARGET_VIBE~2,Zeremonie~A_TARGET_VIBE~3,Fahne~A_TARGET_VIBE~3"
Zeit,2,12,Gefühle & Abstraktes,5,"Uhr~A_TARGET_VIBE~2,Kalender~A_TARGET_VIBE~2,Sekunde~A_TARGET_VIBE~2,Sanduhr~A_TARGET_VIBE~2,Morgen~A_TARGET_VIBE~2"
Zerbrechlichkeit,4,12,Gefühle & Abstraktes,7,"Glas~A_TARGET_VIBE~3,Riss~A_TARGET_VIBE~3,Porzellan~A_TARGET_VIBE~3,Vorsicht~A_TARGET_VIBE~3,Eierschale~A_TARGET_VIBE~3,Dünn~A_TARGET_VIBE~3,Blick~A_TARGET_VIBE~4"
Zerrissenheit,4,12,Gefühle & Abstraktes,7,"Hinundher~A_TARGET_VIBE~3,Zwickmühle~A_TARGET_VIBE~3,Spaltung~A_TARGET_VIBE~3,Knoten~A_TARGET_VIBE~3,Zwei~A_TARGET_VIBE~3,Herz~A_TARGET_VIBE~3,Blick~A_TARGET_VIBE~3"
Ziel,2,12,Gefühle & Abstraktes,5,"Kompass~A_TARGET_VIBE~2,Finish~A_TARGET_VIBE~2,Pfeil~A_TARGET_VIBE~2,Haken~A_TARGET_VIBE~2,Plan~A_TARGET_VIBE~2"
Zielstrebigkeit,4,12,Gefühle & Abstraktes,7,"Rangliste~A_TARGET_VIBE~3,Kalender~A_TARGET_VIBE~3,Haken~A_TARGET_VIBE~3,Training~A_TARGET_VIBE~3,Sprint~A_TARGET_VIBE~3,Messlatte~A_TARGET_VIBE~3,Blick~A_TARGET_VIBE~3"
Zufall,3,12,Gefühle & Abstraktes,6,"Würfel~A_TARGET_VIBE~2,Münzwurf~A_TARGET_VIBE~2,Los~A_TARGET_VIBE~2,Kartenmischen~A_TARGET_VIBE~3,Windstoß~A_TARGET_VIBE~3,Treffer~A_TARGET_VIBE~3"
Zuflucht,3,12,Gefühle & Abstraktes,6,"Dach~A_TARGET_VIBE~2,Unterschlupf~A_TARGET_VIBE~2,Asyl~A_TARGET_VIBE~2,Schutzraum~A_TARGET_VIBE~3,Tür~A_TARGET_VIBE~3,Decke~A_TARGET_VIBE~3"
Zufriedenheit,2,12,Gefühle & Abstraktes,5,"Aufatmen~A_TARGET_VIBE~2,Pause~A_TARGET_VIBE~2,Schultern~A_TARGET_VIBE~2,Lächeln~A_TARGET_VIBE~2,Last~A_TARGET_VIBE~2"
Zugehörigkeit,3,9|12,Gesellschaft & Beruf|Gefühle & Abstraktes,6,"Gruppe~A_TARGET_VIBE~3,Familie~A_TARGET_VIBE~2,Verein~A_TARGET_VIBE~2,Team~A_TARGET_VIBE~2,Heimat~A_TARGET_VIBE~3,Trikot~A_TARGET_VIBE~3"
Zukunft,2,12,Gefühle & Abstraktes,5,"Kalender~A_TARGET_VIBE~2,Morgen~A_TARGET_VIBE~2,Plan~A_TARGET_VIBE~2,Horizont~A_TARGET_VIBE~2,Entwurf~A_TARGET_VIBE~2"
Zuneigung,2,12,Gefühle & Abstraktes,5,"Umarmung~A_TARGET_VIBE~2,Nähe~A_TARGET_VIBE~2,Herz~A_TARGET_VIBE~2,Rosen~A_TARGET_VIBE~2,Blick~A_TARGET_VIBE~2"
Zutrauen,2,9|12,Gesellschaft & Beruf|Gefühle & Abstraktes,5,"Rückenwind~A_TARGET_VIBE~2,Start~A_TARGET_VIBE~2,Lächeln~A_TARGET_VIBE~2,Handschlag~A_TARGET_VIBE~2,Stern~A_TARGET_VIBE~2"
Zuwendung,2,9|12,Gesellschaft & Beruf|Gefühle & Abstraktes,5,"Zeit~A_TARGET_VIBE~2,Hand~A_TARGET_VIBE~2,Nähe~A_TARGET_VIBE~2,Blick~A_TARGET_VIBE~2,Hilfe~A_TARGET_VIBE~2"
Zweifel,2,12,Gefühle & Abstraktes,5,"Vielleicht~A_TARGET_VIBE~2,Frage~A_TARGET_VIBE~2,Grübeln~A_TARGET_VIBE~2,Schatten~A_TARGET_VIBE~2,Wackeln~A_TARGET_VIBE~2"
Zwiespalt,4,12,Gefühle & Abstraktes,7,"Spaltung~A_TARGET_VIBE~3,Zwickmühle~A_TARGET_VIBE~3,Fronten~A_TARGET_VIBE~3,Debatte~A_TARGET_VIBE~3,Einwand~A_TARGET_VIBE~3,Vermitteln~A_TARGET_VIBE~3,Krach~A_TARGET_VIBE~4"
Zwietracht,4,12,Gefühle & Abstraktes,7,"Fronten~A_TARGET_VIBE~3,Krach~A_TARGET_VIBE~3,Debatte~A_TARGET_VIBE~3,Einwand~A_TARGET_VIBE~3,Vermitteln~A_TARGET_VIBE~3,Spaltung~A_TARGET_VIBE~3,Blick~A_TARGET_VIBE~3"
Zynismus,4,9|12,Gesellschaft & Beruf|Gefühle & Abstraktes,7,"Augendrehen~A_TARGET_VIBE~3,Bitter~A_TARGET_VIBE~3,Kommentar~A_TARGET_VIBE~3,Spott~A_TARGET_VIBE~3,Ironisch~A_TARGET_VIBE~3,Kalt~A_TARGET_VIBE~3,Blick~A_TARGET_VIBE~4"
Zärtlichkeit,2,12,Gefühle & Abstraktes,5,"Streicheln~A_TARGET_VIBE~2,Nähe~A_TARGET_VIBE~2,Umarmung~A_TARGET_VIBE~2,Kuss~A_TARGET_VIBE~2,Rosen~A_TARGET_VIBE~2"
Zögerlichkeit,3,12,Gefühle & Abstraktes,6,"Hinundher~A_TARGET_VIBE~2,Schwelle~A_TARGET_VIBE~3,Vielleicht~A_TARGET_VIBE~2,Pause~A_TARGET_VIBE~3,Abbruch~A_TARGET_VIBE~3,Uhr~A_TARGET_VIBE~2"
Übelkeit,3,12,Gefühle & Abstraktes,6,"Müll~A_TARGET_VIBE~2,Nase~A_TARGET_VIBE~2,Würgen~A_TARGET_VIBE~3,Geruch~A_TARGET_VIBE~3,Toilette~A_TARGET_VIBE~3,Faulig~A_TARGET_VIBE~2"
Überschwang,4,12,Gefühle & Abstraktes,7,"Konfetti~A_TARGET_VIBE~3,Feier~A_TARGET_VIBE~3,Jubel~A_TARGET_VIBE~3,Musik~A_TARGET_VIBE~3,Adrenalin~A_TARGET_VIBE~3,Grinsen~A_TARGET_VIBE~3,Blick~A_TARGET_VIBE~4"
Übersättigung,4,12,Gefühle & Abstraktes,7,"Überdruss~A_TARGET_VIBE~3,Genug~A_TARGET_VIBE~3,Pause~A_TARGET_VIBE~3,Sofa~A_TARGET_VIBE~3,Gähnen~A_TARGET_VIBE~3,Leerlauf~A_TARGET_VIBE~3,Blick~A_TARGET_VIBE~3"
Überdruss,3,12,Gefühle & Abstraktes,6,"Montag~A_TARGET_VIBE~3,Augenrollen~A_TARGET_VIBE~2,Seufzen~A_TARGET_VIBE~2,Stau~A_TARGET_VIBE~2,Gähnen~A_TARGET_VIBE~3,Meckern~A_TARGET_VIBE~3"
Unabhängigkeit,3,12,Gefühle & Abstraktes,6,"Flügel~A_TARGET_VIBE~3,Schlüssel~A_TARGET_VIBE~2,Aufatmen~A_TARGET_VIBE~3,Grenze~A_TARGET_VIBE~3,Ketten~A_TARGET_VIBE~2,Offen~A_TARGET_VIBE~2"
Unentschlossenheit,3,12,Gefühle & Abstraktes,6,"Hinundher~A_TARGET_VIBE~3,Vielleicht~A_TARGET_VIBE~2,Zettel~A_TARGET_VIBE~2,Warten~A_TARGET_VIBE~2,Knoten~A_TARGET_VIBE~3,Schwelle~A_TARGET_VIBE~3"
Unfreundlichkeit,3,9|12,Gesellschaft & Beruf|Gefühle & Abstraktes,6,"Kälte~A_TARGET_VIBE~3,Knurren~A_TARGET_VIBE~2,Blick~A_TARGET_VIBE~2,Schweigen~A_TARGET_VIBE~2,Tür~A_TARGET_VIBE~3,Schimpfen~A_TARGET_VIBE~3"
Ungewissheit,3,12,Gefühle & Abstraktes,6,"Nebel~A_TARGET_VIBE~3,Vielleicht~A_TARGET_VIBE~2,Warten~A_TARGET_VIBE~2,Frage~A_TARGET_VIBE~2,Schatten~A_TARGET_VIBE~3,Los~A_TARGET_VIBE~3"
Unglück,3,12,Gefühle & Abstraktes,6,"Pech~A_TARGET_VIBE~2,Stolpern~A_TARGET_VIBE~2,Nachricht~A_TARGET_VIBE~3,Tränen~A_TARGET_VIBE~3,Schock~A_TARGET_VIBE~2,Stille~A_TARGET_VIBE~3"
Unmut,3,12,Gefühle & Abstraktes,6,"Meckern~A_TARGET_VIBE~3,Augenrollen~A_TARGET_VIBE~2,Stau~A_TARGET_VIBE~2,Seufzen~A_TARGET_VIBE~3,Montag~A_TARGET_VIBE~3,Gähnen~A_TARGET_VIBE~2"
Unterbewusstsein,4,12,Gefühle & Abstraktes,7,"Traum~A_TARGET_VIBE~3,Innerlich~A_TARGET_VIBE~3,Stimme~A_TARGET_VIBE~3,Spiegel~A_TARGET_VIBE~3,Therapie~A_TARGET_VIBE~3,Nacht~A_TARGET_VIBE~3,Blick~A_TARGET_VIBE~4"
Verbitterung,4,12,Gefühle & Abstraktes,7,"Nachgeschmack~A_TARGET_VIBE~3,Galle~A_TARGET_VIBE~3,Spott~A_TARGET_VIBE~3,Zunge~A_TARGET_VIBE~3,Kälte~A_TARGET_VIBE~3,Groll~A_TARGET_VIBE~3,Blick~A_TARGET_VIBE~3"
Verbundenheit,3,12,Gefühle & Abstraktes,6,"Familie~A_TARGET_VIBE~2,Hand~A_TARGET_VIBE~2,Nähe~A_TARGET_VIBE~2,Ring~A_TARGET_VIBE~3,Umarmung~A_TARGET_VIBE~3,Gruppe~A_TARGET_VIBE~3"
Verdruss,3,12,Gefühle & Abstraktes,6,"Seufzen~A_TARGET_VIBE~2,Meckern~A_TARGET_VIBE~3,Gähnen~A_TARGET_VIBE~2,Montag~A_TARGET_VIBE~2,Stau~A_TARGET_VIBE~3,Augenrollen~A_TARGET_VIBE~3"
Vereinsamung,4,12,Gefühle & Abstraktes,7,"Leere~A_TARGET_VIBE~3,Stille~A_TARGET_VIBE~3,Einsamkeit~A_TARGET_VIBE~3,Schatten~A_TARGET_VIBE~3,Offline~A_TARGET_VIBE~3,Vermissen~A_TARGET_VIBE~3,Blick~A_TARGET_VIBE~4"
Vergeltung,4,12,Gefühle & Abstraktes,7,"Gericht~A_TARGET_VIBE~3,Plan~A_TARGET_VIBE~3,Feind~A_TARGET_VIBE~3,Schaden~A_TARGET_VIBE~3,Groll~A_TARGET_VIBE~3,Dolch~A_TARGET_VIBE~3,Blick~A_TARGET_VIBE~3"
Vergängnis,5,12,Gefühle & Abstraktes,8,"Sanduhr~A_TARGET_VIBE~3,Abschied~A_TARGET_VIBE~3,Jahre~A_TARGET_VIBE~3,Blattfall~A_TARGET_VIBE~4,Friedhof~A_TARGET_VIBE~3,Ende~A_TARGET_VIBE~3,Nacht~A_TARGET_VIBE~3,Uhr~A_TARGET_VIBE~4"
Verpflichtung,4,9|12,Gesellschaft & Beruf|Gefühle & Abstraktes,7,"Chef~A_TARGET_VIBE~3,Regeln~A_TARGET_VIBE~3,Anweisung~A_TARGET_VIBE~3,Amt~A_TARGET_VIBE~3,Stempel~A_TARGET_VIBE~3,Uniform~A_TARGET_VIBE~3,Blick~A_TARGET_VIBE~4"
Verschwiegenheit,3,12,Gefühle & Abstraktes,6,"Vorhang~A_TARGET_VIBE~3,Geheimnis~A_TARGET_VIBE~2,Schlüsselloch~A_TARGET_VIBE~2,Flüstern~A_TARGET_VIBE~3,Hinterzimmer~A_TARGET_VIBE~3,Vertrauen~A_TARGET_VIBE~2"
Versöhnung,3,9|12,Gesellschaft & Beruf|Gefühle & Abstraktes,6,"Handschlag~A_TARGET_VIBE~3,Umarmung~A_TARGET_VIBE~2,Frieden~A_TARGET_VIBE~2,Neuanfang~A_TARGET_VIBE~3,Entschuldigung~A_TARGET_VIBE~2,Tränen~A_TARGET_VIBE~3"
Verständlichkeit,3,12,Gefühle & Abstraktes,6,"Erklären~A_TARGET_VIBE~3,Sprache~A_TARGET_VIBE~2,Nicken~A_TARGET_VIBE~2,Handbuch~A_TARGET_VIBE~3,Übersetzen~A_TARGET_VIBE~3,Blick~A_TARGET_VIBE~2"
Verträglichkeit,3,12,Gefühle & Abstraktes,6,"Miteinander~A_TARGET_VIBE~2,Brücke~A_TARGET_VIBE~2,Kompromiss~A_TARGET_VIBE~2,Dialog~A_TARGET_VIBE~3,Respekt~A_TARGET_VIBE~3,Zuhören~A_TARGET_VIBE~3"
Verunsicherung,3,12,Gefühle & Abstraktes,6,"Vielleicht~A_TARGET_VIBE~3,Wackeln~A_TARGET_VIBE~2,Frage~A_TARGET_VIBE~2,Grübeln~A_TARGET_VIBE~2,Schatten~A_TARGET_VIBE~3,Beweis~A_TARGET_VIBE~3"
Verzweifeltsein,4,12,Gefühle & Abstraktes,7,"Tränen~A_TARGET_VIBE~3,Nacht~A_TARGET_VIBE~3,Kloß~A_TARGET_VIBE~3,Leere~A_TARGET_VIBE~3,Schlaflos~A_TARGET_VIBE~3,Kälte~A_TARGET_VIBE~3,Blick~A_TARGET_VIBE~3"
Wagnis,3,12,Gefühle & Abstraktes,6,"Kante~A_TARGET_VIBE~2,Sprung~A_TARGET_VIBE~2,Helm~A_TARGET_VIBE~3,Alarm~A_TARGET_VIBE~2,Versicherung~A_TARGET_VIBE~3,Zittern~A_TARGET_VIBE~3"
Wärmeschub,4,12,Gefühle & Abstraktes,7,"Heizung~A_TARGET_VIBE~3,Decke~A_TARGET_VIBE~3,Tee~A_TARGET_VIBE~3,Kerze~A_TARGET_VIBE~3,Sonne~A_TARGET_VIBE~3,Umarmung~A_TARGET_VIBE~3,Blick~A_TARGET_VIBE~3"
Würdegefühl,4,9|12,Gesellschaft & Beruf|Gefühle & Abstraktes,7,"Aufrecht~A_TARGET_VIBE~3,Ruf~A_TARGET_VIBE~3,Orden~A_TARGET_VIBE~3,Applaus~A_TARGET_VIBE~3,Zeremonie~A_TARGET_VIBE~3,Ehrensache~A_TARGET_VIBE~3,Blick~A_TARGET_VIBE~4"
Wutanfälle,4,12,Gefühle & Abstraktes,7,"Türknallen~A_TARGET_VIBE~3,Krach~A_TARGET_VIBE~3,Fluchen~A_TARGET_VIBE~3,Dampf~A_TARGET_VIBE~3,Fäuste~A_TARGET_VIBE~3,Streit~A_TARGET_VIBE~3,Blick~A_TARGET_VIBE~4"
Zärtlichkeitsschub,4,12,Gefühle & Abstraktes,7,"Umarmung~A_TARGET_VIBE~3,Nähe~A_TARGET_VIBE~3,Kuss~A_TARGET_VIBE~3,Streicheln~A_TARGET_VIBE~3,Rosen~A_TARGET_VIBE~3,Herz~A_TARGET_VIBE~3,Blick~A_TARGET_VIBE~4"
Zielsetzung,3,12,Gefühle & Abstraktes,6,"Pfeil~A_TARGET_VIBE~2,Finish~A_TARGET_VIBE~3,Kompass~A_TARGET_VIBE~3,Haken~A_TARGET_VIBE~2,Plan~A_TARGET_VIBE~2,Richtung~A_TARGET_VIBE~3"
Zufriedenheitsschub,4,12,Gefühle & Abstraktes,7,"Aufatmen~A_TARGET_VIBE~3,Pause~A_TARGET_VIBE~3,Schultern~A_TARGET_VIBE~3,Lächeln~A_TARGET_VIBE~3,Last~A_TARGET_VIBE~3,Blick~A_TARGET_VIBE~3,Stille~A_TARGET_VIBE~4"
Zukunftsangst,4,12,Gefühle & Abstraktes,7,"Kalender~A_TARGET_VIBE~3,Nebel~A_TARGET_VIBE~3,Morgen~A_TARGET_VIBE~3,Warnung~A_TARGET_VIBE~3,Grübeln~A_TARGET_VIBE~3,Telefon~A_TARGET_VIBE~3,Blick~A_TARGET_VIBE~4"
Zuwendungslosigkeit,4,9|12,Gesellschaft & Beruf|Gefühle & Abstraktes,7,"Leere~A_TARGET_VIBE~3,Kälte~A_TARGET_VIBE~3,Schweigen~A_TARGET_VIBE~3,Abstand~A_TARGET_VIBE~3,Schatten~A_TARGET_VIBE~3,Blick~A_TARGET_VIBE~3,Stille~A_TARGET_VIBE~4"
Zweifelhaftigkeit,4,12,Gefühle & Abstraktes,7,"Vielleicht~A_TARGET_VIBE~3,Wackeln~A_TARGET_VIBE~3,Frage~A_TARGET_VIBE~3,Grübeln~A_TARGET_VIBE~3,Schatten~A_TARGET_VIBE~3,Beweis~A_TARGET_VIBE~3,Blick~A_TARGET_VIBE~4"
Anerkennung,3,9|12,Gesellschaft & Beruf|Gefühle & Abstraktes,6,"Bühnenlicht~A_TARGET_VIBE~2,Schulterklopfen~A_TARGET_VIBE~2,Mikrofon~A_TARGET_VIBE~3,Ruhm~A_TARGET_VIBE~3,Applaus~A_TARGET_VIBE~3,Urkunde~A_TARGET_VIBE~2"
Angst,1,12,Gefühle & Abstraktes,5,"Kopfkino~A_TARGET_VIBE~2,Adrenalin~A_TARGET_VIBE~2,Dunkel~A_TARGET_VIBE~2,Schatten~A_TARGET_VIBE~2,Alarm~A_TARGET_VIBE~3"
Anstand,2,9|12,Gesellschaft & Beruf|Gefühle & Abstraktes,6,"Zeuge~A_TARGET_VIBE~2,Kodex~A_TARGET_VIBE~2,Kompass~A_TARGET_VIBE~2,Leitlinie~A_TARGET_VIBE~2,Paragraph~A_TARGET_VIBE~3,Unterschrift~A_TARGET_VIBE~3"
Anteilnahme,3,9|12,Gesellschaft & Beruf|Gefühle & Abstraktes,6,"Händedruck~A_TARGET_VIBE~2,Beistand~A_TARGET_VIBE~2,Umarmung~A_TARGET_VIBE~3,Zuhören~A_TARGET_VIBE~3,Taschentuch~A_TARGET_VIBE~3,Kerze~A_TARGET_VIBE~2"
Antipathie,4,9|12,Gesellschaft & Beruf|Gefühle & Abstraktes,7,"Blockieren~A_TARGET_VIBE~3,Grimasse~A_TARGET_VIBE~3,Muffig~A_TARGET_VIBE~3,Augenrollen~A_TARGET_VIBE~3,Distanz~A_TARGET_VIBE~4,Abwenden~A_TARGET_VIBE~3,Stirnrunzeln~A_TARGET_VIBE~3"
Anziehung,3,12,Gefühle & Abstraktes,6,"Lockruf~A_TARGET_VIBE~2,Verboten~A_TARGET_VIBE~2,Kitzel~A_TARGET_VIBE~3,Neonlicht~A_TARGET_VIBE~3,Kontrast~A_TARGET_VIBE~3,Samt~A_TARGET_VIBE~2"
Arroganz,3,9|12,Gesellschaft & Beruf|Gefühle & Abstraktes,6,"VIP~A_TARGET_VIBE~2,Designer~A_TARGET_VIBE~2,Status~A_TARGET_VIBE~3,Podest~A_TARGET_VIBE~3,Snob~A_TARGET_VIBE~3,Herablassend~A_TARGET_VIBE~2"
Atmosphäre,2,12,Gefühle & Abstraktes,6,"Kerzenlicht~A_TARGET_VIBE~2,Hintergrundmusik~A_TARGET_VIBE~2,Raumduft~A_TARGET_VIBE~2,Gedämpft~A_TARGET_VIBE~2,Kulisse~A_TARGET_VIBE~3,Geräuschkulisse~A_TARGET_VIBE~3"
Auseinandersetzung,3,9|12,Gesellschaft & Beruf|Gefühle & Abstraktes,6,"Lautstärke~A_TARGET_VIBE~2,Nachbar~A_TARGET_VIBE~2,Gerichtssaal~A_TARGET_VIBE~3,Ultimatum~A_TARGET_VIBE~3,Stichelei~A_TARGET_VIBE~3,Türenknallen~A_TARGET_VIBE~2"
Bedeutung,3,12,Gefühle & Abstraktes,6,"Headline~A_TARGET_VIBE~2,Randnotiz~A_TARGET_VIBE~2,Kontext~A_TARGET_VIBE~3,Interpretation~A_TARGET_VIBE~3,Unterton~A_TARGET_VIBE~3,Schlüssel~A_TARGET_VIBE~2"
Bedeutungslosigkeit,3,12,Gefühle & Abstraktes,6,"Bühnenrand~A_TARGET_VIBE~2,Nebensache~A_TARGET_VIBE~2,Schulterzucken~A_TARGET_VIBE~3,Staub~A_TARGET_VIBE~3,Papierkorb~A_TARGET_VIBE~3,Leerlauf~A_TARGET_VIBE~2"
Begeisterung,3,12,Gefühle & Abstraktes,6,"Riesenrad~A_TARGET_VIBE~2,Konfetti~A_TARGET_VIBE~2,Jubel~A_TARGET_VIBE~3,Grinsen~A_TARGET_VIBE~3,Feier~A_TARGET_VIBE~3,Tanz~A_TARGET_VIBE~2"
Begierde,4,12,Gefühle & Abstraktes,7,"Kontrast~A_TARGET_VIBE~3,Samt~A_TARGET_VIBE~3,Süß~A_TARGET_VIBE~3,Puls~A_TARGET_VIBE~3,Parfum~A_TARGET_VIBE~4,Blick~A_TARGET_VIBE~3,Funke~A_TARGET_VIBE~3"
Beklemmung,4,12,Gefühle & Abstraktes,7,"Notausgang~A_TARGET_VIBE~3,Warnschild~A_TARGET_VIBE~3,Türspalt~A_TARGET_VIBE~3,Atemnot~A_TARGET_VIBE~3,Kopfkino~A_TARGET_VIBE~4,Adrenalin~A_TARGET_VIBE~3,Dunkel~A_TARGET_VIBE~3"
Beklommenheit,3,12,Gefühle & Abstraktes,6,"Schweiß~A_TARGET_VIBE~2,Keller~A_TARGET_VIBE~2,Notausgang~A_TARGET_VIBE~3,Warnschild~A_TARGET_VIBE~3,Türspalt~A_TARGET_VIBE~3,Atemnot~A_TARGET_VIBE~2"
Besorgnis,3,12,Gefühle & Abstraktes,6,"Herzrasen~A_TARGET_VIBE~2,Zittern~A_TARGET_VIBE~2,Schweiß~A_TARGET_VIBE~3,Keller~A_TARGET_VIBE~3,Notausgang~A_TARGET_VIBE~3,Warnschild~A_TARGET_VIBE~2"
Bewertung,3,9|12,Gesellschaft & Beruf|Gefühle & Abstraktes,6,"Kommentar~A_TARGET_VIBE~2,Korrektur~A_TARGET_VIBE~2,Lehrerzimmer~A_TARGET_VIBE~3,Beförderung~A_TARGET_VIBE~3,Prüfung~A_TARGET_VIBE~3,Noten~A_TARGET_VIBE~2"
Dank,1,9|12,Gesellschaft & Beruf|Gefühle & Abstraktes,5,"Umarmung~A_TARGET_VIBE~2,Händedruck~A_TARGET_VIBE~2,Geschenk~A_TARGET_VIBE~2,Trinkgeld~A_TARGET_VIBE~2,Blumen~A_TARGET_VIBE~3"
Dasein,2,12,Gefühle & Abstraktes,6,"Konto~A_TARGET_VIBE~2,Frühstück~A_TARGET_VIBE~2,Spaziergang~A_TARGET_VIBE~2,Atmen~A_TARGET_VIBE~2,Routine~A_TARGET_VIBE~3,Miete~A_TARGET_VIBE~3"
Demut,3,9|12,Gesellschaft & Beruf|Gefühle & Abstraktes,6,"Knie~A_TARGET_VIBE~2,Gebet~A_TARGET_VIBE~2,Verzicht~A_TARGET_VIBE~3,Flüstern~A_TARGET_VIBE~3,Schweigen~A_TARGET_VIBE~3,Kirche~A_TARGET_VIBE~2"
Demütigung,3,9|12,Gesellschaft & Beruf|Gefühle & Abstraktes,6,"Publikum~A_TARGET_VIBE~2,Spott~A_TARGET_VIBE~2,Mobbing~A_TARGET_VIBE~3,Bühne~A_TARGET_VIBE~3,Rotwerden~A_TARGET_VIBE~3,Träne~A_TARGET_VIBE~2"
Dogma,3,9|12,Gesellschaft & Beruf|Gefühle & Abstraktes,6,"Ketzerei~A_TARGET_VIBE~2,Lehrsatz~A_TARGET_VIBE~2,Glaubenssatz~A_TARGET_VIBE~3,Partei~A_TARGET_VIBE~3,Ideologie~A_TARGET_VIBE~3,Tabu~A_TARGET_VIBE~2"
Drang,3,12,Gefühle & Abstraktes,6,"Glut~A_TARGET_VIBE~2,Kuss~A_TARGET_VIBE~2,Lockruf~A_TARGET_VIBE~3,Verboten~A_TARGET_VIBE~3,Kitzel~A_TARGET_VIBE~3,Neonlicht~A_TARGET_VIBE~2"
Echo,3,7|12,Wissenschaft & Medizin|Gefühle & Abstraktes,6,"Schlucht~A_TARGET_VIBE~2,Höhle~A_TARGET_VIBE~2,Bergwand~A_TARGET_VIBE~3,Tunnel~A_TARGET_VIBE~3,Zuruf~A_TARGET_VIBE~3,Tonspur~A_TARGET_VIBE~2"
Ehre,3,9|12,Gesellschaft & Beruf|Gefühle & Abstraktes,6,"Laudatio~A_TARGET_VIBE~2,Publikum~A_TARGET_VIBE~2,Orden~A_TARGET_VIBE~3,Preisgeld~A_TARGET_VIBE~3,Bühnenlicht~A_TARGET_VIBE~3,Schulterklopfen~A_TARGET_VIBE~2"
Ehrfurcht,3,9|12,Gesellschaft & Beruf|Gefühle & Abstraktes,6,"Podest~A_TARGET_VIBE~2,Laudatio~A_TARGET_VIBE~2,Publikum~A_TARGET_VIBE~3,Orden~A_TARGET_VIBE~3,Preisgeld~A_TARGET_VIBE~3,Bühnenlicht~A_TARGET_VIBE~2"
Eifer,3,12,Gefühle & Abstraktes,6,"Koffein~A_TARGET_VIBE~2,Motor~A_TARGET_VIBE~2,Aufbruch~A_TARGET_VIBE~3,Startschuss~A_TARGET_VIBE~3,Checkliste~A_TARGET_VIBE~3,Sneaker~A_TARGET_VIBE~2"
Eile,2,12,Gefühle & Abstraktes,6,"Bahnsteig~A_TARGET_VIBE~2,Rotphase~A_TARGET_VIBE~2,Kaffeeschluck~A_TARGET_VIBE~2,Schlüsselbund~A_TARGET_VIBE~2,Rennen~A_TARGET_VIBE~3,Kurve~A_TARGET_VIBE~3"
Einfall,3,12,Gefühle & Abstraktes,6,"Notizblock~A_TARGET_VIBE~2,Zettel~A_TARGET_VIBE~2,Muse~A_TARGET_VIBE~3,Glühbirne~A_TARGET_VIBE~3,Serviette~A_TARGET_VIBE~3,Kritzeln~A_TARGET_VIBE~2"
Einsamkeit,2,12,Gefühle & Abstraktes,6,"Fensterbank~A_TARGET_VIBE~2,Nacht~A_TARGET_VIBE~2,Grau~A_TARGET_VIBE~2,Kissen~A_TARGET_VIBE~2,Regen~A_TARGET_VIBE~3,Seufzer~A_TARGET_VIBE~3"
Einverständnis,3,9|12,Gesellschaft & Beruf|Gefühle & Abstraktes,6,"Siegel~A_TARGET_VIBE~2,Freigabe~A_TARGET_VIBE~2,Beifall~A_TARGET_VIBE~3,Stempel~A_TARGET_VIBE~3,Akzeptiert~A_TARGET_VIBE~3,Nicken~A_TARGET_VIBE~2"
Eitelkeit,4,12,Gefühle & Abstraktes,7,"Blitzlicht~A_TARGET_VIBE~3,Krone~A_TARGET_VIBE~3,Spiegel~A_TARGET_VIBE~3,VIP~A_TARGET_VIBE~3,Designer~A_TARGET_VIBE~4,Status~A_TARGET_VIBE~3,Podest~A_TARGET_VIBE~3"
Ekel,2,12,Gefühle & Abstraktes,6,"Magenkrampf~A_TARGET_VIBE~2,Bitter~A_TARGET_VIBE~2,Kratzen~A_TARGET_VIBE~2,Sperren~A_TARGET_VIBE~2,Blockieren~A_TARGET_VIBE~3,Grimasse~A_TARGET_VIBE~3"
Empathie,4,12,Gefühle & Abstraktes,7,"Blumen~A_TARGET_VIBE~3,Karte~A_TARGET_VIBE~3,Anruf~A_TARGET_VIBE~3,Besuch~A_TARGET_VIBE~3,Schulter~A_TARGET_VIBE~4,Tee~A_TARGET_VIBE~3,Händedruck~A_TARGET_VIBE~3"
Endlichkeit,4,12,Gefühle & Abstraktes,7,"Sanduhr~A_TARGET_VIBE~3,Ablaufdatum~A_TARGET_VIBE~3,Kerze~A_TARGET_VIBE~3,Jahresring~A_TARGET_VIBE~3,Deadline~A_TARGET_VIBE~4,Abschied~A_TARGET_VIBE~3,Stoppuhr~A_TARGET_VIBE~3"
Entscheidung,4,12,Gefühle & Abstraktes,7,"Abzweig~A_TARGET_VIBE~3,PlanB~A_TARGET_VIBE~3,Schnitt~A_TARGET_VIBE~3,Unterschrift~A_TARGET_VIBE~3,Deadline~A_TARGET_VIBE~4,Abstimmung~A_TARGET_VIBE~3,Münzwurf~A_TARGET_VIBE~3"
Entsetzen,4,12,Gefühle & Abstraktes,7,"Türspalt~A_TARGET_VIBE~3,Atemnot~A_TARGET_VIBE~3,Kopfkino~A_TARGET_VIBE~3,Adrenalin~A_TARGET_VIBE~3,Dunkel~A_TARGET_VIBE~4,Schatten~A_TARGET_VIBE~3,Alarm~A_TARGET_VIBE~3"
Entspannung,2,12,Gefühle & Abstraktes,6,"Wolldecke~A_TARGET_VIBE~2,Leise~A_TARGET_VIBE~2,Hängematte~A_TARGET_VIBE~2,Morgensonne~A_TARGET_VIBE~2,Waldweg~A_TARGET_VIBE~3,Meeresrauschen~A_TARGET_VIBE~3"
Erinnerung,2,12,Gefühle & Abstraktes,6,"Postkarte~A_TARGET_VIBE~2,Jahrestag~A_TARGET_VIBE~2,Dias~A_TARGET_VIBE~2,Kiste~A_TARGET_VIBE~2,Notizbuch~A_TARGET_VIBE~3,Souvenir~A_TARGET_VIBE~3"
Ermahnung,4,9|12,Gesellschaft & Beruf|Gefühle & Abstraktes,7,"Regelbruch~A_TARGET_VIBE~3,Tadel~A_TARGET_VIBE~3,Hinweiszettel~A_TARGET_VIBE~3,Elterngespräch~A_TARGET_VIBE~3,Sanktion~A_TARGET_VIBE~4,Zeigefinger~A_TARGET_VIBE~3,Rüge~A_TARGET_VIBE~3"
Ermutigung,3,9|12,Gesellschaft & Beruf|Gefühle & Abstraktes,6,"Teamruf~A_TARGET_VIBE~2,Ziel~A_TARGET_VIBE~2,Mutmacher~A_TARGET_VIBE~3,Lobkarte~A_TARGET_VIBE~3,Training~A_TARGET_VIBE~3,Anfeuern~A_TARGET_VIBE~2"
Erschrecken,2,12,Gefühle & Abstraktes,6,"Nachricht~A_TARGET_VIBE~2,Stirnrunzeln~A_TARGET_VIBE~2,Kopfkino~A_TARGET_VIBE~2,Schnappatmung~A_TARGET_VIBE~2,Blinzeln~A_TARGET_VIBE~3,Kinnlade~A_TARGET_VIBE~3"
Erstaunen,2,12,Gefühle & Abstraktes,6,"Blitz~A_TARGET_VIBE~2,Augenweit~A_TARGET_VIBE~2,Unerwartet~A_TARGET_VIBE~2,Nachricht~A_TARGET_VIBE~2,Stirnrunzeln~A_TARGET_VIBE~3,Kopfkino~A_TARGET_VIBE~3"
Erwartung,3,12,Gefühle & Abstraktes,6,"Bühnenvorhang~A_TARGET_VIBE~2,Warteschlange~A_TARGET_VIBE~2,Koffer~A_TARGET_VIBE~3,Wecker~A_TARGET_VIBE~3,Plan~A_TARGET_VIBE~3,Termin~A_TARGET_VIBE~2"
Erwartungsdruck,3,12,Gefühle & Abstraktes,6,"Deadline~A_TARGET_VIBE~2,Noten~A_TARGET_VIBE~2,Bühne~A_TARGET_VIBE~3,To-do~A_TARGET_VIBE~3,Chef~A_TARGET_VIBE~3,Ranking~A_TARGET_VIBE~2"
Fassungslosigkeit,3,12,Gefühle & Abstraktes,6,"Sprachlos~A_TARGET_VIBE~2,Kinnlade~A_TARGET_VIBE~2,Stillstand~A_TARGET_VIBE~3,Kopfschütteln~A_TARGET_VIBE~3,Nachricht~A_TARGET_VIBE~3,Blinzeln~A_TARGET_VIBE~2"
Freiheit,3,12,Gefühle & Abstraktes,6,"Meereswind~A_TARGET_VIBE~2,Ausbruch~A_TARGET_VIBE~2,Offen~A_TARGET_VIBE~3,Waldweg~A_TARGET_VIBE~3,Grenze~A_TARGET_VIBE~3,Aufbruch~A_TARGET_VIBE~2"
Fremdbestimmung,3,12,Gefühle & Abstraktes,6,"Überwachung~A_TARGET_VIBE~2,Stempel~A_TARGET_VIBE~2,Protokoll~A_TARGET_VIBE~3,Deadline~A_TARGET_VIBE~3,Uniform~A_TARGET_VIBE~3,Schicht~A_TARGET_VIBE~2"
Frustration,3,12,Gefühle & Abstraktes,6,"Abbruch~A_TARGET_VIBE~2,Nerv~A_TARGET_VIBE~2,Stau~A_TARGET_VIBE~3,Fehlversuch~A_TARGET_VIBE~3,Druck~A_TARGET_VIBE~3,Knoten~A_TARGET_VIBE~2"
Fröhlichkeit,3,12,Gefühle & Abstraktes,6,"Korken~A_TARGET_VIBE~2,Applaus~A_TARGET_VIBE~2,Umarmung~A_TARGET_VIBE~3,Funkeln~A_TARGET_VIBE~3,Riesenrad~A_TARGET_VIBE~3,Konfetti~A_TARGET_VIBE~2"
Furcht,4,12,Gefühle & Abstraktes,7,"Türspalt~A_TARGET_VIBE~3,Atemnot~A_TARGET_VIBE~3,Kopfkino~A_TARGET_VIBE~3,Adrenalin~A_TARGET_VIBE~3,Dunkel~A_TARGET_VIBE~4,Schatten~A_TARGET_VIBE~3,Alarm~A_TARGET_VIBE~3"
Geborgenheit,3,12,Gefühle & Abstraktes,6,"Nest~A_TARGET_VIBE~2,Tee~A_TARGET_VIBE~2,Dach~A_TARGET_VIBE~3,Umarmung~A_TARGET_VIBE~3,Kuscheln~A_TARGET_VIBE~3,Wärme~A_TARGET_VIBE~2"
Gedankenlosigkeit,3,12,Gefühle & Abstraktes,6,"Zettelchaos~A_TARGET_VIBE~2,Schlüsselverlust~A_TARGET_VIBE~2,To-do~A_TARGET_VIBE~3,Klemmbrett~A_TARGET_VIBE~3,Raster~A_TARGET_VIBE~3,Tunnelblick~A_TARGET_VIBE~2"
Geheimnis,4,12,Gefühle & Abstraktes,7,"Dachboden~A_TARGET_VIBE~3,Spuk~A_TARGET_VIBE~3,Kerze~A_TARGET_VIBE~3,Meditation~A_TARGET_VIBE~3,Atem~A_TARGET_VIBE~4,Sternenhimmel~A_TARGET_VIBE~3,Flüstern~A_TARGET_VIBE~3"
Geist,4,12,Gefühle & Abstraktes,7,"Phantom~A_TARGET_VIBE~3,Gedanken~A_TARGET_VIBE~3,Kloster~A_TARGET_VIBE~3,Spuk~A_TARGET_VIBE~3,Meditation~A_TARGET_VIBE~4,Schach~A_TARGET_VIBE~3,Atem~A_TARGET_VIBE~3"
Geiz,2,12,Gefühle & Abstraktes,6,"Marke~A_TARGET_VIBE~2,Blitzlicht~A_TARGET_VIBE~2,Krone~A_TARGET_VIBE~2,Spiegel~A_TARGET_VIBE~2,VIP~A_TARGET_VIBE~3,Designer~A_TARGET_VIBE~3"
Gelöstheit,2,12,Gefühle & Abstraktes,6,"Waldweg~A_TARGET_VIBE~2,Meeresrauschen~A_TARGET_VIBE~2,Badewanne~A_TARGET_VIBE~2,Massage~A_TARGET_VIBE~2,Atem~A_TARGET_VIBE~3,Kerze~A_TARGET_VIBE~3"
Gemüt,2,12,Gefühle & Abstraktes,6,"Neonreklame~A_TARGET_VIBE~2,Fensterregen~A_TARGET_VIBE~2,Flüstern~A_TARGET_VIBE~2,Lichterkette~A_TARGET_VIBE~2,Kerzenlicht~A_TARGET_VIBE~3,Hintergrundmusik~A_TARGET_VIBE~3"
Gerechtigkeit,3,9|12,Gesellschaft & Beruf|Gefühle & Abstraktes,6,"Rückgrat~A_TARGET_VIBE~2,Kodex~A_TARGET_VIBE~2,Kompass~A_TARGET_VIBE~3,Leitlinie~A_TARGET_VIBE~3,Paragraph~A_TARGET_VIBE~3,Unterschrift~A_TARGET_VIBE~2"
Gleichgewicht,3,12,Gefühle & Abstraktes,6,"Yoga~A_TARGET_VIBE~2,Balken~A_TARGET_VIBE~2,Kompass~A_TARGET_VIBE~3,Überhang~A_TARGET_VIBE~3,Waage~A_TARGET_VIBE~3,Pendel~A_TARGET_VIBE~2"
Gleichgültigkeit,2,12,Gefühle & Abstraktes,6,"Leerlauf~A_TARGET_VIBE~2,Blickleer~A_TARGET_VIBE~2,Übersehen~A_TARGET_VIBE~2,Abnicken~A_TARGET_VIBE~2,Egal~A_TARGET_VIBE~3,Stille~A_TARGET_VIBE~3"
Glück,1,12,Gefühle & Abstraktes,5,"Tanz~A_TARGET_VIBE~2,Musik~A_TARGET_VIBE~2,Sonnenstrahl~A_TARGET_VIBE~2,Picknick~A_TARGET_VIBE~2,Korken~A_TARGET_VIBE~3"
Heiterkeit,2,12,Gefühle & Abstraktes,6,"Feier~A_TARGET_VIBE~2,Tanz~A_TARGET_VIBE~2,Musik~A_TARGET_VIBE~2,Sonnenstrahl~A_TARGET_VIBE~2,Picknick~A_TARGET_VIBE~3,Korken~A_TARGET_VIBE~3"
Hochachtung,3,9|12,Gesellschaft & Beruf|Gefühle & Abstraktes,6,"Orden~A_TARGET_VIBE~2,Preisgeld~A_TARGET_VIBE~2,Bühnenlicht~A_TARGET_VIBE~3,Schulterklopfen~A_TARGET_VIBE~3,Mikrofon~A_TARGET_VIBE~3,Ruhm~A_TARGET_VIBE~2"
Hoffnungslosigkeit,4,12,Gefühle & Abstraktes,7,"Kissen~A_TARGET_VIBE~3,Friedhof~A_TARGET_VIBE~3,Abschied~A_TARGET_VIBE~3,Stille~A_TARGET_VIBE~3,Tränen~A_TARGET_VIBE~4,Taschentuch~A_TARGET_VIBE~3,Regen~A_TARGET_VIBE~3"
Hässlichkeit,4,4|12,Kultur & Kunst|Gefühle & Abstraktes,7,"Müllsack~A_TARGET_VIBE~3,Grauschleier~A_TARGET_VIBE~3,Kellerwand~A_TARGET_VIBE~3,Stumpf~A_TARGET_VIBE~3,Wurmloch~A_TARGET_VIBE~4,Flecken~A_TARGET_VIBE~3,Risse~A_TARGET_VIBE~3"
Ideal,4,12,Gefühle & Abstraktes,7,"Gewissen~A_TARGET_VIBE~3,Rückgrat~A_TARGET_VIBE~3,Zeuge~A_TARGET_VIBE~3,Kodex~A_TARGET_VIBE~3,Kompass~A_TARGET_VIBE~4,Leitlinie~A_TARGET_VIBE~3,Paragraph~A_TARGET_VIBE~3"
Idealismus,4,12,Gefühle & Abstraktes,7,"Regelwerk~A_TARGET_VIBE~3,Gewissen~A_TARGET_VIBE~3,Rückgrat~A_TARGET_VIBE~3,Zeuge~A_TARGET_VIBE~3,Kodex~A_TARGET_VIBE~4,Kompass~A_TARGET_VIBE~3,Leitlinie~A_TARGET_VIBE~3"
Idee,3,12,Gefühle & Abstraktes,6,"Pinnwand~A_TARGET_VIBE~2,Post-it~A_TARGET_VIBE~2,Skizze~A_TARGET_VIBE~3,Brainstorming~A_TARGET_VIBE~3,Mindmap~A_TARGET_VIBE~3,Duschgedanke~A_TARGET_VIBE~2"
Innigkeit,3,12,Gefühle & Abstraktes,6,"Tee~A_TARGET_VIBE~2,Händedruck~A_TARGET_VIBE~2,Beistand~A_TARGET_VIBE~3,Umarmung~A_TARGET_VIBE~3,Zuhören~A_TARGET_VIBE~3,Taschentuch~A_TARGET_VIBE~2"
Integrität,4,9|12,Gesellschaft & Beruf|Gefühle & Abstraktes,7,"Eid~A_TARGET_VIBE~3,Gelöbnis~A_TARGET_VIBE~3,Regelwerk~A_TARGET_VIBE~3,Gewissen~A_TARGET_VIBE~3,Rückgrat~A_TARGET_VIBE~4,Zeuge~A_TARGET_VIBE~3,Kodex~A_TARGET_VIBE~3"
Intoleranz,4,9|12,Gesellschaft & Beruf|Gefühle & Abstraktes,7,"Gerichtssaal~A_TARGET_VIBE~3,Ultimatum~A_TARGET_VIBE~3,Stichelei~A_TARGET_VIBE~3,Türenknallen~A_TARGET_VIBE~3,Fronten~A_TARGET_VIBE~4,Mediation~A_TARGET_VIBE~3,Schiedsrichter~A_TARGET_VIBE~3"
Intuition,3,12,Gefühle & Abstraktes,6,"Skizze~A_TARGET_VIBE~2,Brainstorming~A_TARGET_VIBE~2,Mindmap~A_TARGET_VIBE~3,Duschgedanke~A_TARGET_VIBE~3,Notizblock~A_TARGET_VIBE~3,Zettel~A_TARGET_VIBE~2"
Irritation,3,12,Gefühle & Abstraktes,6,"Schnappatmung~A_TARGET_VIBE~2,Blinzeln~A_TARGET_VIBE~2,Kinnlade~A_TARGET_VIBE~3,Ausrufezeichen~A_TARGET_VIBE~3,Sprachlos~A_TARGET_VIBE~3,Stillstand~A_TARGET_VIBE~2"
Konflikt,3,9|12,Gesellschaft & Beruf|Gefühle & Abstraktes,6,"Argumente~A_TARGET_VIBE~2,Protokoll~A_TARGET_VIBE~2,Ellenbogen~A_TARGET_VIBE~3,Lautstärke~A_TARGET_VIBE~3,Nachbar~A_TARGET_VIBE~3,Gerichtssaal~A_TARGET_VIBE~2"
Konsequenz,3,12,Gefühle & Abstraktes,6,"Konzession~A_TARGET_VIBE~2,Fairplay~A_TARGET_VIBE~2,Zeuge~A_TARGET_VIBE~3,Kodex~A_TARGET_VIBE~3,Kompass~A_TARGET_VIBE~3,Leitlinie~A_TARGET_VIBE~2"
Kontrollverlust,4,12,Gefühle & Abstraktes,7,"Autopilot~A_TARGET_VIBE~3,Gitter~A_TARGET_VIBE~3,Handschelle~A_TARGET_VIBE~3,Dienstplan~A_TARGET_VIBE~3,Befehl~A_TARGET_VIBE~4,Grenze~A_TARGET_VIBE~3,Fernbedienung~A_TARGET_VIBE~3"
Konzentration,2,12,Gefühle & Abstraktes,6,"Scrollen~A_TARGET_VIBE~2,Zettelchaos~A_TARGET_VIBE~2,Schlüsselverlust~A_TARGET_VIBE~2,To-do~A_TARGET_VIBE~2,Klemmbrett~A_TARGET_VIBE~3,Raster~A_TARGET_VIBE~3"
Kreativität,3,4|12,Kultur & Kunst|Gefühle & Abstraktes,6,"Atelier~A_TARGET_VIBE~2,Farbtube~A_TARGET_VIBE~2,Leinwand~A_TARGET_VIBE~3,Ideenbuch~A_TARGET_VIBE~3,Galerie~A_TARGET_VIBE~3,Entwurf~A_TARGET_VIBE~2"
Lebensfreude,3,12,Gefühle & Abstraktes,6,"Funkeln~A_TARGET_VIBE~2,Riesenrad~A_TARGET_VIBE~2,Konfetti~A_TARGET_VIBE~3,Jubel~A_TARGET_VIBE~3,Grinsen~A_TARGET_VIBE~3,Feier~A_TARGET_VIBE~2"
Leichtsinn,4,12,Gefühle & Abstraktes,7,"Überholen~A_TARGET_VIBE~3,Warnschild~A_TARGET_VIBE~3,Klippe~A_TARGET_VIBE~3,Tempo~A_TARGET_VIBE~3,OhnePlan~A_TARGET_VIBE~4,Gurt~A_TARGET_VIBE~3,Mutprobe~A_TARGET_VIBE~3"
Leid,4,12,Gefühle & Abstraktes,7,"Leere~A_TARGET_VIBE~3,Fensterbank~A_TARGET_VIBE~3,Nacht~A_TARGET_VIBE~3,Grau~A_TARGET_VIBE~3,Kissen~A_TARGET_VIBE~4,Friedhof~A_TARGET_VIBE~3,Abschied~A_TARGET_VIBE~3"
Lust,3,12,Gefühle & Abstraktes,6,"Neonlicht~A_TARGET_VIBE~2,Kontrast~A_TARGET_VIBE~2,Samt~A_TARGET_VIBE~3,Süß~A_TARGET_VIBE~3,Puls~A_TARGET_VIBE~3,Parfum~A_TARGET_VIBE~2"
Machtlosigkeit,3,12,Gefühle & Abstraktes,6,"Hilferuf~A_TARGET_VIBE~2,Hebel~A_TARGET_VIBE~2,Schlüsselweg~A_TARGET_VIBE~3,Nebel~A_TARGET_VIBE~3,Handschelle~A_TARGET_VIBE~3,Fesseln~A_TARGET_VIBE~2"
Misgunst,4,9|12,Gesellschaft & Beruf|Gefühle & Abstraktes,7,"Kicher~A_TARGET_VIBE~3,Spott~A_TARGET_VIBE~3,Augenrollen~A_TARGET_VIBE~3,Distanz~A_TARGET_VIBE~3,Abwenden~A_TARGET_VIBE~4,Stirnrunzeln~A_TARGET_VIBE~3,Kopfschütteln~A_TARGET_VIBE~3"
Missachtung,4,9|12,Gesellschaft & Beruf|Gefühle & Abstraktes,7,"Gewissen~A_TARGET_VIBE~3,Rückgrat~A_TARGET_VIBE~3,Zeuge~A_TARGET_VIBE~3,Kodex~A_TARGET_VIBE~3,Kompass~A_TARGET_VIBE~4,Leitlinie~A_TARGET_VIBE~3,Paragraph~A_TARGET_VIBE~3"
Missmut,3,12,Gefühle & Abstraktes,6,"Kopfschütteln~A_TARGET_VIBE~2,Magenkrampf~A_TARGET_VIBE~2,Bitter~A_TARGET_VIBE~3,Kratzen~A_TARGET_VIBE~3,Sperren~A_TARGET_VIBE~3,Blockieren~A_TARGET_VIBE~2"
Mitgefühl,3,9|12,Gesellschaft & Beruf|Gefühle & Abstraktes,6,"Taschentuch~A_TARGET_VIBE~2,Kerze~A_TARGET_VIBE~2,Blumen~A_TARGET_VIBE~3,Karte~A_TARGET_VIBE~3,Anruf~A_TARGET_VIBE~3,Besuch~A_TARGET_VIBE~2"
Möglichkeit,3,12,Gefühle & Abstraktes,6,"Weiche~A_TARGET_VIBE~2,Entwurf~A_TARGET_VIBE~2,Reserve~A_TARGET_VIBE~3,Alternative~A_TARGET_VIBE~3,Fenster~A_TARGET_VIBE~3,Option~A_TARGET_VIBE~2"
Nervosität,2,12,Gefühle & Abstraktes,6,"Warnschild~A_TARGET_VIBE~2,Türspalt~A_TARGET_VIBE~2,Atemnot~A_TARGET_VIBE~2,Kopfkino~A_TARGET_VIBE~2,Adrenalin~A_TARGET_VIBE~3,Dunkel~A_TARGET_VIBE~3"
Offenheit,2,9|12,Gesellschaft & Beruf|Gefühle & Abstraktes,6,"Klartext~A_TARGET_VIBE~2,Bekenntnis~A_TARGET_VIBE~2,Gespräch~A_TARGET_VIBE~2,Feedback~A_TARGET_VIBE~2,Beichte~A_TARGET_VIBE~3,Transparenz~A_TARGET_VIBE~3"
Ohnmacht,3,7|12,Wissenschaft & Medizin|Gefühle & Abstraktes,6,"Wasser~A_TARGET_VIBE~2,Frischluft~A_TARGET_VIBE~2,Schweiß~A_TARGET_VIBE~3,Blässe~A_TARGET_VIBE~3,Herzklopfen~A_TARGET_VIBE~3,Schwindel~A_TARGET_VIBE~2"
Ordnung,3,12,Gefühle & Abstraktes,6,"Raster~A_TARGET_VIBE~2,Aufräumen~A_TARGET_VIBE~2,Stapel~A_TARGET_VIBE~3,Plan~A_TARGET_VIBE~3,Kiste~A_TARGET_VIBE~3,Listen~A_TARGET_VIBE~2"
Orientierungslosigkeit,4,12,Gefühle & Abstraktes,7,"Abzweig~A_TARGET_VIBE~3,Verlaufen~A_TARGET_VIBE~3,Fremdstadt~A_TARGET_VIBE~3,GPS~A_TARGET_VIBE~3,Schildwald~A_TARGET_VIBE~4,Irrweg~A_TARGET_VIBE~3,Kreuzung~A_TARGET_VIBE~3"
Prinzip,3,9|12,Gesellschaft & Beruf|Gefühle & Abstraktes,6,"Eid~A_TARGET_VIBE~2,Gelöbnis~A_TARGET_VIBE~2,Regelwerk~A_TARGET_VIBE~3,Gewissen~A_TARGET_VIBE~3,Rückgrat~A_TARGET_VIBE~3,Zeuge~A_TARGET_VIBE~2"
Ratlosigkeit,3,12,Gefühle & Abstraktes,6,"Dialog~A_TARGET_VIBE~2,Untertitel~A_TARGET_VIBE~2,Nachfragen~A_TARGET_VIBE~3,Fragezeichen~A_TARGET_VIBE~3,Stirnrunzeln~A_TARGET_VIBE~3,Übersetzen~A_TARGET_VIBE~2"
Reiz,3,12,Gefühle & Abstraktes,6,"Samt~A_TARGET_VIBE~2,Süß~A_TARGET_VIBE~2,Puls~A_TARGET_VIBE~3,Parfum~A_TARGET_VIBE~3,Blick~A_TARGET_VIBE~3,Funke~A_TARGET_VIBE~2"
Reue,3,12,Gefühle & Abstraktes,6,"Nachtschlaf~A_TARGET_VIBE~2,Wiedergutmachen~A_TARGET_VIBE~2,Reparatur~A_TARGET_VIBE~3,Zerknirscht~A_TARGET_VIBE~3,Tränen~A_TARGET_VIBE~3,Entschuldigung~A_TARGET_VIBE~2"
Ruhe,2,12,Gefühle & Abstraktes,6,"Tee~A_TARGET_VIBE~2,Wolldecke~A_TARGET_VIBE~2,Leise~A_TARGET_VIBE~2,Hängematte~A_TARGET_VIBE~2,Morgensonne~A_TARGET_VIBE~3,Waldweg~A_TARGET_VIBE~3"
Schadenfreude,4,9|12,Gesellschaft & Beruf|Gefühle & Abstraktes,7,"Fail~A_TARGET_VIBE~3,Memes~A_TARGET_VIBE~3,Kamera~A_TARGET_VIBE~3,Lacher~A_TARGET_VIBE~3,Zuschauer~A_TARGET_VIBE~4,Pech~A_TARGET_VIBE~3,Panne~A_TARGET_VIBE~3"
Schamgefühl,2,12,Gefühle & Abstraktes,6,"Erröten~A_TARGET_VIBE~2,Blicksenken~A_TARGET_VIBE~2,Schweigen~A_TARGET_VIBE~2,Kragen~A_TARGET_VIBE~2,Spiegel~A_TARGET_VIBE~3,Bühnenlicht~A_TARGET_VIBE~3"
Schreck,2,12,Gefühle & Abstraktes,6,"Ausrufezeichen~A_TARGET_VIBE~2,Sprachlos~A_TARGET_VIBE~2,Stillstand~A_TARGET_VIBE~2,Blitz~A_TARGET_VIBE~2,Augenweit~A_TARGET_VIBE~3,Unerwartet~A_TARGET_VIBE~3"
Schwäche,3,12,Gefühle & Abstraktes,6,"Abschied~A_TARGET_VIBE~2,Stille~A_TARGET_VIBE~2,Tränen~A_TARGET_VIBE~3,Taschentuch~A_TARGET_VIBE~3,Regen~A_TARGET_VIBE~3,Seufzer~A_TARGET_VIBE~2"
Schönheit,1,4|12,Kultur & Kunst|Gefühle & Abstraktes,5,"Porzellan~A_TARGET_VIBE~2,Blüte~A_TARGET_VIBE~2,Pose~A_TARGET_VIBE~2,Lichtspiel~A_TARGET_VIBE~2,Makeup~A_TARGET_VIBE~3"
Schüchternheit,3,12,Gefühle & Abstraktes,6,"Schlupfloch~A_TARGET_VIBE~2,Zögern~A_TARGET_VIBE~2,Ausrede~A_TARGET_VIBE~3,Erröten~A_TARGET_VIBE~3,Blicksenken~A_TARGET_VIBE~3,Smalltalk~A_TARGET_VIBE~2"
Seele,4,12,Gefühle & Abstraktes,7,"Herzschlag~A_TARGET_VIBE~3,Stille~A_TARGET_VIBE~3,Kerze~A_TARGET_VIBE~3,Atem~A_TARGET_VIBE~3,Sternenhimmel~A_TARGET_VIBE~4,Räucherstäbchen~A_TARGET_VIBE~3,Gebet~A_TARGET_VIBE~3"
Sehnsucht,3,12,Gefühle & Abstraktes,6,"Fernweh~A_TARGET_VIBE~2,Sehfeld~A_TARGET_VIBE~2,Abfahrt~A_TARGET_VIBE~3,Wellen~A_TARGET_VIBE~3,Abendzug~A_TARGET_VIBE~3,Fensterplatz~A_TARGET_VIBE~2"
Selbstachtung,3,12,Gefühle & Abstraktes,6,"Biografie~A_TARGET_VIBE~2,Therapie~A_TARGET_VIBE~2,Spiegel~A_TARGET_VIBE~3,Profilbild~A_TARGET_VIBE~3,Körperhaltung~A_TARGET_VIBE~3,Daumenhoch~A_TARGET_VIBE~2"
Selbstbeherrschung,4,12,Gefühle & Abstraktes,7,"Dienstplan~A_TARGET_VIBE~3,Befehl~A_TARGET_VIBE~3,Grenze~A_TARGET_VIBE~3,Fernbedienung~A_TARGET_VIBE~3,Ketten~A_TARGET_VIBE~4,Fesseln~A_TARGET_VIBE~3,Schlüssel~A_TARGET_VIBE~3"
Selbstbestimmung,3,12,Gefühle & Abstraktes,6,"PlanB~A_TARGET_VIBE~2,Aufbruch~A_TARGET_VIBE~2,Schlüssel~A_TARGET_VIBE~3,Freiraum~A_TARGET_VIBE~3,Grenze~A_TARGET_VIBE~3,Nein~A_TARGET_VIBE~2"
Selbstbewusstsein,3,12,Gefühle & Abstraktes,6,"Like~A_TARGET_VIBE~2,Biografie~A_TARGET_VIBE~2,Therapie~A_TARGET_VIBE~3,Spiegel~A_TARGET_VIBE~3,Profilbild~A_TARGET_VIBE~3,Körperhaltung~A_TARGET_VIBE~2"
Selbstbild,3,12,Gefühle & Abstraktes,6,"Feedback~A_TARGET_VIBE~2,Like~A_TARGET_VIBE~2,Biografie~A_TARGET_VIBE~3,Therapie~A_TARGET_VIBE~3,Spiegel~A_TARGET_VIBE~3,Profilbild~A_TARGET_VIBE~2"
Selbsthass,4,12,Gefühle & Abstraktes,7,"Abschied~A_TARGET_VIBE~3,Stille~A_TARGET_VIBE~3,Tränen~A_TARGET_VIBE~3,Taschentuch~A_TARGET_VIBE~3,Regen~A_TARGET_VIBE~4,Seufzer~A_TARGET_VIBE~3,Kloß~A_TARGET_VIBE~3"
Selbstkritik,3,12,Gefühle & Abstraktes,6,"Rotstift~A_TARGET_VIBE~2,Tagebuch~A_TARGET_VIBE~2,Grenzen~A_TARGET_VIBE~3,Nein~A_TARGET_VIBE~3,Feedback~A_TARGET_VIBE~3,Like~A_TARGET_VIBE~2"
Selbstlosigkeit,4,12,Gefühle & Abstraktes,7,"Karte~A_TARGET_VIBE~3,Anruf~A_TARGET_VIBE~3,Besuch~A_TARGET_VIBE~3,Schulter~A_TARGET_VIBE~3,Tee~A_TARGET_VIBE~4,Händedruck~A_TARGET_VIBE~3,Beistand~A_TARGET_VIBE~3"
Selbstreflexion,3,12,Gefühle & Abstraktes,6,"Therapie~A_TARGET_VIBE~2,Spiegel~A_TARGET_VIBE~2,Profilbild~A_TARGET_VIBE~3,Körperhaltung~A_TARGET_VIBE~3,Daumenhoch~A_TARGET_VIBE~3,Vergleich~A_TARGET_VIBE~2"
Selbsttäuschung,4,12,Gefühle & Abstraktes,7,"Knoten~A_TARGET_VIBE~3,Atem~A_TARGET_VIBE~3,Bauch~A_TARGET_VIBE~3,Kopf~A_TARGET_VIBE~3,Spiegel~A_TARGET_VIBE~4,Stimme~A_TARGET_VIBE~3,Pause~A_TARGET_VIBE~3"
Selbstvertrauen,3,12,Gefühle & Abstraktes,6,"Grenzen~A_TARGET_VIBE~2,Nein~A_TARGET_VIBE~2,Feedback~A_TARGET_VIBE~3,Like~A_TARGET_VIBE~3,Biografie~A_TARGET_VIBE~3,Therapie~A_TARGET_VIBE~2"
Selbstwert,3,12,Gefühle & Abstraktes,6,"Daumenhoch~A_TARGET_VIBE~2,Vergleich~A_TARGET_VIBE~2,Rotstift~A_TARGET_VIBE~3,Tagebuch~A_TARGET_VIBE~3,Grenzen~A_TARGET_VIBE~3,Nein~A_TARGET_VIBE~2"
Selbstzweifel,3,12,Gefühle & Abstraktes,6,"Profilbild~A_TARGET_VIBE~2,Körperhaltung~A_TARGET_VIBE~2,Daumenhoch~A_TARGET_VIBE~3,Vergleich~A_TARGET_VIBE~3,Rotstift~A_TARGET_VIBE~3,Tagebuch~A_TARGET_VIBE~2"
Seligkeit,4,12,Gefühle & Abstraktes,7,"Sonnenstrahl~A_TARGET_VIBE~3,Picknick~A_TARGET_VIBE~3,Korken~A_TARGET_VIBE~3,Applaus~A_TARGET_VIBE~3,Umarmung~A_TARGET_VIBE~4,Funkeln~A_TARGET_VIBE~3,Riesenrad~A_TARGET_VIBE~3"
Sensibilität,4,12,Gefühle & Abstraktes,7,"Zittern~A_TARGET_VIBE~3,Feinmotorik~A_TARGET_VIBE~3,Schatten~A_TARGET_VIBE~3,Kälte~A_TARGET_VIBE~3,Berührung~A_TARGET_VIBE~4,Gänsehaut~A_TARGET_VIBE~3,Duft~A_TARGET_VIBE~3"
Sinn,3,12,Gefühle & Abstraktes,6,"Ausrufezeichen~A_TARGET_VIBE~2,Headline~A_TARGET_VIBE~2,Randnotiz~A_TARGET_VIBE~3,Kontext~A_TARGET_VIBE~3,Interpretation~A_TARGET_VIBE~3,Unterton~A_TARGET_VIBE~2"
Sinnbild,4,4|12,Kultur & Kunst|Gefühle & Abstraktes,7,"Zitat~A_TARGET_VIBE~3,Signatur~A_TARGET_VIBE~3,Piktogramm~A_TARGET_VIBE~3,Wappen~A_TARGET_VIBE~3,Plakat~A_TARGET_VIBE~4,Metapher~A_TARGET_VIBE~3,Ikone~A_TARGET_VIBE~3"
Sinnhaftigkeit,3,12,Gefühle & Abstraktes,6,"Unterton~A_TARGET_VIBE~2,Schlüssel~A_TARGET_VIBE~2,Hinweis~A_TARGET_VIBE~3,Lesart~A_TARGET_VIBE~3,Priorität~A_TARGET_VIBE~3,Markierung~A_TARGET_VIBE~2"
Sinnlosigkeit,4,12,Gefühle & Abstraktes,7,"Stille~A_TARGET_VIBE~3,Leere~A_TARGET_VIBE~3,Schulterzucken~A_TARGET_VIBE~3,Staub~A_TARGET_VIBE~3,Papierkorb~A_TARGET_VIBE~4,Leerlauf~A_TARGET_VIBE~3,Grauton~A_TARGET_VIBE~3"
Sinnsuche,4,12,Gefühle & Abstraktes,7,"Ausrufezeichen~A_TARGET_VIBE~3,Headline~A_TARGET_VIBE~3,Randnotiz~A_TARGET_VIBE~3,Kontext~A_TARGET_VIBE~3,Interpretation~A_TARGET_VIBE~4,Unterton~A_TARGET_VIBE~3,Schlüssel~A_TARGET_VIBE~3"
Skepsis,4,12,Gefühle & Abstraktes,7,"Lupe~A_TARGET_VIBE~3,Kleingedruckt~A_TARGET_VIBE~3,Statistik~A_TARGET_VIBE~3,Widerspruch~A_TARGET_VIBE~3,Misstrauen~A_TARGET_VIBE~4,Kopfschütteln~A_TARGET_VIBE~3,Augenbraue~A_TARGET_VIBE~3"
Stimmung,3,12,Gefühle & Abstraktes,6,"Kamin~A_TARGET_VIBE~2,Dämmer~A_TARGET_VIBE~2,Neonreklame~A_TARGET_VIBE~3,Fensterregen~A_TARGET_VIBE~3,Flüstern~A_TARGET_VIBE~3,Lichterkette~A_TARGET_VIBE~2"
Stress,3,7|12,Wissenschaft & Medizin|Gefühle & Abstraktes,6,"Kalender~A_TARGET_VIBE~2,Multitasking~A_TARGET_VIBE~2,Herzklopfen~A_TARGET_VIBE~3,Schweiß~A_TARGET_VIBE~3,To-do~A_TARGET_VIBE~3,Dauerlauf~A_TARGET_VIBE~2"
Sympathie,3,9|12,Gesellschaft & Beruf|Gefühle & Abstraktes,6,"Blickkontakt~A_TARGET_VIBE~2,Witz~A_TARGET_VIBE~2,Einladung~A_TARGET_VIBE~3,Gemeinsam~A_TARGET_VIBE~3,Kompliment~A_TARGET_VIBE~3,Wärme~A_TARGET_VIBE~2"
Tatendrang,3,12,Gefühle & Abstraktes,6,"Deadline~A_TARGET_VIBE~2,Anpacken~A_TARGET_VIBE~2,Schwung~A_TARGET_VIBE~3,Koffein~A_TARGET_VIBE~3,Motor~A_TARGET_VIBE~3,Aufbruch~A_TARGET_VIBE~2"
Traum,3,12,Gefühle & Abstraktes,6,"Kissen~A_TARGET_VIBE~2,Wecker~A_TARGET_VIBE~2,Nacht~A_TARGET_VIBE~3,Surreal~A_TARGET_VIBE~3,Wolken~A_TARGET_VIBE~3,Kopfkino~A_TARGET_VIBE~2"
Treue,4,9|12,Gesellschaft & Beruf|Gefühle & Abstraktes,7,"Gewissen~A_TARGET_VIBE~3,Rückgrat~A_TARGET_VIBE~3,Zeuge~A_TARGET_VIBE~3,Kodex~A_TARGET_VIBE~3,Kompass~A_TARGET_VIBE~4,Leitlinie~A_TARGET_VIBE~3,Paragraph~A_TARGET_VIBE~3"
Trägheit,4,12,Gefühle & Abstraktes,7,"Dösen~A_TARGET_VIBE~3,Montag~A_TARGET_VIBE~3,Kissen~A_TARGET_VIBE~3,Schlapp~A_TARGET_VIBE~3,Sofa~A_TARGET_VIBE~4,Gähnen~A_TARGET_VIBE~3,Leerlauf~A_TARGET_VIBE~3"
Unachtsamkeit,4,12,Gefühle & Abstraktes,7,"To-do~A_TARGET_VIBE~3,Klemmbrett~A_TARGET_VIBE~3,Raster~A_TARGET_VIBE~3,Tunnelblick~A_TARGET_VIBE~3,Kopfhörer~A_TARGET_VIBE~4,Marker~A_TARGET_VIBE~3,Schreibtisch~A_TARGET_VIBE~3"
Unbehagen,3,12,Gefühle & Abstraktes,6,"Blickausweichen~A_TARGET_VIBE~2,Knoten~A_TARGET_VIBE~2,Nacken~A_TARGET_VIBE~3,Unwohl~A_TARGET_VIBE~3,Kragen~A_TARGET_VIBE~3,Bauchgrummeln~A_TARGET_VIBE~2"
Unehrlichkeit,4,9|12,Gesellschaft & Beruf|Gefühle & Abstraktes,7,"Konzession~A_TARGET_VIBE~3,Fairplay~A_TARGET_VIBE~3,Zeuge~A_TARGET_VIBE~3,Kodex~A_TARGET_VIBE~3,Kompass~A_TARGET_VIBE~4,Leitlinie~A_TARGET_VIBE~3,Paragraph~A_TARGET_VIBE~3"
Unendlichkeit,4,12,Gefühle & Abstraktes,7,"Sternenhimmel~A_TARGET_VIBE~3,Zahlenreihe~A_TARGET_VIBE~3,Spiegelkabinett~A_TARGET_VIBE~3,Fraktal~A_TARGET_VIBE~3,Horizont~A_TARGET_VIBE~4,Kreis~A_TARGET_VIBE~3,Weite~A_TARGET_VIBE~3"
Ungeduld,2,12,Gefühle & Abstraktes,6,"Seufzen~A_TARGET_VIBE~2,Klingel~A_TARGET_VIBE~2,Drängeln~A_TARGET_VIBE~2,Schnauben~A_TARGET_VIBE~2,Fingerklopfen~A_TARGET_VIBE~3,Abkürzung~A_TARGET_VIBE~3"
Ungerechtigkeit,4,9|12,Gesellschaft & Beruf|Gefühle & Abstraktes,7,"Eid~A_TARGET_VIBE~3,Gelöbnis~A_TARGET_VIBE~3,Regelwerk~A_TARGET_VIBE~3,Gewissen~A_TARGET_VIBE~3,Rückgrat~A_TARGET_VIBE~4,Zeuge~A_TARGET_VIBE~3,Kodex~A_TARGET_VIBE~3"
Ungleichgewicht,4,12,Gefühle & Abstraktes,7,"Seiltanz~A_TARGET_VIBE~3,Schief~A_TARGET_VIBE~3,Gleichstand~A_TARGET_VIBE~3,Yoga~A_TARGET_VIBE~3,Balken~A_TARGET_VIBE~4,Kompass~A_TARGET_VIBE~3,Überhang~A_TARGET_VIBE~3"
Unlust,3,12,Gefühle & Abstraktes,6,"Sperren~A_TARGET_VIBE~2,Blockieren~A_TARGET_VIBE~2,Grimasse~A_TARGET_VIBE~3,Muffig~A_TARGET_VIBE~3,Augenrollen~A_TARGET_VIBE~3,Distanz~A_TARGET_VIBE~2"
Unmenschlichkeit,4,9|12,Gesellschaft & Beruf|Gefühle & Abstraktes,7,"Gewissen~A_TARGET_VIBE~3,Rückgrat~A_TARGET_VIBE~3,Zeuge~A_TARGET_VIBE~3,Kodex~A_TARGET_VIBE~3,Kompass~A_TARGET_VIBE~4,Leitlinie~A_TARGET_VIBE~3,Paragraph~A_TARGET_VIBE~3"
Unruhe,2,12,Gefühle & Abstraktes,6,"Schweiß~A_TARGET_VIBE~2,Keller~A_TARGET_VIBE~2,Notausgang~A_TARGET_VIBE~2,Warnschild~A_TARGET_VIBE~2,Türspalt~A_TARGET_VIBE~3,Atemnot~A_TARGET_VIBE~3"
Unsicherheit,3,12,Gefühle & Abstraktes,6,"Notausgang~A_TARGET_VIBE~2,Warnschild~A_TARGET_VIBE~2,Türspalt~A_TARGET_VIBE~3,Atemnot~A_TARGET_VIBE~3,Kopfkino~A_TARGET_VIBE~3,Adrenalin~A_TARGET_VIBE~2"
Unsinn,3,12,Gefühle & Abstraktes,6,"Papierkorb~A_TARGET_VIBE~2,Leerlauf~A_TARGET_VIBE~2,Grauton~A_TARGET_VIBE~3,Übersehen~A_TARGET_VIBE~3,Abheften~A_TARGET_VIBE~3,Randnotiz~A_TARGET_VIBE~2"
Unverbindlichkeit,4,9|12,Gesellschaft & Beruf|Gefühle & Abstraktes,7,"Gewissen~A_TARGET_VIBE~3,Rückgrat~A_TARGET_VIBE~3,Zeuge~A_TARGET_VIBE~3,Kodex~A_TARGET_VIBE~3,Kompass~A_TARGET_VIBE~4,Leitlinie~A_TARGET_VIBE~3,Paragraph~A_TARGET_VIBE~3"
Unverständnis,3,9|12,Gesellschaft & Beruf|Gefühle & Abstraktes,6,"Handbuch~A_TARGET_VIBE~2,Gestikulieren~A_TARGET_VIBE~2,Kopfschütteln~A_TARGET_VIBE~3,Zeichensprache~A_TARGET_VIBE~3,Missverständnis~A_TARGET_VIBE~3,Erklären~A_TARGET_VIBE~2"
Verantwortung,3,9|12,Gesellschaft & Beruf|Gefühle & Abstraktes,6,"Regelwerk~A_TARGET_VIBE~2,Gewissen~A_TARGET_VIBE~2,Rückgrat~A_TARGET_VIBE~3,Zeuge~A_TARGET_VIBE~3,Kodex~A_TARGET_VIBE~3,Kompass~A_TARGET_VIBE~2"
Verblüffung,3,12,Gefühle & Abstraktes,6,"Kopfkino~A_TARGET_VIBE~2,Schnappatmung~A_TARGET_VIBE~2,Blinzeln~A_TARGET_VIBE~3,Kinnlade~A_TARGET_VIBE~3,Ausrufezeichen~A_TARGET_VIBE~3,Sprachlos~A_TARGET_VIBE~2"
Verdrossenheit,3,12,Gefühle & Abstraktes,6,"Friedhof~A_TARGET_VIBE~2,Abschied~A_TARGET_VIBE~2,Stille~A_TARGET_VIBE~3,Tränen~A_TARGET_VIBE~3,Taschentuch~A_TARGET_VIBE~3,Regen~A_TARGET_VIBE~2"
Verletztheit,4,12,Gefühle & Abstraktes,7,"Grau~A_TARGET_VIBE~3,Kissen~A_TARGET_VIBE~3,Friedhof~A_TARGET_VIBE~3,Abschied~A_TARGET_VIBE~3,Stille~A_TARGET_VIBE~4,Tränen~A_TARGET_VIBE~3,Taschentuch~A_TARGET_VIBE~3"
Verlust,4,12,Gefühle & Abstraktes,7,"Nacht~A_TARGET_VIBE~3,Grau~A_TARGET_VIBE~3,Kissen~A_TARGET_VIBE~3,Friedhof~A_TARGET_VIBE~3,Abschied~A_TARGET_VIBE~4,Stille~A_TARGET_VIBE~3,Tränen~A_TARGET_VIBE~3"
Vernunft,3,12,Gefühle & Abstraktes,6,"Eid~A_TARGET_VIBE~2,Gelöbnis~A_TARGET_VIBE~2,Regelwerk~A_TARGET_VIBE~3,Gewissen~A_TARGET_VIBE~3,Rückgrat~A_TARGET_VIBE~3,Zeuge~A_TARGET_VIBE~2"
Versuchung,3,12,Gefühle & Abstraktes,6,"Kitzel~A_TARGET_VIBE~2,Neonlicht~A_TARGET_VIBE~2,Kontrast~A_TARGET_VIBE~3,Samt~A_TARGET_VIBE~3,Süß~A_TARGET_VIBE~3,Puls~A_TARGET_VIBE~2"
Vertrautheit,3,9|12,Gesellschaft & Beruf|Gefühle & Abstraktes,6,"Blumen~A_TARGET_VIBE~2,Karte~A_TARGET_VIBE~2,Anruf~A_TARGET_VIBE~3,Besuch~A_TARGET_VIBE~3,Schulter~A_TARGET_VIBE~3,Tee~A_TARGET_VIBE~2"
Verwunderung,3,12,Gefühle & Abstraktes,6,"Stillstand~A_TARGET_VIBE~2,Blitz~A_TARGET_VIBE~2,Augenweit~A_TARGET_VIBE~3,Unerwartet~A_TARGET_VIBE~3,Nachricht~A_TARGET_VIBE~3,Stirnrunzeln~A_TARGET_VIBE~2"
Vorahnung,4,12,Gefühle & Abstraktes,7,"Pinnwand~A_TARGET_VIBE~3,Post-it~A_TARGET_VIBE~3,Skizze~A_TARGET_VIBE~3,Brainstorming~A_TARGET_VIBE~3,Mindmap~A_TARGET_VIBE~4,Duschgedanke~A_TARGET_VIBE~3,Notizblock~A_TARGET_VIBE~3"
Vorfreude,3,12,Gefühle & Abstraktes,6,"Countdown~A_TARGET_VIBE~2,Ticket~A_TARGET_VIBE~2,Kalenderblatt~A_TARGET_VIBE~3,Packliste~A_TARGET_VIBE~3,Geschenkpapier~A_TARGET_VIBE~3,Termin~A_TARGET_VIBE~2"
Wachsamkeit,3,12,Gefühle & Abstraktes,6,"Taschenlampe~A_TARGET_VIBE~2,Schlüsselbund~A_TARGET_VIBE~2,Schatten~A_TARGET_VIBE~3,Türspalt~A_TARGET_VIBE~3,Knacken~A_TARGET_VIBE~3,Zielscheibe~A_TARGET_VIBE~2"
Wahnsinn,4,12,Gefühle & Abstraktes,7,"Karussell~A_TARGET_VIBE~3,Wirrwarr~A_TARGET_VIBE~3,Neon~A_TARGET_VIBE~3,Sirene~A_TARGET_VIBE~3,Gedankenspirale~A_TARGET_VIBE~4,Durchdrehen~A_TARGET_VIBE~3,Chaos~A_TARGET_VIBE~3"
Wehmut,4,12,Gefühle & Abstraktes,7,"Fensterbank~A_TARGET_VIBE~3,Nacht~A_TARGET_VIBE~3,Grau~A_TARGET_VIBE~3,Kissen~A_TARGET_VIBE~3,Friedhof~A_TARGET_VIBE~4,Abschied~A_TARGET_VIBE~3,Stille~A_TARGET_VIBE~3"
Weltschmerz,4,12,Gefühle & Abstraktes,7,"Leere~A_TARGET_VIBE~3,Fensterbank~A_TARGET_VIBE~3,Nacht~A_TARGET_VIBE~3,Grau~A_TARGET_VIBE~3,Kissen~A_TARGET_VIBE~4,Friedhof~A_TARGET_VIBE~3,Abschied~A_TARGET_VIBE~3"
Wert,2,9|12,Gesellschaft & Beruf|Gefühle & Abstraktes,6,"Eid~A_TARGET_VIBE~2,Gelöbnis~A_TARGET_VIBE~2,Regelwerk~A_TARGET_VIBE~2,Gewissen~A_TARGET_VIBE~2,Rückgrat~A_TARGET_VIBE~3,Zeuge~A_TARGET_VIBE~3"
Widerwille,3,12,Gefühle & Abstraktes,6,"Kopfschütteln~A_TARGET_VIBE~2,Magenkrampf~A_TARGET_VIBE~2,Bitter~A_TARGET_VIBE~3,Kratzen~A_TARGET_VIBE~3,Sperren~A_TARGET_VIBE~3,Blockieren~A_TARGET_VIBE~2"
Willenskraft,3,12,Gefühle & Abstraktes,6,"Projekt~A_TARGET_VIBE~2,Power~A_TARGET_VIBE~2,Deadline~A_TARGET_VIBE~3,Anpacken~A_TARGET_VIBE~3,Schwung~A_TARGET_VIBE~3,Koffein~A_TARGET_VIBE~2"
Wohlgefallen,2,9|12,Gesellschaft & Beruf|Gefühle & Abstraktes,6,"Sonnenstrahl~A_TARGET_VIBE~2,Picknick~A_TARGET_VIBE~2,Korken~A_TARGET_VIBE~2,Applaus~A_TARGET_VIBE~2,Umarmung~A_TARGET_VIBE~3,Funkeln~A_TARGET_VIBE~3"
Wohlwollen,4,9|12,Gesellschaft & Beruf|Gefühle & Abstraktes,7,"Unterstützung~A_TARGET_VIBE~3,Bonus~A_TARGET_VIBE~3,Nick~A_TARGET_VIBE~3,Fördern~A_TARGET_VIBE~3,Freigabe~A_TARGET_VIBE~4,Schutz~A_TARGET_VIBE~3,Pate~A_TARGET_VIBE~3"
Zerstreutheit,4,12,Gefühle & Abstraktes,7,"To-do~A_TARGET_VIBE~3,Klemmbrett~A_TARGET_VIBE~3,Raster~A_TARGET_VIBE~3,Tunnelblick~A_TARGET_VIBE~3,Kopfhörer~A_TARGET_VIBE~4,Marker~A_TARGET_VIBE~3,Schreibtisch~A_TARGET_VIBE~3"
Zorn,3,12,Gefühle & Abstraktes,6,"Hupe~A_TARGET_VIBE~2,Knurren~A_TARGET_VIBE~2,Fäuste~A_TARGET_VIBE~3,Blech~A_TARGET_VIBE~3,Stau~A_TARGET_VIBE~3,Fluchen~A_TARGET_VIBE~2"
Zurückhaltung,3,9|12,Gesellschaft & Beruf|Gefühle & Abstraktes,6,"Türrahmen~A_TARGET_VIBE~2,Stottern~A_TARGET_VIBE~2,Randplatz~A_TARGET_VIBE~3,Flüstern~A_TARGET_VIBE~3,Kragen~A_TARGET_VIBE~3,Rückzug~A_TARGET_VIBE~2"
Zurückweisung,3,9|12,Gesellschaft & Beruf|Gefühle & Abstraktes,6,"Gerichtssaal~A_TARGET_VIBE~2,Ultimatum~A_TARGET_VIBE~2,Stichelei~A_TARGET_VIBE~3,Türenknallen~A_TARGET_VIBE~3,Fronten~A_TARGET_VIBE~3,Mediation~A_TARGET_VIBE~2"
Zusammenhalt,3,9|12,Gesellschaft & Beruf|Gefühle & Abstraktes,6,"Seil~A_TARGET_VIBE~2,Knoten~A_TARGET_VIBE~2,Verein~A_TARGET_VIBE~3,Chor~A_TARGET_VIBE~3,Rückendeckung~A_TARGET_VIBE~3,Netzwerk~A_TARGET_VIBE~2"
Zustimmung,3,9|12,Gesellschaft & Beruf|Gefühle & Abstraktes,6,"Handzeichen~A_TARGET_VIBE~2,Okay~A_TARGET_VIBE~2,Siegel~A_TARGET_VIBE~3,Freigabe~A_TARGET_VIBE~3,Beifall~A_TARGET_VIBE~3,Stempel~A_TARGET_VIBE~2"
Zuversicht,3,12,Gefühle & Abstraktes,6,"Morgen~A_TARGET_VIBE~2,Rückenwind~A_TARGET_VIBE~2,Aufbruch~A_TARGET_VIBE~3,Bergpfad~A_TARGET_VIBE~3,Werkzeug~A_TARGET_VIBE~3,Kompass~A_TARGET_VIBE~2"
Zwang,4,12,Gefühle & Abstraktes,7,"Türschloss~A_TARGET_VIBE~3,Dauerschleife~A_TARGET_VIBE~3,Kontrollgang~A_TARGET_VIBE~3,Haken~A_TARGET_VIBE~3,Waschritual~A_TARGET_VIBE~4,Pflicht~A_TARGET_VIBE~3,Ritual~A_TARGET_VIBE~3"
Zwanglosigkeit,3,12,Gefühle & Abstraktes,6,"Picknick~A_TARGET_VIBE~2,Hoodie~A_TARGET_VIBE~2,Chillen~A_TARGET_VIBE~3,Kumpel~A_TARGET_VIBE~3,Lachen~A_TARGET_VIBE~3,Jeans~A_TARGET_VIBE~2"
Zweck,3,12,Gefühle & Abstraktes,6,"Hinweis~A_TARGET_VIBE~2,Lesart~A_TARGET_VIBE~2,Priorität~A_TARGET_VIBE~3,Markierung~A_TARGET_VIBE~3,Signal~A_TARGET_VIBE~3,Ausrufezeichen~A_TARGET_VIBE~2"
Ärger,3,12,Gefühle & Abstraktes,6,"Türknallen~A_TARGET_VIBE~2,Trommeln~A_TARGET_VIBE~2,RoteWangen~A_TARGET_VIBE~3,Schnauben~A_TARGET_VIBE~3,Hupe~A_TARGET_VIBE~3,Knurren~A_TARGET_VIBE~2"
Überdrüssigkeit,4,12,Gefühle & Abstraktes,7,"Kopfschütteln~A_TARGET_VIBE~3,Magenkrampf~A_TARGET_VIBE~3,Bitter~A_TARGET_VIBE~3,Kratzen~A_TARGET_VIBE~3,Sperren~A_TARGET_VIBE~4,Blockieren~A_TARGET_VIBE~3,Grimasse~A_TARGET_VIBE~3"