word,difficulty,genre_ids,genre_names,hint_count,hints
Abendrot,2,11,Wetter & Himmel,4,"Horizont~A_TARGET_VIBE~2,Glühen~A_TARGET_VIBE~2,Silhouette~A_TARGET_VIBE~2,Dämmerung~A_TARGET_VIBE~2"
Abschlussfeier,3,9|13,Gesellschaft & Beruf|Feste & Jahreszeiten,5,"Abendkleid~A_TARGET_VIBE~3,Zeugnis~A_TARGET_VIBE~2,Klassenfoto~A_TARGET_VIBE~2,Sektglas~A_TARGET_VIBE~3,Rede~A_TARGET_VIBE~2"
Advent,3,13,Feste & Jahreszeiten,5,"Marzipan~A_TARGET_VIBE~3,Kalenderblatt~A_TARGET_VIBE~2,Päckchen~A_TARGET_VIBE~2,Glühwein~A_TARGET_VIBE~3,Nikolausstiefel~A_TARGET_VIBE~2"
Adventsfenster,4,13,Feste & Jahreszeiten,6,"Geschenk~A_TARGET_VIBE~4,Zimt~A_TARGET_VIBE~4,Kerzenlicht~A_TARGET_VIBE~3,Päckchen~A_TARGET_VIBE~3,Marzipan~A_TARGET_VIBE~4,Schneekugel~A_TARGET_VIBE~3"
Adventsgesteck,3,13,Feste & Jahreszeiten,5,"Tanne~A_TARGET_VIBE~2,Lichterkette~A_TARGET_VIBE~2,Kerzenlicht~A_TARGET_VIBE~2,Kranzbinden~A_TARGET_VIBE~3,Stern~A_TARGET_VIBE~3"
Adventskalender,2,13,Feste & Jahreszeiten,4,"Türchen~A_TARGET_VIBE~2,Päckchen~A_TARGET_VIBE~2,Kalenderblatt~A_TARGET_VIBE~2,Überraschung~A_TARGET_VIBE~2"
Adventskonzert,4,4|13,Kultur & Kunst|Feste & Jahreszeiten,6,"Chorprobe~A_TARGET_VIBE~4,Lied~A_TARGET_VIBE~3,Kerzenlicht~A_TARGET_VIBE~4,Stern~A_TARGET_VIBE~4,Musik~A_TARGET_VIBE~3,Stimmung~A_TARGET_VIBE~3"
Adventskranz,3,13,Feste & Jahreszeiten,5,"Grünzweig~A_TARGET_VIBE~3,Kerzenlicht~A_TARGET_VIBE~3,Schleife~A_TARGET_VIBE~2,Docht~A_TARGET_VIBE~2,Tannenzweig~A_TARGET_VIBE~2"
Adventslied,4,4|13,Kultur & Kunst|Feste & Jahreszeiten,6,"Musik~A_TARGET_VIBE~4,Chorprobe~A_TARGET_VIBE~4,Kerzenlicht~A_TARGET_VIBE~4,Krippe~A_TARGET_VIBE~3,Lied~A_TARGET_VIBE~3,Stern~A_TARGET_VIBE~3"
Adventssonntag,3,13,Feste & Jahreszeiten,5,"Gottesdienst~A_TARGET_VIBE~3,Kerzenlicht~A_TARGET_VIBE~2,Kalenderblatt~A_TARGET_VIBE~3,Lichterkette~A_TARGET_VIBE~2,Stimmung~A_TARGET_VIBE~3"
Adventszeit,2,13,Feste & Jahreszeiten,4,"Kerzenlicht~A_TARGET_VIBE~2,Zimtduft~A_TARGET_VIBE~2,Lichterkette~A_TARGET_VIBE~2,Päckchen~A_TARGET_VIBE~2"
Allerheiligen,4,13,Feste & Jahreszeiten,6,"Grablicht~A_TARGET_VIBE~3,Friedhof~A_TARGET_VIBE~4,Chrysantheme~A_TARGET_VIBE~3,Stille~A_TARGET_VIBE~3,Gedenken~A_TARGET_VIBE~3,Novemberkälte~A_TARGET_VIBE~4"
Anstoßen,3,1|13,Essen & Trinken|Feste & Jahreszeiten,5,"Sektglas~A_TARGET_VIBE~2,Toast~A_TARGET_VIBE~2,Klingen~A_TARGET_VIBE~2,Korken~A_TARGET_VIBE~2,Prost~A_TARGET_VIBE~3"
Apfelernte,3,2|13,Natur & Tiere|Feste & Jahreszeiten,5,"Erntekorb~A_TARGET_VIBE~2,Presse~A_TARGET_VIBE~2,Most~A_TARGET_VIBE~3,Kerngehäuse~A_TARGET_VIBE~3,Baumkrone~A_TARGET_VIBE~2"
Apfelkuchen,2,1|2,Essen & Trinken|Natur & Tiere,4,"Backofen~A_TARGET_VIBE~2,Streusel~A_TARGET_VIBE~2,Sahne~A_TARGET_VIBE~2,Puderzucker~A_TARGET_VIBE~2"
April,1,13,Feste & Jahreszeiten,4,"Kalender~A_TARGET_VIBE~2,Datum~A_TARGET_VIBE~2,Planung~A_TARGET_VIBE~2,Ferien~A_TARGET_VIBE~2"
Aschermittwoch,3,13,Feste & Jahreszeiten,6,"Kater~A_TARGET_VIBE~3,Fastenzeit~A_TARGET_VIBE~3,Heringssalat~A_TARGET_VIBE~2,Konfettireste~A_TARGET_VIBE~2,Predigt~A_TARGET_VIBE~3,Kehraus~A_TARGET_VIBE~3"
August,1,13,Feste & Jahreszeiten,4,"Kalender~A_TARGET_VIBE~2,Datum~A_TARGET_VIBE~2,Ferien~A_TARGET_VIBE~2,Planer~A_TARGET_VIBE~2"
Backblech,2,1|10,Essen & Trinken|Haushalt & Wohnen,4,"Backofen~A_TARGET_VIBE~2,Teig~A_TARGET_VIBE~2,Glasur~A_TARGET_VIBE~2,Streusel~A_TARGET_VIBE~2"
Badebecken,2,3|5,Orte & Reisen|Sport & Freizeit,4,"Chlor~A_TARGET_VIBE~2,Liegewiese~A_TARGET_VIBE~2,Handtuch~A_TARGET_VIBE~2,Sprungbrett~A_TARGET_VIBE~2"
Badehose,2,5,Sport & Freizeit,4,"Handtuch~A_TARGET_VIBE~2,Umkleide~A_TARGET_VIBE~2,Chlor~A_TARGET_VIBE~2,Liegewiese~A_TARGET_VIBE~2"
Badeurlaub,3,3,Orte & Reisen,5,"Koffer~A_TARGET_VIBE~2,Strand~A_TARGET_VIBE~3,Sonnencreme~A_TARGET_VIBE~2,Hotel~A_TARGET_VIBE~2,Anreise~A_TARGET_VIBE~2"
Badesee,2,3|5,Orte & Reisen|Sport & Freizeit,4,"Liegewiese~A_TARGET_VIBE~2,Handtuch~A_TARGET_VIBE~2,Sprungbrett~A_TARGET_VIBE~2,Sonnencreme~A_TARGET_VIBE~2"
Badespaß,2,5,Sport & Freizeit,4,"Rutsche~A_TARGET_VIBE~2,Chlor~A_TARGET_VIBE~2,Handtuch~A_TARGET_VIBE~2,Sprungbrett~A_TARGET_VIBE~2"
Balkon,1,10,Haushalt & Wohnen,4,"Regal~A_TARGET_VIBE~2,Staub~A_TARGET_VIBE~2,Tischplatte~A_TARGET_VIBE~2,Aufbewahrung~A_TARGET_VIBE~2"
Ballon,2,0|13,Alltag & Gegenstände|Feste & Jahreszeiten,4,"Glitzer~A_TARGET_VIBE~2,Girlande~A_TARGET_VIBE~2,Konfetti~A_TARGET_VIBE~2,Schleife~A_TARGET_VIBE~2"
Baumkugel,3,0|13,Alltag & Gegenstände|Feste & Jahreszeiten,5,"Lametta~A_TARGET_VIBE~2,Lichterkette~A_TARGET_VIBE~2,Glitzer~A_TARGET_VIBE~2,Stern~A_TARGET_VIBE~3,Tanne~A_TARGET_VIBE~3"
Baumschmuck,3,0|13,Alltag & Gegenstände|Feste & Jahreszeiten,5,"Lametta~A_TARGET_VIBE~2,Glitzer~A_TARGET_VIBE~3,Lichterkette~A_TARGET_VIBE~2,Stern~A_TARGET_VIBE~3,Tanne~A_TARGET_VIBE~3"
Becher,1,10,Haushalt & Wohnen,4,"Wasser~A_TARGET_VIBE~2,Glas~A_TARGET_VIBE~2,Spüle~A_TARGET_VIBE~2,Aufbewahrung~A_TARGET_VIBE~2"
Berg,1,3,Orte & Reisen,4,"Anreise~A_TARGET_VIBE~2,Ticket~A_TARGET_VIBE~2,Berg~A_TARGET_VIBE~2,Hotel~A_TARGET_VIBE~2"
Bergwanderung,3,3|5,Orte & Reisen|Sport & Freizeit,5,"Rucksack~A_TARGET_VIBE~2,Hütte~A_TARGET_VIBE~3,Anstieg~A_TARGET_VIBE~2,Ausblick~A_TARGET_VIBE~3,Sturz~A_TARGET_VIBE~3"
Bescherung,3,13,Feste & Jahreszeiten,5,"Geschenk~A_TARGET_VIBE~2,Päckchen~A_TARGET_VIBE~2,Papier~A_TARGET_VIBE~2,Schleife~A_TARGET_VIBE~3,Kerzenlicht~A_TARGET_VIBE~2"
Blitz,1,11,Wetter & Himmel,4,"Gewitter~A_TARGET_VIBE~2,Zacken~A_TARGET_VIBE~2,Grollen~A_TARGET_VIBE~2,Einschlag~A_TARGET_VIBE~2"
Blumenstrauß,2,2,Natur & Tiere,4,"Vase~A_TARGET_VIBE~2,Wasser~A_TARGET_VIBE~2,Duft~A_TARGET_VIBE~2,Stiel~A_TARGET_VIBE~2"
Blumenvase,2,10,Haushalt & Wohnen,4,"Glas~A_TARGET_VIBE~2,Wasser~A_TARGET_VIBE~2,Tischplatte~A_TARGET_VIBE~2,Keramik~A_TARGET_VIBE~2"
Blumenzwiebel,4,2,Natur & Tiere,6,"Erde~A_TARGET_VIBE~3,Gartenhandschuh~A_TARGET_VIBE~3,Knospe~A_TARGET_VIBE~3,Pollen~A_TARGET_VIBE~3,Wiese~A_TARGET_VIBE~3,Biene~A_TARGET_VIBE~4"
Blüte,2,2,Natur & Tiere,4,"Pollen~A_TARGET_VIBE~2,Duft~A_TARGET_VIBE~2,Knospe~A_TARGET_VIBE~2,Biene~A_TARGET_VIBE~2"
Blütenstaub,4,2,Natur & Tiere,6,"Allergie~A_TARGET_VIBE~3,Pollen~A_TARGET_VIBE~4,Biene~A_TARGET_VIBE~3,Duft~A_TARGET_VIBE~3,Nektar~A_TARGET_VIBE~4,Knospe~A_TARGET_VIBE~3"
Böller,3,0|13,Alltag & Gegenstände|Feste & Jahreszeiten,5,"Knall~A_TARGET_VIBE~2,Rakete~A_TARGET_VIBE~2,Countdown~A_TARGET_VIBE~2,Sektglas~A_TARGET_VIBE~3,Glitzer~A_TARGET_VIBE~2"
Bowle,3,1,Essen & Trinken,5,"Karaffe~A_TARGET_VIBE~2,Strohhalm~A_TARGET_VIBE~2,Prickeln~A_TARGET_VIBE~2,Schluck~A_TARGET_VIBE~3,Glas~A_TARGET_VIBE~2"
Bratwurst,2,1,Essen & Trinken,4,"Senf~A_TARGET_VIBE~2,Pfanne~A_TARGET_VIBE~2,Brotkorb~A_TARGET_VIBE~2,Salz~A_TARGET_VIBE~2"
Bratwurststand,3,1|3,Essen & Trinken|Orte & Reisen,5,"Senf~A_TARGET_VIBE~2,Bude~A_TARGET_VIBE~2,Gedränge~A_TARGET_VIBE~2,Papier~A_TARGET_VIBE~2,Warteschlange~A_TARGET_VIBE~3"
Brauchtum,4,13,Feste & Jahreszeiten,6,"Umzug~A_TARGET_VIBE~3,Ritual~A_TARGET_VIBE~4,Trachten~A_TARGET_VIBE~3,Feiertage~A_TARGET_VIBE~4,Liedgut~A_TARGET_VIBE~3,Tradition~A_TARGET_VIBE~3"
Brettspiel,2,5,Sport & Freizeit,4,"Würfel~A_TARGET_VIBE~2,Runde~A_TARGET_VIBE~2,Spielkarte~A_TARGET_VIBE~2,Stimmung~A_TARGET_VIBE~2"
Buffet,2,1|9|13,Essen & Trinken|Gesellschaft & Beruf|Feste & Jahreszeiten,4,"Gäste~A_TARGET_VIBE~2,Brotekorb~A_TARGET_VIBE~2,Pfanne~A_TARGET_VIBE~2,Toast~A_TARGET_VIBE~2"
Büttenrede,5,4|13,Kultur & Kunst|Feste & Jahreszeiten,6,"Büttenrede~A_TARGET_VIBE~4,Konfetti~A_TARGET_VIBE~3,Narr~A_TARGET_VIBE~4,Schunkeln~A_TARGET_VIBE~3,Umzug~A_TARGET_VIBE~4,Kostüm~A_TARGET_VIBE~3"
Christbaumschmuck,3,0|13,Alltag & Gegenstände|Feste & Jahreszeiten,5,"Lametta~A_TARGET_VIBE~2,Glitzer~A_TARGET_VIBE~2,Lichterkette~A_TARGET_VIBE~2,Stern~A_TARGET_VIBE~3,Tanne~A_TARGET_VIBE~3"
Christkind,3,8|13,Geschichte & Mythos|Feste & Jahreszeiten,5,"Kerzenlicht~A_TARGET_VIBE~2,Engel~A_TARGET_VIBE~3,Geschenk~A_TARGET_VIBE~2,Stern~A_TARGET_VIBE~3,Krippe~A_TARGET_VIBE~2"
Daunenjacke,3,10|13,Haushalt & Wohnen|Feste & Jahreszeiten,5,"Futter~A_TARGET_VIBE~3,Reißverschluss~A_TARGET_VIBE~2,Mütze~A_TARGET_VIBE~2,Kälte~A_TARGET_VIBE~2,Bügel~A_TARGET_VIBE~2"
Dekoration,2,0|13,Alltag & Gegenstände|Feste & Jahreszeiten,4,"Glitzer~A_TARGET_VIBE~2,Girlande~A_TARGET_VIBE~2,Basteln~A_TARGET_VIBE~2,Schleife~A_TARGET_VIBE~2"
Dezember,1,13,Feste & Jahreszeiten,4,"Kalender~A_TARGET_VIBE~2,Datum~A_TARGET_VIBE~2,Feiertage~A_TARGET_VIBE~2,Planer~A_TARGET_VIBE~2"
Dominostein,3,1|13,Essen & Trinken|Feste & Jahreszeiten,6,"Schokolade~A_TARGET_VIBE~2,Marzipan~A_TARGET_VIBE~3,Gelee~A_TARGET_VIBE~2,Puderzucker~A_TARGET_VIBE~3,Dose~A_TARGET_VIBE~2,Kaffee~A_TARGET_VIBE~2"
Donner,1,11,Wetter & Himmel,4,"Grollen~A_TARGET_VIBE~2,Gewitter~A_TARGET_VIBE~2,Schreck~A_TARGET_VIBE~2,Stromausfall~A_TARGET_VIBE~2"
Drachen,2,5|11,Sport & Freizeit|Wetter & Himmel,6,"Schnur~A_TARGET_VIBE~2,Windböe~A_TARGET_VIBE~2,Wiese~A_TARGET_VIBE~2,Herbstlaub~A_TARGET_VIBE~2,Papier~A_TARGET_VIBE~2,Steigen~A_TARGET_VIBE~2"
Dreikönigstag,4,13,Feste & Jahreszeiten,6,"Stern~A_TARGET_VIBE~3,Krippe~A_TARGET_VIBE~3,Gottesdienst~A_TARGET_VIBE~4,Kalenderblatt~A_TARGET_VIBE~3,Tradition~A_TARGET_VIBE~3,Kerzenlicht~A_TARGET_VIBE~4"
Duftkerze,2,10,Haushalt & Wohnen,4,"Duft~A_TARGET_VIBE~2,Docht~A_TARGET_VIBE~2,Wachs~A_TARGET_VIBE~2,Streichholz~A_TARGET_VIBE~2"
Dämmerung,2,11|12,Wetter & Himmel|Gefühle & Abstraktes,4,"Silhouette~A_TARGET_VIBE~2,Nachtluft~A_TARGET_VIBE~2,Laterne~A_TARGET_VIBE~2,Horizont~A_TARGET_VIBE~2"
Dürre,3,11,Wetter & Himmel,5,"Rissboden~A_TARGET_VIBE~2,Warnung~A_TARGET_VIBE~3,Staub~A_TARGET_VIBE~2,Hitze~A_TARGET_VIBE~2,Erntekorb~A_TARGET_VIBE~3"
Eichel,2,1|2,Essen & Trinken|Natur & Tiere,4,"Schale~A_TARGET_VIBE~2,Sammeln~A_TARGET_VIBE~2,Rinde~A_TARGET_VIBE~2,Herbstkorb~A_TARGET_VIBE~2"
Eierbecher,1,10,Haushalt & Wohnen,4,"Spüle~A_TARGET_VIBE~2,Keramik~A_TARGET_VIBE~2,Regal~A_TARGET_VIBE~2,Aufbewahrung~A_TARGET_VIBE~2"
Eiersuche,2,13,Feste & Jahreszeiten,4,"Körbchen~A_TARGET_VIBE~2,Suchen~A_TARGET_VIBE~2,Wiese~A_TARGET_VIBE~2,Schokolade~A_TARGET_VIBE~2"
Einladung,2,9,Gesellschaft & Beruf,4,"Umschlag~A_TARGET_VIBE~2,Adresse~A_TARGET_VIBE~2,Termin~A_TARGET_VIBE~2,Rückmeldung~A_TARGET_VIBE~2"
Einschulung,3,9|13,Gesellschaft & Beruf|Feste & Jahreszeiten,5,"Schultüte~A_TARGET_VIBE~2,Klassenfoto~A_TARGET_VIBE~3,Gäste~A_TARGET_VIBE~2,Kuchen~A_TARGET_VIBE~3,Aufregung~A_TARGET_VIBE~2"
Eiscreme,2,1,Essen & Trinken,4,"Waffel~A_TARGET_VIBE~2,Vanille~A_TARGET_VIBE~2,Schmelzen~A_TARGET_VIBE~2,Sahne~A_TARGET_VIBE~2"
Eisregen,4,11,Wetter & Himmel,6,"Glatteis~A_TARGET_VIBE~3,Schirm~A_TARGET_VIBE~3,Rutschig~A_TARGET_VIBE~3,Kratzen~A_TARGET_VIBE~4,Warnung~A_TARGET_VIBE~4,Pfütze~A_TARGET_VIBE~3"
Eisstockschießen,4,5|11,Sport & Freizeit|Wetter & Himmel,6,"Sturz~A_TARGET_VIBE~3,Training~A_TARGET_VIBE~3,Kufe~A_TARGET_VIBE~3,Glatteis~A_TARGET_VIBE~4,Helm~A_TARGET_VIBE~3,Runde~A_TARGET_VIBE~3"
Eiszapfen,3,11,Wetter & Himmel,5,"Gefrierpunkt~A_TARGET_VIBE~2,Kratzen~A_TARGET_VIBE~2,Frost~A_TARGET_VIBE~3,Glätte~A_TARGET_VIBE~2,Rutschig~A_TARGET_VIBE~2"
Engel,3,8|13,Geschichte & Mythos|Feste & Jahreszeiten,5,"Stern~A_TARGET_VIBE~3,Kerzenlicht~A_TARGET_VIBE~2,Lichterkette~A_TARGET_VIBE~2,Krippe~A_TARGET_VIBE~2,Geschenk~A_TARGET_VIBE~2"
Ernte,3,2|13,Natur & Tiere|Feste & Jahreszeiten,5,"Erntekorb~A_TARGET_VIBE~2,Sammeln~A_TARGET_VIBE~2,Apfelpresse~A_TARGET_VIBE~3,Most~A_TARGET_VIBE~2,Laub~A_TARGET_VIBE~3"
Erntedank,4,13,Feste & Jahreszeiten,6,"Erntekorb~A_TARGET_VIBE~4,Tradition~A_TARGET_VIBE~3,Gottesdienst~A_TARGET_VIBE~3,Kürbissuppe~A_TARGET_VIBE~4,Laub~A_TARGET_VIBE~3,Dankbarkeit~A_TARGET_VIBE~3"
Erntefest,3,13,Feste & Jahreszeiten,5,"Gäste~A_TARGET_VIBE~2,Erntekorb~A_TARGET_VIBE~3,Tradition~A_TARGET_VIBE~2,Musik~A_TARGET_VIBE~3,Buffet~A_TARGET_VIBE~2"
Erntekrone,4,2|13,Natur & Tiere|Feste & Jahreszeiten,6,"Tradition~A_TARGET_VIBE~3,Erntekorb~A_TARGET_VIBE~3,Gottesdienst~A_TARGET_VIBE~4,Laub~A_TARGET_VIBE~3,Dankbarkeit~A_TARGET_VIBE~3,Stroh~A_TARGET_VIBE~4"
Erntezeit,2,2|13,Natur & Tiere|Feste & Jahreszeiten,4,"Erntekorb~A_TARGET_VIBE~2,Laub~A_TARGET_VIBE~2,Sammeln~A_TARGET_VIBE~2,Apfelpresse~A_TARGET_VIBE~2"
Fackel,3,0|13,Alltag & Gegenstände|Feste & Jahreszeiten,5,"Laterne~A_TARGET_VIBE~2,Rauch~A_TARGET_VIBE~3,Funke~A_TARGET_VIBE~2,Umzug~A_TARGET_VIBE~2,Dunkelheit~A_TARGET_VIBE~2"
Familienrunde,3,13,Feste & Jahreszeiten,5,"Gäste~A_TARGET_VIBE~2,Brettspiel~A_TARGET_VIBE~2,Kerzenlicht~A_TARGET_VIBE~3,Buffet~A_TARGET_VIBE~2,Stimmung~A_TARGET_VIBE~3"
Fanfare,3,4,Kultur & Kunst,5,"Bühne~A_TARGET_VIBE~2,Lautstärke~A_TARGET_VIBE~2,Umzug~A_TARGET_VIBE~3,Musik~A_TARGET_VIBE~2,Applaus~A_TARGET_VIBE~3"
Fastnacht,3,13,Feste & Jahreszeiten,5,"Konfetti~A_TARGET_VIBE~2,Kostüm~A_TARGET_VIBE~2,Umzug~A_TARGET_VIBE~2,Narr~A_TARGET_VIBE~3,Kehraus~A_TARGET_VIBE~3"
Federweißer,4,1|2|13,Essen & Trinken|Natur & Tiere|Feste & Jahreszeiten,6,"Weinlese~A_TARGET_VIBE~4,Prickeln~A_TARGET_VIBE~3,Korken~A_TARGET_VIBE~3,Glas~A_TARGET_VIBE~4,Erntekorb~A_TARGET_VIBE~3,Laub~A_TARGET_VIBE~3"
Feier,2,9|13,Gesellschaft & Beruf|Feste & Jahreszeiten,4,"Gäste~A_TARGET_VIBE~2,Musik~A_TARGET_VIBE~2,Buffet~A_TARGET_VIBE~2,Toast~A_TARGET_VIBE~2"
Feierlaune,3,12|13,Gefühle & Abstraktes|Feste & Jahreszeiten,5,"Stimmung~A_TARGET_VIBE~2,Musik~A_TARGET_VIBE~2,Tanzen~A_TARGET_VIBE~3,Gäste~A_TARGET_VIBE~2,Vorfreude~A_TARGET_VIBE~2"
Feiertag,2,13,Feste & Jahreszeiten,4,"Kalender~A_TARGET_VIBE~2,Datum~A_TARGET_VIBE~2,Planer~A_TARGET_VIBE~2,Ferien~A_TARGET_VIBE~2"
Fest,2,13,Feste & Jahreszeiten,4,"Gäste~A_TARGET_VIBE~2,Musik~A_TARGET_VIBE~2,Buffet~A_TARGET_VIBE~2,Stimmung~A_TARGET_VIBE~2"
Festessen,4,1|13,Essen & Trinken|Feste & Jahreszeiten,6,"Buffet~A_TARGET_VIBE~3,Käse~A_TARGET_VIBE~4,Topf~A_TARGET_VIBE~3,Glas~A_TARGET_VIBE~3,Senf~A_TARGET_VIBE~4,Anstoßen~A_TARGET_VIBE~3"
Festzelt,4,3|13,Orte & Reisen|Feste & Jahreszeiten,6,"Bänke~A_TARGET_VIBE~3,Lautstärke~A_TARGET_VIBE~3,Bühne~A_TARGET_VIBE~4,Zapfhahn~A_TARGET_VIBE~3,Lichter~A_TARGET_VIBE~4,Kellner~A_TARGET_VIBE~3"
Festzopf,4,1|13,Essen & Trinken|Feste & Jahreszeiten,6,"Backofen~A_TARGET_VIBE~4,Teig~A_TARGET_VIBE~3,Vanille~A_TARGET_VIBE~3,Glasur~A_TARGET_VIBE~4,Sahne~A_TARGET_VIBE~3,Puderzucker~A_TARGET_VIBE~3"
Frische,2,12,Gefühle & Abstraktes,4,"Morgentau~A_TARGET_VIBE~2,Nachtluft~A_TARGET_VIBE~2,Dunst~A_TARGET_VIBE~2,Erwartung~A_TARGET_VIBE~2"
Fronleichnam,4,13,Feste & Jahreszeiten,6,"Prozession~A_TARGET_VIBE~4,Blumenteppich~A_TARGET_VIBE~3,Glocken~A_TARGET_VIBE~3,Feiertag~A_TARGET_VIBE~4,Kirchplatz~A_TARGET_VIBE~3,Sommermorgen~A_TARGET_VIBE~4"
Funken,3,11,Wetter & Himmel,5,"Rauch~A_TARGET_VIBE~2,Asche~A_TARGET_VIBE~2,Streichholz~A_TARGET_VIBE~3,Wärme~A_TARGET_VIBE~2,Knall~A_TARGET_VIBE~3"
Freibad,1,3|5,Orte & Reisen|Sport & Freizeit,4,"Chlor~A_TARGET_VIBE~2,Liegewiese~A_TARGET_VIBE~2,Sprungbrett~A_TARGET_VIBE~2,Rutsche~A_TARGET_VIBE~2"
Frühlingsregen,4,11|13,Wetter & Himmel|Feste & Jahreszeiten,6,"Regenjacke~A_TARGET_VIBE~3,Pfütze~A_TARGET_VIBE~4,Tropfen~A_TARGET_VIBE~3,Wiese~A_TARGET_VIBE~3,Pollen~A_TARGET_VIBE~3,Dunst~A_TARGET_VIBE~4"
Frühlingsfest,3,13,Feste & Jahreszeiten,5,"Gäste~A_TARGET_VIBE~3,Musik~A_TARGET_VIBE~2,Wiese~A_TARGET_VIBE~3,Stimmung~A_TARGET_VIBE~2,Buffet~A_TARGET_VIBE~2"
Gästeliste,3,9,Gesellschaft & Beruf,5,"Umschlag~A_TARGET_VIBE~2,Termin~A_TARGET_VIBE~3,Rückmeldung~A_TARGET_VIBE~2,Adresse~A_TARGET_VIBE~2,Notiz~A_TARGET_VIBE~2"
Girlande,2,0|13,Alltag & Gegenstände|Feste & Jahreszeiten,4,"Glitzer~A_TARGET_VIBE~2,Konfetti~A_TARGET_VIBE~2,Schleife~A_TARGET_VIBE~2,Lichterkette~A_TARGET_VIBE~2"
Glühbirne,2,0,Alltag & Gegenstände,4,"Licht~A_TARGET_VIBE~2,Fassung~A_TARGET_VIBE~2,Schalter~A_TARGET_VIBE~2,Strom~A_TARGET_VIBE~2"
Glühwein,3,1|13,Essen & Trinken|Feste & Jahreszeiten,5,"Zimt~A_TARGET_VIBE~2,Tasse~A_TARGET_VIBE~2,Dampf~A_TARGET_VIBE~2,Marktbude~A_TARGET_VIBE~3,Korken~A_TARGET_VIBE~2"
Grillkohle,3,1|13,Essen & Trinken|Feste & Jahreszeiten,5,"Zange~A_TARGET_VIBE~3,Rauch~A_TARGET_VIBE~2,Marinade~A_TARGET_VIBE~2,Asche~A_TARGET_VIBE~2,Abendsonne~A_TARGET_VIBE~3"
Hagel,2,11,Wetter & Himmel,4,"Dach~A_TARGET_VIBE~2,Scheibe~A_TARGET_VIBE~2,Gewitter~A_TARGET_VIBE~2,Delle~A_TARGET_VIBE~2"
Halloween,3,13,Feste & Jahreszeiten,5,"Kürbis~A_TARGET_VIBE~2,Kostüm~A_TARGET_VIBE~2,Maske~A_TARGET_VIBE~3,Süßigkeit~A_TARGET_VIBE~2,Spuk~A_TARGET_VIBE~2"
Haselnuss,3,1|2,Essen & Trinken|Natur & Tiere,5,"Knacken~A_TARGET_VIBE~2,Schale~A_TARGET_VIBE~2,Kern~A_TARGET_VIBE~3,Rösten~A_TARGET_VIBE~2,Backen~A_TARGET_VIBE~2"
Häppchen,3,1,Essen & Trinken,5,"Buffet~A_TARGET_VIBE~2,Brotkorb~A_TARGET_VIBE~3,Käse~A_TARGET_VIBE~2,Gurke~A_TARGET_VIBE~2,Salz~A_TARGET_VIBE~2"
Hochzeit,3,9|13,Gesellschaft & Beruf|Feste & Jahreszeiten,5,"Ring~A_TARGET_VIBE~2,Toast~A_TARGET_VIBE~2,Buffet~A_TARGET_VIBE~3,Tanzen~A_TARGET_VIBE~2,Gäste~A_TARGET_VIBE~2"
Juli,1,13,Feste & Jahreszeiten,4,"Kalender~A_TARGET_VIBE~2,Datum~A_TARGET_VIBE~2,Ferien~A_TARGET_VIBE~2,Planer~A_TARGET_VIBE~2"
Kaffeekanne,1,1|10,Essen & Trinken|Haushalt & Wohnen,4,"Karaffe~A_TARGET_VIBE~2,Tasse~A_TARGET_VIBE~2,Korken~A_TARGET_VIBE~2,Spüle~A_TARGET_VIBE~2"
Karneval,3,13,Feste & Jahreszeiten,5,"Konfetti~A_TARGET_VIBE~2,Umzug~A_TARGET_VIBE~2,Narr~A_TARGET_VIBE~2,Kostüm~A_TARGET_VIBE~3,Schunkeln~A_TARGET_VIBE~2"
Kastanie,2,1|2,Essen & Trinken|Natur & Tiere,4,"Schale~A_TARGET_VIBE~2,Herbstkorb~A_TARGET_VIBE~2,Glanz~A_TARGET_VIBE~2,Sammeln~A_TARGET_VIBE~2"
Keksteller,3,1|10,Essen & Trinken|Haushalt & Wohnen,5,"Krümel~A_TARGET_VIBE~2,Dose~A_TARGET_VIBE~2,Puderzucker~A_TARGET_VIBE~2,Spüle~A_TARGET_VIBE~2,Ausstecher~A_TARGET_VIBE~3"
Kältewelle,3,11,Wetter & Himmel,5,"Warnung~A_TARGET_VIBE~3,Frost~A_TARGET_VIBE~2,Heizung~A_TARGET_VIBE~3,Streusalz~A_TARGET_VIBE~2,Glatteis~A_TARGET_VIBE~3"
Kamin,2,10,Haushalt & Wohnen,4,"Wärme~A_TARGET_VIBE~2,Rauch~A_TARGET_VIBE~2,Asche~A_TARGET_VIBE~2,Holzstapel~A_TARGET_VIBE~2"
Konfetti,2,0|13,Alltag & Gegenstände|Feste & Jahreszeiten,4,"Schleife~A_TARGET_VIBE~2,Girlande~A_TARGET_VIBE~2,Glitzer~A_TARGET_VIBE~2,Tanzen~A_TARGET_VIBE~2"
Lametta,2,0|13,Alltag & Gegenstände|Feste & Jahreszeiten,4,"Glitzer~A_TARGET_VIBE~2,Tanne~A_TARGET_VIBE~2,Lichterkette~A_TARGET_VIBE~2,Stern~A_TARGET_VIBE~2"
Lampion,3,0|13,Alltag & Gegenstände|Feste & Jahreszeiten,5,"Papier~A_TARGET_VIBE~2,Licht~A_TARGET_VIBE~2,Umzug~A_TARGET_VIBE~3,Windschutz~A_TARGET_VIBE~2,Dunkelheit~A_TARGET_VIBE~3"
Lampionumzug,4,0|13,Alltag & Gegenstände|Feste & Jahreszeiten,6,"Umzug~A_TARGET_VIBE~3,Dunkelheit~A_TARGET_VIBE~3,Laterne~A_TARGET_VIBE~4,Windschutz~A_TARGET_VIBE~3,Stab~A_TARGET_VIBE~4,Licht~A_TARGET_VIBE~3"
Laterne,2,0|13,Alltag & Gegenstände|Feste & Jahreszeiten,4,"Licht~A_TARGET_VIBE~2,Dunkelheit~A_TARGET_VIBE~2,Stab~A_TARGET_VIBE~2,Windschutz~A_TARGET_VIBE~2"
Laternenfest,3,13,Feste & Jahreszeiten,5,"Umzug~A_TARGET_VIBE~2,Licht~A_TARGET_VIBE~2,Dunkelheit~A_TARGET_VIBE~3,Gäste~A_TARGET_VIBE~2,Stimmung~A_TARGET_VIBE~2"
Laternenlied,4,0|4|13,Alltag & Gegenstände|Kultur & Kunst|Feste & Jahreszeiten,6,"Musik~A_TARGET_VIBE~3,Chorprobe~A_TARGET_VIBE~4,Licht~A_TARGET_VIBE~3,Dunkelheit~A_TARGET_VIBE~3,Umzug~A_TARGET_VIBE~4,Stimmung~A_TARGET_VIBE~4"
Laternenstab,3,0|13,Alltag & Gegenstände|Feste & Jahreszeiten,5,"Windschutz~A_TARGET_VIBE~3,Licht~A_TARGET_VIBE~2,Dunkelheit~A_TARGET_VIBE~2,Umzug~A_TARGET_VIBE~3,Papier~A_TARGET_VIBE~2"
Laternenumzug,4,13,Feste & Jahreszeiten,6,"Umzug~A_TARGET_VIBE~3,Dunkelheit~A_TARGET_VIBE~3,Windschutz~A_TARGET_VIBE~3,Licht~A_TARGET_VIBE~4,Stab~A_TARGET_VIBE~3,Stimmung~A_TARGET_VIBE~4"
Mai,1,13,Feste & Jahreszeiten,4,"Kalender~A_TARGET_VIBE~2,Datum~A_TARGET_VIBE~2,Planer~A_TARGET_VIBE~2,Ferien~A_TARGET_VIBE~2"
Maibaum,2,13,Feste & Jahreszeiten,4,"Tradition~A_TARGET_VIBE~2,Umzug~A_TARGET_VIBE~2,Musik~A_TARGET_VIBE~2,Wiese~A_TARGET_VIBE~2"
Maifest,3,13,Feste & Jahreszeiten,5,"Gäste~A_TARGET_VIBE~2,Tanzen~A_TARGET_VIBE~3,Musik~A_TARGET_VIBE~2,Stimmung~A_TARGET_VIBE~2,Wiese~A_TARGET_VIBE~3"
Maiglöckchen,3,2,Natur & Tiere,5,"Duft~A_TARGET_VIBE~2,Knospe~A_TARGET_VIBE~2,Wiese~A_TARGET_VIBE~2,Biene~A_TARGET_VIBE~3,Pollen~A_TARGET_VIBE~2"
Mandarine,2,1|2,Essen & Trinken|Natur & Tiere,4,"Schale~A_TARGET_VIBE~2,Duft~A_TARGET_VIBE~2,Kern~A_TARGET_VIBE~2,Sammeln~A_TARGET_VIBE~2"
Marone,3,1|2,Essen & Trinken|Natur & Tiere,5,"Rösten~A_TARGET_VIBE~2,Schale~A_TARGET_VIBE~2,Herbstkorb~A_TARGET_VIBE~3,Knacken~A_TARGET_VIBE~2,Kern~A_TARGET_VIBE~3"
Marzipan,3,1,Essen & Trinken,5,"Mandel~A_TARGET_VIBE~2,Rohmasse~A_TARGET_VIBE~3,Kneten~A_TARGET_VIBE~2,Schokolade~A_TARGET_VIBE~3,Zucker~A_TARGET_VIBE~2"
Marzipanfigur,3,1,Essen & Trinken,5,"Mandel~A_TARGET_VIBE~2,Kneten~A_TARGET_VIBE~2,Schokolade~A_TARGET_VIBE~3,Zucker~A_TARGET_VIBE~2,Glasur~A_TARGET_VIBE~2"
Marzipankartoffel,3,1,Essen & Trinken,5,"Mandel~A_TARGET_VIBE~2,Kakao~A_TARGET_VIBE~3,Zucker~A_TARGET_VIBE~2,Kneten~A_TARGET_VIBE~2,Dose~A_TARGET_VIBE~2"
Maske,3,0|13,Alltag & Gegenstände|Feste & Jahreszeiten,5,"Kostüm~A_TARGET_VIBE~2,Schminke~A_TARGET_VIBE~3,Verkleidung~A_TARGET_VIBE~3,Grusel~A_TARGET_VIBE~2,Gummi~A_TARGET_VIBE~2"
Mirabelle,4,1|2,Essen & Trinken|Natur & Tiere,6,"Kern~A_TARGET_VIBE~3,Schale~A_TARGET_VIBE~3,Sammeln~A_TARGET_VIBE~4,Duft~A_TARGET_VIBE~3,Backofen~A_TARGET_VIBE~3,Streusel~A_TARGET_VIBE~4"
Mistel,4,2|13,Natur & Tiere|Feste & Jahreszeiten,6,"Zweig~A_TARGET_VIBE~3,Kerzenlicht~A_TARGET_VIBE~4,Tradition~A_TARGET_VIBE~3,Geheimnis~A_TARGET_VIBE~3,Winter~A_TARGET_VIBE~4,Romantik~A_TARGET_VIBE~3"
Mitternacht,3,12|13,Gefühle & Abstraktes|Feste & Jahreszeiten,5,"Countdown~A_TARGET_VIBE~2,Sektglas~A_TARGET_VIBE~2,Nachtluft~A_TARGET_VIBE~3,Zeiger~A_TARGET_VIBE~2,Glitzer~A_TARGET_VIBE~3"
Mitternachtsfeier,3,12|13,Gefühle & Abstraktes|Feste & Jahreszeiten,5,"Countdown~A_TARGET_VIBE~3,Anstoßen~A_TARGET_VIBE~2,Glitzer~A_TARGET_VIBE~2,Tanzen~A_TARGET_VIBE~2,Sektglas~A_TARGET_VIBE~2"
Mitternachtsimbiss,4,1|12|13,Essen & Trinken|Gefühle & Abstraktes|Feste & Jahreszeiten,6,"Schluck~A_TARGET_VIBE~3,Buffet~A_TARGET_VIBE~3,Salz~A_TARGET_VIBE~3,Mitternacht~A_TARGET_VIBE~4,Brotkorb~A_TARGET_VIBE~3,Gäste~A_TARGET_VIBE~4"
Mitternachtskuss,4,12|13,Gefühle & Abstraktes|Feste & Jahreszeiten,6,"Herzklopfen~A_TARGET_VIBE~3,Sektglas~A_TARGET_VIBE~3,Augenblick~A_TARGET_VIBE~3,Glitzer~A_TARGET_VIBE~3,Romantik~A_TARGET_VIBE~4,Lippen~A_TARGET_VIBE~4"
Mitternachtsmesse,4,4|13,Kultur & Kunst|Feste & Jahreszeiten,6,"Glocken~A_TARGET_VIBE~4,Kerzenlicht~A_TARGET_VIBE~3,Stille~A_TARGET_VIBE~4,Kirchplatz~A_TARGET_VIBE~3,Gottesdienst~A_TARGET_VIBE~3,Nachtluft~A_TARGET_VIBE~3"
Mondschein,3,11,Wetter & Himmel,5,"Sternbild~A_TARGET_VIBE~2,Nachtluft~A_TARGET_VIBE~3,Silhouette~A_TARGET_VIBE~3,Dunkelblau~A_TARGET_VIBE~2,Schattenspiel~A_TARGET_VIBE~2"
Morgentau,3,11,Wetter & Himmel,5,"Dunst~A_TARGET_VIBE~2,Sicht~A_TARGET_VIBE~2,Wiese~A_TARGET_VIBE~3,Morgengrau~A_TARGET_VIBE~2,Tröpfchen~A_TARGET_VIBE~2"
Nieselregen,3,11,Wetter & Himmel,5,"Schirm~A_TARGET_VIBE~2,Nässe~A_TARGET_VIBE~3,Pfütze~A_TARGET_VIBE~2,Dunst~A_TARGET_VIBE~2,Tropfen~A_TARGET_VIBE~3"
November,1,13,Feste & Jahreszeiten,4,"Kalender~A_TARGET_VIBE~2,Datum~A_TARGET_VIBE~2,Planer~A_TARGET_VIBE~2,Feiertage~A_TARGET_VIBE~2"
Oktober,1,13,Feste & Jahreszeiten,4,"Kalender~A_TARGET_VIBE~2,Datum~A_TARGET_VIBE~2,Planer~A_TARGET_VIBE~2,Ferien~A_TARGET_VIBE~2"
Osterkerze,3,10|13,Haushalt & Wohnen|Feste & Jahreszeiten,5,"Docht~A_TARGET_VIBE~2,Kerzenlicht~A_TARGET_VIBE~2,Schale~A_TARGET_VIBE~3,Streichholz~A_TARGET_VIBE~2,Pastell~A_TARGET_VIBE~2"
Ostern,2,13,Feste & Jahreszeiten,4,"Körbchen~A_TARGET_VIBE~2,Suchen~A_TARGET_VIBE~2,Pastell~A_TARGET_VIBE~2,Schokolade~A_TARGET_VIBE~2"
Osterhase,2,13,Feste & Jahreszeiten,4,"Körbchen~A_TARGET_VIBE~2,Schokolade~A_TARGET_VIBE~2,Wiese~A_TARGET_VIBE~2,Suchen~A_TARGET_VIBE~2"
Papierlaterne,3,0|13,Alltag & Gegenstände|Feste & Jahreszeiten,5,"Papier~A_TARGET_VIBE~2,Windschutz~A_TARGET_VIBE~3,Dunkelheit~A_TARGET_VIBE~2,Umzug~A_TARGET_VIBE~2,Stab~A_TARGET_VIBE~3"
Pfingsten,3,13,Feste & Jahreszeiten,6,"Feiertag~A_TARGET_VIBE~2,Gottesdienst~A_TARGET_VIBE~3,Ausflug~A_TARGET_VIBE~2,Taube~A_TARGET_VIBE~3,Montag~A_TARGET_VIBE~3,Frühling~A_TARGET_VIBE~2"
Plätzchen,3,1,Essen & Trinken,5,"Ausstecher~A_TARGET_VIBE~2,Backofen~A_TARGET_VIBE~2,Puderzucker~A_TARGET_VIBE~3,Dose~A_TARGET_VIBE~2,Vanille~A_TARGET_VIBE~2"
Raclette,3,1,Essen & Trinken,5,"Pfanne~A_TARGET_VIBE~3,Käse~A_TARGET_VIBE~2,Gurke~A_TARGET_VIBE~2,Kartoffel~A_TARGET_VIBE~3,Topf~A_TARGET_VIBE~2"
Rakete,3,0|13,Alltag & Gegenstände|Feste & Jahreszeiten,5,"Knall~A_TARGET_VIBE~2,Countdown~A_TARGET_VIBE~2,Böller~A_TARGET_VIBE~2,Glitzer~A_TARGET_VIBE~3,Sektglas~A_TARGET_VIBE~2"
Raureif,4,11,Wetter & Himmel,6,"Gefrierpunkt~A_TARGET_VIBE~4,Morgengrau~A_TARGET_VIBE~3,Kälte~A_TARGET_VIBE~3,Tröpfchen~A_TARGET_VIBE~3,Dunst~A_TARGET_VIBE~4,Frost~A_TARGET_VIBE~3"
Schleifenband,3,0|13,Alltag & Gegenstände|Feste & Jahreszeiten,5,"Paket~A_TARGET_VIBE~3,Papier~A_TARGET_VIBE~2,Geschenk~A_TARGET_VIBE~2,Glitzer~A_TARGET_VIBE~3,Klebeband~A_TARGET_VIBE~2"
Schneefall,3,11,Wetter & Himmel,5,"Flocke~A_TARGET_VIBE~2,Räumen~A_TARGET_VIBE~2,Spur~A_TARGET_VIBE~2,Streusalz~A_TARGET_VIBE~3,Schneeschaufel~A_TARGET_VIBE~2"
Schneekristall,4,11,Wetter & Himmel,6,"Flocke~A_TARGET_VIBE~4,Glatteis~A_TARGET_VIBE~3,Spur~A_TARGET_VIBE~3,Streusalz~A_TARGET_VIBE~4,Schneeschaufel~A_TARGET_VIBE~3,Kratzen~A_TARGET_VIBE~3"
Schlittschuhlaufen,3,5|11,Sport & Freizeit|Wetter & Himmel,5,"Eishalle~A_TARGET_VIBE~2,Kufe~A_TARGET_VIBE~2,Handschuh~A_TARGET_VIBE~3,Bande~A_TARGET_VIBE~2,Sturz~A_TARGET_VIBE~2"
Stollen,3,1|13,Essen & Trinken|Feste & Jahreszeiten,5,"Puderzucker~A_TARGET_VIBE~3,Marzipan~A_TARGET_VIBE~2,Dose~A_TARGET_VIBE~2,Kaffee~A_TARGET_VIBE~2,Backofen~A_TARGET_VIBE~3"
Windstille,3,11,Wetter & Himmel,5,"Dunst~A_TARGET_VIBE~3,Sicht~A_TARGET_VIBE~2,Front~A_TARGET_VIBE~2,Tröpfchen~A_TARGET_VIBE~3,Wolke~A_TARGET_VIBE~2"
Wollmütze,2,10|13,Haushalt & Wohnen|Feste & Jahreszeiten,4,"Wolle~A_TARGET_VIBE~2,Bommel~A_TARGET_VIBE~2,Ohren~A_TARGET_VIBE~2,Futter~A_TARGET_VIBE~2"
Wollsocke,2,10|13,Haushalt & Wohnen|Feste & Jahreszeiten,4,"Waschkorb~A_TARGET_VIBE~2,Wolle~A_TARGET_VIBE~2,Fussel~A_TARGET_VIBE~2,Hausschuh~A_TARGET_VIBE~2"
Wolkenlücke,3,11,Wetter & Himmel,5,"Sicht~A_TARGET_VIBE~2,Dunst~A_TARGET_VIBE~2,Schatten~A_TARGET_VIBE~3,Front~A_TARGET_VIBE~2,Tropfen~A_TARGET_VIBE~3"
Wunderkerze,2,0|13,Alltag & Gegenstände|Feste & Jahreszeiten,4,"Funke~A_TARGET_VIBE~2,Glitzer~A_TARGET_VIBE~2,Torte~A_TARGET_VIBE~2,Kerzenlicht~A_TARGET_VIBE~2"
Wunschliste,2,9|12|13,Gesellschaft & Beruf|Gefühle & Abstraktes|Feste & Jahreszeiten,4,"Notiz~A_TARGET_VIBE~2,Liste~A_TARGET_VIBE~2,Geheimnis~A_TARGET_VIBE~2,Katalog~A_TARGET_VIBE~2"
Wunschzettel,2,9|12|13,Gesellschaft & Beruf|Gefühle & Abstraktes|Feste & Jahreszeiten,4,"Zettel~A_TARGET_VIBE~2,Notiz~A_TARGET_VIBE~2,Geheimnis~A_TARGET_VIBE~2,Überraschung~A_TARGET_VIBE~2"
Wärmflasche,2,10|13,Haushalt & Wohnen|Feste & Jahreszeiten,4,"Decke~A_TARGET_VIBE~2,Kakao~A_TARGET_VIBE~2,Frost~A_TARGET_VIBE~2,Wärme~A_TARGET_VIBE~2"
Würfelspiel,3,5,Sport & Freizeit,5,"Würfel~A_TARGET_VIBE~2,Runde~A_TARGET_VIBE~2,Brettspiel~A_TARGET_VIBE~2,Stimmung~A_TARGET_VIBE~3,Pokal~A_TARGET_VIBE~2"
Würstchen,1,1,Essen & Trinken,4,"Senf~A_TARGET_VIBE~2,Pfanne~A_TARGET_VIBE~2,Salz~A_TARGET_VIBE~2,Brotkorb~A_TARGET_VIBE~2"
Zapfen,2,2,Natur & Tiere,4,"Sammeln~A_TARGET_VIBE~2,Rinde~A_TARGET_VIBE~2,Herbstkorb~A_TARGET_VIBE~2,Ast~A_TARGET_VIBE~2"
Zeitumstellung,3,12,Gefühle & Abstraktes,6,"Uhr~A_TARGET_VIBE~2,Sommerzeit~A_TARGET_VIBE~3,Wecker~A_TARGET_VIBE~2,Zeiger~A_TARGET_VIBE~2,Sonntag~A_TARGET_VIBE~3,Jetlag~A_TARGET_VIBE~2"
Zimt,2,1,Essen & Trinken,4,"Duft~A_TARGET_VIBE~2,Sternanis~A_TARGET_VIBE~2,Teig~A_TARGET_VIBE~2,Puderzucker~A_TARGET_VIBE~2"
Zimtduft,3,1,Essen & Trinken,5,"Duft~A_TARGET_VIBE~2,Teig~A_TARGET_VIBE~2,Kakao~A_TARGET_VIBE~2,Puderzucker~A_TARGET_VIBE~3,Sternanis~A_TARGET_VIBE~2"
Zimtschnecke,3,1,Essen & Trinken,5,"Backofen~A_TARGET_VIBE~2,Glasur~A_TARGET_VIBE~3,Teig~A_TARGET_VIBE~2,Puderzucker~A_TARGET_VIBE~2,Vanille~A_TARGET_VIBE~3"
Zimtstange,3,1,Essen & Trinken,5,"Duft~A_TARGET_VIBE~2,Sternanis~A_TARGET_VIBE~3,Kakao~A_TARGET_VIBE~2,Puderzucker~A_TARGET_VIBE~3,Teig~A_TARGET_VIBE~2"
Zuckerguss,3,1,Essen & Trinken,5,"Glasur~A_TARGET_VIBE~2,Streusel~A_TARGET_VIBE~2,Teig~A_TARGET_VIBE~2,Backofen~A_TARGET_VIBE~3,Vanille~A_TARGET_VIBE~3"
Zuckerstange,2,1,Essen & Trinken,4,"Streusel~A_TARGET_VIBE~2,Glasur~A_TARGET_VIBE~2,Teig~A_TARGET_VIBE~2,Kakao~A_TARGET_VIBE~2"
Zuckerstreusel,2,1,Essen & Trinken,4,"Streusel~A_TARGET_VIBE~2,Glasur~A_TARGET_VIBE~2,Teig~A_TARGET_VIBE~2,Backofen~A_TARGET_VIBE~2"
Zwetschge,3,1|2,Essen & Trinken|Natur & Tiere,5,"Kern~A_TARGET_VIBE~2,Schale~A_TARGET_VIBE~2,Sammeln~A_TARGET_VIBE~3,Streusel~A_TARGET_VIBE~2,Backofen~A_TARGET_VIBE~3"
Überraschung,1,12,Gefühle & Abstraktes,4,"Jubel~A_TARGET_VIBE~2,Verstecken~A_TARGET_VIBE~2,Paket~A_TARGET_VIBE~2,Planung~A_TARGET_VIBE~2"
Apfelsaft,1,1,Essen & Trinken,4,"Most~A_TARGET_VIBE~2,Presse~A_TARGET_VIBE~2,Schorle~A_TARGET_VIBE~2,Kerngehäuse~A_TARGET_VIBE~2"
Badeanzug,2,5,Sport & Freizeit,4,"Chlor~A_TARGET_VIBE~2,Umkleide~A_TARGET_VIBE~2,Liegewiese~A_TARGET_VIBE~2,Sprungbrett~A_TARGET_VIBE~2"
Badetuch,1,5,Sport & Freizeit,4,"Chlor~A_TARGET_VIBE~2,Umkleide~A_TARGET_VIBE~2,Liegewiese~A_TARGET_VIBE~2,Sprungbrett~A_TARGET_VIBE~2"
Badewetter,2,11,Wetter & Himmel,4,"Sonnencreme~A_TARGET_VIBE~2,Hitzetag~A_TARGET_VIBE~2,Wolken~A_TARGET_VIBE~2,Schirm~A_TARGET_VIBE~2"
Bratapfel,2,1,Essen & Trinken,4,"Most~A_TARGET_VIBE~2,Presse~A_TARGET_VIBE~2,Schorle~A_TARGET_VIBE~2,Kerngehäuse~A_TARGET_VIBE~2"
Brombeere,2,1|2,Essen & Trinken|Natur & Tiere,4,"Marmelade~A_TARGET_VIBE~2,Joghurt~A_TARGET_VIBE~2,Dornen~A_TARGET_VIBE~2,Waldweg~A_TARGET_VIBE~2"
Einladungskarte,2,9,Gesellschaft & Beruf,4,"Umschlag~A_TARGET_VIBE~2,Adresse~A_TARGET_VIBE~2,Rückmeldung~A_TARGET_VIBE~2,Termin~A_TARGET_VIBE~2"
Eisbahn,4,5,Sport & Freizeit,5,"Kufe~A_TARGET_VIBE~3,Bande~A_TARGET_VIBE~3,Helm~A_TARGET_VIBE~3,Aufwärmen~A_TARGET_VIBE~3,Runde~A_TARGET_VIBE~3"
Eisblau,4,12,Gefühle & Abstraktes,5,"Farbton~A_TARGET_VIBE~3,Pastell~A_TARGET_VIBE~3,Pigment~A_TARGET_VIBE~3,Aquarell~A_TARGET_VIBE~3,Farbfächer~A_TARGET_VIBE~3"
Eisblume,3,11,Wetter & Himmel,4,"Fensterscheibe~A_TARGET_VIBE~3,Muster~A_TARGET_VIBE~3,Kratzen~A_TARGET_VIBE~3,Frost~A_TARGET_VIBE~3"
Eisfläche,3,11,Wetter & Himmel,4,"Streusalz~A_TARGET_VIBE~3,Rutschig~A_TARGET_VIBE~3,Gefrierpunkt~A_TARGET_VIBE~3,Kratzen~A_TARGET_VIBE~3"
Eisglätte,4,11,Wetter & Himmel,5,"Streusalz~A_TARGET_VIBE~3,Rutschig~A_TARGET_VIBE~3,Gefrierpunkt~A_TARGET_VIBE~3,Kratzen~A_TARGET_VIBE~3,Warnschild~A_TARGET_VIBE~3"
Eishalle,3,5,Sport & Freizeit,4,"Kufe~A_TARGET_VIBE~3,Bande~A_TARGET_VIBE~3,Helm~A_TARGET_VIBE~3,Aufwärmen~A_TARGET_VIBE~3"
Eiskratzer,3,0|11,Alltag & Gegenstände|Wetter & Himmel,4,"Windschutzscheibe~A_TARGET_VIBE~3,Morgentau~A_TARGET_VIBE~3,Handschuh~A_TARGET_VIBE~3,Parkplatz~A_TARGET_VIBE~3"
Eiskunstlauf,3,5,Sport & Freizeit,4,"Kufe~A_TARGET_VIBE~3,Bande~A_TARGET_VIBE~3,Helm~A_TARGET_VIBE~3,Aufwärmen~A_TARGET_VIBE~3"
Eislauf,2,5,Sport & Freizeit,4,"Kufe~A_TARGET_VIBE~2,Bande~A_TARGET_VIBE~2,Helm~A_TARGET_VIBE~2,Aufwärmen~A_TARGET_VIBE~2"
Eisnebel,4,11,Wetter & Himmel,5,"Dunst~A_TARGET_VIBE~3,Sicht~A_TARGET_VIBE~3,Morgengrau~A_TARGET_VIBE~3,Nebelgrau~A_TARGET_VIBE~3,Kälte~A_TARGET_VIBE~3"
Eisschicht,3,11,Wetter & Himmel,4,"Streusalz~A_TARGET_VIBE~3,Rutschig~A_TARGET_VIBE~3,Gefrierpunkt~A_TARGET_VIBE~3,Kratzen~A_TARGET_VIBE~3"
Eisscholle,4,2|11,Natur & Tiere|Wetter & Himmel,5,"Treibeis~A_TARGET_VIBE~3,Polarwind~A_TARGET_VIBE~3,Meer~A_TARGET_VIBE~3,Kälte~A_TARGET_VIBE~3,Krach~A_TARGET_VIBE~3"
Eisstock,4,5,Sport & Freizeit,5,"Kufe~A_TARGET_VIBE~3,Bande~A_TARGET_VIBE~3,Helm~A_TARGET_VIBE~3,Aufwärmen~A_TARGET_VIBE~3,Runde~A_TARGET_VIBE~3"
Eiswürfel,1,1,Essen & Trinken,4,"Cocktail~A_TARGET_VIBE~2,Sprudel~A_TARGET_VIBE~2,Kühlschrank~A_TARGET_VIBE~2,Karaffe~A_TARGET_VIBE~2"
Erdbeere,2,1|2,Essen & Trinken|Natur & Tiere,4,"Marmelade~A_TARGET_VIBE~2,Joghurt~A_TARGET_VIBE~2,Dornen~A_TARGET_VIBE~2,Waldweg~A_TARGET_VIBE~2"
Fasching,3,13,Feste & Jahreszeiten,4,"Umzug~A_TARGET_VIBE~3,Schunkeln~A_TARGET_VIBE~3,Narr~A_TARGET_VIBE~3,Kamelle~A_TARGET_VIBE~3"
Fastenzeit,4,13,Feste & Jahreszeiten,5,"Verzicht~A_TARGET_VIBE~3,Kater~A_TARGET_VIBE~3,Kehraus~A_TARGET_VIBE~3,Fisch~A_TARGET_VIBE~3,Vorsatz~A_TARGET_VIBE~3"
Februar,1,13,Feste & Jahreszeiten,4,"Kalender~A_TARGET_VIBE~2,Datum~A_TARGET_VIBE~2,Planer~A_TARGET_VIBE~2,Wochenende~A_TARGET_VIBE~2"
Ferienlager,3,3|5,Orte & Reisen|Sport & Freizeit,4,"Zelt~A_TARGET_VIBE~3,Betreuer~A_TARGET_VIBE~3,Rucksack~A_TARGET_VIBE~3,Stockbrot~A_TARGET_VIBE~3"
Feuerkorb,3,10,Haushalt & Wohnen,4,"Funke~A_TARGET_VIBE~3,Glut~A_TARGET_VIBE~3,Rauch~A_TARGET_VIBE~3,Knistern~A_TARGET_VIBE~3"
Feuerschale,3,10,Haushalt & Wohnen,4,"Funke~A_TARGET_VIBE~3,Glut~A_TARGET_VIBE~3,Rauch~A_TARGET_VIBE~3,Knistern~A_TARGET_VIBE~3"
Feuerstelle,3,10,Haushalt & Wohnen,4,"Funke~A_TARGET_VIBE~3,Glut~A_TARGET_VIBE~3,Rauch~A_TARGET_VIBE~3,Knistern~A_TARGET_VIBE~3"
Feuerwerk,3,13,Feste & Jahreszeiten,4,"Knall~A_TARGET_VIBE~3,Countdown~A_TARGET_VIBE~3,Glitzer~A_TARGET_VIBE~3,Rauch~A_TARGET_VIBE~3"
Flockenwirbel,4,11,Wetter & Himmel,5,"Flocke~A_TARGET_VIBE~3,Spur~A_TARGET_VIBE~3,Rodel~A_TARGET_VIBE~3,Schneeschaufel~A_TARGET_VIBE~3,Streusalz~A_TARGET_VIBE~3"
Frost,2,11,Wetter & Himmel,4,"Gefrierpunkt~A_TARGET_VIBE~2,Frost~A_TARGET_VIBE~2,Streusalz~A_TARGET_VIBE~2,Rutschig~A_TARGET_VIBE~2"
Frostbeule,4,11,Wetter & Himmel,5,"Gefrierpunkt~A_TARGET_VIBE~3,Handschuh~A_TARGET_VIBE~3,Kälte~A_TARGET_VIBE~3,Wärme~A_TARGET_VIBE~3,Salbe~A_TARGET_VIBE~3"
Frostglanz,5,11,Wetter & Himmel,5,"Gefrierpunkt~A_TARGET_VIBE~4,Fensterscheibe~A_TARGET_VIBE~4,Muster~A_TARGET_VIBE~4,Morgengrau~A_TARGET_VIBE~4,Kratzen~A_TARGET_VIBE~4"
Frostgras,4,2|11,Natur & Tiere|Wetter & Himmel,5,"Morgentau~A_TARGET_VIBE~3,Fensterscheibe~A_TARGET_VIBE~3,Gefrierpunkt~A_TARGET_VIBE~3,Laub~A_TARGET_VIBE~3,Spur~A_TARGET_VIBE~3"
Frostnächte,4,11,Wetter & Himmel,5,"Gefrierpunkt~A_TARGET_VIBE~3,Morgengrau~A_TARGET_VIBE~3,Kälte~A_TARGET_VIBE~3,Kratzen~A_TARGET_VIBE~3,Streusalz~A_TARGET_VIBE~3"
Frostschicht,4,11,Wetter & Himmel,5,"Gefrierpunkt~A_TARGET_VIBE~3,Kratzen~A_TARGET_VIBE~3,Rutschig~A_TARGET_VIBE~3,Streusalz~A_TARGET_VIBE~3,Morgengrau~A_TARGET_VIBE~3"
Frostspuren,4,11,Wetter & Himmel,5,"Gefrierpunkt~A_TARGET_VIBE~3,Spur~A_TARGET_VIBE~3,Kratzen~A_TARGET_VIBE~3,Morgengrau~A_TARGET_VIBE~3,Streusalz~A_TARGET_VIBE~3"
Froststern,4,11|13,Wetter & Himmel|Feste & Jahreszeiten,5,"Fensterscheibe~A_TARGET_VIBE~3,Muster~A_TARGET_VIBE~3,Kratzen~A_TARGET_VIBE~3,Kerzenlicht~A_TARGET_VIBE~3,Lichterkette~A_TARGET_VIBE~3"
Frosttag,3,11,Wetter & Himmel,4,"Gefrierpunkt~A_TARGET_VIBE~3,Kälte~A_TARGET_VIBE~3,Streusalz~A_TARGET_VIBE~3,Rutschig~A_TARGET_VIBE~3"
Frostwind,4,11,Wetter & Himmel,5,"Böe~A_TARGET_VIBE~3,Kapuze~A_TARGET_VIBE~3,Kälte~A_TARGET_VIBE~3,Warnung~A_TARGET_VIBE~3,Dachziegel~A_TARGET_VIBE~3"
Funkenglanz,5,11,Wetter & Himmel,5,"Funke~A_TARGET_VIBE~4,Glut~A_TARGET_VIBE~4,Glitzer~A_TARGET_VIBE~4,Rauch~A_TARGET_VIBE~4,Knistern~A_TARGET_VIBE~4"
Gartenfest,2,13,Feste & Jahreszeiten,4,"Gäste~A_TARGET_VIBE~2,Stimmung~A_TARGET_VIBE~2,Girlande~A_TARGET_VIBE~2,Tanzen~A_TARGET_VIBE~2"
Gänsekeule,3,1,Essen & Trinken,4,"Bräter~A_TARGET_VIBE~3,Soße~A_TARGET_VIBE~3,Knödel~A_TARGET_VIBE~3,Rotkohl~A_TARGET_VIBE~3"
Geschenk,1,13,Feste & Jahreszeiten,4,"Päckchen~A_TARGET_VIBE~2,Überraschung~A_TARGET_VIBE~2,Papier~A_TARGET_VIBE~2,Katalog~A_TARGET_VIBE~2"
Geschenkband,3,13,Feste & Jahreszeiten,4,"Geschenkpapier~A_TARGET_VIBE~3,Klebeband~A_TARGET_VIBE~3,Päckchen~A_TARGET_VIBE~3,Glitzer~A_TARGET_VIBE~3"
Geschenkkarton,3,13,Feste & Jahreszeiten,4,"Päckchen~A_TARGET_VIBE~3,Papier~A_TARGET_VIBE~3,Klebeband~A_TARGET_VIBE~3,Überraschung~A_TARGET_VIBE~3"
Geschenkpapier,2,13,Feste & Jahreszeiten,4,"Klebeband~A_TARGET_VIBE~2,Päckchen~A_TARGET_VIBE~2,Schleife~A_TARGET_VIBE~2,Glitzer~A_TARGET_VIBE~2"
Geschenkpaket,2,13,Feste & Jahreszeiten,4,"Päckchen~A_TARGET_VIBE~2,Schleife~A_TARGET_VIBE~2,Papier~A_TARGET_VIBE~2,Klebeband~A_TARGET_VIBE~2"
Geschenktüte,2,13,Feste & Jahreszeiten,4,"Päckchen~A_TARGET_VIBE~2,Schleife~A_TARGET_VIBE~2,Glitzer~A_TARGET_VIBE~2,Klebeband~A_TARGET_VIBE~2"
Glättewarnung,4,11,Wetter & Himmel,5,"Warnschild~A_TARGET_VIBE~3,Streusalz~A_TARGET_VIBE~3,Rutschig~A_TARGET_VIBE~3,Gefrierpunkt~A_TARGET_VIBE~3,Kratzen~A_TARGET_VIBE~3"
Glitzerregen,4,11|13,Wetter & Himmel|Feste & Jahreszeiten,5,"Glitzer~A_TARGET_VIBE~3,Konfetti~A_TARGET_VIBE~3,Girlande~A_TARGET_VIBE~3,Schirm~A_TARGET_VIBE~3,Pfütze~A_TARGET_VIBE~3"
Glühpunsch,4,1|13,Essen & Trinken|Feste & Jahreszeiten,5,"Tasse~A_TARGET_VIBE~3,Dampf~A_TARGET_VIBE~3,Zimt~A_TARGET_VIBE~3,Marktbude~A_TARGET_VIBE~3,Korken~A_TARGET_VIBE~3"
Hagel,2,11,Wetter & Himmel,4,"Delle~A_TARGET_VIBE~2,Scheibe~A_TARGET_VIBE~2,Gewitter~A_TARGET_VIBE~2,Warnung~A_TARGET_VIBE~2"
Hagelschauer,4,11,Wetter & Himmel,5,"Delle~A_TARGET_VIBE~3,Scheibe~A_TARGET_VIBE~3,Gewitter~A_TARGET_VIBE~3,Warnung~A_TARGET_VIBE~3,Dach~A_TARGET_VIBE~3"
Heiligabend,3,13,Feste & Jahreszeiten,4,"Kerzenlicht~A_TARGET_VIBE~3,Geschenkpapier~A_TARGET_VIBE~3,Krippe~A_TARGET_VIBE~3,Lichterkette~A_TARGET_VIBE~3"
Heiterkeit,2,12,Gefühle & Abstraktes,4,"Aufregung~A_TARGET_VIBE~2,Erwartung~A_TARGET_VIBE~2,Heiterkeit~A_TARGET_VIBE~2,Zusammenhalt~A_TARGET_VIBE~2"
Herbstblatt,2,2|13,Natur & Tiere|Feste & Jahreszeiten,4,"Laub~A_TARGET_VIBE~2,Rinde~A_TARGET_VIBE~2,Waldweg~A_TARGET_VIBE~2,Samen~A_TARGET_VIBE~2"
Herbstbrise,3,11|13,Wetter & Himmel|Feste & Jahreszeiten,4,"Böe~A_TARGET_VIBE~3,Kapuze~A_TARGET_VIBE~3,Warnung~A_TARGET_VIBE~3,Fahne~A_TARGET_VIBE~3"
Herbstduft,3,12|13,Gefühle & Abstraktes|Feste & Jahreszeiten,4,"Duft~A_TARGET_VIBE~3,Besinnung~A_TARGET_VIBE~3,Erwartung~A_TARGET_VIBE~3,Stille~A_TARGET_VIBE~3"
Herbstlaub,2,2|13,Natur & Tiere|Feste & Jahreszeiten,4,"Laub~A_TARGET_VIBE~2,Waldweg~A_TARGET_VIBE~2,Rinde~A_TARGET_VIBE~2,Samen~A_TARGET_VIBE~2"
Herbstspaziergang,3,5|13,Sport & Freizeit|Feste & Jahreszeiten,4,"Waldweg~A_TARGET_VIBE~3,Laub~A_TARGET_VIBE~3,Kapuze~A_TARGET_VIBE~3,Böe~A_TARGET_VIBE~3"
Holzstapel,2,10,Haushalt & Wohnen,4,"Holzstapel~A_TARGET_VIBE~2,Asche~A_TARGET_VIBE~2,Glut~A_TARGET_VIBE~2,Knistern~A_TARGET_VIBE~2"
Hüttenzauber,4,3|12|13,Orte & Reisen|Gefühle & Abstraktes|Feste & Jahreszeiten,5,"Hütte~A_TARGET_VIBE~3,Koffer~A_TARGET_VIBE~3,Kerzenlicht~A_TARGET_VIBE~3,Besinnung~A_TARGET_VIBE~3,Stimmung~A_TARGET_VIBE~3"
Januar,1,13,Feste & Jahreszeiten,4,"Kalender~A_TARGET_VIBE~2,Datum~A_TARGET_VIBE~2,Planer~A_TARGET_VIBE~2,Wochenende~A_TARGET_VIBE~2"
Jubel,2,12,Gefühle & Abstraktes,4,"Aufregung~A_TARGET_VIBE~2,Erwartung~A_TARGET_VIBE~2,Zusammenhalt~A_TARGET_VIBE~2,Heiterkeit~A_TARGET_VIBE~2"
Juni,1,13,Feste & Jahreszeiten,4,"Kalender~A_TARGET_VIBE~2,Datum~A_TARGET_VIBE~2,Planer~A_TARGET_VIBE~2,Wochenende~A_TARGET_VIBE~2"
Kalenderblatt,3,0,Alltag & Gegenstände,4,"Datum~A_TARGET_VIBE~3,Notiz~A_TARGET_VIBE~3,Planer~A_TARGET_VIBE~3,Klammer~A_TARGET_VIBE~3"
Kaminabend,3,10|13,Haushalt & Wohnen|Feste & Jahreszeiten,4,"Funke~A_TARGET_VIBE~3,Glut~A_TARGET_VIBE~3,Wärme~A_TARGET_VIBE~3,Besinnung~A_TARGET_VIBE~3"
Karneval,3,13,Feste & Jahreszeiten,4,"Umzug~A_TARGET_VIBE~3,Schunkeln~A_TARGET_VIBE~3,Narr~A_TARGET_VIBE~3,Kamelle~A_TARGET_VIBE~3"
Kartoffelsalat,3,1,Essen & Trinken,4,"Schüssel~A_TARGET_VIBE~3,Dressing~A_TARGET_VIBE~3,Pfeffer~A_TARGET_VIBE~3,Essig~A_TARGET_VIBE~3"
Kastanie,2,2,Natur & Tiere,4,"Rinde~A_TARGET_VIBE~2,Samen~A_TARGET_VIBE~2,Laub~A_TARGET_VIBE~2,Waldweg~A_TARGET_VIBE~2"
Keksdose,2,10,Haushalt & Wohnen,4,"Dose~A_TARGET_VIBE~2,Puderzucker~A_TARGET_VIBE~2,Krümel~A_TARGET_VIBE~2,Backofen~A_TARGET_VIBE~2"
Kerzenschein,2,10|13,Haushalt & Wohnen|Feste & Jahreszeiten,4,"Kerzenlicht~A_TARGET_VIBE~2,Lichterkette~A_TARGET_VIBE~2,Besinnung~A_TARGET_VIBE~2,Stille~A_TARGET_VIBE~2"
Klebeetikett,3,0,Alltag & Gegenstände,4,"Klebeband~A_TARGET_VIBE~3,Stempel~A_TARGET_VIBE~3,Adresse~A_TARGET_VIBE~3,Umschlag~A_TARGET_VIBE~3"
Klopapier,2,10,Haushalt & Wohnen,4,"Regal~A_TARGET_VIBE~2,Staub~A_TARGET_VIBE~2,Kiste~A_TARGET_VIBE~2,Griff~A_TARGET_VIBE~2"
Knall,1,13,Feste & Jahreszeiten,4,"Knall~A_TARGET_VIBE~2,Countdown~A_TARGET_VIBE~2,Rauch~A_TARGET_VIBE~2,Glitzer~A_TARGET_VIBE~2"
Knisterfeuer,4,10|11,Haushalt & Wohnen|Wetter & Himmel,5,"Knistern~A_TARGET_VIBE~3,Glut~A_TARGET_VIBE~3,Rauch~A_TARGET_VIBE~3,Holzstapel~A_TARGET_VIBE~3,Asche~A_TARGET_VIBE~3"
Kokosflocken,3,1,Essen & Trinken,4,"Zucker~A_TARGET_VIBE~3,Krümel~A_TARGET_VIBE~3,Backofen~A_TARGET_VIBE~3,Teig~A_TARGET_VIBE~3"
Konfettirest,4,13,Feste & Jahreszeiten,5,"Besen~A_TARGET_VIBE~3,Reste~A_TARGET_VIBE~3,Glitzer~A_TARGET_VIBE~3,Girlande~A_TARGET_VIBE~3,Tanzen~A_TARGET_VIBE~3"
Kostüm,3,13,Feste & Jahreszeiten,4,"Schminke~A_TARGET_VIBE~3,Verkleidung~A_TARGET_VIBE~3,Umzug~A_TARGET_VIBE~3,Perücke~A_TARGET_VIBE~3"
Krach,2,12,Gefühle & Abstraktes,4,"Aufregung~A_TARGET_VIBE~2,Stille~A_TARGET_VIBE~2,Erwartung~A_TARGET_VIBE~2,Heiterkeit~A_TARGET_VIBE~2"
Kranz,2,10|13,Haushalt & Wohnen|Feste & Jahreszeiten,4,"Harz~A_TARGET_VIBE~2,Nadel~A_TARGET_VIBE~2,Draht~A_TARGET_VIBE~2,Kerzenlicht~A_TARGET_VIBE~2"
Kratzeis,5,11,Wetter & Himmel,5,"Kratzen~A_TARGET_VIBE~4,Gefrierpunkt~A_TARGET_VIBE~4,Windschutzscheibe~A_TARGET_VIBE~4,Morgengrau~A_TARGET_VIBE~4,Handschuh~A_TARGET_VIBE~4"
Kürbis,2,1|2,Essen & Trinken|Natur & Tiere,4,"Schale~A_TARGET_VIBE~2,Kern~A_TARGET_VIBE~2,Backofen~A_TARGET_VIBE~2,Gewürz~A_TARGET_VIBE~2"
Lagerfeuer,3,5, Sport & Freizeit,4,"Funke~A_TARGET_VIBE~3,Glut~A_TARGET_VIBE~3,Rauch~A_TARGET_VIBE~3,Knistern~A_TARGET_VIBE~3"
Lagerfeuerlied,4,4|5,Kultur & Kunst|Sport & Freizeit,5,"Knistern~A_TARGET_VIBE~3,Gitarre~A_TARGET_VIBE~3,Refrain~A_TARGET_VIBE~3,Ensemble~A_TARGET_VIBE~3,Publikum~A_TARGET_VIBE~3"
Laternenlied,4,4|13,Kultur & Kunst|Feste & Jahreszeiten,5,"Notenblatt~A_TARGET_VIBE~3,Refrain~A_TARGET_VIBE~3,Kerzenlicht~A_TARGET_VIBE~3,Umzug~A_TARGET_VIBE~3,Glocken~A_TARGET_VIBE~3"
Laternenumzug,4,13,Feste & Jahreszeiten,5,"Laterne~A_TARGET_VIBE~3,Umzug~A_TARGET_VIBE~3,Kerzenlicht~A_TARGET_VIBE~3,Glocken~A_TARGET_VIBE~3,Stimmung~A_TARGET_VIBE~3"
Lebkuchen,3,1|13,Essen & Trinken|Feste & Jahreszeiten,4,"Ausstecher~A_TARGET_VIBE~3,Puderzucker~A_TARGET_VIBE~3,Dose~A_TARGET_VIBE~3,Glasur~A_TARGET_VIBE~3"
Lichterkette,2,0|13,Alltag & Gegenstände|Feste & Jahreszeiten,4,"Kerzenlicht~A_TARGET_VIBE~2,Glitzer~A_TARGET_VIBE~2,Girlande~A_TARGET_VIBE~2,Stimmung~A_TARGET_VIBE~2"
Lichterglanz,4,13,Feste & Jahreszeiten,5,"Lichterkette~A_TARGET_VIBE~3,Glitzer~A_TARGET_VIBE~3,Kerzenlicht~A_TARGET_VIBE~3,Stimmung~A_TARGET_VIBE~3,Girlande~A_TARGET_VIBE~3"
März,1,13,Feste & Jahreszeiten,4,"Kalender~A_TARGET_VIBE~2,Datum~A_TARGET_VIBE~2,Planer~A_TARGET_VIBE~2,Wochenende~A_TARGET_VIBE~2"
Marmeladeglas,2,10,Haushalt & Wohnen,4,"Marmelade~A_TARGET_VIBE~2,Glas~A_TARGET_VIBE~2,Löffel~A_TARGET_VIBE~2,Regal~A_TARGET_VIBE~2"
Maske,3,13,Feste & Jahreszeiten,4,"Schminke~A_TARGET_VIBE~3,Verkleidung~A_TARGET_VIBE~3,Umzug~A_TARGET_VIBE~3,Perücke~A_TARGET_VIBE~3"
Mitternachtskuss,4,12|13,Gefühle & Abstraktes|Feste & Jahreszeiten,5,"Countdown~A_TARGET_VIBE~3,Sektglas~A_TARGET_VIBE~3,Glitzer~A_TARGET_VIBE~3,Aufregung~A_TARGET_VIBE~3,Vorfreude~A_TARGET_VIBE~3"
Morgentau,3,11,Wetter & Himmel,4,"Dunst~A_TARGET_VIBE~3,Sicht~A_TARGET_VIBE~3,Morgengrau~A_TARGET_VIBE~3,Tropfen~A_TARGET_VIBE~3"
Nikolaus,3,13,Feste & Jahreszeiten,4,"Stiefel~A_TARGET_VIBE~3,Süßigkeit~A_TARGET_VIBE~3,Geschenkpapier~A_TARGET_VIBE~3,Kerzenlicht~A_TARGET_VIBE~3"
Nieselregen,3,11,Wetter & Himmel,4,"Schirm~A_TARGET_VIBE~3,Pfütze~A_TARGET_VIBE~3,Kapuze~A_TARGET_VIBE~3,Tropfen~A_TARGET_VIBE~3"
Nussmix,3,1,Essen & Trinken,4,"Schale~A_TARGET_VIBE~3,Kern~A_TARGET_VIBE~3,Snack~A_TARGET_VIBE~3,Krümel~A_TARGET_VIBE~3"
Ofenblech,2,10,Haushalt & Wohnen,4,"Ofenblech~A_TARGET_VIBE~2,Backofen~A_TARGET_VIBE~2,Teig~A_TARGET_VIBE~2,Krümel~A_TARGET_VIBE~2"
Osterhase,2,13,Feste & Jahreszeiten,4,"Körbchen~A_TARGET_VIBE~2,Pastell~A_TARGET_VIBE~2,Schokolade~A_TARGET_VIBE~2,Versteck~A_TARGET_VIBE~2"
Osterkerze,3,10|13,Haushalt & Wohnen|Feste & Jahreszeiten,4,"Kerzenlicht~A_TARGET_VIBE~3,Streichholz~A_TARGET_VIBE~3,Stimmung~A_TARGET_VIBE~3,Besinnung~A_TARGET_VIBE~3"
Osterkorb,3,13,Feste & Jahreszeiten,4,"Körbchen~A_TARGET_VIBE~3,Pastell~A_TARGET_VIBE~3,Schokolade~A_TARGET_VIBE~3,Versteck~A_TARGET_VIBE~3"
Osterei,2,13,Feste & Jahreszeiten,4,"Pastell~A_TARGET_VIBE~2,Körbchen~A_TARGET_VIBE~2,Schokolade~A_TARGET_VIBE~2,Versteck~A_TARGET_VIBE~2"
Paketbote,3,9,Gesellschaft & Beruf,4,"Stempel~A_TARGET_VIBE~3,Einlass~A_TARGET_VIBE~3,Umschlag~A_TARGET_VIBE~3,Programm~A_TARGET_VIBE~3"
Papierschnee,4,0|13,Alltag & Gegenstände|Feste & Jahreszeiten,5,"Konfetti~A_TARGET_VIBE~3,Glitzer~A_TARGET_VIBE~3,Girlande~A_TARGET_VIBE~3,Besen~A_TARGET_VIBE~3,Reste~A_TARGET_VIBE~3"
Pflaume,3,1|2,Essen & Trinken|Natur & Tiere,4,"Schale~A_TARGET_VIBE~3,Kern~A_TARGET_VIBE~3,Erntekorb~A_TARGET_VIBE~3,Marmelade~A_TARGET_VIBE~3"
Plätzchenteig,4,1,Essen & Trinken,5,"Ausstecher~A_TARGET_VIBE~3,Backofen~A_TARGET_VIBE~3,Krümel~A_TARGET_VIBE~3,Puderzucker~A_TARGET_VIBE~3,Glasur~A_TARGET_VIBE~3"
Plätzchenteller,3,10|13,Haushalt & Wohnen|Feste & Jahreszeiten,4,"Puderzucker~A_TARGET_VIBE~3,Krümel~A_TARGET_VIBE~3,Dose~A_TARGET_VIBE~3,Kerzenlicht~A_TARGET_VIBE~3"
Prunksitzung,4,4|13,Kultur & Kunst|Feste & Jahreszeiten,5,"Applaus~A_TARGET_VIBE~3,Bühne~A_TARGET_VIBE~3,Mikrofon~A_TARGET_VIBE~3,Publikum~A_TARGET_VIBE~3,Konfetti~A_TARGET_VIBE~3"
Puderzucker,2,1,Essen & Trinken,4,"Puderzucker~A_TARGET_VIBE~2,Glasur~A_TARGET_VIBE~2,Teig~A_TARGET_VIBE~2,Backofen~A_TARGET_VIBE~2"
Raclettepfanne,3,1,Essen & Trinken,4,"Pfanne~A_TARGET_VIBE~3,Käse~A_TARGET_VIBE~3,Beilage~A_TARGET_VIBE~3,Serviette~A_TARGET_VIBE~3"
Rakete,3,13,Feste & Jahreszeiten,4,"Knall~A_TARGET_VIBE~3,Countdown~A_TARGET_VIBE~3,Glitzer~A_TARGET_VIBE~3,Rauch~A_TARGET_VIBE~3"
Reifglanz,5,11,Wetter & Himmel,5,"Gefrierpunkt~A_TARGET_VIBE~4,Morgengrau~A_TARGET_VIBE~4,Fensterscheibe~A_TARGET_VIBE~4,Muster~A_TARGET_VIBE~4,Kratzen~A_TARGET_VIBE~4"
Reißverschluss,2,0,Alltag & Gegenstände,4,"Reißverschluss~A_TARGET_VIBE~2,Bügel~A_TARGET_VIBE~2,Griff~A_TARGET_VIBE~2,Tragegurt~A_TARGET_VIBE~2"
Regenbogen,3,11,Wetter & Himmel,4,"Wolken~A_TARGET_VIBE~3,Dunst~A_TARGET_VIBE~3,Tropfen~A_TARGET_VIBE~3,Sicht~A_TARGET_VIBE~3"
Regenjacke,2,11,Wetter & Himmel,4,"Schirm~A_TARGET_VIBE~2,Pfütze~A_TARGET_VIBE~2,Kapuze~A_TARGET_VIBE~2,Nässe~A_TARGET_VIBE~2"
Regenschirm,2,11,Wetter & Himmel,4,"Schirm~A_TARGET_VIBE~2,Pfütze~A_TARGET_VIBE~2,Tropfen~A_TARGET_VIBE~2,Kapuze~A_TARGET_VIBE~2"
Ritual,3,12|13,Gefühle & Abstraktes|Feste & Jahreszeiten,4,"Brauch~A_TARGET_VIBE~3,Gedenken~A_TARGET_VIBE~3,Ritus~A_TARGET_VIBE~3,Gemeinschaft~A_TARGET_VIBE~3"
Schlitten,2,5|11,Sport & Freizeit|Wetter & Himmel,4,"Rodel~A_TARGET_VIBE~2,Spur~A_TARGET_VIBE~2,Helm~A_TARGET_VIBE~2,Sturz~A_TARGET_VIBE~2"
Schlittenhund,3,2|5,Natur & Tiere|Sport & Freizeit,4,"Futter~A_TARGET_VIBE~3,Waldweg~A_TARGET_VIBE~3,Rucksack~A_TARGET_VIBE~3,Spur~A_TARGET_VIBE~3"
Schneeball,2,5|11,Sport & Freizeit|Wetter & Himmel,4,"Wurf~A_TARGET_VIBE~2,Treffer~A_TARGET_VIBE~2,Handschuh~A_TARGET_VIBE~2,Spaß~A_TARGET_VIBE~2"
Schneematsch,3,11,Wetter & Himmel,4,"Pfütze~A_TARGET_VIBE~3,Stiefel~A_TARGET_VIBE~3,Spritzwasser~A_TARGET_VIBE~3,Rutschig~A_TARGET_VIBE~3"
Schneeschuh,3,5|11,Sport & Freizeit|Wetter & Himmel,4,"Stöcke~A_TARGET_VIBE~3,Pulver~A_TARGET_VIBE~3,Anstieg~A_TARGET_VIBE~3,Rucksack~A_TARGET_VIBE~3"
Schneesturm,4,11,Wetter & Himmel,5,"Böe~A_TARGET_VIBE~3,Warnung~A_TARGET_VIBE~3,Spur~A_TARGET_VIBE~3,Schneeschaufel~A_TARGET_VIBE~3,Rodel~A_TARGET_VIBE~3"
September,1,13,Feste & Jahreszeiten,4,"Kalender~A_TARGET_VIBE~2,Datum~A_TARGET_VIBE~2,Planer~A_TARGET_VIBE~2,Wochenende~A_TARGET_VIBE~2"
Sternanhänger,3,0|13,Alltag & Gegenstände|Feste & Jahreszeiten,4,"Kerzenlicht~A_TARGET_VIBE~3,Lichterkette~A_TARGET_VIBE~3,Glitzer~A_TARGET_VIBE~3,Girlande~A_TARGET_VIBE~3"
Stockbrot,3,1|5,Essen & Trinken|Sport & Freizeit,4,"Stockbrot~A_TARGET_VIBE~3,Glut~A_TARGET_VIBE~3,Knistern~A_TARGET_VIBE~3,Holzstapel~A_TARGET_VIBE~3"
Tannengrün,3,2|12|13,Natur & Tiere|Gefühle & Abstraktes|Feste & Jahreszeiten,4,"Farbton~A_TARGET_VIBE~3,Pigment~A_TARGET_VIBE~3,Harz~A_TARGET_VIBE~3,Nadel~A_TARGET_VIBE~3"
Tannenzweig,3,2|13,Natur & Tiere|Feste & Jahreszeiten,4,"Harz~A_TARGET_VIBE~3,Nadel~A_TARGET_VIBE~3,Draht~A_TARGET_VIBE~3,Lametta~A_TARGET_VIBE~3"
Tradition,2,12|13,Gefühle & Abstraktes|Feste & Jahreszeiten,4,"Brauch~A_TARGET_VIBE~2,Gedenken~A_TARGET_VIBE~2,Gemeinschaft~A_TARGET_VIBE~2,Kerzenlicht~A_TARGET_VIBE~2"
Winterduft,3,12|13,Gefühle & Abstraktes|Feste & Jahreszeiten,4,"Duft~A_TARGET_VIBE~3,Besinnung~A_TARGET_VIBE~3,Stille~A_TARGET_VIBE~3,Vorfreude~A_TARGET_VIBE~3"
Winterjacke,2,10|13,Haushalt & Wohnen|Feste & Jahreszeiten,4,"Kapuze~A_TARGET_VIBE~2,Bügel~A_TARGET_VIBE~2,Futter~A_TARGET_VIBE~2,Wolle~A_TARGET_VIBE~2"
Zimtstange,3,1,Essen & Trinken,4,"Duft~A_TARGET_VIBE~3,Gewürz~A_TARGET_VIBE~3,Backofen~A_TARGET_VIBE~3,Teig~A_TARGET_VIBE~3"
Zwetschge,3,1|2,Essen & Trinken|Natur & Tiere,4,"Schale~A_TARGET_VIBE~3,Kern~A_TARGET_VIBE~3,Erntekorb~A_TARGET_VIBE~3,Marmelade~A_TARGET_VIBE~3"
Weihnachtsmarkt,3,3|13,Orte & Reisen|Feste & Jahreszeiten,6,"Glühwein~A_TARGET_VIBE~2,Lichterkette~A_TARGET_VIBE~2,Holzstand~A_TARGET_VIBE~3,Zimt~A_TARGET_VIBE~2,Musik~A_TARGET_VIBE~2,Marzipan~A_TARGET_VIBE~3"
Schneemann,2,11|13,Wetter & Himmel|Feste & Jahreszeiten,5,"Karotte~A_TARGET_VIBE~2,Hut~A_TARGET_VIBE~2,Handschuh~A_TARGET_VIBE~2,Schal~A_TARGET_VIBE~2,Frost~A_TARGET_VIBE~3"
Lebkuchenherz,3,1|13,Essen & Trinken|Feste & Jahreszeiten,6,"Zucker~A_TARGET_VIBE~2,Marktstand~A_TARGET_VIBE~3,Schriftzug~A_TARGET_VIBE~2,Kakao~A_TARGET_VIBE~2,Kirmes~A_TARGET_VIBE~2,Glasur~A_TARGET_VIBE~2"
Schlittenfahrt,3,5|11,Sport & Freizeit|Wetter & Himmel,5,"Kälte~A_TARGET_VIBE~2,Schnee~A_TARGET_VIBE~2,Sturz~A_TARGET_VIBE~2,Berg~A_TARGET_VIBE~2,Spur~A_TARGET_VIBE~3"
Kaminabend,3,10|13,Haushalt & Wohnen|Feste & Jahreszeiten,5,"Decke~A_TARGET_VIBE~2,Feuer~A_TARGET_VIBE~2,Tasse~A_TARGET_VIBE~2,Stille~A_TARGET_VIBE~3,Wärme~A_TARGET_VIBE~2"
Osterhase,2,13,Feste & Jahreszeiten,5,"Schokolade~A_TARGET_VIBE~2,Versteck~A_TARGET_VIBE~2,Wiese~A_TARGET_VIBE~2,Körbchen~A_TARGET_VIBE~2,Suchen~A_TARGET_VIBE~2"
Blütenregen,3,2|13,Natur & Tiere|Feste & Jahreszeiten,5,"Duft~A_TARGET_VIBE~2,Hochzeit~A_TARGET_VIBE~3,Pollen~A_TARGET_VIBE~2,Straße~A_TARGET_VIBE~2,Sonnenlicht~A_TARGET_VIBE~2"
Silvesterknall,3,13,Feste & Jahreszeiten,6,"Rakete~A_TARGET_VIBE~2,Glitzer~A_TARGET_VIBE~2,Sektglas~A_TARGET_VIBE~2,Countdown~A_TARGET_VIBE~2,Lichterkette~A_TARGET_VIBE~3,Feuerwerk~A_TARGET_VIBE~3"
Frühlingsduft,2,11|13,Wetter & Himmel|Feste & Jahreszeiten,5,"Wiese~A_TARGET_VIBE~2,Blüte~A_TARGET_VIBE~2,Sonne~A_TARGET_VIBE~2,Pollen~A_TARGET_VIBE~2,Erwachen~A_TARGET_VIBE~3"
Herbstlaub,2,2|13,Natur & Tiere|Feste & Jahreszeiten,5,"Laub~A_TARGET_VIBE~2,Wind~A_TARGET_VIBE~2,Waldweg~A_TARGET_VIBE~2,Sammeln~A_TARGET_VIBE~2,Nebel~A_TARGET_VIBE~3"
Abendrot,2,11,Wetter & Himmel,6,"Schatten~A_TARGET_VIBE~2,Horizont~A_TARGET_VIBE~2,Silhouette~A_TARGET_VIBE~3,Wolkenkante~A_TARGET_VIBE~3,Abendluft~A_TARGET_VIBE~3,Dämmerung~A_TARGET_VIBE~2"
Abschlussfeier,3,9|13,Gesellschaft & Beruf|Feste & Jahreszeiten,6,"Palmzweig~A_TARGET_VIBE~4,Pastell~A_TARGET_VIBE~2,Wimpelkette~A_TARGET_VIBE~3,Buffet~A_TARGET_VIBE~3,Gäste~A_TARGET_VIBE~2,Tanzfläche~A_TARGET_VIBE~3"
Advent,3,13,Feste & Jahreszeiten,6,"Zuckerhut~A_TARGET_VIBE~4,Krippe~A_TARGET_VIBE~3,Tannenzweig~A_TARGET_VIBE~2,Girlande~A_TARGET_VIBE~2,Lametta~A_TARGET_VIBE~2,Stollen~A_TARGET_VIBE~3"
Adventsfenster,4,13,Feste & Jahreszeiten,8,"Gäste~A_TARGET_VIBE~3,Zimt~A_TARGET_VIBE~3,Stern~A_TARGET_VIBE~3,Lametta~A_TARGET_VIBE~3,Krippe~A_TARGET_VIBE~3,Erzgebirge~A_TARGET_VIBE~4,Lichterkette~A_TARGET_VIBE~3,Fenster~B_PART_VIBE~2"
Adventsgesteck,3,13,Feste & Jahreszeiten,6,"Stern~A_TARGET_VIBE~2,Lametta~A_TARGET_VIBE~2,Lichterkette~A_TARGET_VIBE~2,Tannenzweig~A_TARGET_VIBE~2,Stollen~A_TARGET_VIBE~3,Wimpelkette~A_TARGET_VIBE~3"
Adventskalender,2,12|13,Gefühle & Abstraktes|Feste & Jahreszeiten,7,"Päckchen~A_TARGET_VIBE~2,Wimpelkette~A_TARGET_VIBE~3,Tannenzweig~A_TARGET_VIBE~2,Gäste~A_TARGET_VIBE~2,Einladung~A_TARGET_VIBE~2,Erzgebirge~A_TARGET_VIBE~3,Kalender~B_PART_VIBE~2"
Adventskonzert,4,4|13,Kultur & Kunst|Feste & Jahreszeiten,7,"Takt~A_TARGET_VIBE~3,Stern~A_TARGET_VIBE~3,Applaus~A_TARGET_VIBE~3,Stollen~A_TARGET_VIBE~3,Geschenkpapier~A_TARGET_VIBE~3,Gäste~A_TARGET_VIBE~3,Zuckerhut~A_TARGET_VIBE~4"
Adventskranz,3,13,Feste & Jahreszeiten,7,"Lebkuchen~A_TARGET_VIBE~3,Musikbox~A_TARGET_VIBE~3,Einladung~A_TARGET_VIBE~2,Girlande~A_TARGET_VIBE~2,Zuckerhut~A_TARGET_VIBE~4,Stern~A_TARGET_VIBE~2,Kranz~B_PART_VIBE~2"
Adventslied,4,4|13,Kultur & Kunst|Feste & Jahreszeiten,8,"Einladung~A_TARGET_VIBE~3,Girlande~A_TARGET_VIBE~3,Notenblatt~A_TARGET_VIBE~3,Stollen~A_TARGET_VIBE~3,Lametta~A_TARGET_VIBE~3,Gäste~A_TARGET_VIBE~3,Stern~A_TARGET_VIBE~3,Lied~B_PART_VIBE~2"
Adventssonntag,3,13,Feste & Jahreszeiten,6,"Erzgebirge~A_TARGET_VIBE~4,Stollen~A_TARGET_VIBE~3,Tannenzweig~A_TARGET_VIBE~2,Stern~A_TARGET_VIBE~2,Kerzenlicht~A_TARGET_VIBE~2,Einladung~A_TARGET_VIBE~2"
Adventszeit,2,13,Feste & Jahreszeiten,7,"Kerzenlicht~A_TARGET_VIBE~2,Lametta~A_TARGET_VIBE~2,Zimt~A_TARGET_VIBE~2,Marzipan~A_TARGET_VIBE~3,Gäste~A_TARGET_VIBE~2,Tannenzweig~A_TARGET_VIBE~2,Zeit~B_PART_VIBE~2"
Allerheiligen,4,13,Feste & Jahreszeiten,7,"Buffet~A_TARGET_VIBE~3,Segen~A_TARGET_VIBE~3,Kirche~A_TARGET_VIBE~3,Gesangbuch~A_TARGET_VIBE~4,Gottesdienst~A_TARGET_VIBE~3,Wimpelkette~A_TARGET_VIBE~3,Gäste~A_TARGET_VIBE~3"
Anstoßen,3,13,Feste & Jahreszeiten,6,"Gäste~A_TARGET_VIBE~2,Rakete~A_TARGET_VIBE~2,Countdown~A_TARGET_VIBE~2,Bleigießen~A_TARGET_VIBE~4,Konfetti~A_TARGET_VIBE~2,Girlande~A_TARGET_VIBE~2"
Apfelernte,3,1|2,Essen & Trinken|Natur & Tiere,6,"Streuobst~A_TARGET_VIBE~4,Topf~A_TARGET_VIBE~3,Strohballen~A_TARGET_VIBE~3,Dampf~A_TARGET_VIBE~2,Pflückkorb~A_TARGET_VIBE~4,Saftfleck~A_TARGET_VIBE~3"
Apfelkuchen,2,1|2,Essen & Trinken|Natur & Tiere,7,"Kaffeetasse~A_TARGET_VIBE~2,Gabel~A_TARGET_VIBE~2,Schorle~A_TARGET_VIBE~2,Streuobst~A_TARGET_VIBE~3,Dekor~A_TARGET_VIBE~3,Sommerküche~A_TARGET_VIBE~3,Kuchen~B_PART_VIBE~2"
Apfelsaft,1,1|2,Essen & Trinken|Natur & Tiere,6,"Topf~A_TARGET_VIBE~2,Marmelade~A_TARGET_VIBE~2,Sommerküche~A_TARGET_VIBE~2,Duft~A_TARGET_VIBE~2,Vase~A_TARGET_VIBE~2,Saft~B_PART_VIBE~2"
April,1,13,Feste & Jahreszeiten,4,"Duft~A_TARGET_VIBE~2,Licht~A_TARGET_VIBE~2,Kälte~A_TARGET_VIBE~2,Gäste~A_TARGET_VIBE~2"
Aschermittwoch,4,13,Feste & Jahreszeiten,7,"Kerze~A_TARGET_VIBE~3,Kirche~A_TARGET_VIBE~3,Girlande~A_TARGET_VIBE~3,Einladung~A_TARGET_VIBE~3,Gäste~A_TARGET_VIBE~3,Buffet~A_TARGET_VIBE~3,Altar~A_TARGET_VIBE~3"
August,1,13,Feste & Jahreszeiten,4,"Duft~A_TARGET_VIBE~2,Licht~A_TARGET_VIBE~2,Kälte~A_TARGET_VIBE~2,Gäste~A_TARGET_VIBE~2"
Badeanzug,2,5,Sport & Freizeit,6,"Rucksack~A_TARGET_VIBE~3,Ausflug~A_TARGET_VIBE~2,Wiese~A_TARGET_VIBE~2,Pause~A_TARGET_VIBE~2,Picknickdecke~A_TARGET_VIBE~3,Wegbier~A_TARGET_VIBE~3"
Badebecken,2,5,Sport & Freizeit,6,"Wiese~A_TARGET_VIBE~2,Pause~A_TARGET_VIBE~2,Ausflug~A_TARGET_VIBE~2,Rucksack~A_TARGET_VIBE~3,Wegbier~A_TARGET_VIBE~3,Picknickdecke~A_TARGET_VIBE~3"
Badehose,2,5,Sport & Freizeit,6,"Ausflug~A_TARGET_VIBE~2,Wiese~A_TARGET_VIBE~2,Wegbier~A_TARGET_VIBE~3,Rucksack~A_TARGET_VIBE~3,Pause~A_TARGET_VIBE~2,Picknickdecke~A_TARGET_VIBE~3"
Badesee,2,5,Sport & Freizeit,6,"Wiese~A_TARGET_VIBE~2,Ausflug~A_TARGET_VIBE~2,Picknickdecke~A_TARGET_VIBE~3,Rucksack~A_TARGET_VIBE~3,Wegbier~A_TARGET_VIBE~3,Pause~A_TARGET_VIBE~2"
Badetuch,1,5,Sport & Freizeit,5,"Wiese~A_TARGET_VIBE~2,Pause~A_TARGET_VIBE~2,Picknickdecke~A_TARGET_VIBE~2,Rucksack~A_TARGET_VIBE~2,Wegbier~A_TARGET_VIBE~2"
Badeurlaub,2,2|3|5,Natur & Tiere|Orte & Reisen|Sport & Freizeit,6,"Anreise~A_TARGET_VIBE~3,Hütte~A_TARGET_VIBE~3,Strohballen~A_TARGET_VIBE~3,Ferienhaus~A_TARGET_VIBE~3,Nebelbank~A_TARGET_VIBE~3,Erntekorb~A_TARGET_VIBE~3"
Badewetter,2,5,Sport & Freizeit,6,"Wiese~A_TARGET_VIBE~2,Rucksack~A_TARGET_VIBE~3,Wegbier~A_TARGET_VIBE~3,Pause~A_TARGET_VIBE~2,Picknickdecke~A_TARGET_VIBE~3,Ausflug~A_TARGET_VIBE~2"
Baumschmuck,2,13,Feste & Jahreszeiten,7,"Päckchen~A_TARGET_VIBE~2,Einladung~A_TARGET_VIBE~2,Tanzfläche~A_TARGET_VIBE~3,Zuckerhut~A_TARGET_VIBE~3,Krippe~A_TARGET_VIBE~3,Geschenkpapier~A_TARGET_VIBE~2,Baum~B_PART_VIBE~2"
Bescherung,3,13,Feste & Jahreszeiten,6,"Girlande~A_TARGET_VIBE~2,Erzgebirge~A_TARGET_VIBE~4,Kerzenlicht~A_TARGET_VIBE~2,Lebkuchen~A_TARGET_VIBE~3,Lametta~A_TARGET_VIBE~2,Stollen~A_TARGET_VIBE~3"
Blitz,1,11,Wetter & Himmel,4,"Duft~A_TARGET_VIBE~2,Licht~A_TARGET_VIBE~2,Kälte~A_TARGET_VIBE~2,Gäste~A_TARGET_VIBE~2"
Blumenstrauß,1,2,Natur & Tiere,5,"Biene~A_TARGET_VIBE~2,Wiese~A_TARGET_VIBE~2,Blumentopf~A_TARGET_VIBE~2,Vase~A_TARGET_VIBE~2,Pollen~A_TARGET_VIBE~2"
Blumenvase,1,2|10,Natur & Tiere|Haushalt & Wohnen,5,"Eimer~A_TARGET_VIBE~2,Biene~A_TARGET_VIBE~2,Duft~A_TARGET_VIBE~2,Wiese~A_TARGET_VIBE~2,Schrank~A_TARGET_VIBE~2"
Blumenzwiebel,4,2,Natur & Tiere,7,"Biene~A_TARGET_VIBE~3,Pollen~A_TARGET_VIBE~3,Duft~A_TARGET_VIBE~3,Knospe~A_TARGET_VIBE~3,Blumentopf~A_TARGET_VIBE~3,Gießkanne~A_TARGET_VIBE~3,Wiese~A_TARGET_VIBE~3"
Blüte,2,2,Natur & Tiere,6,"Wiese~A_TARGET_VIBE~2,Pollen~A_TARGET_VIBE~3,Duft~A_TARGET_VIBE~2,Knospe~A_TARGET_VIBE~2,Gießkanne~A_TARGET_VIBE~3,Biene~A_TARGET_VIBE~2"
Blütenstaub,3,2|11,Natur & Tiere|Wetter & Himmel,6,"Gießkanne~A_TARGET_VIBE~3,Vase~A_TARGET_VIBE~3,Biene~A_TARGET_VIBE~2,Pollen~A_TARGET_VIBE~3,Blumentopf~A_TARGET_VIBE~3,Duft~A_TARGET_VIBE~2"
Bowle,3,1,Essen & Trinken,6,"Topf~A_TARGET_VIBE~3,Schüssel~A_TARGET_VIBE~3,Dampf~A_TARGET_VIBE~2,Gabel~A_TARGET_VIBE~2,Pfanne~A_TARGET_VIBE~3,Gewürz~A_TARGET_VIBE~2"
Bratapfel,2,1|2,Essen & Trinken|Natur & Tiere,6,"Biene~A_TARGET_VIBE~2,Vase~A_TARGET_VIBE~3,Marmelade~A_TARGET_VIBE~3,Gewürz~A_TARGET_VIBE~2,Gießkanne~A_TARGET_VIBE~3,Kerngehäuse~A_TARGET_VIBE~3"
Bratwurst,1,1,Essen & Trinken,5,"Gabel~A_TARGET_VIBE~2,Gewürz~A_TARGET_VIBE~2,Schüssel~A_TARGET_VIBE~2,Buffet~A_TARGET_VIBE~2,Dampf~A_TARGET_VIBE~2"
Bratwurststand,3,1,Essen & Trinken,6,"Pfanne~A_TARGET_VIBE~3,Schüssel~A_TARGET_VIBE~3,Gewürz~A_TARGET_VIBE~2,Gabel~A_TARGET_VIBE~2,Topf~A_TARGET_VIBE~3,Buffet~A_TARGET_VIBE~3"
Brauchtum,4,12,Gefühle & Abstraktes,5,"Ritual~A_TARGET_VIBE~3,Symbol~A_TARGET_VIBE~3,Stimmung~A_TARGET_VIBE~3,Erwartung~A_TARGET_VIBE~3,Erinnerung~A_TARGET_VIBE~3"
Brettspiel,2,5,Sport & Freizeit,6,"Würfel~A_TARGET_VIBE~2,Ausflug~A_TARGET_VIBE~2,Regelheft~A_TARGET_VIBE~3,Runde~A_TARGET_VIBE~2,Wegbier~A_TARGET_VIBE~3,Punkte~A_TARGET_VIBE~3"
Brombeere,2,1|2,Essen & Trinken|Natur & Tiere,6,"Biene~A_TARGET_VIBE~2,Joghurt~A_TARGET_VIBE~3,Pfanne~A_TARGET_VIBE~3,Duft~A_TARGET_VIBE~2,Sommerküche~A_TARGET_VIBE~3,Blumentopf~A_TARGET_VIBE~3"
Buffet,2,1,Essen & Trinken,6,"Topf~A_TARGET_VIBE~3,Dampf~A_TARGET_VIBE~2,Pfanne~A_TARGET_VIBE~3,Gabel~A_TARGET_VIBE~2,Schüssel~A_TARGET_VIBE~3,Gewürz~A_TARGET_VIBE~2"
Böller,3,13,Feste & Jahreszeiten,6,"Gäste~A_TARGET_VIBE~2,Girlande~A_TARGET_VIBE~2,Konfetti~A_TARGET_VIBE~2,Buffet~A_TARGET_VIBE~3,Mitternacht~A_TARGET_VIBE~2,Korken~A_TARGET_VIBE~3"
Büttenrede,5,4|13,Kultur & Kunst|Feste & Jahreszeiten,7,"Takt~A_TARGET_VIBE~3,Konfetti~A_TARGET_VIBE~3,Refrain~A_TARGET_VIBE~3,Wimpelkette~A_TARGET_VIBE~3,Musikbox~A_TARGET_VIBE~3,Ballsaal~A_TARGET_VIBE~3,Gäste~A_TARGET_VIBE~3"
Christbaumschmuck,3,13,Feste & Jahreszeiten,7,"Zimt~A_TARGET_VIBE~2,Zuckerhut~A_TARGET_VIBE~4,Stollen~A_TARGET_VIBE~3,Einladung~A_TARGET_VIBE~2,Girlande~A_TARGET_VIBE~2,Stern~A_TARGET_VIBE~2,Baum~B_PART_VIBE~2"
Christkind,3,8|13,Geschichte & Mythos|Feste & Jahreszeiten,6,"Lametta~A_TARGET_VIBE~2,Verkündigung~A_TARGET_VIBE~4,Päckchen~A_TARGET_VIBE~2,Heiligenschein~A_TARGET_VIBE~3,Lebkuchen~A_TARGET_VIBE~3,Musikbox~A_TARGET_VIBE~3"
Daunenjacke,3,5|11,Sport & Freizeit|Wetter & Himmel,6,"Gefrierpunkt~A_TARGET_VIBE~3,Schal~A_TARGET_VIBE~2,Kratzen~A_TARGET_VIBE~3,Rucksack~A_TARGET_VIBE~3,Ausflug~A_TARGET_VIBE~2,Spur~A_TARGET_VIBE~3"
Dekoration,2,10|13,Haushalt & Wohnen|Feste & Jahreszeiten,6,"Eimer~A_TARGET_VIBE~3,Sofa~A_TARGET_VIBE~2,Wimpelkette~A_TARGET_VIBE~3,Tanzfläche~A_TARGET_VIBE~3,Gäste~A_TARGET_VIBE~2,Buffet~A_TARGET_VIBE~3"
Dezember,1,13,Feste & Jahreszeiten,4,"Duft~A_TARGET_VIBE~2,Licht~A_TARGET_VIBE~2,Kälte~A_TARGET_VIBE~2,Gäste~A_TARGET_VIBE~2"
Dominostein,3,1|13,Essen & Trinken|Feste & Jahreszeiten,6,"Zuckerguss~A_TARGET_VIBE~3,Glocken~A_TARGET_VIBE~2,Backblech~A_TARGET_VIBE~3,Puderzucker~A_TARGET_VIBE~3,Ausstecher~A_TARGET_VIBE~3,Wimpelkette~A_TARGET_VIBE~3"
Donner,1,11,Wetter & Himmel,4,"Duft~A_TARGET_VIBE~2,Licht~A_TARGET_VIBE~2,Kälte~A_TARGET_VIBE~2,Gäste~A_TARGET_VIBE~2"
Drachen,2,2|5,Natur & Tiere|Sport & Freizeit,6,"Laubhaufen~A_TARGET_VIBE~3,Ausflug~A_TARGET_VIBE~2,Pilzkorb~A_TARGET_VIBE~3,Erntekorb~A_TARGET_VIBE~3,Picknickdecke~A_TARGET_VIBE~3,Pause~A_TARGET_VIBE~2"
Dreikönigstag,4,13,Feste & Jahreszeiten,7,"Buffet~A_TARGET_VIBE~3,Gottesdienst~A_TARGET_VIBE~3,Gesangbuch~A_TARGET_VIBE~4,Altar~A_TARGET_VIBE~3,Girlande~A_TARGET_VIBE~3,Segen~A_TARGET_VIBE~3,Einladung~A_TARGET_VIBE~3"
Duftkerze,2,10,Haushalt & Wohnen,6,"Regal~A_TARGET_VIBE~2,Decke~A_TARGET_VIBE~2,Eimer~A_TARGET_VIBE~3,Schrank~A_TARGET_VIBE~3,Sofa~A_TARGET_VIBE~2,Schlüsselbund~A_TARGET_VIBE~3"
Dämmerung,2,11,Wetter & Himmel,6,"Abendluft~A_TARGET_VIBE~3,Wolkenkante~A_TARGET_VIBE~3,Orange~A_TARGET_VIBE~2,Silhouette~A_TARGET_VIBE~3,Schatten~A_TARGET_VIBE~2,Horizont~A_TARGET_VIBE~2"
Dürre,3,11,Wetter & Himmel,4,"Duft~A_TARGET_VIBE~2,Licht~A_TARGET_VIBE~2,Kälte~A_TARGET_VIBE~2,Gäste~A_TARGET_VIBE~2"
Eichel,2,2,Natur & Tiere,6,"Nebelbank~A_TARGET_VIBE~3,Vogelzug~A_TARGET_VIBE~3,Erntekorb~A_TARGET_VIBE~3,Strohballen~A_TARGET_VIBE~3,Pilzkorb~A_TARGET_VIBE~3,Rechen~A_TARGET_VIBE~3"
Eierbecher,1,10|13,Haushalt & Wohnen|Feste & Jahreszeiten,5,"Versteck~A_TARGET_VIBE~2,Decke~A_TARGET_VIBE~2,Falten~A_TARGET_VIBE~2,Wiese~A_TARGET_VIBE~2,Girlande~A_TARGET_VIBE~2"
Eiersuche,2,13,Feste & Jahreszeiten,6,"Pastell~A_TARGET_VIBE~2,Palmzweig~A_TARGET_VIBE~3,Gäste~A_TARGET_VIBE~2,Girlande~A_TARGET_VIBE~2,Versteck~A_TARGET_VIBE~2,Schokolade~A_TARGET_VIBE~2"
Einladung,2,9|13,Gesellschaft & Beruf|Feste & Jahreszeiten,6,"Gäste~A_TARGET_VIBE~2,Buffet~A_TARGET_VIBE~3,Musikbox~A_TARGET_VIBE~3,Wimpelkette~A_TARGET_VIBE~3,Tanzfläche~A_TARGET_VIBE~3,Girlande~A_TARGET_VIBE~2"
Einladungskarte,2,9|13,Gesellschaft & Beruf|Feste & Jahreszeiten,7,"Buffet~A_TARGET_VIBE~3,Girlande~A_TARGET_VIBE~2,Tanzfläche~A_TARGET_VIBE~3,Wimpelkette~A_TARGET_VIBE~3,Gäste~A_TARGET_VIBE~2,Musikbox~A_TARGET_VIBE~3,Karte~B_PART_VIBE~2"
Einschulung,3,9|13,Gesellschaft & Beruf|Feste & Jahreszeiten,6,"Wimpelkette~A_TARGET_VIBE~3,Einladung~A_TARGET_VIBE~2,Musikbox~A_TARGET_VIBE~3,Buffet~A_TARGET_VIBE~3,Tanzfläche~A_TARGET_VIBE~3,Girlande~A_TARGET_VIBE~2"
Eisbahn,4,5|11,Sport & Freizeit|Wetter & Himmel,7,"Pause~A_TARGET_VIBE~3,Piste~A_TARGET_VIBE~3,Kufen~A_TARGET_VIBE~3,Ausflug~A_TARGET_VIBE~3,Streusalz~A_TARGET_VIBE~3,Handschuh~A_TARGET_VIBE~3,Wiese~A_TARGET_VIBE~3"
Eisblau,4,11,Wetter & Himmel,7,"Gefrierpunkt~A_TARGET_VIBE~3,Mütze~A_TARGET_VIBE~3,Räumdienst~A_TARGET_VIBE~3,Kratzen~A_TARGET_VIBE~3,Schal~A_TARGET_VIBE~3,Spur~A_TARGET_VIBE~3,Rutschig~A_TARGET_VIBE~3"
Eisblume,3,11,Wetter & Himmel,6,"Rutschig~A_TARGET_VIBE~2,Gefrierpunkt~A_TARGET_VIBE~3,Schal~A_TARGET_VIBE~2,Kratzen~A_TARGET_VIBE~3,Streusalz~A_TARGET_VIBE~2,Spur~A_TARGET_VIBE~3"
Eiscreme,2,1|11,Essen & Trinken|Wetter & Himmel,6,"Kratzen~A_TARGET_VIBE~3,Streusalz~A_TARGET_VIBE~2,Mütze~A_TARGET_VIBE~2,Räumdienst~A_TARGET_VIBE~3,Gabel~A_TARGET_VIBE~2,Gewürz~A_TARGET_VIBE~2"
Eisfläche,3,11,Wetter & Himmel,6,"Räumdienst~A_TARGET_VIBE~3,Mütze~A_TARGET_VIBE~2,Streusalz~A_TARGET_VIBE~2,Schal~A_TARGET_VIBE~2,Handschuh~A_TARGET_VIBE~2,Spur~A_TARGET_VIBE~3"
Eisglätte,4,11,Wetter & Himmel,7,"Kratzen~A_TARGET_VIBE~3,Schal~A_TARGET_VIBE~3,Rutschig~A_TARGET_VIBE~3,Mütze~A_TARGET_VIBE~3,Handschuh~A_TARGET_VIBE~3,Spur~A_TARGET_VIBE~3,Streusalz~A_TARGET_VIBE~3"
Eishalle,3,11,Wetter & Himmel,6,"Räumdienst~A_TARGET_VIBE~3,Handschuh~A_TARGET_VIBE~2,Schal~A_TARGET_VIBE~2,Kratzen~A_TARGET_VIBE~3,Spur~A_TARGET_VIBE~3,Streusalz~A_TARGET_VIBE~2"
Eiskratzer,3,10|11,Haushalt & Wohnen|Wetter & Himmel,6,"Gefrierpunkt~A_TARGET_VIBE~3,Streusalz~A_TARGET_VIBE~2,Räumdienst~A_TARGET_VIBE~3,Mütze~A_TARGET_VIBE~2,Decke~A_TARGET_VIBE~2,Handschuh~A_TARGET_VIBE~2"
Eiskunstlauf,3,5|11,Sport & Freizeit|Wetter & Himmel,6,"Kufen~A_TARGET_VIBE~3,Wiese~A_TARGET_VIBE~2,Pause~A_TARGET_VIBE~2,Gleiten~A_TARGET_VIBE~3,Mütze~A_TARGET_VIBE~2,Wegbier~A_TARGET_VIBE~4"
Eislauf,2,5|11,Sport & Freizeit|Wetter & Himmel,6,"Kufen~A_TARGET_VIBE~3,Wiese~A_TARGET_VIBE~2,Streusalz~A_TARGET_VIBE~2,Handschuh~A_TARGET_VIBE~2,Spur~A_TARGET_VIBE~3,Picknickdecke~A_TARGET_VIBE~3"
Eisnebel,4,11,Wetter & Himmel,7,"Gefrierpunkt~A_TARGET_VIBE~3,Rutschig~A_TARGET_VIBE~3,Räumdienst~A_TARGET_VIBE~3,Handschuh~A_TARGET_VIBE~3,Spur~A_TARGET_VIBE~3,Mütze~A_TARGET_VIBE~3,Streusalz~A_TARGET_VIBE~3"
Eisregen,4,11,Wetter & Himmel,8,"Handschuh~A_TARGET_VIBE~3,Rutschig~A_TARGET_VIBE~3,Spur~A_TARGET_VIBE~3,Räumdienst~A_TARGET_VIBE~3,Gefrierpunkt~A_TARGET_VIBE~3,Streusalz~A_TARGET_VIBE~3,Mütze~A_TARGET_VIBE~3,Regen~B_PART_VIBE~2"
Eisschicht,3,11,Wetter & Himmel,6,"Schal~A_TARGET_VIBE~2,Rutschig~A_TARGET_VIBE~2,Kratzen~A_TARGET_VIBE~3,Räumdienst~A_TARGET_VIBE~3,Spur~A_TARGET_VIBE~3,Streusalz~A_TARGET_VIBE~2"
Eisscholle,4,11,Wetter & Himmel,7,"Gefrierpunkt~A_TARGET_VIBE~3,Handschuh~A_TARGET_VIBE~3,Räumdienst~A_TARGET_VIBE~3,Mütze~A_TARGET_VIBE~3,Streusalz~A_TARGET_VIBE~3,Schal~A_TARGET_VIBE~3,Rutschig~A_TARGET_VIBE~3"
Eisstock,4,5|11,Sport & Freizeit|Wetter & Himmel,7,"Schal~A_TARGET_VIBE~3,Start~A_TARGET_VIBE~3,Mütze~A_TARGET_VIBE~3,Helm~A_TARGET_VIBE~3,Rutschig~A_TARGET_VIBE~3,Sturz~A_TARGET_VIBE~3,Wegbier~A_TARGET_VIBE~4"
Eisstockschießen,4,5|11,Sport & Freizeit|Wetter & Himmel,7,"Gleiten~A_TARGET_VIBE~3,Piste~A_TARGET_VIBE~3,Ausflug~A_TARGET_VIBE~3,Schal~A_TARGET_VIBE~3,Wegbier~A_TARGET_VIBE~4,Start~A_TARGET_VIBE~3,Rucksack~A_TARGET_VIBE~3"
Eiswürfel,1,5|11,Sport & Freizeit|Wetter & Himmel,5,"Rutschig~A_TARGET_VIBE~2,Mütze~A_TARGET_VIBE~2,Schal~A_TARGET_VIBE~2,Wegbier~A_TARGET_VIBE~2,Rucksack~A_TARGET_VIBE~2"
Eiszapfen,3,2|11,Natur & Tiere|Wetter & Himmel,7,"Handschuh~A_TARGET_VIBE~2,Rechen~A_TARGET_VIBE~3,Räumdienst~A_TARGET_VIBE~3,Pilzkorb~A_TARGET_VIBE~3,Erntekorb~A_TARGET_VIBE~3,Laubhaufen~A_TARGET_VIBE~3,Zapfen~B_PART_VIBE~2"
Engel,3,8|13,Geschichte & Mythos|Feste & Jahreszeiten,6,"Zimt~A_TARGET_VIBE~2,Verkündigung~A_TARGET_VIBE~4,Kerzenlicht~A_TARGET_VIBE~2,Marzipan~A_TARGET_VIBE~3,Flügel~A_TARGET_VIBE~2,Wimpelkette~A_TARGET_VIBE~3"
Erdbeere,2,1|2,Essen & Trinken|Natur & Tiere,6,"Joghurt~A_TARGET_VIBE~3,Biene~A_TARGET_VIBE~2,Gießkanne~A_TARGET_VIBE~3,Sommerküche~A_TARGET_VIBE~3,Dornen~A_TARGET_VIBE~3,Gewürz~A_TARGET_VIBE~2"
Ernte,3,2,Natur & Tiere,6,"Laubhaufen~A_TARGET_VIBE~3,Nebelbank~A_TARGET_VIBE~3,Vogelzug~A_TARGET_VIBE~3,Strohballen~A_TARGET_VIBE~3,Pilzkorb~A_TARGET_VIBE~3,Rechen~A_TARGET_VIBE~3"
Erntedank,4,2,Natur & Tiere,7,"Erntekorb~A_TARGET_VIBE~3,Laubhaufen~A_TARGET_VIBE~3,Pilzkorb~A_TARGET_VIBE~3,Nebelbank~A_TARGET_VIBE~3,Vogelzug~A_TARGET_VIBE~3,Strohballen~A_TARGET_VIBE~3,Rechen~A_TARGET_VIBE~3"
Erntefest,3,2|9|13,Natur & Tiere|Gesellschaft & Beruf|Feste & Jahreszeiten,7,"Laubhaufen~A_TARGET_VIBE~3,Gäste~A_TARGET_VIBE~2,Pilzkorb~A_TARGET_VIBE~3,Musikbox~A_TARGET_VIBE~3,Tanzfläche~A_TARGET_VIBE~3,Erntekorb~A_TARGET_VIBE~3,Fest~B_PART_VIBE~2"
Erntekrone,4,2,Natur & Tiere,7,"Pilzkorb~A_TARGET_VIBE~3,Vogelzug~A_TARGET_VIBE~3,Erntekorb~A_TARGET_VIBE~3,Rechen~A_TARGET_VIBE~3,Laubhaufen~A_TARGET_VIBE~3,Strohballen~A_TARGET_VIBE~3,Nebelbank~A_TARGET_VIBE~3"
Erntezeit,3,2,Natur & Tiere,7,"Rechen~A_TARGET_VIBE~3,Strohballen~A_TARGET_VIBE~3,Vogelzug~A_TARGET_VIBE~3,Pilzkorb~A_TARGET_VIBE~3,Nebelbank~A_TARGET_VIBE~3,Erntekorb~A_TARGET_VIBE~3,Zeit~B_PART_VIBE~2"
Fackel,3,10|13,Haushalt & Wohnen|Feste & Jahreszeiten,6,"Regal~A_TARGET_VIBE~2,Sofa~A_TARGET_VIBE~2,Wimpelkette~A_TARGET_VIBE~3,Eimer~A_TARGET_VIBE~3,Buffet~A_TARGET_VIBE~3,Schlüsselbund~A_TARGET_VIBE~4"
Familienrunde,3,9|13,Gesellschaft & Beruf|Feste & Jahreszeiten,6,"Buffet~A_TARGET_VIBE~3,Tanzfläche~A_TARGET_VIBE~3,Einladung~A_TARGET_VIBE~2,Musikbox~A_TARGET_VIBE~3,Girlande~A_TARGET_VIBE~2,Gäste~A_TARGET_VIBE~2"
Fanfare,3,4,Kultur & Kunst,6,"Orchester~A_TARGET_VIBE~3,Applaus~A_TARGET_VIBE~3,Notenblatt~A_TARGET_VIBE~3,Takt~A_TARGET_VIBE~3,Refrain~A_TARGET_VIBE~3,Ballsaal~A_TARGET_VIBE~3"
Fasching,3,4|13,Kultur & Kunst|Feste & Jahreszeiten,6,"Polonaise~A_TARGET_VIBE~3,Konfetti~A_TARGET_VIBE~2,Wimpelkette~A_TARGET_VIBE~3,Buffet~A_TARGET_VIBE~3,Kamelle~A_TARGET_VIBE~3,Gäste~A_TARGET_VIBE~2"
Fastenzeit,4,13,Feste & Jahreszeiten,8,"Gesangbuch~A_TARGET_VIBE~4,Wimpelkette~A_TARGET_VIBE~3,Tanzfläche~A_TARGET_VIBE~3,Musikbox~A_TARGET_VIBE~3,Einladung~A_TARGET_VIBE~3,Prozession~A_TARGET_VIBE~4,Kirche~A_TARGET_VIBE~3,Zeit~B_PART_VIBE~2"
Fastnacht,3,4|13,Kultur & Kunst|Feste & Jahreszeiten,7,"Schminke~A_TARGET_VIBE~2,Ballsaal~A_TARGET_VIBE~3,Musikbox~A_TARGET_VIBE~3,Notenblatt~A_TARGET_VIBE~3,Einladung~A_TARGET_VIBE~2,Refrain~A_TARGET_VIBE~3,Nacht~B_PART_VIBE~2"
Februar,1,13,Feste & Jahreszeiten,4,"Duft~A_TARGET_VIBE~2,Licht~A_TARGET_VIBE~2,Kälte~A_TARGET_VIBE~2,Gäste~A_TARGET_VIBE~2"
Federweißer,4,1,Essen & Trinken,7,"Korken~A_TARGET_VIBE~3,Gewürz~A_TARGET_VIBE~3,Schüssel~A_TARGET_VIBE~3,Trinkspruch~A_TARGET_VIBE~3,Pfanne~A_TARGET_VIBE~3,Dampf~A_TARGET_VIBE~3,Glas~A_TARGET_VIBE~3"
Feier,1,9|13,Gesellschaft & Beruf|Feste & Jahreszeiten,5,"Musikbox~A_TARGET_VIBE~2,Wimpelkette~A_TARGET_VIBE~2,Schokolade~A_TARGET_VIBE~2,Versteck~A_TARGET_VIBE~2,Eierfarbe~A_TARGET_VIBE~2"
Feierlaune,2,9|13,Gesellschaft & Beruf|Feste & Jahreszeiten,6,"Eierfarbe~A_TARGET_VIBE~3,Buffet~A_TARGET_VIBE~3,Pastell~A_TARGET_VIBE~2,Wiese~A_TARGET_VIBE~2,Gäste~A_TARGET_VIBE~2,Küken~A_TARGET_VIBE~3"
Feiertag,2,9|13,Gesellschaft & Beruf|Feste & Jahreszeiten,6,"Körbchen~A_TARGET_VIBE~2,Versteck~A_TARGET_VIBE~2,Musikbox~A_TARGET_VIBE~3,Gäste~A_TARGET_VIBE~2,Einladung~A_TARGET_VIBE~2,Schokolade~A_TARGET_VIBE~2"
Ferienlager,3,3|5,Orte & Reisen|Sport & Freizeit,6,"Rucksack~A_TARGET_VIBE~3,Hütte~A_TARGET_VIBE~3,Koffer~A_TARGET_VIBE~3,Pause~A_TARGET_VIBE~2,Buchung~A_TARGET_VIBE~3,Ausflug~A_TARGET_VIBE~2"
Fest,1,9|13,Gesellschaft & Beruf|Feste & Jahreszeiten,5,"Gäste~A_TARGET_VIBE~2,Girlande~A_TARGET_VIBE~2,Tanzfläche~A_TARGET_VIBE~2,Einladung~A_TARGET_VIBE~2,Musikbox~A_TARGET_VIBE~2"
Festessen,2,9|13,Gesellschaft & Beruf|Feste & Jahreszeiten,7,"Gäste~A_TARGET_VIBE~2,Wimpelkette~A_TARGET_VIBE~3,Buffet~A_TARGET_VIBE~3,Musikbox~A_TARGET_VIBE~3,Tanzfläche~A_TARGET_VIBE~3,Einladung~A_TARGET_VIBE~2,Fest~B_PART_VIBE~2"
Festzelt,3,9|13,Gesellschaft & Beruf|Feste & Jahreszeiten,7,"Buffet~A_TARGET_VIBE~3,Tanzfläche~A_TARGET_VIBE~3,Fahrgeschäft~A_TARGET_VIBE~3,Bierbank~A_TARGET_VIBE~3,Wimpelkette~A_TARGET_VIBE~3,Zuckerwatte~A_TARGET_VIBE~3,Fest~B_PART_VIBE~2"
Festzopf,4,9|13,Gesellschaft & Beruf|Feste & Jahreszeiten,8,"Musikbox~A_TARGET_VIBE~3,Wimpelkette~A_TARGET_VIBE~3,Girlande~A_TARGET_VIBE~3,Gäste~A_TARGET_VIBE~3,Einladung~A_TARGET_VIBE~3,Tanzfläche~A_TARGET_VIBE~3,Buffet~A_TARGET_VIBE~3,Fest~B_PART_VIBE~2"
Feuerkorb,3,10,Haushalt & Wohnen,7,"Sofa~A_TARGET_VIBE~2,Regal~A_TARGET_VIBE~2,Eimer~A_TARGET_VIBE~3,Decke~A_TARGET_VIBE~2,Schlüsselbund~A_TARGET_VIBE~4,Schrank~A_TARGET_VIBE~3,Korb~B_PART_VIBE~2"
Feuerschale,3,5|11,Sport & Freizeit|Wetter & Himmel,6,"Kapuze~A_TARGET_VIBE~2,Wiese~A_TARGET_VIBE~2,Wolle~A_TARGET_VIBE~2,Reißverschluss~A_TARGET_VIBE~3,Streusalz~A_TARGET_VIBE~2,Mütze~A_TARGET_VIBE~2"
Feuerstelle,3,10,Haushalt & Wohnen,6,"Decke~A_TARGET_VIBE~2,Regal~A_TARGET_VIBE~2,Eimer~A_TARGET_VIBE~3,Schrank~A_TARGET_VIBE~3,Sofa~A_TARGET_VIBE~2,Schlüsselbund~A_TARGET_VIBE~4"
Feuerwerk,3,13,Feste & Jahreszeiten,6,"Konfetti~A_TARGET_VIBE~2,Bleigießen~A_TARGET_VIBE~4,Korken~A_TARGET_VIBE~3,Buffet~A_TARGET_VIBE~3,Glitzer~A_TARGET_VIBE~2,Tanzfläche~A_TARGET_VIBE~3"
Feuerwerkskörper,3,13,Feste & Jahreszeiten,6,"Sektglas~A_TARGET_VIBE~2,Tanzfläche~A_TARGET_VIBE~3,Countdown~A_TARGET_VIBE~2,Rakete~A_TARGET_VIBE~2,Wimpelkette~A_TARGET_VIBE~3,Glitzer~A_TARGET_VIBE~2"
Feuerzangenbowle,4,1,Essen & Trinken,6,"Zuckerhut~A_TARGET_VIBE~3,Flamme~A_TARGET_VIBE~3,Tasse~A_TARGET_VIBE~3,Orange~A_TARGET_VIBE~3,Rum~A_TARGET_VIBE~3,Zimt~A_TARGET_VIBE~3"
Fondue,3,1,Essen & Trinken,6,"Rechaud~A_TARGET_VIBE~3,Gabel~A_TARGET_VIBE~2,Brotstück~A_TARGET_VIBE~3,Kirschwasser~A_TARGET_VIBE~4,Käse~A_TARGET_VIBE~3,Dip~A_TARGET_VIBE~3"
Freibad,1,5,Sport & Freizeit,5,"Wiese~A_TARGET_VIBE~2,Ausflug~A_TARGET_VIBE~2,Rucksack~A_TARGET_VIBE~2,Picknickdecke~A_TARGET_VIBE~2,Wegbier~A_TARGET_VIBE~2"
Frische,2,12,Gefühle & Abstraktes,6,"Erinnerung~A_TARGET_VIBE~2,Stimmung~A_TARGET_VIBE~2,Symbol~A_TARGET_VIBE~2,Erwartung~A_TARGET_VIBE~2,Brauch~A_TARGET_VIBE~2,Ritual~A_TARGET_VIBE~3"
Fronleichnam,5,13,Feste & Jahreszeiten,7,"Girlande~A_TARGET_VIBE~3,Musikbox~A_TARGET_VIBE~3,Kerze~A_TARGET_VIBE~3,Gottesdienst~A_TARGET_VIBE~3,Kirche~A_TARGET_VIBE~3,Orgel~A_TARGET_VIBE~3,Prozession~A_TARGET_VIBE~4"
Frost,2,11,Wetter & Himmel,6,"Mütze~A_TARGET_VIBE~2,Streusalz~A_TARGET_VIBE~2,Spur~A_TARGET_VIBE~3,Gefrierpunkt~A_TARGET_VIBE~3,Schal~A_TARGET_VIBE~2,Rutschig~A_TARGET_VIBE~2"
Frostnacht,4,11,Wetter & Himmel,8,"Schal~A_TARGET_VIBE~3,Rutschig~A_TARGET_VIBE~3,Mütze~A_TARGET_VIBE~3,Gefrierpunkt~A_TARGET_VIBE~3,Räumdienst~A_TARGET_VIBE~3,Kratzen~A_TARGET_VIBE~3,Streusalz~A_TARGET_VIBE~3,Nacht~B_PART_VIBE~2"
Frühling,1,2|13,Natur & Tiere|Feste & Jahreszeiten,5,"Pollen~A_TARGET_VIBE~2,Blumentopf~A_TARGET_VIBE~2,Vase~A_TARGET_VIBE~2,Knospe~A_TARGET_VIBE~2,Gießkanne~A_TARGET_VIBE~2"
Frühlingsfest,3,2|9|13,Natur & Tiere|Gesellschaft & Beruf|Feste & Jahreszeiten,7,"Zuckerwatte~A_TARGET_VIBE~3,Pollen~A_TARGET_VIBE~3,Biene~A_TARGET_VIBE~2,Gäste~A_TARGET_VIBE~2,Losbude~A_TARGET_VIBE~3,Wiese~A_TARGET_VIBE~2,Fest~B_PART_VIBE~2"
Frühlingsputz,3,2,Natur & Tiere,6,"Blumentopf~A_TARGET_VIBE~3,Vase~A_TARGET_VIBE~3,Pollen~A_TARGET_VIBE~3,Duft~A_TARGET_VIBE~2,Gießkanne~A_TARGET_VIBE~3,Wiese~A_TARGET_VIBE~2"
Frühlingsregen,3,2|11,Natur & Tiere|Wetter & Himmel,7,"Pollen~A_TARGET_VIBE~3,Gießkanne~A_TARGET_VIBE~3,Biene~A_TARGET_VIBE~2,Blumentopf~A_TARGET_VIBE~3,Wiese~A_TARGET_VIBE~2,Duft~A_TARGET_VIBE~2,Regen~B_PART_VIBE~2"
Frühlingswind,3,2,Natur & Tiere,7,"Duft~A_TARGET_VIBE~2,Pollen~A_TARGET_VIBE~3,Biene~A_TARGET_VIBE~2,Wiese~A_TARGET_VIBE~2,Vase~A_TARGET_VIBE~3,Blumentopf~A_TARGET_VIBE~3,Wind~B_PART_VIBE~2"
Funken,2,2,Natur & Tiere,6,"Pilzkorb~A_TARGET_VIBE~3,Nebelbank~A_TARGET_VIBE~3,Erntekorb~A_TARGET_VIBE~3,Rechen~A_TARGET_VIBE~3,Laubhaufen~A_TARGET_VIBE~3,Vogelzug~A_TARGET_VIBE~3"
Gartenfest,2,9|13,Gesellschaft & Beruf|Feste & Jahreszeiten,7,"Buffet~A_TARGET_VIBE~3,Tanzfläche~A_TARGET_VIBE~3,Gäste~A_TARGET_VIBE~2,Musikbox~A_TARGET_VIBE~3,Girlande~A_TARGET_VIBE~2,Einladung~A_TARGET_VIBE~2,Fest~B_PART_VIBE~2"
Gartenparty,2,9|13,Gesellschaft & Beruf|Feste & Jahreszeiten,6,"Gäste~A_TARGET_VIBE~2,Tanzfläche~A_TARGET_VIBE~3,Musikbox~A_TARGET_VIBE~3,Wimpelkette~A_TARGET_VIBE~3,Girlande~A_TARGET_VIBE~2,Einladung~A_TARGET_VIBE~2"
Geburtstag,1,9|13,Gesellschaft & Beruf|Feste & Jahreszeiten,5,"Wimpelkette~A_TARGET_VIBE~2,Musikbox~A_TARGET_VIBE~2,Einladung~A_TARGET_VIBE~2,Buffet~A_TARGET_VIBE~2,Girlande~A_TARGET_VIBE~2"
Geschenk,1,9|10,Gesellschaft & Beruf|Haushalt & Wohnen,5,"Seidenpapier~A_TARGET_VIBE~2,Umschlag~A_TARGET_VIBE~2,Klebeband~A_TARGET_VIBE~2,Schleife~A_TARGET_VIBE~2,Stift~A_TARGET_VIBE~2"
Geschenkanhänger,3,9|10,Gesellschaft & Beruf|Haushalt & Wohnen,6,"Überraschung~A_TARGET_VIBE~2,Schleife~A_TARGET_VIBE~2,Geschenkband~A_TARGET_VIBE~2,Seidenpapier~A_TARGET_VIBE~3,Stift~A_TARGET_VIBE~2,Karton~A_TARGET_VIBE~3"
Geschenkband,2,9|10,Gesellschaft & Beruf|Haushalt & Wohnen,7,"Päckchen~A_TARGET_VIBE~2,Umschlag~A_TARGET_VIBE~2,Schleife~A_TARGET_VIBE~2,Karton~A_TARGET_VIBE~3,Klebeband~A_TARGET_VIBE~2,Anhänger~A_TARGET_VIBE~3,Band~B_PART_VIBE~2"
Geschenkpapier,2,9|10,Gesellschaft & Beruf|Haushalt & Wohnen,6,"Schleife~A_TARGET_VIBE~2,Päckchen~A_TARGET_VIBE~2,Liste~A_TARGET_VIBE~2,Umschlag~A_TARGET_VIBE~2,Postkasten~A_TARGET_VIBE~3,Seidenpapier~A_TARGET_VIBE~3"
Geschenktüte,2,9|10,Gesellschaft & Beruf|Haushalt & Wohnen,6,"Karton~A_TARGET_VIBE~3,Klebeband~A_TARGET_VIBE~2,Stift~A_TARGET_VIBE~2,Seidenpapier~A_TARGET_VIBE~3,Anhänger~A_TARGET_VIBE~3,Geschenkband~A_TARGET_VIBE~2"
Gewitter,2,11,Wetter & Himmel,4,"Duft~A_TARGET_VIBE~2,Licht~A_TARGET_VIBE~2,Kälte~A_TARGET_VIBE~2,Gäste~A_TARGET_VIBE~2"
Gewitterwolke,3,11,Wetter & Himmel,4,"Duft~A_TARGET_VIBE~2,Licht~A_TARGET_VIBE~2,Kälte~A_TARGET_VIBE~2,Gäste~A_TARGET_VIBE~2"
Girlande,3,10|13,Haushalt & Wohnen|Feste & Jahreszeiten,6,"Regal~A_TARGET_VIBE~2,Schlüsselbund~A_TARGET_VIBE~4,Eimer~A_TARGET_VIBE~3,Decke~A_TARGET_VIBE~2,Tanzfläche~A_TARGET_VIBE~3,Buffet~A_TARGET_VIBE~3"
Glasvase,1,10,Haushalt & Wohnen,5,"Schlüsselbund~A_TARGET_VIBE~2,Sofa~A_TARGET_VIBE~2,Decke~A_TARGET_VIBE~2,Regal~A_TARGET_VIBE~2,Eimer~A_TARGET_VIBE~2"
Glatteis,3,11,Wetter & Himmel,6,"Kratzen~A_TARGET_VIBE~3,Handschuh~A_TARGET_VIBE~2,Streusalz~A_TARGET_VIBE~2,Räumdienst~A_TARGET_VIBE~3,Rutschig~A_TARGET_VIBE~2,Mütze~A_TARGET_VIBE~2"
Glitzer,2,10|13,Haushalt & Wohnen|Feste & Jahreszeiten,6,"Gäste~A_TARGET_VIBE~2,Buffet~A_TARGET_VIBE~3,Schrank~A_TARGET_VIBE~3,Girlande~A_TARGET_VIBE~2,Einladung~A_TARGET_VIBE~2,Schlüsselbund~A_TARGET_VIBE~3"
Glockenspiel,3,4|5,Kultur & Kunst|Sport & Freizeit,6,"Punkte~A_TARGET_VIBE~3,Regelheft~A_TARGET_VIBE~3,Spielkarte~A_TARGET_VIBE~3,Takt~A_TARGET_VIBE~3,Picknickdecke~A_TARGET_VIBE~4,Wiese~A_TARGET_VIBE~2"
Glut,2,2,Natur & Tiere,6,"Laubhaufen~A_TARGET_VIBE~3,Erntekorb~A_TARGET_VIBE~3,Vogelzug~A_TARGET_VIBE~3,Pilzkorb~A_TARGET_VIBE~3,Rechen~A_TARGET_VIBE~3,Nebelbank~A_TARGET_VIBE~3"
Glühbirne,1,1,Essen & Trinken,5,"Schluck~A_TARGET_VIBE~2,Pfanne~A_TARGET_VIBE~2,Topf~A_TARGET_VIBE~2,Glas~A_TARGET_VIBE~2,Anstoßen~A_TARGET_VIBE~2"
Glühwein,3,1,Essen & Trinken,6,"Gabel~A_TARGET_VIBE~2,Buffet~A_TARGET_VIBE~3,Prickeln~A_TARGET_VIBE~2,Schluck~A_TARGET_VIBE~2,Dampf~A_TARGET_VIBE~2,Topf~A_TARGET_VIBE~3"
Grill,2,5,Sport & Freizeit,6,"Pause~A_TARGET_VIBE~2,Rucksack~A_TARGET_VIBE~3,Picknickdecke~A_TARGET_VIBE~3,Ausflug~A_TARGET_VIBE~2,Wegbier~A_TARGET_VIBE~3,Wiese~A_TARGET_VIBE~2"
Grillabend,2,5,Sport & Freizeit,6,"Wiese~A_TARGET_VIBE~2,Wegbier~A_TARGET_VIBE~3,Pause~A_TARGET_VIBE~2,Picknickdecke~A_TARGET_VIBE~3,Ausflug~A_TARGET_VIBE~2,Rucksack~A_TARGET_VIBE~3"
Grillkohle,3,5,Sport & Freizeit,6,"Picknickdecke~A_TARGET_VIBE~4,Pause~A_TARGET_VIBE~2,Wiese~A_TARGET_VIBE~2,Rucksack~A_TARGET_VIBE~3,Ausflug~A_TARGET_VIBE~2,Wegbier~A_TARGET_VIBE~4"
Grillzange,3,5|10,Sport & Freizeit|Haushalt & Wohnen,6,"Eimer~A_TARGET_VIBE~3,Wiese~A_TARGET_VIBE~2,Picknickdecke~A_TARGET_VIBE~4,Rucksack~A_TARGET_VIBE~3,Wegbier~A_TARGET_VIBE~4,Ausflug~A_TARGET_VIBE~2"
Grußkarte,2,9|10,Gesellschaft & Beruf|Haushalt & Wohnen,7,"Seidenpapier~A_TARGET_VIBE~3,Liste~A_TARGET_VIBE~2,Schleife~A_TARGET_VIBE~2,Überraschung~A_TARGET_VIBE~2,Umschlag~A_TARGET_VIBE~2,Stift~A_TARGET_VIBE~2,Karte~B_PART_VIBE~2"
Gummistiefel,2,5|11,Sport & Freizeit|Wetter & Himmel,7,"Wiese~A_TARGET_VIBE~2,Kapuze~A_TARGET_VIBE~2,Daunen~A_TARGET_VIBE~3,Rutschig~A_TARGET_VIBE~2,Nähte~A_TARGET_VIBE~3,Handschuh~A_TARGET_VIBE~2,Stiefel~B_PART_VIBE~2"
Gänsekeule,3,1,Essen & Trinken,6,"Schüssel~A_TARGET_VIBE~3,Pfanne~A_TARGET_VIBE~3,Topf~A_TARGET_VIBE~3,Dampf~A_TARGET_VIBE~2,Gabel~A_TARGET_VIBE~2,Buffet~A_TARGET_VIBE~3"
Gästeliste,3,9|13,Gesellschaft & Beruf|Feste & Jahreszeiten,6,"Girlande~A_TARGET_VIBE~2,Musikbox~A_TARGET_VIBE~3,Einladung~A_TARGET_VIBE~2,Tanzfläche~A_TARGET_VIBE~3,Wimpelkette~A_TARGET_VIBE~3,Buffet~A_TARGET_VIBE~3"
Hagel,2,11,Wetter & Himmel,4,"Duft~A_TARGET_VIBE~2,Licht~A_TARGET_VIBE~2,Kälte~A_TARGET_VIBE~2,Gäste~A_TARGET_VIBE~2"
Hagelschauer,4,11,Wetter & Himmel,4,"Duft~A_TARGET_VIBE~2,Licht~A_TARGET_VIBE~2,Kälte~A_TARGET_VIBE~2,Gäste~A_TARGET_VIBE~2"
Handschuh,1,5|11,Sport & Freizeit|Wetter & Himmel,5,"Rutschig~A_TARGET_VIBE~2,Rucksack~A_TARGET_VIBE~2,Wegbier~A_TARGET_VIBE~2,Kapuze~A_TARGET_VIBE~2,Wiese~A_TARGET_VIBE~2"
Haselnuss,2,13,Feste & Jahreszeiten,6,"Osterfeuer~A_TARGET_VIBE~3,Buffet~A_TARGET_VIBE~3,Pastell~A_TARGET_VIBE~2,Einladung~A_TARGET_VIBE~2,Palmzweig~A_TARGET_VIBE~3,Küken~A_TARGET_VIBE~3"
Heiligabend,3,13,Feste & Jahreszeiten,6,"Einladung~A_TARGET_VIBE~2,Girlande~A_TARGET_VIBE~2,Buffet~A_TARGET_VIBE~3,Gäste~A_TARGET_VIBE~2,Päckchen~A_TARGET_VIBE~2,Kerzenlicht~A_TARGET_VIBE~2"
Herbst,1,2|13,Natur & Tiere|Feste & Jahreszeiten,5,"Pilzkorb~A_TARGET_VIBE~2,Erntekorb~A_TARGET_VIBE~2,Laubhaufen~A_TARGET_VIBE~2,Nebelbank~A_TARGET_VIBE~2,Rechen~A_TARGET_VIBE~2"
Herbstlaub,2,2,Natur & Tiere,6,"Rechen~A_TARGET_VIBE~3,Erntekorb~A_TARGET_VIBE~3,Vogelzug~A_TARGET_VIBE~3,Laubhaufen~A_TARGET_VIBE~3,Pilzkorb~A_TARGET_VIBE~3,Strohballen~A_TARGET_VIBE~3"
Herbstnebel,3,2|11,Natur & Tiere|Wetter & Himmel,6,"Strohballen~A_TARGET_VIBE~3,Vogelzug~A_TARGET_VIBE~3,Pilzkorb~A_TARGET_VIBE~3,Rechen~A_TARGET_VIBE~3,Erntekorb~A_TARGET_VIBE~3,Nebelbank~A_TARGET_VIBE~3"
Herbstwind,3,2,Natur & Tiere,7,"Pilzkorb~A_TARGET_VIBE~3,Vogelzug~A_TARGET_VIBE~3,Rechen~A_TARGET_VIBE~3,Laubhaufen~A_TARGET_VIBE~3,Strohballen~A_TARGET_VIBE~3,Erntekorb~A_TARGET_VIBE~3,Wind~B_PART_VIBE~2"
Himbeere,2,1|2,Essen & Trinken|Natur & Tiere,6,"Pflückkorb~A_TARGET_VIBE~3,Wiese~A_TARGET_VIBE~2,Duft~A_TARGET_VIBE~2,Blumentopf~A_TARGET_VIBE~3,Marmelade~A_TARGET_VIBE~3,Dornen~A_TARGET_VIBE~3"
Himmelfahrt,4,13,Feste & Jahreszeiten,7,"Wimpelkette~A_TARGET_VIBE~3,Segen~A_TARGET_VIBE~3,Einladung~A_TARGET_VIBE~3,Buffet~A_TARGET_VIBE~3,Prozession~A_TARGET_VIBE~4,Tanzfläche~A_TARGET_VIBE~3,Kerze~A_TARGET_VIBE~3"
Hitze,1,11,Wetter & Himmel,4,"Duft~A_TARGET_VIBE~2,Licht~A_TARGET_VIBE~2,Kälte~A_TARGET_VIBE~2,Gäste~A_TARGET_VIBE~2"
Hitzewelle,3,11,Wetter & Himmel,4,"Duft~A_TARGET_VIBE~2,Licht~A_TARGET_VIBE~2,Kälte~A_TARGET_VIBE~2,Gäste~A_TARGET_VIBE~2"
Hochzeit,1,9|13,Gesellschaft & Beruf|Feste & Jahreszeiten,6,"Musikbox~A_TARGET_VIBE~2,Einladung~A_TARGET_VIBE~2,Tanzfläche~A_TARGET_VIBE~2,Wimpelkette~A_TARGET_VIBE~2,Girlande~A_TARGET_VIBE~2,Zeit~B_PART_VIBE~2"
Holunder,4,1|2,Essen & Trinken|Natur & Tiere,7,"Gabel~A_TARGET_VIBE~3,Knospe~A_TARGET_VIBE~3,Dampf~A_TARGET_VIBE~3,Marmelade~A_TARGET_VIBE~3,Wiese~A_TARGET_VIBE~3,Biene~A_TARGET_VIBE~3,Joghurt~A_TARGET_VIBE~3"
Holunderblüte,4,1|2,Essen & Trinken|Natur & Tiere,7,"Schüssel~A_TARGET_VIBE~3,Pollen~A_TARGET_VIBE~3,Sommerküche~A_TARGET_VIBE~4,Biene~A_TARGET_VIBE~3,Pfanne~A_TARGET_VIBE~3,Duft~A_TARGET_VIBE~3,Pflückkorb~A_TARGET_VIBE~4"
Holzscheit,2,10,Haushalt & Wohnen,6,"Eimer~A_TARGET_VIBE~3,Schlüsselbund~A_TARGET_VIBE~3,Decke~A_TARGET_VIBE~2,Sofa~A_TARGET_VIBE~2,Regal~A_TARGET_VIBE~2,Schrank~A_TARGET_VIBE~3"
Honig,1,1,Essen & Trinken,5,"Schüssel~A_TARGET_VIBE~2,Gewürz~A_TARGET_VIBE~2,Gabel~A_TARGET_VIBE~2,Pfanne~A_TARGET_VIBE~2,Buffet~A_TARGET_VIBE~2"
Hyazinthe,3,2,Natur & Tiere,6,"Gießkanne~A_TARGET_VIBE~3,Blumentopf~A_TARGET_VIBE~3,Vase~A_TARGET_VIBE~3,Wiese~A_TARGET_VIBE~2,Biene~A_TARGET_VIBE~2,Pollen~A_TARGET_VIBE~3"
Häppchen,2,1,Essen & Trinken,6,"Gewürz~A_TARGET_VIBE~2,Topf~A_TARGET_VIBE~3,Gabel~A_TARGET_VIBE~2,Buffet~A_TARGET_VIBE~3,Schüssel~A_TARGET_VIBE~3,Pfanne~A_TARGET_VIBE~3"
Jahresanfang,3,12|13,Gefühle & Abstraktes|Feste & Jahreszeiten,4,"Duft~A_TARGET_VIBE~2,Licht~A_TARGET_VIBE~2,Kälte~A_TARGET_VIBE~2,Gäste~A_TARGET_VIBE~2"
Jahresende,3,12|13,Gefühle & Abstraktes|Feste & Jahreszeiten,4,"Duft~A_TARGET_VIBE~2,Licht~A_TARGET_VIBE~2,Kälte~A_TARGET_VIBE~2,Gäste~A_TARGET_VIBE~2"
Jahreskreis,3,11|12|13,Wetter & Himmel|Gefühle & Abstraktes|Feste & Jahreszeiten,6,"Räumdienst~A_TARGET_VIBE~3,Rutschig~A_TARGET_VIBE~2,Kratzen~A_TARGET_VIBE~3,Streusalz~A_TARGET_VIBE~2,Schal~A_TARGET_VIBE~2,Spur~A_TARGET_VIBE~3"
Jahresplan,3,12|13,Gefühle & Abstraktes|Feste & Jahreszeiten,4,"Duft~A_TARGET_VIBE~2,Licht~A_TARGET_VIBE~2,Kälte~A_TARGET_VIBE~2,Gäste~A_TARGET_VIBE~2"
Jahresrückblick,3,12|13,Gefühle & Abstraktes|Feste & Jahreszeiten,4,"Duft~A_TARGET_VIBE~2,Licht~A_TARGET_VIBE~2,Kälte~A_TARGET_VIBE~2,Gäste~A_TARGET_VIBE~2"
Jahrestag,2,9|12|13,Gesellschaft & Beruf|Gefühle & Abstraktes|Feste & Jahreszeiten,6,"Tanzfläche~A_TARGET_VIBE~3,Girlande~A_TARGET_VIBE~2,Buffet~A_TARGET_VIBE~3,Gäste~A_TARGET_VIBE~2,Einladung~A_TARGET_VIBE~2,Wimpelkette~A_TARGET_VIBE~3"
Jahreswechsel,3,12|13,Gefühle & Abstraktes|Feste & Jahreszeiten,4,"Duft~A_TARGET_VIBE~2,Licht~A_TARGET_VIBE~2,Kälte~A_TARGET_VIBE~2,Gäste~A_TARGET_VIBE~2"
Jahrmarkt,2,13,Feste & Jahreszeiten,6,"Buffet~A_TARGET_VIBE~3,Bierbank~A_TARGET_VIBE~3,Girlande~A_TARGET_VIBE~2,Budenzauber~A_TARGET_VIBE~3,Karussell~A_TARGET_VIBE~3,Riesenrad~A_TARGET_VIBE~3"
Januar,1,13,Feste & Jahreszeiten,4,"Duft~A_TARGET_VIBE~2,Licht~A_TARGET_VIBE~2,Kälte~A_TARGET_VIBE~2,Gäste~A_TARGET_VIBE~2"
Johannisbeere,3,1|2,Essen & Trinken|Natur & Tiere,6,"Duft~A_TARGET_VIBE~2,Buffet~A_TARGET_VIBE~3,Gabel~A_TARGET_VIBE~2,Dampf~A_TARGET_VIBE~2,Joghurt~A_TARGET_VIBE~3,Sommerküche~A_TARGET_VIBE~4"
Jubiläum,3,9|13,Gesellschaft & Beruf|Feste & Jahreszeiten,6,"Einladung~A_TARGET_VIBE~2,Gäste~A_TARGET_VIBE~2,Buffet~A_TARGET_VIBE~3,Musikbox~A_TARGET_VIBE~3,Girlande~A_TARGET_VIBE~2,Tanzfläche~A_TARGET_VIBE~3"
Juli,1,13,Feste & Jahreszeiten,4,"Duft~A_TARGET_VIBE~2,Licht~A_TARGET_VIBE~2,Kälte~A_TARGET_VIBE~2,Gäste~A_TARGET_VIBE~2"
Juni,1,13,Feste & Jahreszeiten,4,"Duft~A_TARGET_VIBE~2,Licht~A_TARGET_VIBE~2,Kälte~A_TARGET_VIBE~2,Gäste~A_TARGET_VIBE~2"
Kaffeekanne,1,10,Haushalt & Wohnen,5,"Servierplatte~A_TARGET_VIBE~2,Sitzordnung~A_TARGET_VIBE~2,Falten~A_TARGET_VIBE~2,Gläser~A_TARGET_VIBE~2,Eimer~A_TARGET_VIBE~2"
Kakaopulver,2,1,Essen & Trinken,6,"Pfanne~A_TARGET_VIBE~3,Gabel~A_TARGET_VIBE~2,Korken~A_TARGET_VIBE~3,Schüssel~A_TARGET_VIBE~3,Buffet~A_TARGET_VIBE~3,Prickeln~A_TARGET_VIBE~2"
Kalender,1,12|13,Gefühle & Abstraktes|Feste & Jahreszeiten,4,"Duft~A_TARGET_VIBE~2,Licht~A_TARGET_VIBE~2,Kälte~A_TARGET_VIBE~2,Gäste~A_TARGET_VIBE~2"
Kalenderblatt,3,12|13,Gefühle & Abstraktes|Feste & Jahreszeiten,5,"Duft~A_TARGET_VIBE~2,Licht~A_TARGET_VIBE~2,Kälte~A_TARGET_VIBE~2,Gäste~A_TARGET_VIBE~2,Kalender~B_PART_VIBE~2"
Kamin,2,10,Haushalt & Wohnen,6,"Eimer~A_TARGET_VIBE~3,Sofa~A_TARGET_VIBE~2,Schrank~A_TARGET_VIBE~3,Decke~A_TARGET_VIBE~2,Regal~A_TARGET_VIBE~2,Schlüsselbund~A_TARGET_VIBE~3"
Karneval,3,4|13,Kultur & Kunst|Feste & Jahreszeiten,6,"Refrain~A_TARGET_VIBE~3,Notenblatt~A_TARGET_VIBE~3,Musikbox~A_TARGET_VIBE~3,Schminke~A_TARGET_VIBE~2,Gäste~A_TARGET_VIBE~2,Konfetti~A_TARGET_VIBE~2"
Karpfen,3,1,Essen & Trinken,6,"Gabel~A_TARGET_VIBE~2,Buffet~A_TARGET_VIBE~3,Schüssel~A_TARGET_VIBE~3,Pfanne~A_TARGET_VIBE~3,Gewürz~A_TARGET_VIBE~2,Dampf~A_TARGET_VIBE~2"
Kartenspiel,2,5,Sport & Freizeit,7,"Mitspieler~A_TARGET_VIBE~2,Würfel~A_TARGET_VIBE~2,Runde~A_TARGET_VIBE~2,Wiese~A_TARGET_VIBE~2,Picknickdecke~A_TARGET_VIBE~3,Pause~A_TARGET_VIBE~2,Karte~B_PART_VIBE~2"
Kartoffelsalat,3,1,Essen & Trinken,6,"Schüssel~A_TARGET_VIBE~3,Topf~A_TARGET_VIBE~3,Buffet~A_TARGET_VIBE~3,Gewürz~A_TARGET_VIBE~2,Dampf~A_TARGET_VIBE~2,Gabel~A_TARGET_VIBE~2"
Kastanie,2,2,Natur & Tiere,6,"Erntekorb~A_TARGET_VIBE~3,Pilzkorb~A_TARGET_VIBE~3,Laubhaufen~A_TARGET_VIBE~3,Nebelbank~A_TARGET_VIBE~3,Rechen~A_TARGET_VIBE~3,Strohballen~A_TARGET_VIBE~3"
Kastanienblatt,3,2,Natur & Tiere,6,"Laubhaufen~A_TARGET_VIBE~3,Pilzkorb~A_TARGET_VIBE~3,Vogelzug~A_TARGET_VIBE~3,Erntekorb~A_TARGET_VIBE~3,Nebelbank~A_TARGET_VIBE~3,Rechen~A_TARGET_VIBE~3"
Kastanienmännchen,4,2,Natur & Tiere,7,"Laubhaufen~A_TARGET_VIBE~3,Strohballen~A_TARGET_VIBE~3,Pilzkorb~A_TARGET_VIBE~3,Erntekorb~A_TARGET_VIBE~3,Rechen~A_TARGET_VIBE~3,Nebelbank~A_TARGET_VIBE~3,Vogelzug~A_TARGET_VIBE~3"
Keksteller,3,1|10,Essen & Trinken|Haushalt & Wohnen,6,"Karamell~A_TARGET_VIBE~3,Puderzucker~A_TARGET_VIBE~3,Zuckerstreusel~A_TARGET_VIBE~3,Falten~A_TARGET_VIBE~3,Schüssel~A_TARGET_VIBE~3,Spritzbeutel~A_TARGET_VIBE~4"
Kerze,1,10,Haushalt & Wohnen,5,"Schrank~A_TARGET_VIBE~2,Decke~A_TARGET_VIBE~2,Regal~A_TARGET_VIBE~2,Sofa~A_TARGET_VIBE~2,Eimer~A_TARGET_VIBE~2"
Kerzenhalter,2,10,Haushalt & Wohnen,6,"Schrank~A_TARGET_VIBE~3,Regal~A_TARGET_VIBE~2,Decke~A_TARGET_VIBE~2,Sofa~A_TARGET_VIBE~2,Schlüsselbund~A_TARGET_VIBE~3,Eimer~A_TARGET_VIBE~3"
Kerzenschein,2,10,Haushalt & Wohnen,6,"Eimer~A_TARGET_VIBE~3,Sofa~A_TARGET_VIBE~2,Regal~A_TARGET_VIBE~2,Schlüsselbund~A_TARGET_VIBE~3,Schrank~A_TARGET_VIBE~3,Decke~A_TARGET_VIBE~2"
Kerzenwachs,3,10,Haushalt & Wohnen,6,"Eimer~A_TARGET_VIBE~3,Schrank~A_TARGET_VIBE~3,Decke~A_TARGET_VIBE~2,Regal~A_TARGET_VIBE~2,Schlüsselbund~A_TARGET_VIBE~4,Sofa~A_TARGET_VIBE~2"
Kirmes,3,13,Feste & Jahreszeiten,6,"Girlande~A_TARGET_VIBE~2,Tanzfläche~A_TARGET_VIBE~3,Gäste~A_TARGET_VIBE~2,Buffet~A_TARGET_VIBE~3,Einladung~A_TARGET_VIBE~2,Budenzauber~A_TARGET_VIBE~3"
Kirschblüte,3,2,Natur & Tiere,6,"Vase~A_TARGET_VIBE~3,Knospe~A_TARGET_VIBE~2,Blumentopf~A_TARGET_VIBE~3,Pollen~A_TARGET_VIBE~3,Wiese~A_TARGET_VIBE~2,Biene~A_TARGET_VIBE~2"
Kirsche,1,1|2,Essen & Trinken|Natur & Tiere,5,"Pollen~A_TARGET_VIBE~2,Vase~A_TARGET_VIBE~2,Sommerküche~A_TARGET_VIBE~2,Gießkanne~A_TARGET_VIBE~2,Blumentopf~A_TARGET_VIBE~2"
Knallbonbon,3,1|13,Essen & Trinken|Feste & Jahreszeiten,6,"Backofen~A_TARGET_VIBE~3,Glitzer~A_TARGET_VIBE~2,Zuckerstreusel~A_TARGET_VIBE~3,Ausstecher~A_TARGET_VIBE~3,Musikbox~A_TARGET_VIBE~3,Mitternacht~A_TARGET_VIBE~2"
Knallerei,3,13,Feste & Jahreszeiten,6,"Mitternacht~A_TARGET_VIBE~2,Glitzer~A_TARGET_VIBE~2,Anstoßen~A_TARGET_VIBE~3,Wachsgießen~A_TARGET_VIBE~4,Gäste~A_TARGET_VIBE~2,Sektglas~A_TARGET_VIBE~2"
Knödel,2,1,Essen & Trinken,6,"Gewürz~A_TARGET_VIBE~2,Dampf~A_TARGET_VIBE~2,Buffet~A_TARGET_VIBE~3,Pfanne~A_TARGET_VIBE~3,Topf~A_TARGET_VIBE~3,Gabel~A_TARGET_VIBE~2"
Kohleanzünder,3,10,Haushalt & Wohnen,6,"Schrank~A_TARGET_VIBE~3,Sofa~A_TARGET_VIBE~2,Regal~A_TARGET_VIBE~2,Schlüsselbund~A_TARGET_VIBE~4,Decke~A_TARGET_VIBE~2,Eimer~A_TARGET_VIBE~3"
Kommunion,4,13,Feste & Jahreszeiten,7,"Tanzfläche~A_TARGET_VIBE~3,Orgel~A_TARGET_VIBE~3,Gesangbuch~A_TARGET_VIBE~4,Einladung~A_TARGET_VIBE~3,Wimpelkette~A_TARGET_VIBE~3,Gottesdienst~A_TARGET_VIBE~3,Prozession~A_TARGET_VIBE~4"
Konfetti,3,4|10|13,Kultur & Kunst|Haushalt & Wohnen|Feste & Jahreszeiten,6,"Umzug~A_TARGET_VIBE~2,Narrenkappe~A_TARGET_VIBE~3,Schlüsselbund~A_TARGET_VIBE~4,Schminke~A_TARGET_VIBE~2,Schrank~A_TARGET_VIBE~3,Notenblatt~A_TARGET_VIBE~3"
Konfettikanone,3,4|10|13,Kultur & Kunst|Haushalt & Wohnen|Feste & Jahreszeiten,6,"Decke~A_TARGET_VIBE~2,Buffet~A_TARGET_VIBE~3,Girlande~A_TARGET_VIBE~2,Perücke~A_TARGET_VIBE~3,Kamelle~A_TARGET_VIBE~3,Sofa~A_TARGET_VIBE~2"
Konfirmation,4,9|13,Gesellschaft & Beruf|Feste & Jahreszeiten,7,"Tanzfläche~A_TARGET_VIBE~3,Buffet~A_TARGET_VIBE~3,Girlande~A_TARGET_VIBE~3,Einladung~A_TARGET_VIBE~3,Gäste~A_TARGET_VIBE~3,Musikbox~A_TARGET_VIBE~3,Wimpelkette~A_TARGET_VIBE~3"
Kornfeld,3,2,Natur & Tiere,6,"Wiese~A_TARGET_VIBE~2,Pollen~A_TARGET_VIBE~3,Gießkanne~A_TARGET_VIBE~3,Biene~A_TARGET_VIBE~2,Knospe~A_TARGET_VIBE~2,Blumentopf~A_TARGET_VIBE~3"
Kostüm,3,4|13,Kultur & Kunst|Feste & Jahreszeiten,6,"Gäste~A_TARGET_VIBE~2,Kamelle~A_TARGET_VIBE~3,Perücke~A_TARGET_VIBE~3,Orchester~A_TARGET_VIBE~3,Schminke~A_TARGET_VIBE~2,Takt~A_TARGET_VIBE~3"
Kostümierung,4,4|13,Kultur & Kunst|Feste & Jahreszeiten,7,"Büttenrede~A_TARGET_VIBE~4,Ballsaal~A_TARGET_VIBE~3,Tanzfläche~A_TARGET_VIBE~3,Schunkeln~A_TARGET_VIBE~3,Wimpelkette~A_TARGET_VIBE~3,Refrain~A_TARGET_VIBE~3,Gäste~A_TARGET_VIBE~3"
Kranz,3,13,Feste & Jahreszeiten,6,"Marzipan~A_TARGET_VIBE~3,Lichterkette~A_TARGET_VIBE~2,Girlande~A_TARGET_VIBE~2,Lebkuchen~A_TARGET_VIBE~3,Stollen~A_TARGET_VIBE~3,Einladung~A_TARGET_VIBE~2"
Krippe,4,13,Feste & Jahreszeiten,7,"Musikbox~A_TARGET_VIBE~3,Zuckerhut~A_TARGET_VIBE~4,Lichterkette~A_TARGET_VIBE~3,Päckchen~A_TARGET_VIBE~3,Erzgebirge~A_TARGET_VIBE~4,Glocken~A_TARGET_VIBE~3,Tannenzweig~A_TARGET_VIBE~3"
Krokus,2,2,Natur & Tiere,6,"Duft~A_TARGET_VIBE~2,Gießkanne~A_TARGET_VIBE~3,Wiese~A_TARGET_VIBE~2,Blumentopf~A_TARGET_VIBE~3,Vase~A_TARGET_VIBE~3,Knospe~A_TARGET_VIBE~2"
Kuchenform,2,1,Essen & Trinken,7,"Topf~A_TARGET_VIBE~3,Backofen~A_TARGET_VIBE~3,Karamell~A_TARGET_VIBE~3,Zuckerstreusel~A_TARGET_VIBE~3,Gabel~A_TARGET_VIBE~2,Spritzbeutel~A_TARGET_VIBE~3,Kuchen~B_PART_VIBE~2"
Kuchengabel,2,1,Essen & Trinken,7,"Backblech~A_TARGET_VIBE~3,Backofen~A_TARGET_VIBE~3,Pfanne~A_TARGET_VIBE~3,Schüssel~A_TARGET_VIBE~3,Teig~A_TARGET_VIBE~3,Kaffeetasse~A_TARGET_VIBE~2,Kuchen~B_PART_VIBE~2"
Kälte,1,11,Wetter & Himmel,5,"Mütze~A_TARGET_VIBE~2,Räumdienst~A_TARGET_VIBE~2,Kratzen~A_TARGET_VIBE~2,Spur~A_TARGET_VIBE~2,Gefrierpunkt~A_TARGET_VIBE~2"
Kälteeinbruch,3,1|11,Essen & Trinken|Wetter & Himmel,6,"Buffet~A_TARGET_VIBE~3,Kratzen~A_TARGET_VIBE~3,Mütze~A_TARGET_VIBE~2,Dampf~A_TARGET_VIBE~2,Räumdienst~A_TARGET_VIBE~3,Streusalz~A_TARGET_VIBE~2"
Kältewelle,3,11,Wetter & Himmel,6,"Kratzen~A_TARGET_VIBE~3,Streusalz~A_TARGET_VIBE~2,Gefrierpunkt~A_TARGET_VIBE~3,Mütze~A_TARGET_VIBE~2,Handschuh~A_TARGET_VIBE~2,Rutschig~A_TARGET_VIBE~2"
Kürbis,2,1|2,Essen & Trinken|Natur & Tiere,6,"Schüssel~A_TARGET_VIBE~3,Rechen~A_TARGET_VIBE~3,Vogelzug~A_TARGET_VIBE~3,Erntekorb~A_TARGET_VIBE~3,Nebelbank~A_TARGET_VIBE~3,Buffet~A_TARGET_VIBE~3"
Lagerfeuer,3,5,Sport & Freizeit,6,"Rucksack~A_TARGET_VIBE~3,Wegbier~A_TARGET_VIBE~4,Wiese~A_TARGET_VIBE~2,Picknickdecke~A_TARGET_VIBE~4,Ausflug~A_TARGET_VIBE~2,Pause~A_TARGET_VIBE~2"
Lametta,2,13,Feste & Jahreszeiten,6,"Zimt~A_TARGET_VIBE~2,Lebkuchen~A_TARGET_VIBE~3,Krippe~A_TARGET_VIBE~3,Tannenzweig~A_TARGET_VIBE~2,Zuckerhut~A_TARGET_VIBE~3,Päckchen~A_TARGET_VIBE~2"
Lampion,2,10|13,Haushalt & Wohnen|Feste & Jahreszeiten,6,"Buffet~A_TARGET_VIBE~3,Musikbox~A_TARGET_VIBE~3,Eimer~A_TARGET_VIBE~3,Regal~A_TARGET_VIBE~2,Schrank~A_TARGET_VIBE~3,Girlande~A_TARGET_VIBE~2"
Lampionumzug,4,9|10|13,Gesellschaft & Beruf|Haushalt & Wohnen|Feste & Jahreszeiten,7,"Einladung~A_TARGET_VIBE~3,Regal~A_TARGET_VIBE~3,Schlüsselbund~A_TARGET_VIBE~4,Decke~A_TARGET_VIBE~3,Girlande~A_TARGET_VIBE~3,Gäste~A_TARGET_VIBE~3,Buffet~A_TARGET_VIBE~3"
Laterne,2,10|13,Haushalt & Wohnen|Feste & Jahreszeiten,6,"Eimer~A_TARGET_VIBE~3,Girlande~A_TARGET_VIBE~2,Decke~A_TARGET_VIBE~2,Einladung~A_TARGET_VIBE~2,Schrank~A_TARGET_VIBE~3,Buffet~A_TARGET_VIBE~3"
Laternenfest,3,9|10|13,Gesellschaft & Beruf|Haushalt & Wohnen|Feste & Jahreszeiten,7,"Einladung~A_TARGET_VIBE~2,Decke~A_TARGET_VIBE~2,Musikbox~A_TARGET_VIBE~3,Girlande~A_TARGET_VIBE~2,Wimpelkette~A_TARGET_VIBE~3,Gäste~A_TARGET_VIBE~2,Fest~B_PART_VIBE~2"
Laternenlied,3,4|10|13,Kultur & Kunst|Haushalt & Wohnen|Feste & Jahreszeiten,7,"Gäste~A_TARGET_VIBE~2,Girlande~A_TARGET_VIBE~2,Einladung~A_TARGET_VIBE~2,Ballsaal~A_TARGET_VIBE~3,Takt~A_TARGET_VIBE~3,Tanzfläche~A_TARGET_VIBE~3,Lied~B_PART_VIBE~2"
Laternenstab,4,10|13,Haushalt & Wohnen|Feste & Jahreszeiten,7,"Einladung~A_TARGET_VIBE~3,Eimer~A_TARGET_VIBE~3,Musikbox~A_TARGET_VIBE~3,Decke~A_TARGET_VIBE~3,Sofa~A_TARGET_VIBE~3,Schrank~A_TARGET_VIBE~3,Girlande~A_TARGET_VIBE~3"
Laternenumzug,4,9|10|13,Gesellschaft & Beruf|Haushalt & Wohnen|Feste & Jahreszeiten,7,"Einladung~A_TARGET_VIBE~3,Wimpelkette~A_TARGET_VIBE~3,Schlüsselbund~A_TARGET_VIBE~4,Girlande~A_TARGET_VIBE~3,Eimer~A_TARGET_VIBE~3,Tanzfläche~A_TARGET_VIBE~3,Regal~A_TARGET_VIBE~3"
Laub,1,2,Natur & Tiere,5,"Strohballen~A_TARGET_VIBE~2,Pilzkorb~A_TARGET_VIBE~2,Rechen~A_TARGET_VIBE~2,Nebelbank~A_TARGET_VIBE~2,Vogelzug~A_TARGET_VIBE~2"
Laubfall,3,2,Natur & Tiere,6,"Vogelzug~A_TARGET_VIBE~3,Pilzkorb~A_TARGET_VIBE~3,Rechen~A_TARGET_VIBE~3,Nebelbank~A_TARGET_VIBE~3,Erntekorb~A_TARGET_VIBE~3,Strohballen~A_TARGET_VIBE~3"
Laubhaufen,2,2,Natur & Tiere,6,"Nebelbank~A_TARGET_VIBE~3,Pilzkorb~A_TARGET_VIBE~3,Rechen~A_TARGET_VIBE~3,Vogelzug~A_TARGET_VIBE~3,Strohballen~A_TARGET_VIBE~3,Erntekorb~A_TARGET_VIBE~3"
Laubrechen,3,2,Natur & Tiere,6,"Pilzkorb~A_TARGET_VIBE~3,Laubhaufen~A_TARGET_VIBE~3,Erntekorb~A_TARGET_VIBE~3,Vogelzug~A_TARGET_VIBE~3,Strohballen~A_TARGET_VIBE~3,Nebelbank~A_TARGET_VIBE~3"
Lebkuchen,3,1,Essen & Trinken,7,"Backblech~A_TARGET_VIBE~3,Pfanne~A_TARGET_VIBE~3,Kaffeetasse~A_TARGET_VIBE~2,Karamell~A_TARGET_VIBE~3,Bonbonpapier~A_TARGET_VIBE~4,Zuckerstreusel~A_TARGET_VIBE~3,Kuchen~B_PART_VIBE~2"
Lebkuchengewürz,4,1,Essen & Trinken,8,"Dekor~A_TARGET_VIBE~3,Gabel~A_TARGET_VIBE~3,Topf~A_TARGET_VIBE~3,Glasur~A_TARGET_VIBE~3,Zuckerguss~A_TARGET_VIBE~3,Buffet~A_TARGET_VIBE~3,Zuckerstreusel~A_TARGET_VIBE~3,Kuchen~B_PART_VIBE~2"
Lichterglanz,3,13,Feste & Jahreszeiten,6,"Gäste~A_TARGET_VIBE~2,Stern~A_TARGET_VIBE~2,Zuckerhut~A_TARGET_VIBE~4,Krippe~A_TARGET_VIBE~3,Einladung~A_TARGET_VIBE~2,Lebkuchen~A_TARGET_VIBE~3"
Lichterkette,3,13,Feste & Jahreszeiten,6,"Tanzfläche~A_TARGET_VIBE~3,Erzgebirge~A_TARGET_VIBE~4,Zimt~A_TARGET_VIBE~2,Lametta~A_TARGET_VIBE~2,Stollen~A_TARGET_VIBE~3,Zuckerhut~A_TARGET_VIBE~4"
Lichtermeer,3,13,Feste & Jahreszeiten,6,"Glocken~A_TARGET_VIBE~2,Stollen~A_TARGET_VIBE~3,Lichterkette~A_TARGET_VIBE~2,Marzipan~A_TARGET_VIBE~3,Gäste~A_TARGET_VIBE~2,Girlande~A_TARGET_VIBE~2"
Liegestuhl,2,5,Sport & Freizeit,6,"Ausflug~A_TARGET_VIBE~2,Picknickdecke~A_TARGET_VIBE~3,Rucksack~A_TARGET_VIBE~3,Wegbier~A_TARGET_VIBE~3,Wiese~A_TARGET_VIBE~2,Pause~A_TARGET_VIBE~2"
Luftballon,1,9|13,Gesellschaft & Beruf|Feste & Jahreszeiten,5,"Girlande~A_TARGET_VIBE~2,Buffet~A_TARGET_VIBE~2,Gäste~A_TARGET_VIBE~2,Musikbox~A_TARGET_VIBE~2,Einladung~A_TARGET_VIBE~2"
Luftschlange,2,9|13,Gesellschaft & Beruf|Feste & Jahreszeiten,6,"Wimpelkette~A_TARGET_VIBE~3,Gäste~A_TARGET_VIBE~2,Tanzfläche~A_TARGET_VIBE~3,Musikbox~A_TARGET_VIBE~3,Einladung~A_TARGET_VIBE~2,Girlande~A_TARGET_VIBE~2"
Mai,1,13,Feste & Jahreszeiten,4,"Duft~A_TARGET_VIBE~2,Licht~A_TARGET_VIBE~2,Kälte~A_TARGET_VIBE~2,Gäste~A_TARGET_VIBE~2"
Maibaum,2,2,Natur & Tiere,7,"Vase~A_TARGET_VIBE~3,Blumentopf~A_TARGET_VIBE~3,Biene~A_TARGET_VIBE~2,Gießkanne~A_TARGET_VIBE~3,Duft~A_TARGET_VIBE~2,Knospe~A_TARGET_VIBE~2,Baum~B_PART_VIBE~2"
Maifest,3,9|13,Gesellschaft & Beruf|Feste & Jahreszeiten,7,"Tanzfläche~A_TARGET_VIBE~3,Wimpelkette~A_TARGET_VIBE~3,Einladung~A_TARGET_VIBE~2,Gäste~A_TARGET_VIBE~2,Musikbox~A_TARGET_VIBE~3,Girlande~A_TARGET_VIBE~2,Fest~B_PART_VIBE~2"
Maiglöckchen,3,2,Natur & Tiere,6,"Knospe~A_TARGET_VIBE~2,Gießkanne~A_TARGET_VIBE~3,Duft~A_TARGET_VIBE~2,Blumentopf~A_TARGET_VIBE~3,Pollen~A_TARGET_VIBE~3,Wiese~A_TARGET_VIBE~2"
Mandarine,2,1|2,Essen & Trinken|Natur & Tiere,6,"Gabel~A_TARGET_VIBE~2,Biene~A_TARGET_VIBE~2,Pollen~A_TARGET_VIBE~3,Gießkanne~A_TARGET_VIBE~3,Gewürz~A_TARGET_VIBE~2,Dampf~A_TARGET_VIBE~2"
Marone,3,1|2,Essen & Trinken|Natur & Tiere,6,"Marmelade~A_TARGET_VIBE~3,Laubhaufen~A_TARGET_VIBE~3,Sommerküche~A_TARGET_VIBE~4,Dampf~A_TARGET_VIBE~2,Pfanne~A_TARGET_VIBE~3,Saftfleck~A_TARGET_VIBE~3"
Marzipan,3,13,Feste & Jahreszeiten,6,"Lametta~A_TARGET_VIBE~2,Lebkuchen~A_TARGET_VIBE~3,Zimt~A_TARGET_VIBE~2,Lichterkette~A_TARGET_VIBE~2,Päckchen~A_TARGET_VIBE~2,Wimpelkette~A_TARGET_VIBE~3"
Marzipanfigur,3,13,Feste & Jahreszeiten,6,"Stollen~A_TARGET_VIBE~3,Einladung~A_TARGET_VIBE~2,Krippe~A_TARGET_VIBE~3,Gäste~A_TARGET_VIBE~2,Lebkuchen~A_TARGET_VIBE~3,Erzgebirge~A_TARGET_VIBE~4"
Marzipankartoffel,3,1|13,Essen & Trinken|Feste & Jahreszeiten,6,"Tannenzweig~A_TARGET_VIBE~2,Zimt~A_TARGET_VIBE~2,Geschenkpapier~A_TARGET_VIBE~2,Gabel~A_TARGET_VIBE~2,Zuckerhut~A_TARGET_VIBE~4,Stern~A_TARGET_VIBE~2"
Maske,3,4|13,Kultur & Kunst|Feste & Jahreszeiten,6,"Gäste~A_TARGET_VIBE~2,Schunkeln~A_TARGET_VIBE~3,Tanzfläche~A_TARGET_VIBE~3,Einladung~A_TARGET_VIBE~2,Girlande~A_TARGET_VIBE~2,Refrain~A_TARGET_VIBE~3"
Mirabelle,4,1|2,Essen & Trinken|Natur & Tiere,7,"Joghurt~A_TARGET_VIBE~3,Duft~A_TARGET_VIBE~3,Pfanne~A_TARGET_VIBE~3,Topf~A_TARGET_VIBE~3,Buffet~A_TARGET_VIBE~3,Pflückkorb~A_TARGET_VIBE~4,Dornen~A_TARGET_VIBE~3"
Mistel,4,2|13,Natur & Tiere|Feste & Jahreszeiten,7,"Erzgebirge~A_TARGET_VIBE~4,Kerzenlicht~A_TARGET_VIBE~3,Krippe~A_TARGET_VIBE~3,Musikbox~A_TARGET_VIBE~3,Buffet~A_TARGET_VIBE~3,Laubhaufen~A_TARGET_VIBE~3,Stern~A_TARGET_VIBE~3"
Mitternacht,3,13,Feste & Jahreszeiten,7,"Böller~A_TARGET_VIBE~2,Rakete~A_TARGET_VIBE~2,Bleigießen~A_TARGET_VIBE~4,Korken~A_TARGET_VIBE~3,Girlande~A_TARGET_VIBE~2,Konfetti~A_TARGET_VIBE~2,Nacht~B_PART_VIBE~2"
Mitternachtsfeier,3,9|13,Gesellschaft & Beruf|Feste & Jahreszeiten,7,"Rakete~A_TARGET_VIBE~2,Wimpelkette~A_TARGET_VIBE~3,Buffet~A_TARGET_VIBE~3,Bleigießen~A_TARGET_VIBE~4,Eierfarbe~A_TARGET_VIBE~3,Wiese~A_TARGET_VIBE~2,Nacht~B_PART_VIBE~2"
Mitternachtsimbiss,4,13,Feste & Jahreszeiten,8,"Konfetti~A_TARGET_VIBE~3,Girlande~A_TARGET_VIBE~3,Countdown~A_TARGET_VIBE~3,Musikbox~A_TARGET_VIBE~3,Rakete~A_TARGET_VIBE~3,Wimpelkette~A_TARGET_VIBE~3,Korken~A_TARGET_VIBE~3,Nacht~B_PART_VIBE~2"
Mitternachtskuss,4,13,Feste & Jahreszeiten,8,"Girlande~A_TARGET_VIBE~3,Wachsgießen~A_TARGET_VIBE~4,Rakete~A_TARGET_VIBE~3,Buffet~A_TARGET_VIBE~3,Glitzer~A_TARGET_VIBE~3,Sektglas~A_TARGET_VIBE~3,Konfetti~A_TARGET_VIBE~3,Nacht~B_PART_VIBE~2"
Mitternachtsmesse,4,13,Feste & Jahreszeiten,8,"Anstoßen~A_TARGET_VIBE~3,Konfetti~A_TARGET_VIBE~3,Korken~A_TARGET_VIBE~3,Altar~A_TARGET_VIBE~3,Einladung~A_TARGET_VIBE~3,Buffet~A_TARGET_VIBE~3,Gottesdienst~A_TARGET_VIBE~3,Nacht~B_PART_VIBE~2"
Mondschein,3,11,Wetter & Himmel,6,"Horizont~A_TARGET_VIBE~2,Silhouette~A_TARGET_VIBE~3,Dämmerung~A_TARGET_VIBE~2,Abendluft~A_TARGET_VIBE~3,Orange~A_TARGET_VIBE~2,Wolkenkante~A_TARGET_VIBE~3"
Morgentau,3,11,Wetter & Himmel,4,"Duft~A_TARGET_VIBE~2,Licht~A_TARGET_VIBE~2,Kälte~A_TARGET_VIBE~2,Gäste~A_TARGET_VIBE~2"
Most,3,1,Essen & Trinken,6,"Gewürz~A_TARGET_VIBE~2,Korken~A_TARGET_VIBE~3,Buffet~A_TARGET_VIBE~3,Topf~A_TARGET_VIBE~3,Glas~A_TARGET_VIBE~2,Schüssel~A_TARGET_VIBE~3"
Musikbox,2,4,Kultur & Kunst,6,"Orchester~A_TARGET_VIBE~3,Ballsaal~A_TARGET_VIBE~3,Takt~A_TARGET_VIBE~3,Refrain~A_TARGET_VIBE~3,Applaus~A_TARGET_VIBE~3,Notenblatt~A_TARGET_VIBE~3"
Muttertag,2,9|13,Gesellschaft & Beruf|Feste & Jahreszeiten,6,"Girlande~A_TARGET_VIBE~2,Musikbox~A_TARGET_VIBE~3,Gäste~A_TARGET_VIBE~2,Wimpelkette~A_TARGET_VIBE~3,Einladung~A_TARGET_VIBE~2,Buffet~A_TARGET_VIBE~3"
März,1,13,Feste & Jahreszeiten,4,"Duft~A_TARGET_VIBE~2,Licht~A_TARGET_VIBE~2,Kälte~A_TARGET_VIBE~2,Gäste~A_TARGET_VIBE~2"
Mückenspray,3,7|11,Wissenschaft & Medizin|Wetter & Himmel,6,"Diagramm~A_TARGET_VIBE~4,Grad~A_TARGET_VIBE~2,Skala~A_TARGET_VIBE~3,Thermometer~A_TARGET_VIBE~3,Prognose~A_TARGET_VIBE~3,Messwert~A_TARGET_VIBE~3"
Mütze,1,5|11,Sport & Freizeit|Wetter & Himmel,5,"Kapuze~A_TARGET_VIBE~2,Handschuh~A_TARGET_VIBE~2,Wolle~A_TARGET_VIBE~2,Spur~A_TARGET_VIBE~2,Kratzen~A_TARGET_VIBE~2"
Narrenkappe,4,4|13,Kultur & Kunst|Feste & Jahreszeiten,7,"Wimpelkette~A_TARGET_VIBE~3,Schminke~A_TARGET_VIBE~3,Perücke~A_TARGET_VIBE~3,Büttenrede~A_TARGET_VIBE~4,Musikbox~A_TARGET_VIBE~3,Schunkeln~A_TARGET_VIBE~3,Orchester~A_TARGET_VIBE~3"
Narrenzunft,5,4|13,Kultur & Kunst|Feste & Jahreszeiten,7,"Kamelle~A_TARGET_VIBE~3,Schunkeln~A_TARGET_VIBE~3,Narrenkappe~A_TARGET_VIBE~3,Girlande~A_TARGET_VIBE~3,Polonaise~A_TARGET_VIBE~3,Tanzfläche~A_TARGET_VIBE~3,Notenblatt~A_TARGET_VIBE~3"
Narzisse,2,2,Natur & Tiere,6,"Duft~A_TARGET_VIBE~2,Pollen~A_TARGET_VIBE~3,Wiese~A_TARGET_VIBE~2,Vase~A_TARGET_VIBE~3,Biene~A_TARGET_VIBE~2,Blumentopf~A_TARGET_VIBE~3"
Nebelbank,3,11,Wetter & Himmel,4,"Duft~A_TARGET_VIBE~2,Licht~A_TARGET_VIBE~2,Kälte~A_TARGET_VIBE~2,Gäste~A_TARGET_VIBE~2"
Nebelhorn,4,11,Wetter & Himmel,4,"Duft~A_TARGET_VIBE~2,Licht~A_TARGET_VIBE~2,Kälte~A_TARGET_VIBE~2,Gäste~A_TARGET_VIBE~2"
Nebelnacht,4,11,Wetter & Himmel,5,"Duft~A_TARGET_VIBE~2,Licht~A_TARGET_VIBE~2,Kälte~A_TARGET_VIBE~2,Gäste~A_TARGET_VIBE~2,Nacht~B_PART_VIBE~2"
Nelke,2,2,Natur & Tiere,6,"Knospe~A_TARGET_VIBE~2,Pollen~A_TARGET_VIBE~3,Blumentopf~A_TARGET_VIBE~3,Biene~A_TARGET_VIBE~2,Duft~A_TARGET_VIBE~2,Wiese~A_TARGET_VIBE~2"
Neujahr,2,13,Feste & Jahreszeiten,6,"Gäste~A_TARGET_VIBE~2,Musikbox~A_TARGET_VIBE~3,Einladung~A_TARGET_VIBE~2,Glitzer~A_TARGET_VIBE~2,Böller~A_TARGET_VIBE~2,Bleigießen~A_TARGET_VIBE~3"
Neujahrsvorsatz,3,13,Feste & Jahreszeiten,6,"Bleigießen~A_TARGET_VIBE~4,Gäste~A_TARGET_VIBE~2,Konfetti~A_TARGET_VIBE~2,Tanzfläche~A_TARGET_VIBE~3,Einladung~A_TARGET_VIBE~2,Glitzer~A_TARGET_VIBE~2"
Neuschnee,3,11,Wetter & Himmel,6,"Streusalz~A_TARGET_VIBE~2,Gefrierpunkt~A_TARGET_VIBE~3,Kratzen~A_TARGET_VIBE~3,Schal~A_TARGET_VIBE~2,Rutschig~A_TARGET_VIBE~2,Spur~A_TARGET_VIBE~3"
Nieselregen,3,11,Wetter & Himmel,5,"Duft~A_TARGET_VIBE~2,Licht~A_TARGET_VIBE~2,Kälte~A_TARGET_VIBE~2,Gäste~A_TARGET_VIBE~2,Regen~B_PART_VIBE~2"
November,1,13,Feste & Jahreszeiten,4,"Duft~A_TARGET_VIBE~2,Licht~A_TARGET_VIBE~2,Kälte~A_TARGET_VIBE~2,Gäste~A_TARGET_VIBE~2"
Nussknacker,3,13,Feste & Jahreszeiten,6,"Stollen~A_TARGET_VIBE~3,Lametta~A_TARGET_VIBE~2,Wimpelkette~A_TARGET_VIBE~3,Päckchen~A_TARGET_VIBE~2,Girlande~A_TARGET_VIBE~2,Einladung~A_TARGET_VIBE~2"
Oktober,1,13,Feste & Jahreszeiten,4,"Duft~A_TARGET_VIBE~2,Licht~A_TARGET_VIBE~2,Kälte~A_TARGET_VIBE~2,Gäste~A_TARGET_VIBE~2"
Orkan,3,11,Wetter & Himmel,4,"Duft~A_TARGET_VIBE~2,Licht~A_TARGET_VIBE~2,Kälte~A_TARGET_VIBE~2,Gäste~A_TARGET_VIBE~2"
Osterei,1,13,Feste & Jahreszeiten,5,"Musikbox~A_TARGET_VIBE~2,Pastell~A_TARGET_VIBE~2,Wimpelkette~A_TARGET_VIBE~2,Girlande~A_TARGET_VIBE~2,Körbchen~A_TARGET_VIBE~2"
Osterfeuer,3,13,Feste & Jahreszeiten,6,"Eierfarbe~A_TARGET_VIBE~3,Küken~A_TARGET_VIBE~3,Gäste~A_TARGET_VIBE~2,Versteck~A_TARGET_VIBE~2,Palmzweig~A_TARGET_VIBE~4,Tanzfläche~A_TARGET_VIBE~3"
Osterhase,2,13,Feste & Jahreszeiten,6,"Schokolade~A_TARGET_VIBE~2,Eierfarbe~A_TARGET_VIBE~3,Versteck~A_TARGET_VIBE~2,Körbchen~A_TARGET_VIBE~2,Palmzweig~A_TARGET_VIBE~3,Wimpelkette~A_TARGET_VIBE~3"
Osterkerze,3,10|13,Haushalt & Wohnen|Feste & Jahreszeiten,6,"Gäste~A_TARGET_VIBE~2,Osterfeuer~A_TARGET_VIBE~4,Eimer~A_TARGET_VIBE~3,Küken~A_TARGET_VIBE~3,Decke~A_TARGET_VIBE~2,Regal~A_TARGET_VIBE~2"
Osterkorb,3,13,Feste & Jahreszeiten,7,"Musikbox~A_TARGET_VIBE~3,Versteck~A_TARGET_VIBE~2,Gäste~A_TARGET_VIBE~2,Wimpelkette~A_TARGET_VIBE~3,Buffet~A_TARGET_VIBE~3,Tanzfläche~A_TARGET_VIBE~3,Korb~B_PART_VIBE~2"
Osterlamm,3,1|13,Essen & Trinken|Feste & Jahreszeiten,6,"Wimpelkette~A_TARGET_VIBE~3,Palmzweig~A_TARGET_VIBE~4,Tanzfläche~A_TARGET_VIBE~3,Schokolade~A_TARGET_VIBE~2,Gewürz~A_TARGET_VIBE~2,Buffet~A_TARGET_VIBE~3"
Ostern,1,11|13,Wetter & Himmel|Feste & Jahreszeiten,6,"Buffet~A_TARGET_VIBE~2,Wiese~A_TARGET_VIBE~2,Eierfarbe~A_TARGET_VIBE~2,Abendluft~A_TARGET_VIBE~2,Schokolade~A_TARGET_VIBE~2,Stern~B_PART_VIBE~2"
Palmzweig,3,13,Feste & Jahreszeiten,7,"Tanzfläche~A_TARGET_VIBE~3,Gäste~A_TARGET_VIBE~2,Osterfeuer~A_TARGET_VIBE~4,Schokolade~A_TARGET_VIBE~2,Versteck~A_TARGET_VIBE~2,Musikbox~A_TARGET_VIBE~3,Zweig~B_PART_VIBE~2"
Papierlaterne,3,10|13,Haushalt & Wohnen|Feste & Jahreszeiten,6,"Regal~A_TARGET_VIBE~2,Eimer~A_TARGET_VIBE~3,Musikbox~A_TARGET_VIBE~3,Decke~A_TARGET_VIBE~2,Girlande~A_TARGET_VIBE~2,Buffet~A_TARGET_VIBE~3"
Pappnase,3,4|13,Kultur & Kunst|Feste & Jahreszeiten,6,"Takt~A_TARGET_VIBE~3,Umzug~A_TARGET_VIBE~2,Kostüm~A_TARGET_VIBE~2,Büttenrede~A_TARGET_VIBE~4,Refrain~A_TARGET_VIBE~3,Ballsaal~A_TARGET_VIBE~3"
Perücke,2,4|13,Kultur & Kunst|Feste & Jahreszeiten,6,"Polonaise~A_TARGET_VIBE~3,Takt~A_TARGET_VIBE~3,Notenblatt~A_TARGET_VIBE~3,Einladung~A_TARGET_VIBE~2,Kamelle~A_TARGET_VIBE~3,Musikbox~A_TARGET_VIBE~3"
Pfingsten,4,13,Feste & Jahreszeiten,7,"Tanzfläche~A_TARGET_VIBE~3,Palmzweig~A_TARGET_VIBE~4,Schokolade~A_TARGET_VIBE~3,Osterfeuer~A_TARGET_VIBE~4,Körbchen~A_TARGET_VIBE~3,Versteck~A_TARGET_VIBE~3,Buffet~A_TARGET_VIBE~3"
Pflaume,3,1|2,Essen & Trinken|Natur & Tiere,6,"Topf~A_TARGET_VIBE~3,Pflückkorb~A_TARGET_VIBE~4,Sommerküche~A_TARGET_VIBE~4,Biene~A_TARGET_VIBE~2,Gießkanne~A_TARGET_VIBE~3,Vase~A_TARGET_VIBE~3"
Picknick,2,5,Sport & Freizeit,5,"Ausflug~A_TARGET_VIBE~2,Wiese~A_TARGET_VIBE~2,Pause~A_TARGET_VIBE~2,Rucksack~A_TARGET_VIBE~3,Wegbier~A_TARGET_VIBE~3"
Picknickkorb,3,5,Sport & Freizeit,7,"Ausflug~A_TARGET_VIBE~2,Wegbier~A_TARGET_VIBE~4,Rucksack~A_TARGET_VIBE~3,Picknickdecke~A_TARGET_VIBE~4,Pause~A_TARGET_VIBE~2,Wiese~A_TARGET_VIBE~2,Korb~B_PART_VIBE~2"
Pilzkorb,3,2,Natur & Tiere,7,"Strohballen~A_TARGET_VIBE~3,Vogelzug~A_TARGET_VIBE~3,Erntekorb~A_TARGET_VIBE~3,Nebelbank~A_TARGET_VIBE~3,Rechen~A_TARGET_VIBE~3,Laubhaufen~A_TARGET_VIBE~3,Korb~B_PART_VIBE~2"
Pilzzeit,3,2,Natur & Tiere,7,"Vogelzug~A_TARGET_VIBE~3,Nebelbank~A_TARGET_VIBE~3,Rechen~A_TARGET_VIBE~3,Laubhaufen~A_TARGET_VIBE~3,Pilzkorb~A_TARGET_VIBE~3,Strohballen~A_TARGET_VIBE~3,Zeit~B_PART_VIBE~2"
Platzkarte,3,10,Haushalt & Wohnen,7,"Sofa~A_TARGET_VIBE~2,Decke~A_TARGET_VIBE~2,Sitzordnung~A_TARGET_VIBE~3,Falten~A_TARGET_VIBE~3,Besteck~A_TARGET_VIBE~2,Eimer~A_TARGET_VIBE~3,Karte~B_PART_VIBE~2"
Plätzchen,3,1,Essen & Trinken,6,"Spritzbeutel~A_TARGET_VIBE~4,Gabel~A_TARGET_VIBE~2,Schüssel~A_TARGET_VIBE~3,Puderzucker~A_TARGET_VIBE~3,Dekor~A_TARGET_VIBE~3,Gewürz~A_TARGET_VIBE~2"
Pollenflug,3,2,Natur & Tiere,6,"Vase~A_TARGET_VIBE~3,Blumentopf~A_TARGET_VIBE~3,Gießkanne~A_TARGET_VIBE~3,Duft~A_TARGET_VIBE~2,Biene~A_TARGET_VIBE~2,Knospe~A_TARGET_VIBE~2"
Polonaise,4,4|13,Kultur & Kunst|Feste & Jahreszeiten,7,"Büttenrede~A_TARGET_VIBE~4,Notenblatt~A_TARGET_VIBE~3,Konfetti~A_TARGET_VIBE~3,Ballsaal~A_TARGET_VIBE~3,Einladung~A_TARGET_VIBE~3,Schminke~A_TARGET_VIBE~3,Schunkeln~A_TARGET_VIBE~3"
Primel,2,2,Natur & Tiere,6,"Duft~A_TARGET_VIBE~2,Blumentopf~A_TARGET_VIBE~3,Vase~A_TARGET_VIBE~3,Gießkanne~A_TARGET_VIBE~3,Wiese~A_TARGET_VIBE~2,Knospe~A_TARGET_VIBE~2"
Prunksitzung,4,4|13,Kultur & Kunst|Feste & Jahreszeiten,7,"Orchester~A_TARGET_VIBE~3,Takt~A_TARGET_VIBE~3,Ballsaal~A_TARGET_VIBE~3,Musikbox~A_TARGET_VIBE~3,Polonaise~A_TARGET_VIBE~3,Kamelle~A_TARGET_VIBE~3,Einladung~A_TARGET_VIBE~3"
Punsch,3,1,Essen & Trinken,6,"Glas~A_TARGET_VIBE~2,Gewürz~A_TARGET_VIBE~2,Pfanne~A_TARGET_VIBE~3,Gabel~A_TARGET_VIBE~2,Prickeln~A_TARGET_VIBE~2,Topf~A_TARGET_VIBE~3"
Punschglas,3,1,Essen & Trinken,6,"Topf~A_TARGET_VIBE~3,Schluck~A_TARGET_VIBE~2,Dampf~A_TARGET_VIBE~2,Pfanne~A_TARGET_VIBE~3,Gabel~A_TARGET_VIBE~2,Trinkspruch~A_TARGET_VIBE~3"
Punschkessel,4,1,Essen & Trinken,7,"Topf~A_TARGET_VIBE~3,Prickeln~A_TARGET_VIBE~3,Gabel~A_TARGET_VIBE~3,Glas~A_TARGET_VIBE~3,Pfanne~A_TARGET_VIBE~3,Anstoßen~A_TARGET_VIBE~3,Dampf~A_TARGET_VIBE~3"
Raclette,3,1,Essen & Trinken,6,"Gabel~A_TARGET_VIBE~2,Dampf~A_TARGET_VIBE~2,Buffet~A_TARGET_VIBE~3,Gewürz~A_TARGET_VIBE~2,Topf~A_TARGET_VIBE~3,Pfanne~A_TARGET_VIBE~3"
Rakete,3,13,Feste & Jahreszeiten,6,"Böller~A_TARGET_VIBE~2,Anstoßen~A_TARGET_VIBE~3,Countdown~A_TARGET_VIBE~2,Tanzfläche~A_TARGET_VIBE~3,Buffet~A_TARGET_VIBE~3,Mitternacht~A_TARGET_VIBE~2"
Ratespiel,3,5,Sport & Freizeit,6,"Würfel~A_TARGET_VIBE~2,Runde~A_TARGET_VIBE~2,Punkte~A_TARGET_VIBE~3,Picknickdecke~A_TARGET_VIBE~4,Mitspieler~A_TARGET_VIBE~2,Ausflug~A_TARGET_VIBE~2"
Raureif,4,11,Wetter & Himmel,7,"Streusalz~A_TARGET_VIBE~3,Schal~A_TARGET_VIBE~3,Räumdienst~A_TARGET_VIBE~3,Handschuh~A_TARGET_VIBE~3,Kratzen~A_TARGET_VIBE~3,Gefrierpunkt~A_TARGET_VIBE~3,Spur~A_TARGET_VIBE~3"
Reformationstag,4,13,Feste & Jahreszeiten,7,"Segen~A_TARGET_VIBE~3,Altar~A_TARGET_VIBE~3,Musikbox~A_TARGET_VIBE~3,Girlande~A_TARGET_VIBE~3,Gäste~A_TARGET_VIBE~3,Buffet~A_TARGET_VIBE~3,Prozession~A_TARGET_VIBE~4"
Regenbogen,1,11,Wetter & Himmel,5,"Duft~A_TARGET_VIBE~2,Licht~A_TARGET_VIBE~2,Kälte~A_TARGET_VIBE~2,Gäste~A_TARGET_VIBE~2,Regen~B_PART_VIBE~2"
Regenjacke,2,5|11,Sport & Freizeit|Wetter & Himmel,7,"Kratzen~A_TARGET_VIBE~3,Picknickdecke~A_TARGET_VIBE~3,Wegbier~A_TARGET_VIBE~3,Streusalz~A_TARGET_VIBE~2,Reißverschluss~A_TARGET_VIBE~3,Rutschig~A_TARGET_VIBE~2,Regen~B_PART_VIBE~2"
Regenschirm,1,11,Wetter & Himmel,5,"Duft~A_TARGET_VIBE~2,Licht~A_TARGET_VIBE~2,Kälte~A_TARGET_VIBE~2,Gäste~A_TARGET_VIBE~2,Regen~B_PART_VIBE~2"
Reif,2,11,Wetter & Himmel,6,"Kratzen~A_TARGET_VIBE~3,Handschuh~A_TARGET_VIBE~2,Mütze~A_TARGET_VIBE~2,Schal~A_TARGET_VIBE~2,Spur~A_TARGET_VIBE~3,Räumdienst~A_TARGET_VIBE~3"
Reifglanz,5,11,Wetter & Himmel,7,"Handschuh~A_TARGET_VIBE~3,Spur~A_TARGET_VIBE~3,Mütze~A_TARGET_VIBE~3,Schal~A_TARGET_VIBE~3,Streusalz~A_TARGET_VIBE~3,Gefrierpunkt~A_TARGET_VIBE~3,Rutschig~A_TARGET_VIBE~3"
Rentier,3,13,Feste & Jahreszeiten,6,"Geschenkpapier~A_TARGET_VIBE~2,Kerzenlicht~A_TARGET_VIBE~2,Zuckerhut~A_TARGET_VIBE~4,Zimt~A_TARGET_VIBE~2,Wimpelkette~A_TARGET_VIBE~3,Musikbox~A_TARGET_VIBE~3"
Rhabarber,3,1|2,Essen & Trinken|Natur & Tiere,6,"Vase~A_TARGET_VIBE~3,Blumentopf~A_TARGET_VIBE~3,Gabel~A_TARGET_VIBE~2,Gewürz~A_TARGET_VIBE~2,Pfanne~A_TARGET_VIBE~3,Biene~A_TARGET_VIBE~2"
Ritual,3,12,Gefühle & Abstraktes,5,"Erinnerung~A_TARGET_VIBE~2,Symbol~A_TARGET_VIBE~2,Brauch~A_TARGET_VIBE~2,Erwartung~A_TARGET_VIBE~2,Stimmung~A_TARGET_VIBE~2"
Rodelbahn,3,5|11,Sport & Freizeit|Wetter & Himmel,6,"Räumdienst~A_TARGET_VIBE~3,Wegbier~A_TARGET_VIBE~4,Wiese~A_TARGET_VIBE~2,Pause~A_TARGET_VIBE~2,Helm~A_TARGET_VIBE~2,Piste~A_TARGET_VIBE~3"
Rodelspaß,3,5|11,Sport & Freizeit|Wetter & Himmel,6,"Handschuh~A_TARGET_VIBE~2,Sturz~A_TARGET_VIBE~2,Wiese~A_TARGET_VIBE~2,Helm~A_TARGET_VIBE~2,Gleiten~A_TARGET_VIBE~3,Schal~A_TARGET_VIBE~2"
Rosenmontag,4,4|13,Kultur & Kunst|Feste & Jahreszeiten,7,"Einladung~A_TARGET_VIBE~3,Ballsaal~A_TARGET_VIBE~3,Takt~A_TARGET_VIBE~3,Umzug~A_TARGET_VIBE~3,Musikbox~A_TARGET_VIBE~3,Gäste~A_TARGET_VIBE~3,Girlande~A_TARGET_VIBE~3"
Rotkohl,2,1,Essen & Trinken,6,"Topf~A_TARGET_VIBE~3,Pfanne~A_TARGET_VIBE~3,Dampf~A_TARGET_VIBE~2,Buffet~A_TARGET_VIBE~3,Gewürz~A_TARGET_VIBE~2,Schüssel~A_TARGET_VIBE~3"
Schal,1,5|11,Sport & Freizeit|Wetter & Himmel,5,"Wolle~A_TARGET_VIBE~2,Räumdienst~A_TARGET_VIBE~2,Reißverschluss~A_TARGET_VIBE~2,Rucksack~A_TARGET_VIBE~2,Streusalz~A_TARGET_VIBE~2"
Schleife,3,9|10,Gesellschaft & Beruf|Haushalt & Wohnen,6,"Überraschung~A_TARGET_VIBE~2,Postkasten~A_TARGET_VIBE~3,Umschlag~A_TARGET_VIBE~2,Anhänger~A_TARGET_VIBE~3,Geschenkband~A_TARGET_VIBE~2,Stift~A_TARGET_VIBE~2"
Schleifenband,3,9|10,Gesellschaft & Beruf|Haushalt & Wohnen,7,"Klebeband~A_TARGET_VIBE~2,Stift~A_TARGET_VIBE~2,Geschenkband~A_TARGET_VIBE~2,Umschlag~A_TARGET_VIBE~2,Liste~A_TARGET_VIBE~2,Überraschung~A_TARGET_VIBE~2,Band~B_PART_VIBE~2"
Schlitten,2,5|11,Sport & Freizeit|Wetter & Himmel,6,"Handschuh~A_TARGET_VIBE~2,Rucksack~A_TARGET_VIBE~3,Kratzen~A_TARGET_VIBE~3,Schal~A_TARGET_VIBE~2,Piste~A_TARGET_VIBE~3,Helm~A_TARGET_VIBE~2"
Schlittenfahrt,3,5|11,Sport & Freizeit|Wetter & Himmel,6,"Rutschig~A_TARGET_VIBE~2,Handschuh~A_TARGET_VIBE~2,Schal~A_TARGET_VIBE~2,Wegbier~A_TARGET_VIBE~4,Piste~A_TARGET_VIBE~3,Gleiten~A_TARGET_VIBE~3"
Schlittenhund,3,5|11,Sport & Freizeit|Wetter & Himmel,6,"Pause~A_TARGET_VIBE~2,Start~A_TARGET_VIBE~2,Streusalz~A_TARGET_VIBE~2,Spur~A_TARGET_VIBE~3,Gefrierpunkt~A_TARGET_VIBE~3,Handschuh~A_TARGET_VIBE~2"
Schlittschuh,3,5|11,Sport & Freizeit|Wetter & Himmel,6,"Spur~A_TARGET_VIBE~3,Rutschig~A_TARGET_VIBE~2,Streusalz~A_TARGET_VIBE~2,Gleiten~A_TARGET_VIBE~3,Helm~A_TARGET_VIBE~2,Wegbier~A_TARGET_VIBE~4"
Schlittschuhlaufen,3,5|11,Sport & Freizeit|Wetter & Himmel,6,"Mütze~A_TARGET_VIBE~2,Spur~A_TARGET_VIBE~3,Gleiten~A_TARGET_VIBE~3,Kratzen~A_TARGET_VIBE~3,Wegbier~A_TARGET_VIBE~4,Sturz~A_TARGET_VIBE~2"
Schminke,2,4|13,Kultur & Kunst|Feste & Jahreszeiten,6,"Schunkeln~A_TARGET_VIBE~3,Wimpelkette~A_TARGET_VIBE~3,Girlande~A_TARGET_VIBE~2,Ballsaal~A_TARGET_VIBE~3,Orchester~A_TARGET_VIBE~3,Kostüm~A_TARGET_VIBE~2"
Schneeball,2,11,Wetter & Himmel,6,"Räumdienst~A_TARGET_VIBE~3,Handschuh~A_TARGET_VIBE~2,Schal~A_TARGET_VIBE~2,Mütze~A_TARGET_VIBE~2,Streusalz~A_TARGET_VIBE~2,Rutschig~A_TARGET_VIBE~2"
Schneeballschlacht,3,11,Wetter & Himmel,6,"Schal~A_TARGET_VIBE~2,Rutschig~A_TARGET_VIBE~2,Gefrierpunkt~A_TARGET_VIBE~3,Räumdienst~A_TARGET_VIBE~3,Kratzen~A_TARGET_VIBE~3,Handschuh~A_TARGET_VIBE~2"
Schneebesen,4,11,Wetter & Himmel,6,"Teig~A_TARGET_VIBE~3,Spülmaschine~A_TARGET_VIBE~3,Rührschüssel~A_TARGET_VIBE~3,Eiweiß~A_TARGET_VIBE~3,Handgriff~A_TARGET_VIBE~3,Schaum~A_TARGET_VIBE~3"
Schneebrett,4,11,Wetter & Himmel,7,"Streusalz~A_TARGET_VIBE~3,Spur~A_TARGET_VIBE~3,Gefrierpunkt~A_TARGET_VIBE~3,Mütze~A_TARGET_VIBE~3,Rutschig~A_TARGET_VIBE~3,Räumdienst~A_TARGET_VIBE~3,Kratzen~A_TARGET_VIBE~3"
Schneebruch,4,11,Wetter & Himmel,7,"Spur~A_TARGET_VIBE~3,Schal~A_TARGET_VIBE~3,Rutschig~A_TARGET_VIBE~3,Mütze~A_TARGET_VIBE~3,Kratzen~A_TARGET_VIBE~3,Streusalz~A_TARGET_VIBE~3,Gefrierpunkt~A_TARGET_VIBE~3"
Schneedecke,2,11,Wetter & Himmel,6,"Schal~A_TARGET_VIBE~2,Spur~A_TARGET_VIBE~3,Rutschig~A_TARGET_VIBE~2,Kratzen~A_TARGET_VIBE~3,Mütze~A_TARGET_VIBE~2,Streusalz~A_TARGET_VIBE~2"
Schneefall,3,11,Wetter & Himmel,6,"Kratzen~A_TARGET_VIBE~3,Spur~A_TARGET_VIBE~3,Streusalz~A_TARGET_VIBE~2,Gefrierpunkt~A_TARGET_VIBE~3,Räumdienst~A_TARGET_VIBE~3,Rutschig~A_TARGET_VIBE~2"
Schneefeger,4,11,Wetter & Himmel,7,"Gefrierpunkt~A_TARGET_VIBE~3,Kratzen~A_TARGET_VIBE~3,Handschuh~A_TARGET_VIBE~3,Spur~A_TARGET_VIBE~3,Streusalz~A_TARGET_VIBE~3,Schal~A_TARGET_VIBE~3,Rutschig~A_TARGET_VIBE~3"
Schneeflocke,3,11,Wetter & Himmel,6,"Handschuh~A_TARGET_VIBE~2,Mütze~A_TARGET_VIBE~2,Streusalz~A_TARGET_VIBE~2,Rutschig~A_TARGET_VIBE~2,Räumdienst~A_TARGET_VIBE~3,Gefrierpunkt~A_TARGET_VIBE~3"
Schneefräse,3,11,Wetter & Himmel,6,"Streusalz~A_TARGET_VIBE~2,Räumdienst~A_TARGET_VIBE~3,Gefrierpunkt~A_TARGET_VIBE~3,Rutschig~A_TARGET_VIBE~2,Handschuh~A_TARGET_VIBE~2,Mütze~A_TARGET_VIBE~2"
Schneegestöber,3,11,Wetter & Himmel,6,"Rutschig~A_TARGET_VIBE~2,Streusalz~A_TARGET_VIBE~2,Kratzen~A_TARGET_VIBE~3,Gefrierpunkt~A_TARGET_VIBE~3,Handschuh~A_TARGET_VIBE~2,Räumdienst~A_TARGET_VIBE~3"
Schneeglöckchen,3,11,Wetter & Himmel,6,"Rutschig~A_TARGET_VIBE~2,Schal~A_TARGET_VIBE~2,Spur~A_TARGET_VIBE~3,Kratzen~A_TARGET_VIBE~3,Handschuh~A_TARGET_VIBE~2,Mütze~A_TARGET_VIBE~2"
Schneeketten,3,11,Wetter & Himmel,6,"Räumdienst~A_TARGET_VIBE~3,Gefrierpunkt~A_TARGET_VIBE~3,Rutschig~A_TARGET_VIBE~2,Handschuh~A_TARGET_VIBE~2,Spur~A_TARGET_VIBE~3,Mütze~A_TARGET_VIBE~2"
Schneekristall,4,11,Wetter & Himmel,7,"Mütze~A_TARGET_VIBE~3,Gefrierpunkt~A_TARGET_VIBE~3,Kratzen~A_TARGET_VIBE~3,Spur~A_TARGET_VIBE~3,Rutschig~A_TARGET_VIBE~3,Streusalz~A_TARGET_VIBE~3,Schal~A_TARGET_VIBE~3"
Schneekugel,2,11,Wetter & Himmel,6,"Kratzen~A_TARGET_VIBE~3,Mütze~A_TARGET_VIBE~2,Handschuh~A_TARGET_VIBE~2,Räumdienst~A_TARGET_VIBE~3,Streusalz~A_TARGET_VIBE~2,Rutschig~A_TARGET_VIBE~2"
Schneemann,3,11,Wetter & Himmel,6,"Kratzen~A_TARGET_VIBE~3,Schal~A_TARGET_VIBE~2,Streusalz~A_TARGET_VIBE~2,Spur~A_TARGET_VIBE~3,Handschuh~A_TARGET_VIBE~2,Räumdienst~A_TARGET_VIBE~3"
Schneematsch,3,11,Wetter & Himmel,6,"Schal~A_TARGET_VIBE~2,Gefrierpunkt~A_TARGET_VIBE~3,Streusalz~A_TARGET_VIBE~2,Mütze~A_TARGET_VIBE~2,Kratzen~A_TARGET_VIBE~3,Rutschig~A_TARGET_VIBE~2"
Schneepflug,3,11,Wetter & Himmel,6,"Gefrierpunkt~A_TARGET_VIBE~3,Kratzen~A_TARGET_VIBE~3,Mütze~A_TARGET_VIBE~2,Schal~A_TARGET_VIBE~2,Spur~A_TARGET_VIBE~3,Handschuh~A_TARGET_VIBE~2"
Schneeregen,3,11,Wetter & Himmel,7,"Spur~A_TARGET_VIBE~3,Kratzen~A_TARGET_VIBE~3,Rutschig~A_TARGET_VIBE~2,Schal~A_TARGET_VIBE~2,Räumdienst~A_TARGET_VIBE~3,Streusalz~A_TARGET_VIBE~2,Regen~B_PART_VIBE~2"
Schneerose,3,11,Wetter & Himmel,6,"Spur~A_TARGET_VIBE~3,Gefrierpunkt~A_TARGET_VIBE~3,Rutschig~A_TARGET_VIBE~2,Mütze~A_TARGET_VIBE~2,Räumdienst~A_TARGET_VIBE~3,Schal~A_TARGET_VIBE~2"
Schneeräumung,3,11,Wetter & Himmel,6,"Mütze~A_TARGET_VIBE~2,Spur~A_TARGET_VIBE~3,Kratzen~A_TARGET_VIBE~3,Räumdienst~A_TARGET_VIBE~3,Schal~A_TARGET_VIBE~2,Handschuh~A_TARGET_VIBE~2"
Schneeschaufel,3,11,Wetter & Himmel,6,"Schal~A_TARGET_VIBE~2,Gefrierpunkt~A_TARGET_VIBE~3,Kratzen~A_TARGET_VIBE~3,Spur~A_TARGET_VIBE~3,Rutschig~A_TARGET_VIBE~2,Handschuh~A_TARGET_VIBE~2"
Schneeschmelze,4,11,Wetter & Himmel,7,"Schal~A_TARGET_VIBE~3,Rutschig~A_TARGET_VIBE~3,Mütze~A_TARGET_VIBE~3,Streusalz~A_TARGET_VIBE~3,Kratzen~A_TARGET_VIBE~3,Gefrierpunkt~A_TARGET_VIBE~3,Handschuh~A_TARGET_VIBE~3"
Schneeschuh,3,11,Wetter & Himmel,6,"Spur~A_TARGET_VIBE~3,Gefrierpunkt~A_TARGET_VIBE~3,Handschuh~A_TARGET_VIBE~2,Schal~A_TARGET_VIBE~2,Räumdienst~A_TARGET_VIBE~3,Rutschig~A_TARGET_VIBE~2"
Schneesturm,3,11,Wetter & Himmel,6,"Rutschig~A_TARGET_VIBE~2,Mütze~A_TARGET_VIBE~2,Kratzen~A_TARGET_VIBE~3,Spur~A_TARGET_VIBE~3,Gefrierpunkt~A_TARGET_VIBE~3,Räumdienst~A_TARGET_VIBE~3"
Schneetreiben,4,11,Wetter & Himmel,7,"Gefrierpunkt~A_TARGET_VIBE~3,Handschuh~A_TARGET_VIBE~3,Räumdienst~A_TARGET_VIBE~3,Spur~A_TARGET_VIBE~3,Schal~A_TARGET_VIBE~3,Streusalz~A_TARGET_VIBE~3,Kratzen~A_TARGET_VIBE~3"
Schneeverwehung,4,11,Wetter & Himmel,7,"Gefrierpunkt~A_TARGET_VIBE~3,Mütze~A_TARGET_VIBE~3,Spur~A_TARGET_VIBE~3,Streusalz~A_TARGET_VIBE~3,Schal~A_TARGET_VIBE~3,Handschuh~A_TARGET_VIBE~3,Räumdienst~A_TARGET_VIBE~3"
Schnitzeljagd,3,5,Sport & Freizeit,6,"Ausflug~A_TARGET_VIBE~2,Wegbier~A_TARGET_VIBE~4,Rucksack~A_TARGET_VIBE~3,Pause~A_TARGET_VIBE~2,Picknickdecke~A_TARGET_VIBE~4,Wiese~A_TARGET_VIBE~2"
Schulferien,2,13,Feste & Jahreszeiten,4,"Duft~A_TARGET_VIBE~2,Licht~A_TARGET_VIBE~2,Kälte~A_TARGET_VIBE~2,Gäste~A_TARGET_VIBE~2"
Schulfest,3,9|13,Gesellschaft & Beruf|Feste & Jahreszeiten,7,"Wimpelkette~A_TARGET_VIBE~3,Girlande~A_TARGET_VIBE~2,Gäste~A_TARGET_VIBE~2,Einladung~A_TARGET_VIBE~2,Buffet~A_TARGET_VIBE~3,Tanzfläche~A_TARGET_VIBE~3,Fest~B_PART_VIBE~2"
Schwibbogen,4,13,Feste & Jahreszeiten,7,"Kerzenlicht~A_TARGET_VIBE~3,Gäste~A_TARGET_VIBE~3,Tannenzweig~A_TARGET_VIBE~3,Stollen~A_TARGET_VIBE~3,Zuckerhut~A_TARGET_VIBE~4,Lebkuchen~A_TARGET_VIBE~3,Zimt~A_TARGET_VIBE~3"
Schwimmbad,1,5,Sport & Freizeit,5,"Ausflug~A_TARGET_VIBE~2,Rucksack~A_TARGET_VIBE~2,Wiese~A_TARGET_VIBE~2,Pause~A_TARGET_VIBE~2,Wegbier~A_TARGET_VIBE~2"
Schützenfest,3,9|13,Gesellschaft & Beruf|Feste & Jahreszeiten,7,"Losbude~A_TARGET_VIBE~3,Wimpelkette~A_TARGET_VIBE~3,Bierbank~A_TARGET_VIBE~3,Buffet~A_TARGET_VIBE~3,Musikbox~A_TARGET_VIBE~3,Budenzauber~A_TARGET_VIBE~3,Fest~B_PART_VIBE~2"
Sekt,3,1,Essen & Trinken,6,"Dampf~A_TARGET_VIBE~2,Gewürz~A_TARGET_VIBE~2,Gabel~A_TARGET_VIBE~2,Pfanne~A_TARGET_VIBE~3,Anstoßen~A_TARGET_VIBE~3,Topf~A_TARGET_VIBE~3"
Sektglas,3,1,Essen & Trinken,6,"Trinkspruch~A_TARGET_VIBE~3,Gabel~A_TARGET_VIBE~2,Topf~A_TARGET_VIBE~3,Anstoßen~A_TARGET_VIBE~3,Pfanne~A_TARGET_VIBE~3,Dampf~A_TARGET_VIBE~2"
Sektkorken,3,1|13,Essen & Trinken|Feste & Jahreszeiten,6,"Anstoßen~A_TARGET_VIBE~3,Bleigießen~A_TARGET_VIBE~4,Konfetti~A_TARGET_VIBE~2,Countdown~A_TARGET_VIBE~2,Gabel~A_TARGET_VIBE~2,Mitternacht~A_TARGET_VIBE~2"
September,1,13,Feste & Jahreszeiten,4,"Duft~A_TARGET_VIBE~2,Licht~A_TARGET_VIBE~2,Kälte~A_TARGET_VIBE~2,Gäste~A_TARGET_VIBE~2"
Servierplatte,2,10,Haushalt & Wohnen,6,"Tischdecke~A_TARGET_VIBE~2,Regal~A_TARGET_VIBE~2,Menükarte~A_TARGET_VIBE~3,Schlüsselbund~A_TARGET_VIBE~3,Gläser~A_TARGET_VIBE~2,Porzellan~A_TARGET_VIBE~3"
Serviette,1,10,Haushalt & Wohnen,5,"Sofa~A_TARGET_VIBE~2,Gläser~A_TARGET_VIBE~2,Servierplatte~A_TARGET_VIBE~2,Schlüsselbund~A_TARGET_VIBE~2,Menükarte~A_TARGET_VIBE~2"
Serviettenring,3,10,Haushalt & Wohnen,6,"Eimer~A_TARGET_VIBE~3,Servierplatte~A_TARGET_VIBE~3,Besteck~A_TARGET_VIBE~2,Menükarte~A_TARGET_VIBE~3,Schrank~A_TARGET_VIBE~3,Schlüsselbund~A_TARGET_VIBE~4"
Silvester,1,13,Feste & Jahreszeiten,5,"Glitzer~A_TARGET_VIBE~2,Musikbox~A_TARGET_VIBE~2,Buffet~A_TARGET_VIBE~2,Wachsgießen~A_TARGET_VIBE~2,Wimpelkette~A_TARGET_VIBE~2"
Skifahrt,3,5|11,Sport & Freizeit|Wetter & Himmel,6,"Kratzen~A_TARGET_VIBE~3,Rucksack~A_TARGET_VIBE~3,Gefrierpunkt~A_TARGET_VIBE~3,Schal~A_TARGET_VIBE~2,Piste~A_TARGET_VIBE~3,Helm~A_TARGET_VIBE~2"
Skihütte,2,5|11,Sport & Freizeit|Wetter & Himmel,6,"Spur~A_TARGET_VIBE~3,Start~A_TARGET_VIBE~2,Gleiten~A_TARGET_VIBE~3,Helm~A_TARGET_VIBE~2,Sturz~A_TARGET_VIBE~2,Rutschig~A_TARGET_VIBE~2"
Skisprung,4,5|11,Sport & Freizeit|Wetter & Himmel,7,"Ausflug~A_TARGET_VIBE~3,Rucksack~A_TARGET_VIBE~3,Gefrierpunkt~A_TARGET_VIBE~3,Wiese~A_TARGET_VIBE~3,Picknickdecke~A_TARGET_VIBE~4,Sturz~A_TARGET_VIBE~3,Spur~A_TARGET_VIBE~3"
Sommer,1,13,Feste & Jahreszeiten,4,"Duft~A_TARGET_VIBE~2,Licht~A_TARGET_VIBE~2,Kälte~A_TARGET_VIBE~2,Gäste~A_TARGET_VIBE~2"
Sommerferien,2,13,Feste & Jahreszeiten,4,"Duft~A_TARGET_VIBE~2,Licht~A_TARGET_VIBE~2,Kälte~A_TARGET_VIBE~2,Gäste~A_TARGET_VIBE~2"
Sommerfest,3,9|13,Gesellschaft & Beruf|Feste & Jahreszeiten,7,"Zuckerwatte~A_TARGET_VIBE~3,Musikbox~A_TARGET_VIBE~3,Buffet~A_TARGET_VIBE~3,Karussell~A_TARGET_VIBE~3,Girlande~A_TARGET_VIBE~2,Bierbank~A_TARGET_VIBE~3,Fest~B_PART_VIBE~2"
Sommergewitter,3,11,Wetter & Himmel,4,"Duft~A_TARGET_VIBE~2,Licht~A_TARGET_VIBE~2,Kälte~A_TARGET_VIBE~2,Gäste~A_TARGET_VIBE~2"
Sommerhitze,3,11,Wetter & Himmel,4,"Duft~A_TARGET_VIBE~2,Licht~A_TARGET_VIBE~2,Kälte~A_TARGET_VIBE~2,Gäste~A_TARGET_VIBE~2"
Sommernacht,3,13,Feste & Jahreszeiten,5,"Duft~A_TARGET_VIBE~2,Licht~A_TARGET_VIBE~2,Kälte~A_TARGET_VIBE~2,Gäste~A_TARGET_VIBE~2,Nacht~B_PART_VIBE~2"
Sommerzeit,2,12|13,Gefühle & Abstraktes|Feste & Jahreszeiten,5,"Duft~A_TARGET_VIBE~2,Licht~A_TARGET_VIBE~2,Kälte~A_TARGET_VIBE~2,Gäste~A_TARGET_VIBE~2,Zeit~B_PART_VIBE~2"
Sonnenbrand,3,7|11,Wissenschaft & Medizin|Wetter & Himmel,6,"Prognose~A_TARGET_VIBE~3,Grad~A_TARGET_VIBE~2,Messwert~A_TARGET_VIBE~3,Thermometer~A_TARGET_VIBE~3,Skala~A_TARGET_VIBE~3,Diagramm~A_TARGET_VIBE~4"
Sonnencreme,2,7|11,Wissenschaft & Medizin|Wetter & Himmel,6,"Messwert~A_TARGET_VIBE~3,Grad~A_TARGET_VIBE~2,Skala~A_TARGET_VIBE~3,Prognose~A_TARGET_VIBE~3,Diagramm~A_TARGET_VIBE~3,Thermometer~A_TARGET_VIBE~3"
Sonnenhut,2,11,Wetter & Himmel,4,"Duft~A_TARGET_VIBE~2,Licht~A_TARGET_VIBE~2,Kälte~A_TARGET_VIBE~2,Gäste~A_TARGET_VIBE~2"
Sonnenliege,3,5|11,Sport & Freizeit|Wetter & Himmel,6,"Rucksack~A_TARGET_VIBE~3,Picknickdecke~A_TARGET_VIBE~4,Wiese~A_TARGET_VIBE~2,Ausflug~A_TARGET_VIBE~2,Wegbier~A_TARGET_VIBE~4,Pause~A_TARGET_VIBE~2"
Sonnenschein,1,11,Wetter & Himmel,4,"Duft~A_TARGET_VIBE~2,Licht~A_TARGET_VIBE~2,Kälte~A_TARGET_VIBE~2,Gäste~A_TARGET_VIBE~2"
Sonnenuntergang,2,11,Wetter & Himmel,6,"Schatten~A_TARGET_VIBE~2,Abendluft~A_TARGET_VIBE~3,Wolkenkante~A_TARGET_VIBE~3,Orange~A_TARGET_VIBE~2,Horizont~A_TARGET_VIBE~2,Dämmerung~A_TARGET_VIBE~2"
Sonnenwende,4,7|11,Wissenschaft & Medizin|Wetter & Himmel,6,"Grad~A_TARGET_VIBE~3,Diagramm~A_TARGET_VIBE~4,Prognose~A_TARGET_VIBE~3,Messwert~A_TARGET_VIBE~3,Skala~A_TARGET_VIBE~3,Thermometer~A_TARGET_VIBE~3"
Spargel,3,1,Essen & Trinken,6,"Topf~A_TARGET_VIBE~3,Gewürz~A_TARGET_VIBE~2,Dampf~A_TARGET_VIBE~2,Gabel~A_TARGET_VIBE~2,Pfanne~A_TARGET_VIBE~3,Schüssel~A_TARGET_VIBE~3"
Spekulatius,3,13,Feste & Jahreszeiten,6,"Lametta~A_TARGET_VIBE~2,Krippe~A_TARGET_VIBE~3,Wimpelkette~A_TARGET_VIBE~3,Marzipan~A_TARGET_VIBE~3,Kerzenlicht~A_TARGET_VIBE~2,Gäste~A_TARGET_VIBE~2"
Spielabend,2,5,Sport & Freizeit,6,"Picknickdecke~A_TARGET_VIBE~3,Spielkarte~A_TARGET_VIBE~3,Pause~A_TARGET_VIBE~2,Rucksack~A_TARGET_VIBE~3,Wegbier~A_TARGET_VIBE~3,Ausflug~A_TARGET_VIBE~2"
Spielzeug,1,5,Sport & Freizeit,5,"Würfel~A_TARGET_VIBE~2,Wiese~A_TARGET_VIBE~2,Picknickdecke~A_TARGET_VIBE~2,Mitspieler~A_TARGET_VIBE~2,Rucksack~A_TARGET_VIBE~2"
Stechpalme,4,2|13,Natur & Tiere|Feste & Jahreszeiten,7,"Zuckerhut~A_TARGET_VIBE~4,Tanzfläche~A_TARGET_VIBE~3,Krippe~A_TARGET_VIBE~3,Päckchen~A_TARGET_VIBE~3,Blumentopf~A_TARGET_VIBE~3,Erzgebirge~A_TARGET_VIBE~4,Musikbox~A_TARGET_VIBE~3"
Stern,1,11,Wetter & Himmel,5,"Orange~A_TARGET_VIBE~2,Dämmerung~A_TARGET_VIBE~2,Silhouette~A_TARGET_VIBE~2,Schatten~A_TARGET_VIBE~2,Abendluft~A_TARGET_VIBE~2"
Sternanis,4,1,Essen & Trinken,8,"Abendluft~A_TARGET_VIBE~3,Schüssel~A_TARGET_VIBE~3,Dämmerung~A_TARGET_VIBE~3,Schatten~A_TARGET_VIBE~3,Horizont~A_TARGET_VIBE~3,Gewürz~A_TARGET_VIBE~3,Silhouette~A_TARGET_VIBE~3,Stern~B_PART_VIBE~2"
Sternschnuppe,2,11,Wetter & Himmel,7,"Silhouette~A_TARGET_VIBE~3,Wolkenkante~A_TARGET_VIBE~3,Dämmerung~A_TARGET_VIBE~2,Orange~A_TARGET_VIBE~2,Horizont~A_TARGET_VIBE~2,Schatten~A_TARGET_VIBE~2,Stern~B_PART_VIBE~2"
Stockbrot,2,1,Essen & Trinken,6,"Gabel~A_TARGET_VIBE~2,Topf~A_TARGET_VIBE~3,Dampf~A_TARGET_VIBE~2,Gewürz~A_TARGET_VIBE~2,Schüssel~A_TARGET_VIBE~3,Pfanne~A_TARGET_VIBE~3"
Stollen,3,13,Feste & Jahreszeiten,6,"Gäste~A_TARGET_VIBE~2,Tannenzweig~A_TARGET_VIBE~2,Päckchen~A_TARGET_VIBE~2,Lametta~A_TARGET_VIBE~2,Musikbox~A_TARGET_VIBE~3,Buffet~A_TARGET_VIBE~3"
Strand,1,3|5,Orte & Reisen|Sport & Freizeit,5,"Wiese~A_TARGET_VIBE~2,Pause~A_TARGET_VIBE~2,Wegbier~A_TARGET_VIBE~2,Hütte~A_TARGET_VIBE~2,Bergbahn~A_TARGET_VIBE~2"
Straßenfest,3,9|13,Gesellschaft & Beruf|Feste & Jahreszeiten,7,"Riesenrad~A_TARGET_VIBE~3,Losbude~A_TARGET_VIBE~3,Karussell~A_TARGET_VIBE~3,Einladung~A_TARGET_VIBE~2,Girlande~A_TARGET_VIBE~2,Fahrgeschäft~A_TARGET_VIBE~3,Fest~B_PART_VIBE~2"
Streichholz,1,10,Haushalt & Wohnen,5,"Sofa~A_TARGET_VIBE~2,Schrank~A_TARGET_VIBE~2,Regal~A_TARGET_VIBE~2,Decke~A_TARGET_VIBE~2,Eimer~A_TARGET_VIBE~2"
Streusalz,3,11,Wetter & Himmel,6,"Räumdienst~A_TARGET_VIBE~3,Spur~A_TARGET_VIBE~3,Handschuh~A_TARGET_VIBE~2,Mütze~A_TARGET_VIBE~2,Schal~A_TARGET_VIBE~2,Rutschig~A_TARGET_VIBE~2"
Strohballen,3,2,Natur & Tiere,6,"Erntekorb~A_TARGET_VIBE~3,Rechen~A_TARGET_VIBE~3,Pilzkorb~A_TARGET_VIBE~3,Vogelzug~A_TARGET_VIBE~3,Laubhaufen~A_TARGET_VIBE~3,Nebelbank~A_TARGET_VIBE~3"
Strohstern,3,11|13,Wetter & Himmel|Feste & Jahreszeiten,7,"Wolkenkante~A_TARGET_VIBE~3,Kerzenlicht~A_TARGET_VIBE~2,Marzipan~A_TARGET_VIBE~3,Tannenzweig~A_TARGET_VIBE~2,Orange~A_TARGET_VIBE~2,Zimt~A_TARGET_VIBE~2,Stern~B_PART_VIBE~2"
Sturmböe,3,11,Wetter & Himmel,4,"Duft~A_TARGET_VIBE~2,Licht~A_TARGET_VIBE~2,Kälte~A_TARGET_VIBE~2,Gäste~A_TARGET_VIBE~2"
Sturmflut,4,11,Wetter & Himmel,4,"Duft~A_TARGET_VIBE~2,Licht~A_TARGET_VIBE~2,Kälte~A_TARGET_VIBE~2,Gäste~A_TARGET_VIBE~2"
Tagundnachtgleiche,5,7|11,Wissenschaft & Medizin|Wetter & Himmel,7,"Diagramm~A_TARGET_VIBE~4,Messwert~A_TARGET_VIBE~3,Thermometer~A_TARGET_VIBE~3,Prognose~A_TARGET_VIBE~3,Grad~A_TARGET_VIBE~3,Skala~A_TARGET_VIBE~3,Nacht~B_PART_VIBE~2"
Tannenbaum,2,13,Feste & Jahreszeiten,7,"Stern~A_TARGET_VIBE~2,Tanzfläche~A_TARGET_VIBE~3,Lametta~A_TARGET_VIBE~2,Musikbox~A_TARGET_VIBE~3,Einladung~A_TARGET_VIBE~2,Zimt~A_TARGET_VIBE~2,Baum~B_PART_VIBE~2"
Tannengrün,3,2|13,Natur & Tiere|Feste & Jahreszeiten,6,"Wimpelkette~A_TARGET_VIBE~3,Kerzenlicht~A_TARGET_VIBE~2,Pilzkorb~A_TARGET_VIBE~3,Erzgebirge~A_TARGET_VIBE~4,Lebkuchen~A_TARGET_VIBE~3,Zimt~A_TARGET_VIBE~2"
Tannennadel,3,2|13,Natur & Tiere|Feste & Jahreszeiten,6,"Glocken~A_TARGET_VIBE~2,Marzipan~A_TARGET_VIBE~3,Wimpelkette~A_TARGET_VIBE~3,Nebelbank~A_TARGET_VIBE~3,Erzgebirge~A_TARGET_VIBE~4,Krippe~A_TARGET_VIBE~3"
Tannenzapfen,2,2,Natur & Tiere,7,"Nebelbank~A_TARGET_VIBE~3,Rechen~A_TARGET_VIBE~3,Strohballen~A_TARGET_VIBE~3,Erntekorb~A_TARGET_VIBE~3,Vogelzug~A_TARGET_VIBE~3,Laubhaufen~A_TARGET_VIBE~3,Zapfen~B_PART_VIBE~2"
Tannenzweig,3,2|13,Natur & Tiere|Feste & Jahreszeiten,7,"Glocken~A_TARGET_VIBE~2,Vogelzug~A_TARGET_VIBE~3,Päckchen~A_TARGET_VIBE~2,Erzgebirge~A_TARGET_VIBE~4,Musikbox~A_TARGET_VIBE~3,Lametta~A_TARGET_VIBE~2,Zweig~B_PART_VIBE~2"
Tanzfläche,2,4,Kultur & Kunst,6,"Applaus~A_TARGET_VIBE~3,Orchester~A_TARGET_VIBE~3,Ballsaal~A_TARGET_VIBE~3,Refrain~A_TARGET_VIBE~3,Notenblatt~A_TARGET_VIBE~3,Takt~A_TARGET_VIBE~3"
Tau,2,11,Wetter & Himmel,4,"Duft~A_TARGET_VIBE~2,Licht~A_TARGET_VIBE~2,Kälte~A_TARGET_VIBE~2,Gäste~A_TARGET_VIBE~2"
Taufe,3,9|11|13,Gesellschaft & Beruf|Wetter & Himmel|Feste & Jahreszeiten,6,"Buffet~A_TARGET_VIBE~3,Girlande~A_TARGET_VIBE~2,Tanzfläche~A_TARGET_VIBE~3,Gäste~A_TARGET_VIBE~2,Musikbox~A_TARGET_VIBE~3,Wimpelkette~A_TARGET_VIBE~3"
Taupunkt,4,7|11,Wissenschaft & Medizin|Wetter & Himmel,6,"Thermometer~A_TARGET_VIBE~3,Prognose~A_TARGET_VIBE~3,Skala~A_TARGET_VIBE~3,Diagramm~A_TARGET_VIBE~4,Grad~A_TARGET_VIBE~3,Messwert~A_TARGET_VIBE~3"
Tauwetter,3,11,Wetter & Himmel,4,"Duft~A_TARGET_VIBE~2,Licht~A_TARGET_VIBE~2,Kälte~A_TARGET_VIBE~2,Gäste~A_TARGET_VIBE~2"
Teelicht,2,1|10,Essen & Trinken|Haushalt & Wohnen,6,"Trinkspruch~A_TARGET_VIBE~3,Korken~A_TARGET_VIBE~3,Decke~A_TARGET_VIBE~2,Glas~A_TARGET_VIBE~2,Topf~A_TARGET_VIBE~3,Buffet~A_TARGET_VIBE~3"
Temperatur,3,7|11,Wissenschaft & Medizin|Wetter & Himmel,6,"Prognose~A_TARGET_VIBE~3,Diagramm~A_TARGET_VIBE~4,Grad~A_TARGET_VIBE~2,Messwert~A_TARGET_VIBE~3,Skala~A_TARGET_VIBE~3,Thermometer~A_TARGET_VIBE~3"
Terminplaner,3,12|13,Gefühle & Abstraktes|Feste & Jahreszeiten,4,"Duft~A_TARGET_VIBE~2,Licht~A_TARGET_VIBE~2,Kälte~A_TARGET_VIBE~2,Gäste~A_TARGET_VIBE~2"
Thermoskanne,3,10,Haushalt & Wohnen,6,"Schrank~A_TARGET_VIBE~3,Regal~A_TARGET_VIBE~2,Gläser~A_TARGET_VIBE~2,Besteck~A_TARGET_VIBE~2,Decke~A_TARGET_VIBE~2,Menükarte~A_TARGET_VIBE~3"
Tischdecke,2,10,Haushalt & Wohnen,6,"Falten~A_TARGET_VIBE~3,Schlüsselbund~A_TARGET_VIBE~3,Besteck~A_TARGET_VIBE~2,Sofa~A_TARGET_VIBE~2,Eimer~A_TARGET_VIBE~3,Menükarte~A_TARGET_VIBE~3"
Tischkarte,3,10,Haushalt & Wohnen,7,"Porzellan~A_TARGET_VIBE~3,Schrank~A_TARGET_VIBE~3,Gläser~A_TARGET_VIBE~2,Decke~A_TARGET_VIBE~2,Tischdecke~A_TARGET_VIBE~2,Sofa~A_TARGET_VIBE~2,Karte~B_PART_VIBE~2"
Tischläufer,3,10,Haushalt & Wohnen,6,"Falten~A_TARGET_VIBE~3,Sitzordnung~A_TARGET_VIBE~3,Schlüsselbund~A_TARGET_VIBE~4,Decke~A_TARGET_VIBE~2,Sofa~A_TARGET_VIBE~2,Eimer~A_TARGET_VIBE~3"
Tischschmuck,3,10,Haushalt & Wohnen,6,"Eimer~A_TARGET_VIBE~3,Decke~A_TARGET_VIBE~2,Besteck~A_TARGET_VIBE~2,Porzellan~A_TARGET_VIBE~3,Sofa~A_TARGET_VIBE~2,Gläser~A_TARGET_VIBE~2"
Tombola,3,9|13,Gesellschaft & Beruf|Feste & Jahreszeiten,6,"Musikbox~A_TARGET_VIBE~3,Girlande~A_TARGET_VIBE~2,Buffet~A_TARGET_VIBE~3,Gäste~A_TARGET_VIBE~2,Tanzfläche~A_TARGET_VIBE~3,Einladung~A_TARGET_VIBE~2"
Torte,1,1,Essen & Trinken,5,"Bonbonpapier~A_TARGET_VIBE~2,Backofen~A_TARGET_VIBE~2,Zuckerguss~A_TARGET_VIBE~2,Gabel~A_TARGET_VIBE~2,Rührschüssel~A_TARGET_VIBE~2"
Tradition,2,12,Gefühle & Abstraktes,6,"Erwartung~A_TARGET_VIBE~2,Brauch~A_TARGET_VIBE~2,Stimmung~A_TARGET_VIBE~2,Erinnerung~A_TARGET_VIBE~2,Ritual~A_TARGET_VIBE~3,Symbol~A_TARGET_VIBE~2"
Traubensaft,2,1|2,Essen & Trinken|Natur & Tiere,7,"Pflückkorb~A_TARGET_VIBE~3,Gabel~A_TARGET_VIBE~2,Schüssel~A_TARGET_VIBE~3,Joghurt~A_TARGET_VIBE~3,Topf~A_TARGET_VIBE~3,Wiese~A_TARGET_VIBE~2,Saft~B_PART_VIBE~2"
Trinkspruch,4,13,Feste & Jahreszeiten,7,"Anstoßen~A_TARGET_VIBE~3,Buffet~A_TARGET_VIBE~3,Musikbox~A_TARGET_VIBE~3,Glitzer~A_TARGET_VIBE~3,Einladung~A_TARGET_VIBE~3,Gäste~A_TARGET_VIBE~3,Tanzfläche~A_TARGET_VIBE~3"
Trommel,2,4,Kultur & Kunst,6,"Ballsaal~A_TARGET_VIBE~3,Takt~A_TARGET_VIBE~3,Notenblatt~A_TARGET_VIBE~3,Orchester~A_TARGET_VIBE~3,Refrain~A_TARGET_VIBE~3,Applaus~A_TARGET_VIBE~3"
Tulpe,2,2,Natur & Tiere,6,"Knospe~A_TARGET_VIBE~2,Wiese~A_TARGET_VIBE~2,Pollen~A_TARGET_VIBE~3,Biene~A_TARGET_VIBE~2,Vase~A_TARGET_VIBE~3,Duft~A_TARGET_VIBE~2"
Umzug,3,9|13,Gesellschaft & Beruf|Feste & Jahreszeiten,6,"Einladung~A_TARGET_VIBE~2,Wimpelkette~A_TARGET_VIBE~3,Girlande~A_TARGET_VIBE~2,Gäste~A_TARGET_VIBE~2,Buffet~A_TARGET_VIBE~3,Musikbox~A_TARGET_VIBE~3"
Umzugswagen,3,9|13,Gesellschaft & Beruf|Feste & Jahreszeiten,6,"Einladung~A_TARGET_VIBE~2,Buffet~A_TARGET_VIBE~3,Girlande~A_TARGET_VIBE~2,Musikbox~A_TARGET_VIBE~3,Gäste~A_TARGET_VIBE~2,Tanzfläche~A_TARGET_VIBE~3"
Vanillekipferl,4,1,Essen & Trinken,7,"Puderzucker~A_TARGET_VIBE~3,Ausstecher~A_TARGET_VIBE~3,Zuckerstreusel~A_TARGET_VIBE~3,Gabel~A_TARGET_VIBE~3,Backblech~A_TARGET_VIBE~3,Zuckerguss~A_TARGET_VIBE~3,Buffet~A_TARGET_VIBE~3"
Vatertag,2,9|13,Gesellschaft & Beruf|Feste & Jahreszeiten,6,"Wimpelkette~A_TARGET_VIBE~3,Girlande~A_TARGET_VIBE~2,Buffet~A_TARGET_VIBE~3,Musikbox~A_TARGET_VIBE~3,Einladung~A_TARGET_VIBE~2,Gäste~A_TARGET_VIBE~2"
Veilchen,2,2,Natur & Tiere,6,"Wiese~A_TARGET_VIBE~2,Gießkanne~A_TARGET_VIBE~3,Duft~A_TARGET_VIBE~2,Knospe~A_TARGET_VIBE~2,Pollen~A_TARGET_VIBE~3,Blumentopf~A_TARGET_VIBE~3"
Verpackung,3,9|10,Gesellschaft & Beruf|Haushalt & Wohnen,6,"Anhänger~A_TARGET_VIBE~3,Stift~A_TARGET_VIBE~2,Schleife~A_TARGET_VIBE~2,Überraschung~A_TARGET_VIBE~2,Klebeband~A_TARGET_VIBE~2,Liste~A_TARGET_VIBE~2"
Verwehung,4,11,Wetter & Himmel,7,"Schal~A_TARGET_VIBE~3,Mütze~A_TARGET_VIBE~3,Streusalz~A_TARGET_VIBE~3,Handschuh~A_TARGET_VIBE~3,Spur~A_TARGET_VIBE~3,Rutschig~A_TARGET_VIBE~3,Gefrierpunkt~A_TARGET_VIBE~3"
Vogelzug,3,2,Natur & Tiere,6,"Nebelbank~A_TARGET_VIBE~3,Strohballen~A_TARGET_VIBE~3,Pilzkorb~A_TARGET_VIBE~3,Erntekorb~A_TARGET_VIBE~3,Laubhaufen~A_TARGET_VIBE~3,Rechen~A_TARGET_VIBE~3"
Volksfest,3,9|13,Gesellschaft & Beruf|Feste & Jahreszeiten,7,"Karussell~A_TARGET_VIBE~3,Bierbank~A_TARGET_VIBE~3,Einladung~A_TARGET_VIBE~2,Festzelt~A_TARGET_VIBE~3,Zuckerwatte~A_TARGET_VIBE~3,Buffet~A_TARGET_VIBE~3,Fest~B_PART_VIBE~2"
Vorfreude,2,12,Gefühle & Abstraktes,6,"Symbol~A_TARGET_VIBE~2,Erwartung~A_TARGET_VIBE~2,Ritual~A_TARGET_VIBE~3,Brauch~A_TARGET_VIBE~2,Erinnerung~A_TARGET_VIBE~2,Stimmung~A_TARGET_VIBE~2"
Wachsgießen,4,10|13,Haushalt & Wohnen|Feste & Jahreszeiten,7,"Decke~A_TARGET_VIBE~3,Einladung~A_TARGET_VIBE~3,Countdown~A_TARGET_VIBE~3,Sofa~A_TARGET_VIBE~3,Eimer~A_TARGET_VIBE~3,Bleigießen~A_TARGET_VIBE~4,Tanzfläche~A_TARGET_VIBE~3"
Walnuss,2,2,Natur & Tiere,6,"Laubhaufen~A_TARGET_VIBE~3,Erntekorb~A_TARGET_VIBE~3,Nebelbank~A_TARGET_VIBE~3,Rechen~A_TARGET_VIBE~3,Strohballen~A_TARGET_VIBE~3,Pilzkorb~A_TARGET_VIBE~3"
Walzer,3,4,Kultur & Kunst,6,"Notenblatt~A_TARGET_VIBE~3,Applaus~A_TARGET_VIBE~3,Orchester~A_TARGET_VIBE~3,Refrain~A_TARGET_VIBE~3,Ballsaal~A_TARGET_VIBE~3,Takt~A_TARGET_VIBE~3"
Weihnachten,1,13,Feste & Jahreszeiten,6,"Lebkuchen~A_TARGET_VIBE~2,Zuckerhut~A_TARGET_VIBE~2,Stern~A_TARGET_VIBE~2,Päckchen~A_TARGET_VIBE~2,Wimpelkette~A_TARGET_VIBE~2,Nacht~B_PART_VIBE~2"
Weihnachtsgans,2,1|13,Essen & Trinken|Feste & Jahreszeiten,7,"Kerzenlicht~A_TARGET_VIBE~2,Buffet~A_TARGET_VIBE~3,Tanzfläche~A_TARGET_VIBE~3,Wimpelkette~A_TARGET_VIBE~3,Musikbox~A_TARGET_VIBE~3,Gabel~A_TARGET_VIBE~2,Nacht~B_PART_VIBE~2"
Weihnachtslied,3,4|13,Kultur & Kunst|Feste & Jahreszeiten,7,"Erzgebirge~A_TARGET_VIBE~4,Wimpelkette~A_TARGET_VIBE~3,Ballsaal~A_TARGET_VIBE~3,Päckchen~A_TARGET_VIBE~2,Stern~A_TARGET_VIBE~2,Lametta~A_TARGET_VIBE~2,Lied~B_PART_VIBE~2"
Weihnachtsmann,3,13,Feste & Jahreszeiten,7,"Päckchen~A_TARGET_VIBE~2,Gäste~A_TARGET_VIBE~2,Zimt~A_TARGET_VIBE~2,Kerzenlicht~A_TARGET_VIBE~2,Buffet~A_TARGET_VIBE~3,Geschenkpapier~A_TARGET_VIBE~2,Nacht~B_PART_VIBE~2"
Weihnachtsmarkt,3,13,Feste & Jahreszeiten,7,"Lichterkette~A_TARGET_VIBE~2,Buffet~A_TARGET_VIBE~3,Erzgebirge~A_TARGET_VIBE~4,Stern~A_TARGET_VIBE~2,Girlande~A_TARGET_VIBE~2,Wimpelkette~A_TARGET_VIBE~3,Nacht~B_PART_VIBE~2"
Weihnachtspyramide,4,13,Feste & Jahreszeiten,8,"Lichterkette~A_TARGET_VIBE~3,Geschenkpapier~A_TARGET_VIBE~3,Lebkuchen~A_TARGET_VIBE~3,Zimt~A_TARGET_VIBE~3,Lametta~A_TARGET_VIBE~3,Wimpelkette~A_TARGET_VIBE~3,Päckchen~A_TARGET_VIBE~3,Nacht~B_PART_VIBE~2"
Weihnachtsstern,3,11|13,Wetter & Himmel|Feste & Jahreszeiten,7,"Tannenzweig~A_TARGET_VIBE~2,Buffet~A_TARGET_VIBE~3,Lichterkette~A_TARGET_VIBE~2,Einladung~A_TARGET_VIBE~2,Marzipan~A_TARGET_VIBE~3,Horizont~A_TARGET_VIBE~2,Nacht~B_PART_VIBE~2"
Weihrauch,4,13,Feste & Jahreszeiten,7,"Geschenkpapier~A_TARGET_VIBE~3,Marzipan~A_TARGET_VIBE~3,Tannenzweig~A_TARGET_VIBE~3,Tanzfläche~A_TARGET_VIBE~3,Buffet~A_TARGET_VIBE~3,Zuckerhut~A_TARGET_VIBE~4,Krippe~A_TARGET_VIBE~3"
Weinberg,3,1|2,Essen & Trinken|Natur & Tiere,6,"Korken~A_TARGET_VIBE~3,Most~A_TARGET_VIBE~3,Gewürz~A_TARGET_VIBE~2,Keller~A_TARGET_VIBE~3,Anstoßen~A_TARGET_VIBE~3,Prickeln~A_TARGET_VIBE~2"
Weinlese,4,1|2,Essen & Trinken|Natur & Tiere,7,"Traube~A_TARGET_VIBE~3,Dampf~A_TARGET_VIBE~3,Keller~A_TARGET_VIBE~3,Most~A_TARGET_VIBE~3,Schluck~A_TARGET_VIBE~3,Gabel~A_TARGET_VIBE~3,Winzer~A_TARGET_VIBE~3"
Weinprobe,3,1|2,Essen & Trinken|Natur & Tiere,6,"Reben~A_TARGET_VIBE~3,Prickeln~A_TARGET_VIBE~2,Traube~A_TARGET_VIBE~2,Keller~A_TARGET_VIBE~3,Lese~A_TARGET_VIBE~3,Dampf~A_TARGET_VIBE~2"
Wichtel,3,8|13,Geschichte & Mythos|Feste & Jahreszeiten,6,"Stern~A_TARGET_VIBE~2,Märchen~A_TARGET_VIBE~2,Gäste~A_TARGET_VIBE~2,Marzipan~A_TARGET_VIBE~3,Legende~A_TARGET_VIBE~3,Erzgebirge~A_TARGET_VIBE~4"
Wichtelbrief,4,8|13,Geschichte & Mythos|Feste & Jahreszeiten,7,"Päckchen~A_TARGET_VIBE~3,Krippe~A_TARGET_VIBE~3,Legende~A_TARGET_VIBE~3,Marzipan~A_TARGET_VIBE~3,Buffet~A_TARGET_VIBE~3,Stern~A_TARGET_VIBE~3,Tannenzweig~A_TARGET_VIBE~3"
Wimpel,2,10|13,Haushalt & Wohnen|Feste & Jahreszeiten,6,"Regal~A_TARGET_VIBE~2,Buffet~A_TARGET_VIBE~3,Gäste~A_TARGET_VIBE~2,Eimer~A_TARGET_VIBE~3,Einladung~A_TARGET_VIBE~2,Musikbox~A_TARGET_VIBE~3"
Wimpelkette,3,10|13,Haushalt & Wohnen|Feste & Jahreszeiten,6,"Einladung~A_TARGET_VIBE~2,Girlande~A_TARGET_VIBE~2,Schlüsselbund~A_TARGET_VIBE~4,Decke~A_TARGET_VIBE~2,Sofa~A_TARGET_VIBE~2,Regal~A_TARGET_VIBE~2"
Windstille,3,11,Wetter & Himmel,7,"Kratzen~A_TARGET_VIBE~3,Handschuh~A_TARGET_VIBE~2,Streusalz~A_TARGET_VIBE~2,Gefrierpunkt~A_TARGET_VIBE~3,Räumdienst~A_TARGET_VIBE~3,Spur~A_TARGET_VIBE~3,Wind~B_PART_VIBE~2"
Winter,1,11|13,Wetter & Himmel|Feste & Jahreszeiten,5,"Handschuh~A_TARGET_VIBE~2,Schal~A_TARGET_VIBE~2,Spur~A_TARGET_VIBE~2,Räumdienst~A_TARGET_VIBE~2,Rutschig~A_TARGET_VIBE~2"
Winterdienst,4,11,Wetter & Himmel,7,"Kratzen~A_TARGET_VIBE~3,Gefrierpunkt~A_TARGET_VIBE~3,Räumdienst~A_TARGET_VIBE~3,Handschuh~A_TARGET_VIBE~3,Spur~A_TARGET_VIBE~3,Streusalz~A_TARGET_VIBE~3,Mütze~A_TARGET_VIBE~3"
Winterjacke,3,5|11,Sport & Freizeit|Wetter & Himmel,6,"Wiese~A_TARGET_VIBE~2,Daunen~A_TARGET_VIBE~3,Wegbier~A_TARGET_VIBE~4,Rucksack~A_TARGET_VIBE~3,Kapuze~A_TARGET_VIBE~2,Streusalz~A_TARGET_VIBE~2"
Wintermantel,2,5|11,Sport & Freizeit|Wetter & Himmel,7,"Mütze~A_TARGET_VIBE~2,Picknickdecke~A_TARGET_VIBE~3,Nähte~A_TARGET_VIBE~3,Schal~A_TARGET_VIBE~2,Räumdienst~A_TARGET_VIBE~3,Daunen~A_TARGET_VIBE~3,Mantel~B_PART_VIBE~2"
Winterpause,3,11,Wetter & Himmel,6,"Streusalz~A_TARGET_VIBE~2,Gefrierpunkt~A_TARGET_VIBE~3,Spur~A_TARGET_VIBE~3,Mütze~A_TARGET_VIBE~2,Kratzen~A_TARGET_VIBE~3,Schal~A_TARGET_VIBE~2"
Winterreifen,2,11,Wetter & Himmel,7,"Gefrierpunkt~A_TARGET_VIBE~3,Rutschig~A_TARGET_VIBE~2,Handschuh~A_TARGET_VIBE~2,Kratzen~A_TARGET_VIBE~3,Räumdienst~A_TARGET_VIBE~3,Mütze~A_TARGET_VIBE~2,Reifen~B_PART_VIBE~2"
Wintersonne,3,11,Wetter & Himmel,6,"Spur~A_TARGET_VIBE~3,Kratzen~A_TARGET_VIBE~3,Gefrierpunkt~A_TARGET_VIBE~3,Mütze~A_TARGET_VIBE~2,Handschuh~A_TARGET_VIBE~2,Räumdienst~A_TARGET_VIBE~3"
Winterstiefel,2,5|11,Sport & Freizeit|Wetter & Himmel,7,"Wolle~A_TARGET_VIBE~2,Rucksack~A_TARGET_VIBE~3,Handschuh~A_TARGET_VIBE~2,Wegbier~A_TARGET_VIBE~3,Kratzen~A_TARGET_VIBE~3,Gefrierpunkt~A_TARGET_VIBE~3,Stiefel~B_PART_VIBE~2"
Wintersturm,3,11,Wetter & Himmel,6,"Rutschig~A_TARGET_VIBE~2,Schal~A_TARGET_VIBE~2,Gefrierpunkt~A_TARGET_VIBE~3,Spur~A_TARGET_VIBE~3,Handschuh~A_TARGET_VIBE~2,Kratzen~A_TARGET_VIBE~3"
Winterurlaub,2,2|3|11,Natur & Tiere|Orte & Reisen|Wetter & Himmel,6,"Vogelzug~A_TARGET_VIBE~3,Schal~A_TARGET_VIBE~2,Rutschig~A_TARGET_VIBE~2,Erntekorb~A_TARGET_VIBE~3,Strohballen~A_TARGET_VIBE~3,Koffer~A_TARGET_VIBE~3"
Winterwald,3,2|11,Natur & Tiere|Wetter & Himmel,6,"Rechen~A_TARGET_VIBE~3,Gefrierpunkt~A_TARGET_VIBE~3,Räumdienst~A_TARGET_VIBE~3,Rutschig~A_TARGET_VIBE~2,Schal~A_TARGET_VIBE~2,Laubhaufen~A_TARGET_VIBE~3"
Winterwetter,3,11,Wetter & Himmel,6,"Streusalz~A_TARGET_VIBE~2,Rutschig~A_TARGET_VIBE~2,Mütze~A_TARGET_VIBE~2,Gefrierpunkt~A_TARGET_VIBE~3,Schal~A_TARGET_VIBE~2,Handschuh~A_TARGET_VIBE~2"
Winterzeit,2,11|12|13,Wetter & Himmel|Gefühle & Abstraktes|Feste & Jahreszeiten,7,"Gefrierpunkt~A_TARGET_VIBE~3,Handschuh~A_TARGET_VIBE~2,Kratzen~A_TARGET_VIBE~3,Schal~A_TARGET_VIBE~2,Rutschig~A_TARGET_VIBE~2,Spur~A_TARGET_VIBE~3,Zeit~B_PART_VIBE~2"
Wolke,1,11,Wetter & Himmel,4,"Duft~A_TARGET_VIBE~2,Licht~A_TARGET_VIBE~2,Kälte~A_TARGET_VIBE~2,Gäste~A_TARGET_VIBE~2"
Wolkenbruch,4,11,Wetter & Himmel,4,"Duft~A_TARGET_VIBE~2,Licht~A_TARGET_VIBE~2,Kälte~A_TARGET_VIBE~2,Gäste~A_TARGET_VIBE~2"
Wolkenlücke,3,11,Wetter & Himmel,4,"Duft~A_TARGET_VIBE~2,Licht~A_TARGET_VIBE~2,Kälte~A_TARGET_VIBE~2,Gäste~A_TARGET_VIBE~2"
Wollmütze,2,5|11,Sport & Freizeit|Wetter & Himmel,6,"Handschuh~A_TARGET_VIBE~2,Rucksack~A_TARGET_VIBE~3,Nähte~A_TARGET_VIBE~3,Wolle~A_TARGET_VIBE~2,Pause~A_TARGET_VIBE~2,Wiese~A_TARGET_VIBE~2"
Wollsocke,2,5|11,Sport & Freizeit|Wetter & Himmel,6,"Mütze~A_TARGET_VIBE~2,Gefrierpunkt~A_TARGET_VIBE~3,Schal~A_TARGET_VIBE~2,Rutschig~A_TARGET_VIBE~2,Handschuh~A_TARGET_VIBE~2,Wiese~A_TARGET_VIBE~2"
Wunderkerze,2,10,Haushalt & Wohnen,6,"Regal~A_TARGET_VIBE~2,Sofa~A_TARGET_VIBE~2,Schlüsselbund~A_TARGET_VIBE~3,Eimer~A_TARGET_VIBE~3,Decke~A_TARGET_VIBE~2,Schrank~A_TARGET_VIBE~3"
Wunschliste,2,9|10,Gesellschaft & Beruf|Haushalt & Wohnen,6,"Stift~A_TARGET_VIBE~2,Geschenkband~A_TARGET_VIBE~2,Klebeband~A_TARGET_VIBE~2,Anhänger~A_TARGET_VIBE~3,Schleife~A_TARGET_VIBE~2,Karton~A_TARGET_VIBE~3"
Wunschzettel,2,9|10,Gesellschaft & Beruf|Haushalt & Wohnen,6,"Umschlag~A_TARGET_VIBE~2,Schleife~A_TARGET_VIBE~2,Stift~A_TARGET_VIBE~2,Anhänger~A_TARGET_VIBE~3,Klebeband~A_TARGET_VIBE~2,Geschenkband~A_TARGET_VIBE~2"
Wärmflasche,2,10,Haushalt & Wohnen,6,"Sofa~A_TARGET_VIBE~2,Decke~A_TARGET_VIBE~2,Schrank~A_TARGET_VIBE~3,Schlüsselbund~A_TARGET_VIBE~3,Eimer~A_TARGET_VIBE~3,Regal~A_TARGET_VIBE~2"
Würfelspiel,3,5,Sport & Freizeit,6,"Punkte~A_TARGET_VIBE~3,Wegbier~A_TARGET_VIBE~4,Wiese~A_TARGET_VIBE~2,Spielkarte~A_TARGET_VIBE~3,Picknickdecke~A_TARGET_VIBE~4,Mitspieler~A_TARGET_VIBE~2"
Würstchen,1,1,Essen & Trinken,5,"Topf~A_TARGET_VIBE~2,Buffet~A_TARGET_VIBE~2,Pfanne~A_TARGET_VIBE~2,Gabel~A_TARGET_VIBE~2,Schüssel~A_TARGET_VIBE~2"
Zapfen,2,2,Natur & Tiere,6,"Nebelbank~A_TARGET_VIBE~3,Pilzkorb~A_TARGET_VIBE~3,Laubhaufen~A_TARGET_VIBE~3,Strohballen~A_TARGET_VIBE~3,Vogelzug~A_TARGET_VIBE~3,Erntekorb~A_TARGET_VIBE~3"
Zeitumstellung,3,12|13,Gefühle & Abstraktes|Feste & Jahreszeiten,5,"Duft~A_TARGET_VIBE~2,Licht~A_TARGET_VIBE~2,Kälte~A_TARGET_VIBE~2,Gäste~A_TARGET_VIBE~2,Zeit~B_PART_VIBE~2"
Zimt,2,1,Essen & Trinken,6,"Gewürz~A_TARGET_VIBE~2,Topf~A_TARGET_VIBE~3,Buffet~A_TARGET_VIBE~3,Backstube~A_TARGET_VIBE~3,Nelke~A_TARGET_VIBE~3,Duft~A_TARGET_VIBE~2"
Zimtduft,3,1,Essen & Trinken,6,"Gewürz~A_TARGET_VIBE~2,Pfanne~A_TARGET_VIBE~3,Dampf~A_TARGET_VIBE~2,Topf~A_TARGET_VIBE~3,Nelke~A_TARGET_VIBE~3,Muskat~A_TARGET_VIBE~4"
Zimtschnecke,3,1,Essen & Trinken,6,"Pfanne~A_TARGET_VIBE~3,Gabel~A_TARGET_VIBE~2,Muskat~A_TARGET_VIBE~4,Schüssel~A_TARGET_VIBE~3,Glasur~A_TARGET_VIBE~3,Dekor~A_TARGET_VIBE~3"
Zimtstange,3,1,Essen & Trinken,6,"Buffet~A_TARGET_VIBE~3,Pfanne~A_TARGET_VIBE~3,Backstube~A_TARGET_VIBE~4,Topf~A_TARGET_VIBE~3,Gabel~A_TARGET_VIBE~2,Kaffee~A_TARGET_VIBE~2"
Zuckerguss,3,1,Essen & Trinken,6,"Topf~A_TARGET_VIBE~3,Teig~A_TARGET_VIBE~3,Backofen~A_TARGET_VIBE~3,Dekor~A_TARGET_VIBE~3,Karamell~A_TARGET_VIBE~3,Gewürz~A_TARGET_VIBE~2"
Zuckerstange,2,1,Essen & Trinken,6,"Glasur~A_TARGET_VIBE~3,Dekor~A_TARGET_VIBE~3,Zuckerstreusel~A_TARGET_VIBE~3,Buffet~A_TARGET_VIBE~3,Teig~A_TARGET_VIBE~3,Karamell~A_TARGET_VIBE~3"
Zuckerstreusel,2,1,Essen & Trinken,6,"Backblech~A_TARGET_VIBE~3,Kaffeetasse~A_TARGET_VIBE~2,Buffet~A_TARGET_VIBE~3,Topf~A_TARGET_VIBE~3,Dekor~A_TARGET_VIBE~3,Karamell~A_TARGET_VIBE~3"
Zwetschge,3,1|2,Essen & Trinken|Natur & Tiere,6,"Saftfleck~A_TARGET_VIBE~3,Dornen~A_TARGET_VIBE~3,Sommerküche~A_TARGET_VIBE~4,Blumentopf~A_TARGET_VIBE~3,Gießkanne~A_TARGET_VIBE~3,Duft~A_TARGET_VIBE~2"
Überraschung,1,12,Gefühle & Abstraktes,5,"Brauch~A_TARGET_VIBE~2,Stimmung~A_TARGET_VIBE~2,Erwartung~A_TARGET_VIBE~2,Ritual~A_TARGET_VIBE~2,Erinnerung~A_TARGET_VIBE~2"
