word,difficulty,genre_ids,genre_names,hint_count,hints
Kajak,3,2|3|5,Natur & Tiere|Orte & Reisen|Sport & Freizeit,6,"Wildwasser~A_TARGET_VIBE~3,Spritzdecke~A_TARGET_VIBE~3,Ufer~A_TARGET_VIBE~2,Stromschnelle~A_TARGET_VIBE~3,Neopren~A_TARGET_VIBE~3,Schwimmweste~A_TARGET_VIBE~2"
Kanal,1,2|3,Natur & Tiere|Orte & Reisen,5,"Stauwehr~A_TARGET_VIBE~3,Wasserstand~A_TARGET_VIBE~3,Uferweg~A_TARGET_VIBE~2,Brücke~A_TARGET_VIBE~2,Schleuse~A_TARGET_VIBE~3"
Kanu,3,2|3|5,Natur & Tiere|Orte & Reisen|Sport & Freizeit,6,"Bootshaus~A_TARGET_VIBE~3,Spritzdecke~A_TARGET_VIBE~3,Stromschnelle~A_TARGET_VIBE~3,Paddel~A_TARGET_VIBE~2,Ufer~A_TARGET_VIBE~2,Neopren~A_TARGET_VIBE~3"
Kapelle,3,3|4,Orte & Reisen|Kultur & Kunst,6,"Kerze~A_TARGET_VIBE~2,Glocke~A_TARGET_VIBE~2,Orgel~A_TARGET_VIBE~3,Altar~A_TARGET_VIBE~3,Andacht~A_TARGET_VIBE~2,Chor~A_TARGET_VIBE~2"
Kiesstrand,3,2|3,Natur & Tiere|Orte & Reisen,6,"Strandkorb~A_TARGET_VIBE~2,Salzluft~A_TARGET_VIBE~2,Möwe~A_TARGET_VIBE~2,Handtuch~A_TARGET_VIBE~2,Barfuß~A_TARGET_VIBE~2,Brandung~A_TARGET_VIBE~2"
Kilometerstein,3,3,Orte & Reisen,7,"Landstraße~A_TARGET_VIBE~2,Wegweiser~A_TARGET_VIBE~2,Randstreifen~A_TARGET_VIBE~3,Inschrift~A_TARGET_VIBE~3,Moos~A_TARGET_VIBE~3,Entfernung~A_TARGET_VIBE~3,Stein~B_PART_VIBE~3"
Kirche,2,3|4,Orte & Reisen|Kultur & Kunst,6,"Kanzel~A_TARGET_VIBE~3,Chor~A_TARGET_VIBE~2,Kerze~A_TARGET_VIBE~2,Kirchenbank~A_TARGET_VIBE~3,Orgel~A_TARGET_VIBE~3,Glocke~A_TARGET_VIBE~2"
Klamm,3,2,Natur & Tiere,6,"Geländer~A_TARGET_VIBE~3,Schattenspiel~A_TARGET_VIBE~3,Wasserfall~A_TARGET_VIBE~3,Felswand~A_TARGET_VIBE~3,Feuchtigkeit~A_TARGET_VIBE~3,Trittsicherheit~A_TARGET_VIBE~4"
Klippe,4,2,Natur & Tiere,7,"Fels~A_TARGET_VIBE~3,Windböe~A_TARGET_VIBE~3,Aussichtspunkt~A_TARGET_VIBE~3,Möwe~A_TARGET_VIBE~2,Steilküste~A_TARGET_VIBE~3,Abgrund~A_TARGET_VIBE~4,Brandung~A_TARGET_VIBE~3"
Kloster,4,3|4,Orte & Reisen|Kultur & Kunst,7,"Orgel~A_TARGET_VIBE~3,Glocke~A_TARGET_VIBE~2,Kreuzgang~A_TARGET_VIBE~3,Andacht~A_TARGET_VIBE~2,Mönch~A_TARGET_VIBE~3,Kerze~A_TARGET_VIBE~2,Chor~A_TARGET_VIBE~2"
Koffer,3,3|10,Orte & Reisen|Haushalt & Wohnen,6,"Etikett~A_TARGET_VIBE~2,Schloss~A_TARGET_VIBE~2,Riemen~A_TARGET_VIBE~2,Handgriff~A_TARGET_VIBE~2,Packen~A_TARGET_VIBE~2,Gepäckband~A_TARGET_VIBE~3"
Kofferanhänger,3,3|10,Orte & Reisen|Haushalt & Wohnen,6,"Adressfeld~A_TARGET_VIBE~3,Etikett~A_TARGET_VIBE~3,Barcode~A_TARGET_VIBE~3,Schlaufe~A_TARGET_VIBE~3,Band~A_TARGET_VIBE~2,Gepäckband~A_TARGET_VIBE~3"
Kofferraum,2,3|10,Orte & Reisen|Haushalt & Wohnen,6,"Heckklappe~A_TARGET_VIBE~3,Laderaum~A_TARGET_VIBE~3,Rücksitz~A_TARGET_VIBE~2,Einkaufstasche~A_TARGET_VIBE~2,Reserverad~A_TARGET_VIBE~3,Klappe~A_TARGET_VIBE~2"
Kompass,3,3|6,Orte & Reisen|Technik & Digitales,7,"Raster~A_TARGET_VIBE~3,GPS~A_TARGET_VIBE~3,Magnet~A_TARGET_VIBE~3,Nord~A_TARGET_VIBE~3,Karte~A_TARGET_VIBE~2,Nadel~A_TARGET_VIBE~3,Peilung~A_TARGET_VIBE~4"
Konsulat,4,3|9,Orte & Reisen|Gesellschaft & Beruf,7,"Deklaration~A_TARGET_VIBE~3,Visum~A_TARGET_VIBE~3,Pass~A_TARGET_VIBE~2,Formular~A_TARGET_VIBE~2,Schalter~A_TARGET_VIBE~3,Stempel~A_TARGET_VIBE~3,Gebühr~A_TARGET_VIBE~3"
Kontrollpunkt,4,3|9,Orte & Reisen|Gesellschaft & Beruf,7,"Scanner~A_TARGET_VIBE~3,Warteschlange~A_TARGET_VIBE~2,Beamter~A_TARGET_VIBE~3,Kontrolle~A_TARGET_VIBE~3,Pass~A_TARGET_VIBE~2,Schalter~A_TARGET_VIBE~3,Stempel~A_TARGET_VIBE~3"
Koordinate,4,3|6,Orte & Reisen|Technik & Digitales,7,"Breitengrad~A_TARGET_VIBE~4,Längengrad~A_TARGET_VIBE~4,Raster~A_TARGET_VIBE~3,GPS~A_TARGET_VIBE~3,Karte~A_TARGET_VIBE~2,Peilung~A_TARGET_VIBE~4,Dezimal~A_TARGET_VIBE~3"
Krater,2,2,Natur & Tiere,6,"Meteor~A_TARGET_VIBE~3,Gestein~A_TARGET_VIBE~3,Vulkan~A_TARGET_VIBE~3,Asche~A_TARGET_VIBE~3,Randwall~A_TARGET_VIBE~4,Schlacke~A_TARGET_VIBE~4"
Kreditkarte,2,0|9,Alltag & Gegenstände|Gesellschaft & Beruf,6,"Kasse~A_TARGET_VIBE~2,Beleg~A_TARGET_VIBE~2,Terminal~A_TARGET_VIBE~2,Chip~A_TARGET_VIBE~3,PIN~A_TARGET_VIBE~3,Kontaktlos~A_TARGET_VIBE~3"
Kreisel,2,3,Orte & Reisen,6,"Vorfahrt~A_TARGET_VIBE~3,Insel~A_TARGET_VIBE~3,Ausfahrt~A_TARGET_VIBE~2,Abbiegen~A_TARGET_VIBE~2,Blinker~A_TARGET_VIBE~2,Spur~A_TARGET_VIBE~2"
Kreisverkehr,3,3,Orte & Reisen,6,"Vorfahrt~A_TARGET_VIBE~3,Insel~A_TARGET_VIBE~3,Ausfahrt~A_TARGET_VIBE~2,Abbiegen~A_TARGET_VIBE~2,Spur~A_TARGET_VIBE~2,Schild~A_TARGET_VIBE~2"
Kreuzfahrt,2,3|5,Orte & Reisen|Sport & Freizeit,6,"Deck~A_TARGET_VIBE~2,Kabine~A_TARGET_VIBE~3,Buffet~A_TARGET_VIBE~3,Hafen~A_TARGET_VIBE~2,Seetag~A_TARGET_VIBE~3,Landausflug~A_TARGET_VIBE~3"
Kreuzung,2,3,Orte & Reisen,6,"Schild~A_TARGET_VIBE~2,Spur~A_TARGET_VIBE~2,Vorfahrt~A_TARGET_VIBE~3,Abbiegen~A_TARGET_VIBE~2,Blinker~A_TARGET_VIBE~2,Randstreifen~A_TARGET_VIBE~3"
Kulturbeutel,3,3|10,Orte & Reisen|Haushalt & Wohnen,6,"Zahnbürste~A_TARGET_VIBE~2,Shampoo~A_TARGET_VIBE~2,Kosmetik~A_TARGET_VIBE~3,Reißverschluss~A_TARGET_VIBE~2,Waschbecken~A_TARGET_VIBE~3,Handgepäck~A_TARGET_VIBE~3"
Kurort,1,3,Orte & Reisen,5,"Therme~A_TARGET_VIBE~2,Kurpark~A_TARGET_VIBE~2,Promenade~A_TARGET_VIBE~2,Sanatorium~A_TARGET_VIBE~3,Heilbad~A_TARGET_VIBE~3"
Kutsche,3,3|5,Orte & Reisen|Sport & Freizeit,6,"Pferd~A_TARGET_VIBE~3,Holzrad~A_TARGET_VIBE~3,Leine~A_TARGET_VIBE~3,Laterne~A_TARGET_VIBE~2,Posthorn~A_TARGET_VIBE~4,Fuhrmann~A_TARGET_VIBE~4"
Küste,2,2|3,Natur & Tiere|Orte & Reisen,6,"Möwe~A_TARGET_VIBE~2,Salzluft~A_TARGET_VIBE~2,Brandung~A_TARGET_VIBE~2,Leuchtturm~A_TARGET_VIBE~3,Strandkorb~A_TARGET_VIBE~2,Wind~A_TARGET_VIBE~2"
Küstenlinie,3,2|3,Natur & Tiere|Orte & Reisen,7,"Brandung~A_TARGET_VIBE~2,Horizont~A_TARGET_VIBE~2,Leuchtturm~A_TARGET_VIBE~3,Salzluft~A_TARGET_VIBE~2,Karte~A_TARGET_VIBE~2,Möwe~A_TARGET_VIBE~2,Linie~B_PART_VIBE~3"
Ladegerät,2,0|6|10,Alltag & Gegenstände|Technik & Digitales|Haushalt & Wohnen,6,"Kabel~A_TARGET_VIBE~2,Stecker~A_TARGET_VIBE~2,Akku~A_TARGET_VIBE~2,USB~A_TARGET_VIBE~3,Netzteil~A_TARGET_VIBE~3,Steckdose~A_TARGET_VIBE~2"
Lagune,4,2,Natur & Tiere,7,"Koralle~A_TARGET_VIBE~3,Gezeiten~A_TARGET_VIBE~4,Schnorchel~A_TARGET_VIBE~3,Sandbank~A_TARGET_VIBE~3,Brandung~A_TARGET_VIBE~3,Riff~A_TARGET_VIBE~4,Türkis~A_TARGET_VIBE~4"
Land,1,3,Orte & Reisen,5,"Karte~A_TARGET_VIBE~2,Grenze~A_TARGET_VIBE~2,Region~A_TARGET_VIBE~2,Stempel~A_TARGET_VIBE~2,Heimat~A_TARGET_VIBE~2"
Landbrücke,4,2|3,Natur & Tiere|Orte & Reisen,7,"Meerenge~A_TARGET_VIBE~4,Karte~A_TARGET_VIBE~3,Verbindung~A_TARGET_VIBE~3,Küste~A_TARGET_VIBE~3,Route~A_TARGET_VIBE~3,Passage~A_TARGET_VIBE~3,Land~B_PART_VIBE~4"
Landebahn,3,3,Orte & Reisen,6,"Startbahn~A_TARGET_VIBE~3,Terminal~A_TARGET_VIBE~3,Handgepäck~A_TARGET_VIBE~3,Gate~A_TARGET_VIBE~2,Check-in~A_TARGET_VIBE~2,Turbine~A_TARGET_VIBE~3"
Landkarte,3,3|6,Orte & Reisen|Technik & Digitales,7,"Karte~A_TARGET_VIBE~2,Raster~A_TARGET_VIBE~3,Koordinaten~A_TARGET_VIBE~3,Maßstab~A_TARGET_VIBE~3,Legende~A_TARGET_VIBE~3,Route~A_TARGET_VIBE~2,Land~B_PART_VIBE~3"
Landkreis,3,3,Orte & Reisen,7,"Rathaus~A_TARGET_VIBE~2,Postleitzahl~A_TARGET_VIBE~3,Grenzlinie~A_TARGET_VIBE~3,Verwaltung~A_TARGET_VIBE~3,Karte~A_TARGET_VIBE~2,Region~A_TARGET_VIBE~2,Kreis~B_PART_VIBE~3"
Landschaft,2,2,Natur & Tiere,6,"Panorama~A_TARGET_VIBE~2,Weite~A_TARGET_VIBE~2,Wind~A_TARGET_VIBE~2,Fels~A_TARGET_VIBE~2,Pfad~A_TARGET_VIBE~2,Schatten~A_TARGET_VIBE~2"
Landschaftsschutz,4,2,Natur & Tiere,7,"Schutzgebiet~A_TARGET_VIBE~4,Sperrung~A_TARGET_VIBE~4,Infotafel~A_TARGET_VIBE~3,Ranger~A_TARGET_VIBE~4,Wanderweg~A_TARGET_VIBE~3,Fernglas~A_TARGET_VIBE~3,Betreten~A_TARGET_VIBE~3"
Länderecke,4,3|12,Orte & Reisen|Gefühle & Abstraktes,7,"Grenze~A_TARGET_VIBE~3,Karte~A_TARGET_VIBE~3,Dreiländereck~A_TARGET_VIBE~4,Stempel~A_TARGET_VIBE~3,Pass~A_TARGET_VIBE~3,Wegweiser~A_TARGET_VIBE~3,Ecke~B_PART_VIBE~4"
Landeplatz,2,3,Orte & Reisen,6,"Rotor~A_TARGET_VIBE~3,Landeanflug~A_TARGET_VIBE~3,Markierung~A_TARGET_VIBE~2,Funkgerät~A_TARGET_VIBE~3,Sicherheitsbereich~A_TARGET_VIBE~3,Absperrung~A_TARGET_VIBE~2"
Landeanflug,4,3,Orte & Reisen,7,"Turbine~A_TARGET_VIBE~3,Anschnallzeichen~A_TARGET_VIBE~3,Wolken~A_TARGET_VIBE~3,Landebahn~A_TARGET_VIBE~3,Höhe~A_TARGET_VIBE~3,Triebwerk~A_TARGET_VIBE~3,Windböe~A_TARGET_VIBE~3"
Landezeit,4,3|12,Orte & Reisen|Gefühle & Abstraktes,7,"Anschnallzeichen~A_TARGET_VIBE~3,Wolken~A_TARGET_VIBE~3,Uhr~A_TARGET_VIBE~3,Ortszeit~A_TARGET_VIBE~3,Ankunft~A_TARGET_VIBE~3,Gate~A_TARGET_VIBE~3,Zeit~B_PART_VIBE~4"
Länderkunde,4,3|12,Orte & Reisen|Gefühle & Abstraktes,7,"Atlas~A_TARGET_VIBE~3,Region~A_TARGET_VIBE~3,Karte~A_TARGET_VIBE~3,Hauptstadt~A_TARGET_VIBE~3,Klima~A_TARGET_VIBE~3,Grenze~A_TARGET_VIBE~3,Land~B_PART_VIBE~4"
Ländergrenze,3,3|9,Orte & Reisen|Gesellschaft & Beruf,7,"Pass~A_TARGET_VIBE~2,Kontrolle~A_TARGET_VIBE~3,Stempel~A_TARGET_VIBE~3,Schranke~A_TARGET_VIBE~3,Zoll~A_TARGET_VIBE~3,Karte~A_TARGET_VIBE~2,Grenze~B_PART_VIBE~3"
Länderwechsel,4,3|12,Orte & Reisen|Gefühle & Abstraktes,7,"Stempel~A_TARGET_VIBE~3,Wechselkurs~A_TARGET_VIBE~3,Steckdose~A_TARGET_VIBE~3,Sprachwechsel~A_TARGET_VIBE~3,Grenze~A_TARGET_VIBE~3,Pass~A_TARGET_VIBE~3,Land~B_PART_VIBE~4"
Länderpass,4,3|9,Orte & Reisen|Gesellschaft & Beruf,7,"Stempel~A_TARGET_VIBE~3,Visum~A_TARGET_VIBE~3,Grenze~A_TARGET_VIBE~3,Kontrolle~A_TARGET_VIBE~3,Schalter~A_TARGET_VIBE~3,Ausweis~A_TARGET_VIBE~3,Pass~B_PART_VIBE~4"
Länderkennzeichen,4,3|9,Orte & Reisen|Gesellschaft & Beruf,7,"Aufkleber~A_TARGET_VIBE~3,Nummernschild~A_TARGET_VIBE~3,Grenze~A_TARGET_VIBE~3,Kfz~A_TARGET_VIBE~3,Karte~A_TARGET_VIBE~3,Abkürzung~A_TARGET_VIBE~3,Zeichen~B_PART_VIBE~4"
Landesgrenze,3,3|9,Orte & Reisen|Gesellschaft & Beruf,7,"Pass~A_TARGET_VIBE~2,Kontrolle~A_TARGET_VIBE~3,Stempel~A_TARGET_VIBE~3,Schranke~A_TARGET_VIBE~3,Zoll~A_TARGET_VIBE~3,Karte~A_TARGET_VIBE~2,Grenze~B_PART_VIBE~3"
Landesinneres,4,2|3,Natur & Tiere|Orte & Reisen,7,"Abseits~A_TARGET_VIBE~3,Landstraße~A_TARGET_VIBE~3,Weite~A_TARGET_VIBE~3,Dorf~A_TARGET_VIBE~3,Umweg~A_TARGET_VIBE~4,Karte~A_TARGET_VIBE~3,Land~B_PART_VIBE~4"
Landesregierung,4,9,Gesellschaft & Beruf,7,"Rathaus~A_TARGET_VIBE~3,Amt~A_TARGET_VIBE~3,Minister~A_TARGET_VIBE~4,Akten~A_TARGET_VIBE~3,Beschluss~A_TARGET_VIBE~3,Sitzung~A_TARGET_VIBE~3,Verwaltung~A_TARGET_VIBE~3"
Landstraße,2,3,Orte & Reisen,6,"Randstreifen~A_TARGET_VIBE~3,Überholen~A_TARGET_VIBE~3,Leitplanke~A_TARGET_VIBE~3,Wegweiser~A_TARGET_VIBE~2,Tempo~A_TARGET_VIBE~2,Umleitung~A_TARGET_VIBE~3"
Landung,2,3,Orte & Reisen,6,"Anschnallzeichen~A_TARGET_VIBE~2,Wolken~A_TARGET_VIBE~2,Terminal~A_TARGET_VIBE~3,Landebahn~A_TARGET_VIBE~3,Gate~A_TARGET_VIBE~2,Turbine~A_TARGET_VIBE~3"
Landungsbrücke,4,2|3,Natur & Tiere|Orte & Reisen,7,"Steg~A_TARGET_VIBE~3,Fähre~A_TARGET_VIBE~3,Poller~A_TARGET_VIBE~4,Tauwerk~A_TARGET_VIBE~3,Mole~A_TARGET_VIBE~4,Brandung~A_TARGET_VIBE~3,Brücke~B_PART_VIBE~4"
Landsitz,4,3|10,Orte & Reisen|Haushalt & Wohnen,7,"Allee~A_TARGET_VIBE~3,Park~A_TARGET_VIBE~3,Schloss~A_TARGET_VIBE~3,Garten~A_TARGET_VIBE~3,Fassade~A_TARGET_VIBE~3,Tor~A_TARGET_VIBE~3,Sitz~B_PART_VIBE~4"
Landausflug,3,3|5,Orte & Reisen|Sport & Freizeit,7,"Führung~A_TARGET_VIBE~2,Bus~A_TARGET_VIBE~2,Prospekt~A_TARGET_VIBE~2,Fotostopp~A_TARGET_VIBE~3,Route~A_TARGET_VIBE~2,Ausblick~A_TARGET_VIBE~2,Ausflug~B_PART_VIBE~3"
Landschaftspark,3,2|3,Natur & Tiere|Orte & Reisen,7,"Wanderweg~A_TARGET_VIBE~2,Panorama~A_TARGET_VIBE~2,Infotafel~A_TARGET_VIBE~3,Schutzhütte~A_TARGET_VIBE~3,Fernglas~A_TARGET_VIBE~3,Weite~A_TARGET_VIBE~2,Park~B_PART_VIBE~3"
Landschaftspflege,4,2|9,Natur & Tiere|Gesellschaft & Beruf,7,"Ranger~A_TARGET_VIBE~4,Schutzgebiet~A_TARGET_VIBE~4,Infotafel~A_TARGET_VIBE~3,Sperrung~A_TARGET_VIBE~4,Wanderweg~A_TARGET_VIBE~3,Fernglas~A_TARGET_VIBE~3,Pflege~B_PART_VIBE~4"
Landschaftsbild,3,2|4,Natur & Tiere|Kultur & Kunst,7,"Panorama~A_TARGET_VIBE~2,Weite~A_TARGET_VIBE~2,Fels~A_TARGET_VIBE~2,Wind~A_TARGET_VIBE~2,Skizze~A_TARGET_VIBE~3,Ausblick~A_TARGET_VIBE~2,Bild~B_PART_VIBE~3"
Landungszeit,4,3|12,Orte & Reisen|Gefühle & Abstraktes,7,"Anschnallzeichen~A_TARGET_VIBE~3,Uhr~A_TARGET_VIBE~3,Ortszeit~A_TARGET_VIBE~3,Gate~A_TARGET_VIBE~3,Ankunft~A_TARGET_VIBE~3,Wolken~A_TARGET_VIBE~3,Zeit~B_PART_VIBE~4"
Landeswährung,4,3|9,Orte & Reisen|Gesellschaft & Beruf,7,"Wechselkurs~A_TARGET_VIBE~3,Münzen~A_TARGET_VIBE~3,Schalter~A_TARGET_VIBE~3,Geldbörse~A_TARGET_VIBE~3,Beleg~A_TARGET_VIBE~3,Trinkgeld~A_TARGET_VIBE~3,Währung~B_PART_VIBE~4"
Landesname,3,3|12,Orte & Reisen|Gefühle & Abstraktes,7,"Karte~A_TARGET_VIBE~2,Abkürzung~A_TARGET_VIBE~3,Pass~A_TARGET_VIBE~2,Grenze~A_TARGET_VIBE~2,Hauptstadt~A_TARGET_VIBE~3,Region~A_TARGET_VIBE~2,Name~B_PART_VIBE~3"
Landesflagge,3,3|12,Orte & Reisen|Gefühle & Abstraktes,7,"Farbe~A_TARGET_VIBE~2,Wappen~A_TARGET_VIBE~3,Mast~A_TARGET_VIBE~3,Stadion~A_TARGET_VIBE~3,Feier~A_TARGET_VIBE~2,Nationalhymne~A_TARGET_VIBE~3,Flagge~B_PART_VIBE~3"
Landegebühr,4,3|9,Orte & Reisen|Gesellschaft & Beruf,7,"Rechnung~A_TARGET_VIBE~3,Schalter~A_TARGET_VIBE~3,Beleg~A_TARGET_VIBE~3,Kasse~A_TARGET_VIBE~3,Terminal~A_TARGET_VIBE~3,Stempel~A_TARGET_VIBE~3,Gebühr~B_PART_VIBE~4"
Ländervorwahl,3,9,Gesellschaft & Beruf,7,"Rufnummer~A_TARGET_VIBE~2,Abkürzung~A_TARGET_VIBE~3,Telefon~A_TARGET_VIBE~2,Pluszeichen~A_TARGET_VIBE~3,Roaming~A_TARGET_VIBE~3,Kontakt~A_TARGET_VIBE~2,Wahl~A_TARGET_VIBE~3"
Länderliste,3,3|12,Orte & Reisen|Gefühle & Abstraktes,7,"Katalog~A_TARGET_VIBE~2,Auswahl~A_TARGET_VIBE~2,Karte~A_TARGET_VIBE~2,Region~A_TARGET_VIBE~2,Hauptstadt~A_TARGET_VIBE~3,Alphabet~A_TARGET_VIBE~3,Liste~B_PART_VIBE~3"
Ländereinteilung,4,3|9,Orte & Reisen|Gesellschaft & Beruf,7,"Verwaltung~A_TARGET_VIBE~3,Grenzlinie~A_TARGET_VIBE~3,Karte~A_TARGET_VIBE~3,Bezirk~A_TARGET_VIBE~3,Amt~A_TARGET_VIBE~3,Region~A_TARGET_VIBE~3,Teilung~B_PART_VIBE~4"
Marina,3,2|3,Natur & Tiere|Orte & Reisen,6,"Anker~A_TARGET_VIBE~3,Poller~A_TARGET_VIBE~4,Tauwerk~A_TARGET_VIBE~3,Steg~A_TARGET_VIBE~3,Segel~A_TARGET_VIBE~3,Salzluft~A_TARGET_VIBE~2"
Markt,2,3,Orte & Reisen,6,"Stände~A_TARGET_VIBE~2,Feilschen~A_TARGET_VIBE~2,Tüte~A_TARGET_VIBE~2,Kasse~A_TARGET_VIBE~2,Gewürze~A_TARGET_VIBE~3,Kassenbon~A_TARGET_VIBE~2"
Markthalle,3,3,Orte & Reisen,7,"Stände~A_TARGET_VIBE~2,Theke~A_TARGET_VIBE~3,Kasse~A_TARGET_VIBE~2,Kassenbon~A_TARGET_VIBE~2,Geruch~A_TARGET_VIBE~3,Gewürze~A_TARGET_VIBE~3,Halle~B_PART_VIBE~3"
Marktplatz,3,3,Orte & Reisen,7,"Brunnen~A_TARGET_VIBE~3,Kirchturm~A_TARGET_VIBE~3,Stände~A_TARGET_VIBE~2,Pflaster~A_TARGET_VIBE~3,Café~A_TARGET_VIBE~3,Menschenmenge~A_TARGET_VIBE~3,Platz~B_PART_VIBE~3"
Maut,3,3|9,Orte & Reisen|Gesellschaft & Beruf,7,"Mautstation~A_TARGET_VIBE~3,Schranke~A_TARGET_VIBE~3,Beleg~A_TARGET_VIBE~2,Gebühr~A_TARGET_VIBE~3,Spur~A_TARGET_VIBE~2,Schild~A_TARGET_VIBE~2,Kasse~A_TARGET_VIBE~2"
Mautschein,4,3|9,Orte & Reisen|Gesellschaft & Beruf,7,"Beleg~A_TARGET_VIBE~3,Gebühr~A_TARGET_VIBE~3,Schranke~A_TARGET_VIBE~3,Terminal~A_TARGET_VIBE~3,Kontrolle~A_TARGET_VIBE~3,Schild~A_TARGET_VIBE~3,Schein~B_PART_VIBE~4"
Mautstation,4,3|9,Orte & Reisen|Gesellschaft & Beruf,7,"Schranke~A_TARGET_VIBE~3,Spur~A_TARGET_VIBE~3,Terminal~A_TARGET_VIBE~3,Kasse~A_TARGET_VIBE~3,Beleg~A_TARGET_VIBE~3,Gebühr~A_TARGET_VIBE~3,Station~B_PART_VIBE~4"
Meer,1,2,Natur & Tiere,5,"Salzluft~A_TARGET_VIBE~2,Horizont~A_TARGET_VIBE~2,Wellen~A_TARGET_VIBE~2,Möwe~A_TARGET_VIBE~2,Brandung~A_TARGET_VIBE~2"
Meerenge,4,2|3,Natur & Tiere|Orte & Reisen,7,"Karte~A_TARGET_VIBE~3,Passage~A_TARGET_VIBE~3,Strömung~A_TARGET_VIBE~4,Fracht~A_TARGET_VIBE~3,Küste~A_TARGET_VIBE~3,Verbindung~A_TARGET_VIBE~3,Engpass~A_TARGET_VIBE~4"
Metropole,3,3,Orte & Reisen,6,"U-Bahn~A_TARGET_VIBE~2,Zentrum~A_TARGET_VIBE~3,Hochhaus~A_TARGET_VIBE~3,Verkehr~A_TARGET_VIBE~3,Stadtplan~A_TARGET_VIBE~2,Menschenmenge~A_TARGET_VIBE~3"
Mietwagen,3,3|9,Orte & Reisen|Gesellschaft & Beruf,7,"Schalter~A_TARGET_VIBE~3,Reservierung~A_TARGET_VIBE~3,Versicherung~A_TARGET_VIBE~3,Schlüssel~A_TARGET_VIBE~2,Kaution~A_TARGET_VIBE~4,Navi~A_TARGET_VIBE~3,Wagen~B_PART_VIBE~3"
Mitfahrgelegenheit,3,3|5,Orte & Reisen|Sport & Freizeit,7,"Abholpunkt~A_TARGET_VIBE~3,Sitzplatz~A_TARGET_VIBE~2,Anzeige~A_TARGET_VIBE~3,Kostenbeteiligung~A_TARGET_VIBE~3,Chat~A_TARGET_VIBE~3,Autobahn~A_TARGET_VIBE~3,Fahrt~B_PART_VIBE~3"
Mole,4,2|3,Natur & Tiere|Orte & Reisen,7,"Poller~A_TARGET_VIBE~4,Tauwerk~A_TARGET_VIBE~3,Brandung~A_TARGET_VIBE~3,Steg~A_TARGET_VIBE~3,Anker~A_TARGET_VIBE~3,Salzluft~A_TARGET_VIBE~3,Mole~A_TARGET_VIBE~4"
Moor,2,2,Natur & Tiere,6,"Moos~A_TARGET_VIBE~3,Nebel~A_TARGET_VIBE~3,Feuchtigkeit~A_TARGET_VIBE~3,Steg~A_TARGET_VIBE~2,Geruch~A_TARGET_VIBE~3,Sumpf~A_TARGET_VIBE~3"
Moräne,4,2,Natur & Tiere,7,"Gestein~A_TARGET_VIBE~3,Geröll~A_TARGET_VIBE~3,Gletscher~A_TARGET_VIBE~4,Fels~A_TARGET_VIBE~3,Spalten~A_TARGET_VIBE~4,Schutt~A_TARGET_VIBE~4,Hang~A_TARGET_VIBE~3"
Moschee,4,3|4,Orte & Reisen|Kultur & Kunst,7,"Muezzin~A_TARGET_VIBE~4,Koran~A_TARGET_VIBE~4,Gebetsteppich~A_TARGET_VIBE~4,Minarett~A_TARGET_VIBE~4,Kuppel~A_TARGET_VIBE~3,Imam~A_TARGET_VIBE~4,Andacht~A_TARGET_VIBE~2"
Motel,3,3|10,Orte & Reisen|Haushalt & Wohnen,6,"Rezeption~A_TARGET_VIBE~2,Check-out~A_TARGET_VIBE~3,Schlüsselkarte~A_TARGET_VIBE~2,Bettwäsche~A_TARGET_VIBE~3,Lobby~A_TARGET_VIBE~2,Handtuch~A_TARGET_VIBE~2"
Motorrad,1,3|5,Orte & Reisen|Sport & Freizeit,5,"Helm~A_TARGET_VIBE~2,Kette~A_TARGET_VIBE~2,Kurve~A_TARGET_VIBE~2,Tank~A_TARGET_VIBE~2,Auspuff~A_TARGET_VIBE~3"
Museum,2,3|4,Orte & Reisen|Kultur & Kunst,6,"Ausstellung~A_TARGET_VIBE~2,Vitrine~A_TARGET_VIBE~3,Ticket~A_TARGET_VIBE~2,Audioguide~A_TARGET_VIBE~3,Gemälde~A_TARGET_VIBE~3,Skulptur~A_TARGET_VIBE~3"
Nachtzug,3,3,Orte & Reisen,6,"Liegewagen~A_TARGET_VIBE~3,Schlafwagen~A_TARGET_VIBE~3,Abteil~A_TARGET_VIBE~3,Weckruf~A_TARGET_VIBE~3,Dämmerung~A_TARGET_VIBE~3,Bahnsteig~A_TARGET_VIBE~2"
Nationalpark,2,2|3,Natur & Tiere|Orte & Reisen,6,"Ranger~A_TARGET_VIBE~3,Wanderweg~A_TARGET_VIBE~2,Schutzgebiet~A_TARGET_VIBE~3,Panorama~A_TARGET_VIBE~2,Infotafel~A_TARGET_VIBE~3,Fernglas~A_TARGET_VIBE~3"
Naturpark,2,2|3,Natur & Tiere|Orte & Reisen,6,"Wanderweg~A_TARGET_VIBE~2,Infotafel~A_TARGET_VIBE~3,Panorama~A_TARGET_VIBE~2,Schutzhütte~A_TARGET_VIBE~3,Fernglas~A_TARGET_VIBE~3,Pfad~A_TARGET_VIBE~2"
Naturreservat,4,2|3,Natur & Tiere|Orte & Reisen,7,"Schutzgebiet~A_TARGET_VIBE~4,Betreten~A_TARGET_VIBE~3,Fernglas~A_TARGET_VIBE~3,Infotafel~A_TARGET_VIBE~3,Ranger~A_TARGET_VIBE~4,Pfad~A_TARGET_VIBE~3,Sperrung~A_TARGET_VIBE~4"
Navigationsgerät,3,3|6,Orte & Reisen|Technik & Digitales,6,"GPS~A_TARGET_VIBE~3,Bildschirm~A_TARGET_VIBE~2,Route~A_TARGET_VIBE~2,Sprachansage~A_TARGET_VIBE~3,Satellit~A_TARGET_VIBE~3,Akkustand~A_TARGET_VIBE~3"
Notausgang,3,0|9,Alltag & Gegenstände|Gesellschaft & Beruf,6,"Piktogramm~A_TARGET_VIBE~2,Grünlicht~A_TARGET_VIBE~3,Türdrücker~A_TARGET_VIBE~3,Fluchtweg~A_TARGET_VIBE~3,Treppenhaus~A_TARGET_VIBE~3,Alarm~A_TARGET_VIBE~3"
Notfall,1,7,Wissenschaft & Medizin,5,"Sirene~A_TARGET_VIBE~2,Rettung~A_TARGET_VIBE~2,Warnung~A_TARGET_VIBE~2,Notarzt~A_TARGET_VIBE~3,Meldung~A_TARGET_VIBE~2"
Notfallnummer,3,7,Wissenschaft & Medizin,6,"112~A_TARGET_VIBE~4,Leitstelle~A_TARGET_VIBE~4,Notruf~A_TARGET_VIBE~3,Sirene~A_TARGET_VIBE~3,Rettung~A_TARGET_VIBE~3,Telefon~A_TARGET_VIBE~2"
Notruf,1,7,Wissenschaft & Medizin,6,"112~A_TARGET_VIBE~4,Leitstelle~A_TARGET_VIBE~4,Sirene~A_TARGET_VIBE~3,Funkgerät~A_TARGET_VIBE~3,Rettung~A_TARGET_VIBE~3,Telefon~A_TARGET_VIBE~2"
Oase,4,2,Natur & Tiere,7,"Palme~A_TARGET_VIBE~3,Schatten~A_TARGET_VIBE~3,Durst~A_TARGET_VIBE~3,Sand~A_TARGET_VIBE~2,Karawane~A_TARGET_VIBE~4,Quelle~A_TARGET_VIBE~4,Dattel~A_TARGET_VIBE~3"
Oberleitung,5,3|6,Orte & Reisen|Technik & Digitales,7,"Fahrdraht~A_TARGET_VIBE~4,Mast~A_TARGET_VIBE~3,Isolator~A_TARGET_VIBE~4,Stromabnehmer~A_TARGET_VIBE~4,Spannung~A_TARGET_VIBE~3,Funken~A_TARGET_VIBE~3,Signal~A_TARGET_VIBE~3"
Ort,1,3,Orte & Reisen,5,"Karte~A_TARGET_VIBE~2,Route~A_TARGET_VIBE~2,Zentrum~A_TARGET_VIBE~2,Ankunft~A_TARGET_VIBE~2,Wegweiser~A_TARGET_VIBE~2"
Panorama,2,2,Natur & Tiere,6,"Ausblick~A_TARGET_VIBE~2,Weite~A_TARGET_VIBE~2,Horizont~A_TARGET_VIBE~2,Wolken~A_TARGET_VIBE~2,Fotostopp~A_TARGET_VIBE~3,Gipfelkreuz~A_TARGET_VIBE~3"
Pass,2,3|9,Orte & Reisen|Gesellschaft & Beruf,6,"Ausweis~A_TARGET_VIBE~2,Stempel~A_TARGET_VIBE~3,Visum~A_TARGET_VIBE~3,Grenze~A_TARGET_VIBE~2,Kontrolle~A_TARGET_VIBE~3,Behörde~A_TARGET_VIBE~3"
Passagier,2,3,Orte & Reisen,6,"Sitzreihe~A_TARGET_VIBE~2,Boarding~A_TARGET_VIBE~3,Ticket~A_TARGET_VIBE~2,Handgepäck~A_TARGET_VIBE~3,Warteschlange~A_TARGET_VIBE~2,Gepäckband~A_TARGET_VIBE~3"
Passagierschein,4,3|9,Orte & Reisen|Gesellschaft & Beruf,7,"Ticket~A_TARGET_VIBE~3,Beleg~A_TARGET_VIBE~3,Kontrolle~A_TARGET_VIBE~3,Schalter~A_TARGET_VIBE~3,Warteschlange~A_TARGET_VIBE~3,Stempel~A_TARGET_VIBE~3,Schein~B_PART_VIBE~4"
Passkontrolle,4,3|9,Orte & Reisen|Gesellschaft & Beruf,7,"Scanner~A_TARGET_VIBE~3,Beamter~A_TARGET_VIBE~3,Warteschlange~A_TARGET_VIBE~3,Stempel~A_TARGET_VIBE~3,Visum~A_TARGET_VIBE~3,Grenze~A_TARGET_VIBE~3,Kontrolle~B_PART_VIBE~4"
Passnummer,3,3|9,Orte & Reisen|Gesellschaft & Beruf,7,"Ausweis~A_TARGET_VIBE~2,Foto~A_TARGET_VIBE~2,Behörde~A_TARGET_VIBE~3,Stempel~A_TARGET_VIBE~3,Scanner~A_TARGET_VIBE~3,Kontrolle~A_TARGET_VIBE~3,Nummer~B_PART_VIBE~3"
Passfoto,3,3|9,Orte & Reisen|Gesellschaft & Beruf,7,"Fotokabine~A_TARGET_VIBE~3,Biomtrisch~A_TARGET_VIBE~4,Ausweis~A_TARGET_VIBE~2,Hintergrund~A_TARGET_VIBE~3,Stempel~A_TARGET_VIBE~3,Behörde~A_TARGET_VIBE~3,Foto~B_PART_VIBE~3"
Pension,2,3|10,Orte & Reisen|Haushalt & Wohnen,6,"Rezeption~A_TARGET_VIBE~2,Frühstück~A_TARGET_VIBE~3,Schlüssel~A_TARGET_VIBE~2,Handtuch~A_TARGET_VIBE~2,Bettwäsche~A_TARGET_VIBE~3,Check-out~A_TARGET_VIBE~3"
Perle,2,0,Alltag & Gegenstände,6,"Muschel~A_TARGET_VIBE~3,Glanz~A_TARGET_VIBE~3,Kette~A_TARGET_VIBE~2,Schmuck~A_TARGET_VIBE~3,Tauchen~A_TARGET_VIBE~3,Strand~A_TARGET_VIBE~3"
Pfad,2,2,Natur & Tiere,6,"Wanderweg~A_TARGET_VIBE~2,Wurzeln~A_TARGET_VIBE~3,Moos~A_TARGET_VIBE~3,Markierung~A_TARGET_VIBE~2,Geröll~A_TARGET_VIBE~3,Trittsicherheit~A_TARGET_VIBE~3"
Plattform,3,3|6,Orte & Reisen|Technik & Digitales,7,"Bahnsteig~A_TARGET_VIBE~2,Anzeigetafel~A_TARGET_VIBE~2,Unterführung~A_TARGET_VIBE~3,Waggon~A_TARGET_VIBE~2,Durchsage~A_TARGET_VIBE~2,Verspätung~A_TARGET_VIBE~3,Platz~B_PART_VIBE~3"
Port,4,3|6,Orte & Reisen|Technik & Digitales,7,"Anschluss~A_TARGET_VIBE~3,Kabel~A_TARGET_VIBE~3,Stecker~A_TARGET_VIBE~3,USB~A_TARGET_VIBE~3,Netzwerk~A_TARGET_VIBE~4,Signal~A_TARGET_VIBE~3,Gate~A_TARGET_VIBE~3"
Postkarte,2,3|4,Orte & Reisen|Kultur & Kunst,6,"Gruß~A_TARGET_VIBE~2,Briefkasten~A_TARGET_VIBE~2,Stempel~A_TARGET_VIBE~3,Ansicht~A_TARGET_VIBE~3,Souvenir~A_TARGET_VIBE~2,Marke~A_TARGET_VIBE~2"
Rathaus,2,3|4,Orte & Reisen|Kultur & Kunst,6,"Amt~A_TARGET_VIBE~3,Schalter~A_TARGET_VIBE~2,Termin~A_TARGET_VIBE~3,Akten~A_TARGET_VIBE~3,Trausaal~A_TARGET_VIBE~3,Marktplatz~A_TARGET_VIBE~3"
Regenjacke,2,0|10,Alltag & Gegenstände|Haushalt & Wohnen,6,"Kapuze~A_TARGET_VIBE~2,Nass~A_TARGET_VIBE~2,Reißverschluss~A_TARGET_VIBE~2,Wetterumschwung~A_TARGET_VIBE~3,Tropfen~A_TARGET_VIBE~2,Imprägnierung~A_TARGET_VIBE~3"
Regenponcho,3,0|10,Alltag & Gegenstände|Haushalt & Wohnen,6,"Kapuze~A_TARGET_VIBE~3,Plastik~A_TARGET_VIBE~2,Nass~A_TARGET_VIBE~2,Rucksack~A_TARGET_VIBE~3,Tropfen~A_TARGET_VIBE~2,Imprägnierung~A_TARGET_VIBE~3"
Regenwald,3,2,Natur & Tiere,7,"Feuchtigkeit~A_TARGET_VIBE~3,Lianen~A_TARGET_VIBE~4,Dschungel~A_TARGET_VIBE~3,Moskitonetz~A_TARGET_VIBE~3,Tropen~A_TARGET_VIBE~3,Bromelie~A_TARGET_VIBE~4,Vogelruf~A_TARGET_VIBE~3"
Region,2,3|12,Orte & Reisen|Gefühle & Abstraktes,6,"Karte~A_TARGET_VIBE~2,Grenzlinie~A_TARGET_VIBE~3,Ortsname~A_TARGET_VIBE~2,Verwaltung~A_TARGET_VIBE~3,Route~A_TARGET_VIBE~2,Weite~A_TARGET_VIBE~2"
Reise,1,3,Orte & Reisen,5,"Koffer~A_TARGET_VIBE~2,Route~A_TARGET_VIBE~2,Buchung~A_TARGET_VIBE~2,Unterkunft~A_TARGET_VIBE~2,Ticket~A_TARGET_VIBE~2"
Reiseapotheke,3,3|7,Orte & Reisen|Wissenschaft & Medizin,7,"Pflaster~A_TARGET_VIBE~3,Tabletten~A_TARGET_VIBE~3,Desinfektion~A_TARGET_VIBE~3,Blister~A_TARGET_VIBE~3,Beipackzettel~A_TARGET_VIBE~3,Fieberthermometer~A_TARGET_VIBE~4,Reise~B_PART_VIBE~3"
Reisebeginn,3,3|12,Orte & Reisen|Gefühle & Abstraktes,7,"Packliste~A_TARGET_VIBE~3,Abfahrt~A_TARGET_VIBE~3,Buchung~A_TARGET_VIBE~2,Ticket~A_TARGET_VIBE~2,Vorfreude~A_TARGET_VIBE~3,Wecker~A_TARGET_VIBE~3,Reise~B_PART_VIBE~3"
Reisebericht,3,3|4,Orte & Reisen|Kultur & Kunst,7,"Notiz~A_TARGET_VIBE~2,Foto~A_TARGET_VIBE~2,Erinnerung~A_TARGET_VIBE~3,Kapitel~A_TARGET_VIBE~2,Blog~A_TARGET_VIBE~3,Skizze~A_TARGET_VIBE~3,Bericht~B_PART_VIBE~3"
Reisebudget,3,3|12,Orte & Reisen|Gefühle & Abstraktes,7,"Kosten~A_TARGET_VIBE~3,Sparen~A_TARGET_VIBE~3,Wechselkurs~A_TARGET_VIBE~3,Bargeld~A_TARGET_VIBE~3,Beleg~A_TARGET_VIBE~2,Kalkulation~A_TARGET_VIBE~3,Budget~B_PART_VIBE~3"
Reisebüro,1,3|9,Orte & Reisen|Gesellschaft & Beruf,6,"Katalog~A_TARGET_VIBE~2,Buchung~A_TARGET_VIBE~2,Beratung~A_TARGET_VIBE~2,Prospekt~A_TARGET_VIBE~2,Route~A_TARGET_VIBE~2,Gebühr~A_TARGET_VIBE~3"
Reisedauer,3,3|12,Orte & Reisen|Gefühle & Abstraktes,7,"Kalender~A_TARGET_VIBE~3,Tage~A_TARGET_VIBE~3,Planung~A_TARGET_VIBE~2,Ticket~A_TARGET_VIBE~2,Unterkunft~A_TARGET_VIBE~3,Uhr~A_TARGET_VIBE~3,Zeit~B_PART_VIBE~3"
Reiseende,3,3|12,Orte & Reisen|Gefühle & Abstraktes,7,"Kofferpacken~A_TARGET_VIBE~4,Check-out~A_TARGET_VIBE~3,Heimflug~A_TARGET_VIBE~4,Abschied~A_TARGET_VIBE~3,Erinnerung~A_TARGET_VIBE~3,Fotogalerie~A_TARGET_VIBE~4,Ende~B_PART_VIBE~3"
Reisefieber,4,3|12,Orte & Reisen|Gefühle & Abstraktes,7,"Fernweh~A_TARGET_VIBE~3,Aufregung~A_TARGET_VIBE~3,Packliste~A_TARGET_VIBE~3,Abflug~A_TARGET_VIBE~3,Vorfreude~A_TARGET_VIBE~3,Nervosität~A_TARGET_VIBE~3,Kribbeln~A_TARGET_VIBE~3"
Reisefoto,3,3|4,Orte & Reisen|Kultur & Kunst,7,"Schnappschuss~A_TARGET_VIBE~3,Album~A_TARGET_VIBE~3,Selfie~A_TARGET_VIBE~3,Postkarte~A_TARGET_VIBE~3,Aussicht~A_TARGET_VIBE~2,Speicherkarte~A_TARGET_VIBE~3,Foto~B_PART_VIBE~3"
Reiseführer,3,3,Orte & Reisen,6,"Stadtplan~A_TARGET_VIBE~2,Tipp~A_TARGET_VIBE~2,Kapitel~A_TARGET_VIBE~2,Seite~A_TARGET_VIBE~2,Sehenswürdigkeit~A_TARGET_VIBE~3,Karte~A_TARGET_VIBE~2"
Reisegruppe,3,3|9,Orte & Reisen|Gesellschaft & Beruf,7,"Treffpunkt~A_TARGET_VIBE~3,Führung~A_TARGET_VIBE~2,Abstimmung~A_TARGET_VIBE~3,Zeitplan~A_TARGET_VIBE~3,Bus~A_TARGET_VIBE~2,Stadtrundgang~A_TARGET_VIBE~3,Gruppe~B_PART_VIBE~3"
Reisehut,3,3|10,Orte & Reisen|Haushalt & Wohnen,7,"Krempe~A_TARGET_VIBE~3,Sonne~A_TARGET_VIBE~2,Staub~A_TARGET_VIBE~3,Stoffband~A_TARGET_VIBE~3,Koffer~A_TARGET_VIBE~3,Strand~A_TARGET_VIBE~3,Hut~B_PART_VIBE~3"
Reiseimpfung,3,3|7,Orte & Reisen|Wissenschaft & Medizin,7,"Spritze~A_TARGET_VIBE~3,Impfpass~A_TARGET_VIBE~3,Nachweis~A_TARGET_VIBE~3,Termin~A_TARGET_VIBE~3,Arztpraxis~A_TARGET_VIBE~3,Stempel~A_TARGET_VIBE~3,Impfung~B_PART_VIBE~3"
Reisekasse,3,3|9,Orte & Reisen|Gesellschaft & Beruf,7,"Bargeld~A_TARGET_VIBE~3,Wechselkurs~A_TARGET_VIBE~3,Geldbörse~A_TARGET_VIBE~3,Beleg~A_TARGET_VIBE~2,Sparen~A_TARGET_VIBE~3,Limit~A_TARGET_VIBE~3,Kasse~B_PART_VIBE~3"
Reisekatalog,3,3|9,Orte & Reisen|Gesellschaft & Beruf,7,"Prospekt~A_TARGET_VIBE~2,Seite~A_TARGET_VIBE~2,Angebot~A_TARGET_VIBE~3,Hotel~A_TARGET_VIBE~3,Preis~A_TARGET_VIBE~3,Buchung~A_TARGET_VIBE~2,Katalog~B_PART_VIBE~3"
Reisekosten,3,3|9,Orte & Reisen|Gesellschaft & Beruf,7,"Beleg~A_TARGET_VIBE~2,Abrechnung~A_TARGET_VIBE~4,Spesen~A_TARGET_VIBE~4,Ticket~A_TARGET_VIBE~2,Hotelrechnung~A_TARGET_VIBE~4,Budget~A_TARGET_VIBE~3,Kosten~B_PART_VIBE~3"
Reiseleiter,3,3|9,Orte & Reisen|Gesellschaft & Beruf,7,"Führung~A_TARGET_VIBE~2,Programm~A_TARGET_VIBE~3,Treffpunkt~A_TARGET_VIBE~3,Mikrofon~A_TARGET_VIBE~3,Zeitplan~A_TARGET_VIBE~3,Gruppe~A_TARGET_VIBE~3,Leiter~B_PART_VIBE~3"
Reisender,2,3,Orte & Reisen,6,"Ticket~A_TARGET_VIBE~2,Koffer~A_TARGET_VIBE~2,Umsteigen~A_TARGET_VIBE~2,Fahrplan~A_TARGET_VIBE~2,Wartehalle~A_TARGET_VIBE~3,Ankunft~A_TARGET_VIBE~2"
Reisepass,2,3|9,Orte & Reisen|Gesellschaft & Beruf,6,"Ausweis~A_TARGET_VIBE~2,Stempel~A_TARGET_VIBE~3,Visum~A_TARGET_VIBE~3,Grenze~A_TARGET_VIBE~2,Foto~A_TARGET_VIBE~2,Behörde~A_TARGET_VIBE~3"
Reiseplan,3,3|12,Orte & Reisen|Gefühle & Abstraktes,7,"Route~A_TARGET_VIBE~2,Zeitplan~A_TARGET_VIBE~3,Unterkunft~A_TARGET_VIBE~3,Buchung~A_TARGET_VIBE~2,Kalender~A_TARGET_VIBE~3,Karte~A_TARGET_VIBE~2,Plan~B_PART_VIBE~3"
Reisepolster,5,0|3,Alltag & Gegenstände|Orte & Reisen,7,"Nackenstütze~A_TARGET_VIBE~4,Kopfstütze~A_TARGET_VIBE~3,Schlafen~A_TARGET_VIBE~3,Sitzreihe~A_TARGET_VIBE~3,Aufblasen~A_TARGET_VIBE~4,Hufeisen~A_TARGET_VIBE~4,Decke~A_TARGET_VIBE~3"
Reiseproviant,3,1|3,Essen & Trinken|Orte & Reisen,7,"Brotdose~A_TARGET_VIBE~3,Riegel~A_TARGET_VIBE~3,Thermoskanne~A_TARGET_VIBE~3,Snack~A_TARGET_VIBE~3,Rucksack~A_TARGET_VIBE~3,Pausenstopp~A_TARGET_VIBE~3,Brot~A_TARGET_VIBE~3"
Reisetag,3,3|12,Orte & Reisen|Gefühle & Abstraktes,7,"Kalender~A_TARGET_VIBE~3,Etappe~A_TARGET_VIBE~3,Wecker~A_TARGET_VIBE~3,Route~A_TARGET_VIBE~2,Ticket~A_TARGET_VIBE~2,Unterkunft~A_TARGET_VIBE~3,Tag~B_PART_VIBE~3"
Reisetagebuch,3,3|4,Orte & Reisen|Kultur & Kunst,7,"Notizbuch~A_TARGET_VIBE~3,Eintrag~A_TARGET_VIBE~3,Datum~A_TARGET_VIBE~3,Stift~A_TARGET_VIBE~3,Skizze~A_TARGET_VIBE~3,Erinnerung~A_TARGET_VIBE~3,Buch~B_PART_VIBE~3"
Reisetasche,3,3|10,Orte & Reisen|Haushalt & Wohnen,6,"Riemen~A_TARGET_VIBE~2,Reißverschluss~A_TARGET_VIBE~2,Packen~A_TARGET_VIBE~2,Tragegriff~A_TARGET_VIBE~2,Etikett~A_TARGET_VIBE~3,Gurt~A_TARGET_VIBE~2"
Reservierung,2,9,Gesellschaft & Beruf,6,"Buchung~A_TARGET_VIBE~2,Bestätigung~A_TARGET_VIBE~2,Termin~A_TARGET_VIBE~2,Code~A_TARGET_VIBE~3,Stornierung~A_TARGET_VIBE~3,Rezeption~A_TARGET_VIBE~2"
Revier,4,2|9,Natur & Tiere|Gesellschaft & Beruf,7,"Grenzlinie~A_TARGET_VIBE~3,Markierung~A_TARGET_VIBE~3,Jagd~A_TARGET_VIBE~4,Patrouille~A_TARGET_VIBE~4,Behörde~A_TARGET_VIBE~3,Karte~A_TARGET_VIBE~3,Ortung~A_TARGET_VIBE~4"
Rückflug,3,3,Orte & Reisen,6,"Check-in~A_TARGET_VIBE~2,Boarding~A_TARGET_VIBE~3,Gate~A_TARGET_VIBE~2,Handgepäck~A_TARGET_VIBE~3,Terminal~A_TARGET_VIBE~3,Abschied~A_TARGET_VIBE~3"
Rucksack,2,3|5,Orte & Reisen|Sport & Freizeit,6,"Tragegurt~A_TARGET_VIBE~2,Reißverschluss~A_TARGET_VIBE~2,Packen~A_TARGET_VIBE~2,Flasche~A_TARGET_VIBE~2,Karte~A_TARGET_VIBE~2,Wanderweg~A_TARGET_VIBE~2"
Rundfahrt,2,3,Orte & Reisen,6,"Bus~A_TARGET_VIBE~2,Führung~A_TARGET_VIBE~2,Stadtrundgang~A_TARGET_VIBE~3,Fotostopp~A_TARGET_VIBE~3,Route~A_TARGET_VIBE~2,Ausblick~A_TARGET_VIBE~2"
Rückkehr,2,12,Gefühle & Abstraktes,6,"Heimweg~A_TARGET_VIBE~2,Abschied~A_TARGET_VIBE~2,Erinnerung~A_TARGET_VIBE~3,Ankunft~A_TARGET_VIBE~2,Jetlag~A_TARGET_VIBE~3,Zuhause~A_TARGET_VIBE~2"
Rückreise,3,3|12,Orte & Reisen|Gefühle & Abstraktes,7,"Kofferpacken~A_TARGET_VIBE~4,Umsteigen~A_TARGET_VIBE~2,Ticket~A_TARGET_VIBE~2,Check-out~A_TARGET_VIBE~3,Heimweh~A_TARGET_VIBE~3,Fahrplan~A_TARGET_VIBE~2,Reise~B_PART_VIBE~3"
Rundweg,3,2|3,Natur & Tiere|Orte & Reisen,7,"Markierung~A_TARGET_VIBE~3,Wanderweg~A_TARGET_VIBE~2,Etappe~A_TARGET_VIBE~3,Panorama~A_TARGET_VIBE~2,Abzweig~A_TARGET_VIBE~3,Schutzhütte~A_TARGET_VIBE~3,Weg~B_PART_VIBE~3"
Safari,3,2|3|5,Natur & Tiere|Orte & Reisen|Sport & Freizeit,7,"Jeep~A_TARGET_VIBE~3,Fernglas~A_TARGET_VIBE~3,Savanne~A_TARGET_VIBE~4,Staub~A_TARGET_VIBE~3,Fotoobjektiv~A_TARGET_VIBE~3,Guide~A_TARGET_VIBE~3,Camouflage~A_TARGET_VIBE~4"
Schalter,2,9,Gesellschaft & Beruf,6,"Wartemarke~A_TARGET_VIBE~2,Formular~A_TARGET_VIBE~2,Unterschrift~A_TARGET_VIBE~3,Ausweis~A_TARGET_VIBE~2,Stempel~A_TARGET_VIBE~3,Beamter~A_TARGET_VIBE~3"
Schiff,2,3,Orte & Reisen,6,"Deck~A_TARGET_VIBE~2,Hafen~A_TARGET_VIBE~2,Anker~A_TARGET_VIBE~3,Seegang~A_TARGET_VIBE~3,Kabine~A_TARGET_VIBE~3,Mole~A_TARGET_VIBE~3"
Schloss,3,3|4,Orte & Reisen|Kultur & Kunst,7,"Zinnen~A_TARGET_VIBE~3,Tor~A_TARGET_VIBE~3,Inschrift~A_TARGET_VIBE~3,Führung~A_TARGET_VIBE~2,Schlüssel~A_TARGET_VIBE~2,Burggraben~A_TARGET_VIBE~3,Schloss~A_TARGET_VIBE~4"
Schließfach,3,0|10,Alltag & Gegenstände|Haushalt & Wohnen,6,"Schlüssel~A_TARGET_VIBE~2,Nummer~A_TARGET_VIBE~2,Türchen~A_TARGET_VIBE~3,Münze~A_TARGET_VIBE~3,Spind~A_TARGET_VIBE~3,Code~A_TARGET_VIBE~3"
Schlucht,4,2,Natur & Tiere,7,"Trittsicherheit~A_TARGET_VIBE~4,Felswand~A_TARGET_VIBE~3,Geländer~A_TARGET_VIBE~3,Wasserfall~A_TARGET_VIBE~3,Feuchtigkeit~A_TARGET_VIBE~3,Echo~A_TARGET_VIBE~3,Steig~A_TARGET_VIBE~3"
Schneefeld,4,2,Natur & Tiere,7,"Lawine~A_TARGET_VIBE~4,Steigeisen~A_TARGET_VIBE~4,Spalten~A_TARGET_VIBE~4,Firn~A_TARGET_VIBE~4,Kälte~A_TARGET_VIBE~3,Sonne~A_TARGET_VIBE~3,Gletscherbach~A_TARGET_VIBE~4"
Schotterweg,3,2|3,Natur & Tiere|Orte & Reisen,7,"Schotter~A_TARGET_VIBE~3,Rütteln~A_TARGET_VIBE~3,Staub~A_TARGET_VIBE~3,Reifen~A_TARGET_VIBE~3,Umleitung~A_TARGET_VIBE~3,Randstreifen~A_TARGET_VIBE~3,Weg~B_PART_VIBE~3"
Schranke,3,3|9,Orte & Reisen|Gesellschaft & Beruf,7,"Kontrolle~A_TARGET_VIBE~3,Beamter~A_TARGET_VIBE~3,Ausweis~A_TARGET_VIBE~2,Stempel~A_TARGET_VIBE~3,Warteschlange~A_TARGET_VIBE~2,Scanner~A_TARGET_VIBE~3,Tor~A_TARGET_VIBE~3"
Schutzhütte,3,2|3,Natur & Tiere|Orte & Reisen,7,"Holzofen~A_TARGET_VIBE~3,Stockbett~A_TARGET_VIBE~3,Rucksack~A_TARGET_VIBE~3,Wetterumschwung~A_TARGET_VIBE~3,Panorama~A_TARGET_VIBE~2,Wanderweg~A_TARGET_VIBE~2,Hütte~B_PART_VIBE~3"
Schwimmbad,3,5, Sport & Freizeit,6,"Chlor~A_TARGET_VIBE~3,Umkleide~A_TARGET_VIBE~3,Badekappe~A_TARGET_VIBE~3,Bahn~A_TARGET_VIBE~3,Handtuch~A_TARGET_VIBE~2,Rutsche~A_TARGET_VIBE~2"
See,1,2,Natur & Tiere,5,"Ufer~A_TARGET_VIBE~2,Steg~A_TARGET_VIBE~2,Wellen~A_TARGET_VIBE~2,Boot~A_TARGET_VIBE~2,Schilf~A_TARGET_VIBE~2"
Sehenswürdigkeit,3,3,Orte & Reisen,6,"Führung~A_TARGET_VIBE~2,Prospekt~A_TARGET_VIBE~2,Eintritt~A_TARGET_VIBE~2,Souvenir~A_TARGET_VIBE~2,Fotostopp~A_TARGET_VIBE~3,Ausblick~A_TARGET_VIBE~2"
Seilbahn,3,2|3|5,Natur & Tiere|Orte & Reisen|Sport & Freizeit,7,"Station~A_TARGET_VIBE~2,Höhenmeter~A_TARGET_VIBE~3,Panorama~A_TARGET_VIBE~3,Seil~A_TARGET_VIBE~3,Gondel~A_TARGET_VIBE~3,Wetterumschwung~A_TARGET_VIBE~3,Bahn~B_PART_VIBE~3"
Sicherheitsbereich,4,3|9,Orte & Reisen|Gesellschaft & Beruf,7,"Ausweis~A_TARGET_VIBE~3,Absperrung~A_TARGET_VIBE~3,Scanner~A_TARGET_VIBE~3,Kontrolle~A_TARGET_VIBE~3,Wachpersonal~A_TARGET_VIBE~4,Zutritt~A_TARGET_VIBE~4,Bereich~B_PART_VIBE~4"
Sicherheitskontrolle,3,3|9,Orte & Reisen|Gesellschaft & Beruf,6,"Scanner~A_TARGET_VIBE~3,Flüssigkeit~A_TARGET_VIBE~3,Warteschlange~A_TARGET_VIBE~2,Beamter~A_TARGET_VIBE~3,Handgepäck~A_TARGET_VIBE~3,Kontrolle~A_TARGET_VIBE~3"
Siedlung,2,3,Orte & Reisen,6,"Häuserreihe~A_TARGET_VIBE~3,Straße~A_TARGET_VIBE~2,Briefkasten~A_TARGET_VIBE~2,Ortsschild~A_TARGET_VIBE~3,Nachbarschaft~A_TARGET_VIBE~3,Planquadrat~A_TARGET_VIBE~3"
Signal,2,3|6,Orte & Reisen|Technik & Digitales,6,"Blinken~A_TARGET_VIBE~2,Anzeige~A_TARGET_VIBE~3,Funkgerät~A_TARGET_VIBE~3,Warnlicht~A_TARGET_VIBE~3,Schranke~A_TARGET_VIBE~3,Verspätung~A_TARGET_VIBE~3"
Sitzplatz,2,3,Orte & Reisen,6,"Reservierung~A_TARGET_VIBE~2,Sitzreihe~A_TARGET_VIBE~2,Nummer~A_TARGET_VIBE~2,Armlehne~A_TARGET_VIBE~3,Beinfreiheit~A_TARGET_VIBE~3,Fahrkarte~A_TARGET_VIBE~2"
Souvenir,2,3|4,Orte & Reisen|Kultur & Kunst,6,"Andenken~A_TARGET_VIBE~3,Magnet~A_TARGET_VIBE~3,Postkarte~A_TARGET_VIBE~2,Schlüsselanhänger~A_TARGET_VIBE~3,Mitbringsel~A_TARGET_VIBE~3,Shop~A_TARGET_VIBE~2"
Stadt,1,3,Orte & Reisen,5,"Zentrum~A_TARGET_VIBE~2,U-Bahn~A_TARGET_VIBE~2,Marktplatz~A_TARGET_VIBE~2,Stadtplan~A_TARGET_VIBE~2,Verkehr~A_TARGET_VIBE~2"
Stadtplan,2,3,Orte & Reisen,6,"Karte~A_TARGET_VIBE~2,Raster~A_TARGET_VIBE~3,Straßenname~A_TARGET_VIBE~3,Legende~A_TARGET_VIBE~3,Zentrum~A_TARGET_VIBE~2,Route~A_TARGET_VIBE~2"
Stadtteil,2,3,Orte & Reisen,6,"Postleitzahl~A_TARGET_VIBE~3,Kiez~A_TARGET_VIBE~3,Grenzlinie~A_TARGET_VIBE~3,Haltestelle~A_TARGET_VIBE~3,Marktplatz~A_TARGET_VIBE~3,Nachbarschaft~A_TARGET_VIBE~3"
Stau,2,3,Orte & Reisen,6,"Bremslicht~A_TARGET_VIBE~3,Umleitung~A_TARGET_VIBE~3,Rettungsgasse~A_TARGET_VIBE~4,Leitplanke~A_TARGET_VIBE~3,Spur~A_TARGET_VIBE~2,Verspätung~A_TARGET_VIBE~3"
Steg,3,2|3,Natur & Tiere|Orte & Reisen,7,"Poller~A_TARGET_VIBE~4,Tauwerk~A_TARGET_VIBE~3,Anker~A_TARGET_VIBE~3,Brandung~A_TARGET_VIBE~3,Schwimmweste~A_TARGET_VIBE~2,Salzluft~A_TARGET_VIBE~2,See~B_PART_VIBE~3"
Terminal,2,3,Orte & Reisen,6,"Gate~A_TARGET_VIBE~2,Anzeigetafel~A_TARGET_VIBE~2,Check-in~A_TARGET_VIBE~2,Durchsage~A_TARGET_VIBE~2,Handgepäck~A_TARGET_VIBE~3,Wartebereich~A_TARGET_VIBE~2"
Ticket,1,3,Orte & Reisen,5,"Kontrolle~A_TARGET_VIBE~2,Entwerter~A_TARGET_VIBE~2,Schalter~A_TARGET_VIBE~2,Beleg~A_TARGET_VIBE~2,Reservierung~A_TARGET_VIBE~2"
U-Bahn,2,3,Orte & Reisen,6,"Station~A_TARGET_VIBE~2,Unterführung~A_TARGET_VIBE~3,Linie~A_TARGET_VIBE~3,Ansage~A_TARGET_VIBE~3,Bahnsteig~A_TARGET_VIBE~2,Verspätung~A_TARGET_VIBE~3"
Umstieg,2,3,Orte & Reisen,6,"Umsteigen~A_TARGET_VIBE~2,Verspätung~A_TARGET_VIBE~3,Gleiswechsel~A_TARGET_VIBE~3,Fahrplan~A_TARGET_VIBE~2,Anzeige~A_TARGET_VIBE~3,Bahnsteig~A_TARGET_VIBE~2"
Unterkunft,2,3|10,Orte & Reisen|Haushalt & Wohnen,6,"Bettwäsche~A_TARGET_VIBE~3,Rezeption~A_TARGET_VIBE~2,Schlüsselkarte~A_TARGET_VIBE~2,Handtuch~A_TARGET_VIBE~2,Check-out~A_TARGET_VIBE~3,Zimmer~A_TARGET_VIBE~2"
Visum,3,3|9,Orte & Reisen|Gesellschaft & Beruf,7,"Formular~A_TARGET_VIBE~2,Stempel~A_TARGET_VIBE~3,Schalter~A_TARGET_VIBE~3,Gebühr~A_TARGET_VIBE~3,Pass~A_TARGET_VIBE~2,Kontrolle~A_TARGET_VIBE~3,Eintrag~A_TARGET_VIBE~3"
Wanderweg,2,2|3,Natur & Tiere|Orte & Reisen,6,"Markierung~A_TARGET_VIBE~2,Rucksack~A_TARGET_VIBE~2,Geröll~A_TARGET_VIBE~3,Pfad~A_TARGET_VIBE~2,Schutzhütte~A_TARGET_VIBE~3,Trittsicherheit~A_TARGET_VIBE~3"
Wartehalle,2,3,Orte & Reisen,6,"Sitzbank~A_TARGET_VIBE~2,Durchsage~A_TARGET_VIBE~2,Anzeigetafel~A_TARGET_VIBE~2,Fahrplan~A_TARGET_VIBE~2,Kiosk~A_TARGET_VIBE~3,Unterführung~A_TARGET_VIBE~3"
Wüste,3,2,Natur & Tiere,7,"Sand~A_TARGET_VIBE~2,Hitze~A_TARGET_VIBE~3,Dünen~A_TARGET_VIBE~3,Durst~A_TARGET_VIBE~3,Horizont~A_TARGET_VIBE~2,Kamel~A_TARGET_VIBE~3,Schatten~A_TARGET_VIBE~2"
Zeitverschiebung,3,3|12,Orte & Reisen|Gefühle & Abstraktes,7,"Jetlag~A_TARGET_VIBE~3,Zeitzone~A_TARGET_VIBE~3,Uhr~A_TARGET_VIBE~3,Ortszeit~A_TARGET_VIBE~3,Müdigkeit~A_TARGET_VIBE~3,Umstellen~A_TARGET_VIBE~3,Zeit~B_PART_VIBE~3"
Zelt,2,3|5,Orte & Reisen|Sport & Freizeit,6,"Hering~A_TARGET_VIBE~2,Isomatte~A_TARGET_VIBE~3,Schlafsack~A_TARGET_VIBE~2,Zeltplane~A_TARGET_VIBE~3,Stirnlampe~A_TARGET_VIBE~3,Mücken~A_TARGET_VIBE~2"
Zentrum,1,3,Orte & Reisen,5,"Treffpunkt~A_TARGET_VIBE~2,Marktplatz~A_TARGET_VIBE~2,U-Bahn~A_TARGET_VIBE~2,Schaufenster~A_TARGET_VIBE~2,Rathaus~A_TARGET_VIBE~2"
Ziel,1,12,Gefühle & Abstraktes,5,"Ankunft~A_TARGET_VIBE~2,Route~A_TARGET_VIBE~2,Planung~A_TARGET_VIBE~2,Etappe~A_TARGET_VIBE~2,Endpunkt~A_TARGET_VIBE~2"
Zimmer,1,10,Haushalt & Wohnen,5,"Bett~A_TARGET_VIBE~2,Schrank~A_TARGET_VIBE~2,Schlüsselkarte~A_TARGET_VIBE~2,Handtuch~A_TARGET_VIBE~2,Check-out~A_TARGET_VIBE~2"
Zimmerschlüssel,3,3|10,Orte & Reisen|Haushalt & Wohnen,7,"Schlüsselkarte~A_TARGET_VIBE~2,Rezeption~A_TARGET_VIBE~2,Nummer~A_TARGET_VIBE~2,Tür~A_TARGET_VIBE~2,Check-in~A_TARGET_VIBE~2,Schloss~A_TARGET_VIBE~3,Schlüssel~B_PART_VIBE~3"
Zimmerservice,3,3|10,Orte & Reisen|Haushalt & Wohnen,7,"Tablett~A_TARGET_VIBE~3,Klingel~A_TARGET_VIBE~3,Trinkgeld~A_TARGET_VIBE~3,Menükarte~A_TARGET_VIBE~3,Handtuchwechsel~A_TARGET_VIBE~4,Rezeption~A_TARGET_VIBE~2,Service~B_PART_VIBE~3"
Zoll,3,3|9,Orte & Reisen|Gesellschaft & Beruf,7,"Pass~A_TARGET_VIBE~2,Deklaration~A_TARGET_VIBE~3,Stempel~A_TARGET_VIBE~3,Kontrolle~A_TARGET_VIBE~3,Beamter~A_TARGET_VIBE~3,Scanner~A_TARGET_VIBE~3,Gebühr~A_TARGET_VIBE~3"
Zollabfertigung,4,3|9,Orte & Reisen|Gesellschaft & Beruf,7,"Deklaration~A_TARGET_VIBE~3,Schalter~A_TARGET_VIBE~3,Formular~A_TARGET_VIBE~2,Stempel~A_TARGET_VIBE~3,Kontrolle~A_TARGET_VIBE~3,Beamter~A_TARGET_VIBE~3,Scanner~A_TARGET_VIBE~3"
Zollbeamter,3,3|9,Orte & Reisen|Gesellschaft & Beruf,7,"Uniform~A_TARGET_VIBE~3,Kontrolle~A_TARGET_VIBE~3,Scanner~A_TARGET_VIBE~3,Stempel~A_TARGET_VIBE~3,Ausweis~A_TARGET_VIBE~2,Schalter~A_TARGET_VIBE~3,Beamter~B_PART_VIBE~3"
Zollstelle,4,3|9,Orte & Reisen|Gesellschaft & Beruf,7,"Schranke~A_TARGET_VIBE~3,Warteschlange~A_TARGET_VIBE~3,Scanner~A_TARGET_VIBE~3,Kontrolle~A_TARGET_VIBE~3,Stempel~A_TARGET_VIBE~3,Formular~A_TARGET_VIBE~3,Stelle~B_PART_VIBE~4"
Zoo,2,3|5,Orte & Reisen|Sport & Freizeit,6,"Gehege~A_TARGET_VIBE~3,Fernglas~A_TARGET_VIBE~3,Eintritt~A_TARGET_VIBE~2,Plan~A_TARGET_VIBE~2,Fütterung~A_TARGET_VIBE~3,Streichelzoo~A_TARGET_VIBE~3"
Zug,1,3,Orte & Reisen,5,"Gleis~A_TARGET_VIBE~2,Bahnsteig~A_TARGET_VIBE~2,Fahrplan~A_TARGET_VIBE~2,Waggon~A_TARGET_VIBE~2,Verspätung~A_TARGET_VIBE~2"
Zugfahrt,1,3,Orte & Reisen,5,"Abteil~A_TARGET_VIBE~2,Umsteigen~A_TARGET_VIBE~2,Ticket~A_TARGET_VIBE~2,Durchsage~A_TARGET_VIBE~2,Bahnsteig~A_TARGET_VIBE~2"
Zwischenlandung,4,3|12,Orte & Reisen|Gefühle & Abstraktes,7,"Gate~A_TARGET_VIBE~3,Umsteigen~A_TARGET_VIBE~3,Anzeigetafel~A_TARGET_VIBE~3,Terminal~A_TARGET_VIBE~3,Wartebereich~A_TARGET_VIBE~3,Handgepäck~A_TARGET_VIBE~3,Landung~A_TARGET_VIBE~3"
Zwischenstopp,3,3|12,Orte & Reisen|Gefühle & Abstraktes,7,"Pause~A_TARGET_VIBE~3,Umsteigen~A_TARGET_VIBE~2,Wartebereich~A_TARGET_VIBE~3,Route~A_TARGET_VIBE~2,Ticket~A_TARGET_VIBE~2,Abzweig~A_TARGET_VIBE~3,Stopp~B_PART_VIBE~3"
Überführung,3,3|12,Orte & Reisen|Gefühle & Abstraktes,7,"Brücke~A_TARGET_VIBE~3,Rampe~A_TARGET_VIBE~3,Leitplanke~A_TARGET_VIBE~3,Überholen~A_TARGET_VIBE~3,Spur~A_TARGET_VIBE~2,Umleitung~A_TARGET_VIBE~3,Führung~A_TARGET_VIBE~2"
Übergepäck,3,3,Orte & Reisen,6,"Waage~A_TARGET_VIBE~3,Gebühr~A_TARGET_VIBE~3,Schalter~A_TARGET_VIBE~3,Packen~A_TARGET_VIBE~3,Limit~A_TARGET_VIBE~3,Beleg~A_TARGET_VIBE~2"
Übernachtung,2,3|10,Orte & Reisen|Haushalt & Wohnen,6,"Bettwäsche~A_TARGET_VIBE~3,Check-in~A_TARGET_VIBE~2,Rezeption~A_TARGET_VIBE~2,Handtuch~A_TARGET_VIBE~2,Weckruf~A_TARGET_VIBE~3,Schlüsselkarte~A_TARGET_VIBE~2"
Abfahrt,2,3,Orte & Reisen,6,"Fahrplan~A_TARGET_VIBE~2,Bahnsteig~A_TARGET_VIBE~2,Gleis~A_TARGET_VIBE~2,Verspätung~A_TARGET_VIBE~2,Durchsage~A_TARGET_VIBE~2,Umsteigen~A_TARGET_VIBE~2"
Abfertigung,4,3|9,Orte & Reisen|Gesellschaft & Beruf,6,"Schalter~A_TARGET_VIBE~3,Stempel~A_TARGET_VIBE~3,Scanner~A_TARGET_VIBE~2,Formular~A_TARGET_VIBE~2,Wartemarke~A_TARGET_VIBE~4,Gebühr~A_TARGET_VIBE~4"
Abflug,3,3,Orte & Reisen,6,"Check-in~A_TARGET_VIBE~3,Gate~A_TARGET_VIBE~3,Terminal~A_TARGET_VIBE~2,Boarding~A_TARGET_VIBE~2,Handgepäck~A_TARGET_VIBE~2,Anzeigetafel~A_TARGET_VIBE~2"
Abflughalle,3,3,Orte & Reisen,7,"Gate~A_TARGET_VIBE~3,Wartebereich~A_TARGET_VIBE~3,Rollkoffer~A_TARGET_VIBE~2,Durchsage~A_TARGET_VIBE~2,Sicherheitskontrolle~A_TARGET_VIBE~2,Anzeigetafel~A_TARGET_VIBE~2,Halle~B_PART_VIBE~2"
Abflugtafel,3,3,Orte & Reisen,7,"Anzeigetafel~A_TARGET_VIBE~3,Blinken~A_TARGET_VIBE~3,Zeile~A_TARGET_VIBE~2,Gate~A_TARGET_VIBE~2,Verspätung~A_TARGET_VIBE~2,Durchsage~A_TARGET_VIBE~2,Tafel~B_PART_VIBE~2"
Abkürzung,3,12,Gefühle & Abstraktes,6,"Kürzel~A_TARGET_VIBE~3,Akronym~A_TARGET_VIBE~3,Initialen~A_TARGET_VIBE~2,Buchstaben~A_TARGET_VIBE~2,Punkt~A_TARGET_VIBE~2,Großschrift~A_TARGET_VIBE~2"
Abreise,2,3,Orte & Reisen,6,"Packliste~A_TARGET_VIBE~2,Fahrplan~A_TARGET_VIBE~2,Koffer~A_TARGET_VIBE~2,Ticket~A_TARGET_VIBE~2,Wecker~A_TARGET_VIBE~2,Umsteigen~A_TARGET_VIBE~2"
Abteil,3,3,Orte & Reisen,6,"Waggon~A_TARGET_VIBE~3,Sitzplatz~A_TARGET_VIBE~3,Fensterplatz~A_TARGET_VIBE~2,Gang~A_TARGET_VIBE~2,Reservierung~A_TARGET_VIBE~2,Gepäckablage~A_TARGET_VIBE~2"
Adapter,3,0|6,Alltag & Gegenstände|Technik & Digitales,6,"Steckdose~A_TARGET_VIBE~3,Stecker~A_TARGET_VIBE~3,USB~A_TARGET_VIBE~2,Kabel~A_TARGET_VIBE~2,Spannung~A_TARGET_VIBE~2,Netzteil~A_TARGET_VIBE~2"
Allee,3,3,Orte & Reisen,6,"Platanen~A_TARGET_VIBE~3,Kastanie~A_TARGET_VIBE~3,Schatten~A_TARGET_VIBE~2,Laterne~A_TARGET_VIBE~2,Mittelstreifen~A_TARGET_VIBE~2,Spaziergang~A_TARGET_VIBE~2"
Altbauviertel,4,3|4,Orte & Reisen|Kultur & Kunst,6,"Stuck~A_TARGET_VIBE~3,Dielen~A_TARGET_VIBE~3,Treppenhaus~A_TARGET_VIBE~2,Hinterhof~A_TARGET_VIBE~2,Kiez~A_TARGET_VIBE~4,Fassade~A_TARGET_VIBE~4"
Altstadt,3,3|4,Orte & Reisen|Kultur & Kunst,6,"Pflaster~A_TARGET_VIBE~3,Gasse~A_TARGET_VIBE~3,Marktplatz~A_TARGET_VIBE~2,Fachwerk~A_TARGET_VIBE~2,Kirchturm~A_TARGET_VIBE~2,Souvenir~A_TARGET_VIBE~2"
Ankerplatz,4,3,Orte & Reisen,7,"Bucht~A_TARGET_VIBE~3,Mole~A_TARGET_VIBE~3,Tauwerk~A_TARGET_VIBE~2,Seegang~A_TARGET_VIBE~2,Laterne~A_TARGET_VIBE~4,Kapitän~A_TARGET_VIBE~4,Platz~B_PART_VIBE~3"
Ankunft,2,3,Orte & Reisen,6,"Gate~A_TARGET_VIBE~2,Gepäckband~A_TARGET_VIBE~2,Durchsage~A_TARGET_VIBE~2,Wartebereich~A_TARGET_VIBE~2,Abholung~A_TARGET_VIBE~2,Terminal~A_TARGET_VIBE~2"
Ankunftshalle,3,3,Orte & Reisen,7,"Gepäckband~A_TARGET_VIBE~3,Abholung~A_TARGET_VIBE~3,Rollkoffer~A_TARGET_VIBE~2,Ausgang~A_TARGET_VIBE~2,Wartebereich~A_TARGET_VIBE~2,Durchsage~A_TARGET_VIBE~2,Halle~B_PART_VIBE~2"
Ankunftstafel,3,3,Orte & Reisen,7,"Anzeigetafel~A_TARGET_VIBE~3,Blinken~A_TARGET_VIBE~3,Zeile~A_TARGET_VIBE~2,Ausgang~A_TARGET_VIBE~2,Verspätung~A_TARGET_VIBE~2,Durchsage~A_TARGET_VIBE~2,Tafel~B_PART_VIBE~2"
Anlegestelle,4,3,Orte & Reisen,6,"Steg~A_TARGET_VIBE~3,Poller~A_TARGET_VIBE~3,Tauwerk~A_TARGET_VIBE~2,Fähre~A_TARGET_VIBE~2,Wellen~A_TARGET_VIBE~4,Salzluft~A_TARGET_VIBE~4"
Anreise,2,3,Orte & Reisen,6,"Packliste~A_TARGET_VIBE~2,Route~A_TARGET_VIBE~2,Ticket~A_TARGET_VIBE~2,Unterkunft~A_TARGET_VIBE~2,Wecker~A_TARGET_VIBE~2,Vorfreude~A_TARGET_VIBE~2"
Ansage,2,3,Orte & Reisen,6,"Durchsage~A_TARGET_VIBE~2,Lautsprecher~A_TARGET_VIBE~2,Bahnsteig~A_TARGET_VIBE~2,Signalton~A_TARGET_VIBE~2,Anzeigetafel~A_TARGET_VIBE~2,Stimme~A_TARGET_VIBE~2"
Anschluss,3,3,Orte & Reisen,6,"Umsteigen~A_TARGET_VIBE~3,Gleiswechsel~A_TARGET_VIBE~3,Verspätung~A_TARGET_VIBE~2,Fahrplan~A_TARGET_VIBE~2,Sprint~A_TARGET_VIBE~2,Durchsage~A_TARGET_VIBE~2"
Anzeigetafel,3,3|6,Orte & Reisen|Technik & Digitales,6,"Verspätung~A_TARGET_VIBE~3,Gleis~A_TARGET_VIBE~3,Gate~A_TARGET_VIBE~2,Blinken~A_TARGET_VIBE~2,Zeile~A_TARGET_VIBE~2,Durchsage~A_TARGET_VIBE~2"
Archipel,4,2|3,Natur & Tiere|Orte & Reisen,6,"Fähre~A_TARGET_VIBE~3,Horizont~A_TARGET_VIBE~3,Karte~A_TARGET_VIBE~2,Riff~A_TARGET_VIBE~2,Bucht~A_TARGET_VIBE~4,Salzluft~A_TARGET_VIBE~4"
Atlas,3,3,Orte & Reisen,6,"Kartenblatt~A_TARGET_VIBE~3,Maßstab~A_TARGET_VIBE~3,Register~A_TARGET_VIBE~2,Legende~A_TARGET_VIBE~2,Koordinaten~A_TARGET_VIBE~2,Falten~A_TARGET_VIBE~2"
Atoll,4,2|3,Natur & Tiere|Orte & Reisen,6,"Lagune~A_TARGET_VIBE~3,Koralle~A_TARGET_VIBE~3,Riff~A_TARGET_VIBE~2,Schnorchel~A_TARGET_VIBE~2,Sandbank~A_TARGET_VIBE~4,Türkis~A_TARGET_VIBE~4"
Attraktion,3,3|5,Orte & Reisen|Sport & Freizeit,6,"Eintritt~A_TARGET_VIBE~3,Warteschlange~A_TARGET_VIBE~3,Souvenir~A_TARGET_VIBE~2,Fotostopp~A_TARGET_VIBE~2,Prospekt~A_TARGET_VIBE~2,Publikum~A_TARGET_VIBE~2"
Aufzug,3,3,Orte & Reisen,6,"Etage~A_TARGET_VIBE~3,Kabine~A_TARGET_VIBE~3,Knopf~A_TARGET_VIBE~2,Schacht~A_TARGET_VIBE~2,Tür~A_TARGET_VIBE~2,Spiegel~A_TARGET_VIBE~2"
Ausfahrt,3,3,Orte & Reisen,6,"Blinker~A_TARGET_VIBE~3,Spur~A_TARGET_VIBE~3,Schild~A_TARGET_VIBE~2,Leitplanke~A_TARGET_VIBE~2,Rastplatz~A_TARGET_VIBE~2,Umleitung~A_TARGET_VIBE~2"
Ausflug,2,3|5,Orte & Reisen|Sport & Freizeit,6,"Rucksack~A_TARGET_VIBE~2,Picknick~A_TARGET_VIBE~2,Fotostopp~A_TARGET_VIBE~2,Route~A_TARGET_VIBE~2,Tageskarte~A_TARGET_VIBE~2,Aussicht~A_TARGET_VIBE~2"
Ausgang,3,3,Orte & Reisen,6,"Piktogramm~A_TARGET_VIBE~3,Drehtür~A_TARGET_VIBE~3,Schild~A_TARGET_VIBE~2,Treppe~A_TARGET_VIBE~2,Vorplatz~A_TARGET_VIBE~2,Fluchtweg~A_TARGET_VIBE~2"
Ausland,2,3|12,Orte & Reisen|Gefühle & Abstraktes,6,"Grenze~A_TARGET_VIBE~2,Stempel~A_TARGET_VIBE~2,Währung~A_TARGET_VIBE~2,Roaming~A_TARGET_VIBE~2,Steckdose~A_TARGET_VIBE~2,Sprache~A_TARGET_VIBE~2"
Ausreise,2,3,Orte & Reisen,6,"Grenze~A_TARGET_VIBE~2,Stempel~A_TARGET_VIBE~2,Kontrolle~A_TARGET_VIBE~2,Schalter~A_TARGET_VIBE~2,Formular~A_TARGET_VIBE~2,Wartezeit~A_TARGET_VIBE~2"
Aussicht,2,3,Orte & Reisen,6,"Panorama~A_TARGET_VIBE~2,Weite~A_TARGET_VIBE~2,Horizont~A_TARGET_VIBE~2,Fotostopp~A_TARGET_VIBE~2,Gipfel~A_TARGET_VIBE~2,Fernglas~A_TARGET_VIBE~2"
Aussichtsplattform,3,3,Orte & Reisen,6,"Geländer~A_TARGET_VIBE~3,Panorama~A_TARGET_VIBE~3,Höhenmeter~A_TARGET_VIBE~2,Fotostopp~A_TARGET_VIBE~2,Abgrund~A_TARGET_VIBE~2,Treppe~A_TARGET_VIBE~2"
Aussichtspunkt,3,3,Orte & Reisen,6,"Panorama~A_TARGET_VIBE~3,Fotostopp~A_TARGET_VIBE~3,Weite~A_TARGET_VIBE~2,Höhenmeter~A_TARGET_VIBE~2,Geländer~A_TARGET_VIBE~2,Horizont~A_TARGET_VIBE~2"
Aussichtsturm,3,3,Orte & Reisen,6,"Panorama~A_TARGET_VIBE~3,Treppe~A_TARGET_VIBE~3,Geländer~A_TARGET_VIBE~2,Weite~A_TARGET_VIBE~2,Höhenmeter~A_TARGET_VIBE~2,Horizont~A_TARGET_VIBE~2"
Ausweis,3,3|9,Orte & Reisen|Gesellschaft & Beruf,6,"Foto~A_TARGET_VIBE~3,Nummer~A_TARGET_VIBE~3,Behörde~A_TARGET_VIBE~2,Scanner~A_TARGET_VIBE~2,Unterschrift~A_TARGET_VIBE~2,Laminate~A_TARGET_VIBE~2"
Auto,3,3,Orte & Reisen,6,"Schlüssel~A_TARGET_VIBE~3,Tank~A_TARGET_VIBE~3,Kofferraum~A_TARGET_VIBE~2,Blinker~A_TARGET_VIBE~2,Sitz~A_TARGET_VIBE~2,Radio~A_TARGET_VIBE~2"
Autobahn,3,3,Orte & Reisen,6,"Rastplatz~A_TARGET_VIBE~3,Ausfahrt~A_TARGET_VIBE~3,Leitplanke~A_TARGET_VIBE~2,Spur~A_TARGET_VIBE~2,Stau~A_TARGET_VIBE~2,Tempo~A_TARGET_VIBE~2"
Autovermietung,3,3|9,Orte & Reisen|Gesellschaft & Beruf,6,"Schalter~A_TARGET_VIBE~3,Reservierung~A_TARGET_VIBE~3,Kaution~A_TARGET_VIBE~2,Schlüssel~A_TARGET_VIBE~2,Versicherung~A_TARGET_VIBE~2,Rückgabe~A_TARGET_VIBE~2"
Bach,3,2,Natur & Tiere,6,"Ufer~A_TARGET_VIBE~3,Steine~A_TARGET_VIBE~3,Moos~A_TARGET_VIBE~2,Plätschern~A_TARGET_VIBE~2,Brücke~A_TARGET_VIBE~2,Wanderweg~A_TARGET_VIBE~2"
Badehose,3,0|3,Alltag & Gegenstände|Orte & Reisen,6,"Chlor~A_TARGET_VIBE~3,Umkleide~A_TARGET_VIBE~3,Handtuch~A_TARGET_VIBE~2,Beckenrand~A_TARGET_VIBE~2,Sonnencreme~A_TARGET_VIBE~2,Schnelltrocknen~A_TARGET_VIBE~2"
Badeort,3,3,Orte & Reisen,6,"Strandkorb~A_TARGET_VIBE~3,Promenade~A_TARGET_VIBE~3,Salzluft~A_TARGET_VIBE~2,Souvenir~A_TARGET_VIBE~2,Eisdiele~A_TARGET_VIBE~2,Brandung~A_TARGET_VIBE~2"
Bahndamm,3,3,Orte & Reisen,6,"Schotter~A_TARGET_VIBE~3,Gleis~A_TARGET_VIBE~3,Böschung~A_TARGET_VIBE~2,Signal~A_TARGET_VIBE~2,Zaun~A_TARGET_VIBE~2,Lärm~A_TARGET_VIBE~2"
Bahnhof,3,3,Orte & Reisen,6,"Gleis~A_TARGET_VIBE~3,Bahnsteig~A_TARGET_VIBE~3,Fahrplan~A_TARGET_VIBE~2,Unterführung~A_TARGET_VIBE~2,Durchsage~A_TARGET_VIBE~2,Verspätung~A_TARGET_VIBE~2"
Bahnhofsgebäude,3,3,Orte & Reisen,6,"Schalter~A_TARGET_VIBE~3,Wartehalle~A_TARGET_VIBE~3,Unterführung~A_TARGET_VIBE~2,Kiosk~A_TARGET_VIBE~2,Anzeigetafel~A_TARGET_VIBE~2,Gepäckschließfach~A_TARGET_VIBE~2"
Bahnhofshalle,3,3,Orte & Reisen,7,"Wartehalle~A_TARGET_VIBE~3,Durchsage~A_TARGET_VIBE~3,Anzeigetafel~A_TARGET_VIBE~2,Sitzbank~A_TARGET_VIBE~2,Kiosk~A_TARGET_VIBE~2,Menschenmenge~A_TARGET_VIBE~2,Halle~B_PART_VIBE~2"
Bahnsteig,3,3,Orte & Reisen,6,"Gleiskante~A_TARGET_VIBE~3,Durchsage~A_TARGET_VIBE~3,Anzeigetafel~A_TARGET_VIBE~2,Waggon~A_TARGET_VIBE~2,Unterführung~A_TARGET_VIBE~2,Verspätung~A_TARGET_VIBE~2"
Bahnübergang,3,3,Orte & Reisen,6,"Schranke~A_TARGET_VIBE~3,Blinklicht~A_TARGET_VIBE~3,Signalton~A_TARGET_VIBE~2,Gleis~A_TARGET_VIBE~2,Warten~A_TARGET_VIBE~2,Zug~A_TARGET_VIBE~2"
Bargeld,3,3|9,Orte & Reisen|Gesellschaft & Beruf,6,"Münzen~A_TARGET_VIBE~3,Geldbörse~A_TARGET_VIBE~3,Wechselgeld~A_TARGET_VIBE~2,Kassenbon~A_TARGET_VIBE~2,Kleingeld~A_TARGET_VIBE~2,Schein~A_TARGET_VIBE~2"
Basar,3,1|3,Essen & Trinken|Orte & Reisen,6,"Feilschen~A_TARGET_VIBE~3,Stände~A_TARGET_VIBE~3,Gewürze~A_TARGET_VIBE~2,Teppich~A_TARGET_VIBE~2,Souvenir~A_TARGET_VIBE~2,Tüte~A_TARGET_VIBE~2"
Bauernhof,3,2, Natur & Tiere,6,"Traktor~A_TARGET_VIBE~3,Stall~A_TARGET_VIBE~3,Heu~A_TARGET_VIBE~2,Scheune~A_TARGET_VIBE~2,Gummistiefel~A_TARGET_VIBE~2,Melken~A_TARGET_VIBE~2"
Baustelle,3,3,Orte & Reisen,6,"Absperrung~A_TARGET_VIBE~3,Bagger~A_TARGET_VIBE~3,Warnschild~A_TARGET_VIBE~2,Staub~A_TARGET_VIBE~2,Umleitung~A_TARGET_VIBE~2,Lärm~A_TARGET_VIBE~2"
Beifahrer,3,3,Orte & Reisen,6,"Navi~A_TARGET_VIBE~3,Anschnallen~A_TARGET_VIBE~3,Beifahrersitz~A_TARGET_VIBE~2,Playlist~A_TARGET_VIBE~2,Fenster~A_TARGET_VIBE~2,Karte~A_TARGET_VIBE~2"
Berg,3,2|3,Natur & Tiere|Orte & Reisen,6,"Gipfel~A_TARGET_VIBE~3,Höhenmeter~A_TARGET_VIBE~3,Panorama~A_TARGET_VIBE~2,Fels~A_TARGET_VIBE~2,Steig~A_TARGET_VIBE~2,Wetterumschwung~A_TARGET_VIBE~2"
Bergbahn,3,2|3|5,Natur & Tiere|Orte & Reisen|Sport & Freizeit,6,"Gondel~A_TARGET_VIBE~3,Station~A_TARGET_VIBE~3,Höhenmeter~A_TARGET_VIBE~2,Talstation~A_TARGET_VIBE~2,Bergstation~A_TARGET_VIBE~2,Seil~A_TARGET_VIBE~2"
Berghütte,3,2|3|5,Natur & Tiere|Orte & Reisen|Sport & Freizeit,6,"Schlafsack~A_TARGET_VIBE~3,Holzofen~A_TARGET_VIBE~3,Höhenmeter~A_TARGET_VIBE~2,Rucksack~A_TARGET_VIBE~2,Wetterumschwung~A_TARGET_VIBE~2,Stockbett~A_TARGET_VIBE~2"
Bergkamm,4,2|3,Natur & Tiere|Orte & Reisen,6,"Grat~A_TARGET_VIBE~3,Panorama~A_TARGET_VIBE~3,Windböe~A_TARGET_VIBE~2,Fels~A_TARGET_VIBE~2,Höhenmeter~A_TARGET_VIBE~4,Abgrund~A_TARGET_VIBE~4"
Bergtour,2,2|3|5,Natur & Tiere|Orte & Reisen|Sport & Freizeit,6,"Rucksack~A_TARGET_VIBE~2,Höhenmeter~A_TARGET_VIBE~2,Trittsicherheit~A_TARGET_VIBE~2,Gipfelkreuz~A_TARGET_VIBE~2,Wanderweg~A_TARGET_VIBE~2,Schutzhütte~A_TARGET_VIBE~2"
Besichtigung,2,3|5,Orte & Reisen|Sport & Freizeit,6,"Führung~A_TARGET_VIBE~2,Eintritt~A_TARGET_VIBE~2,Audioguide~A_TARGET_VIBE~2,Fotostopp~A_TARGET_VIBE~2,Warteschlange~A_TARGET_VIBE~2,Prospekt~A_TARGET_VIBE~2"
Bezirk,2,3|12,Orte & Reisen|Gefühle & Abstraktes,6,"Postleitzahl~A_TARGET_VIBE~2,Grenzlinie~A_TARGET_VIBE~2,Rathaus~A_TARGET_VIBE~2,Kiez~A_TARGET_VIBE~2,Haltestelle~A_TARGET_VIBE~2,Verwaltung~A_TARGET_VIBE~2"
Bibliothek,2,3|4,Orte & Reisen|Kultur & Kunst,6,"Regal~A_TARGET_VIBE~2,Leihfrist~A_TARGET_VIBE~2,Ausweis~A_TARGET_VIBE~2,Lesesaal~A_TARGET_VIBE~2,Katalog~A_TARGET_VIBE~2,Stille~A_TARGET_VIBE~2"
Biergarten,3,1|3,Essen & Trinken|Orte & Reisen,6,"Maßkrug~A_TARGET_VIBE~3,Bierbank~A_TARGET_VIBE~3,Kastanie~A_TARGET_VIBE~2,Brezel~A_TARGET_VIBE~2,Schaum~A_TARGET_VIBE~2,Zapfhahn~A_TARGET_VIBE~2"
Binnensee,3,2|3,Natur & Tiere|Orte & Reisen,6,"Ufer~A_TARGET_VIBE~3,Schilf~A_TARGET_VIBE~3,Steg~A_TARGET_VIBE~2,Segel~A_TARGET_VIBE~2,Angeln~A_TARGET_VIBE~2,Wellen~A_TARGET_VIBE~2"
Boot,1,3,Orte & Reisen,6,"Anker~A_TARGET_VIBE~2,Steg~A_TARGET_VIBE~2,Wellen~A_TARGET_VIBE~2,Rettungsweste~A_TARGET_VIBE~2,Motor~A_TARGET_VIBE~2,Ufer~A_TARGET_VIBE~2"
Bootsfahrt,1,3|5,Orte & Reisen|Sport & Freizeit,6,"Steg~A_TARGET_VIBE~2,Rettungsweste~A_TARGET_VIBE~2,Wellen~A_TARGET_VIBE~2,Ufer~A_TARGET_VIBE~2,Kapitän~A_TARGET_VIBE~2,Fahrtwind~A_TARGET_VIBE~2"
Bordkarte,4,3,Orte & Reisen,6,"Barcode~A_TARGET_VIBE~3,Gate~A_TARGET_VIBE~3,Boarding~A_TARGET_VIBE~2,Sitzreihe~A_TARGET_VIBE~2,Handgepäck~A_TARGET_VIBE~4,Durchsage~A_TARGET_VIBE~4"
Botschaft,4,3|9,Orte & Reisen|Gesellschaft & Beruf,6,"Termin~A_TARGET_VIBE~3,Schalter~A_TARGET_VIBE~3,Sicherheitsdienst~A_TARGET_VIBE~2,Stempel~A_TARGET_VIBE~2,Formular~A_TARGET_VIBE~4,Flagge~A_TARGET_VIBE~4"
Boulevard,3,3|4,Orte & Reisen|Kultur & Kunst,6,"Schaufenster~A_TARGET_VIBE~3,Straßencafé~A_TARGET_VIBE~3,Platanen~A_TARGET_VIBE~2,Flanieren~A_TARGET_VIBE~2,Laterne~A_TARGET_VIBE~2,Mittelstreifen~A_TARGET_VIBE~2"
Breitengrad,4,3,Orte & Reisen,6,"Koordinaten~A_TARGET_VIBE~3,Karte~A_TARGET_VIBE~3,GPS~A_TARGET_VIBE~2,Norden~A_TARGET_VIBE~2,Längengrad~A_TARGET_VIBE~4,Dezimal~A_TARGET_VIBE~4"
Brücke,2,3,Orte & Reisen,6,"Geländer~A_TARGET_VIBE~2,Pfeiler~A_TARGET_VIBE~2,Ufer~A_TARGET_VIBE~2,Überqueren~A_TARGET_VIBE~2,Spannweite~A_TARGET_VIBE~2,Fahrbahn~A_TARGET_VIBE~2"
Bucht,3,2|3,Natur & Tiere|Orte & Reisen,6,"Brandung~A_TARGET_VIBE~3,Möwe~A_TARGET_VIBE~3,Anker~A_TARGET_VIBE~2,Sandbank~A_TARGET_VIBE~2,Salzluft~A_TARGET_VIBE~2,Küste~A_TARGET_VIBE~2"
Buchung,3,3|9,Orte & Reisen|Gesellschaft & Beruf,6,"Bestätigung~A_TARGET_VIBE~3,Code~A_TARGET_VIBE~3,Stornierung~A_TARGET_VIBE~2,Reservierung~A_TARGET_VIBE~2,Rechnung~A_TARGET_VIBE~2,E-Mail~A_TARGET_VIBE~2"
Bundesland,3,3|12,Orte & Reisen|Gefühle & Abstraktes,6,"Hauptstadt~A_TARGET_VIBE~3,Regierung~A_TARGET_VIBE~3,Grenze~A_TARGET_VIBE~2,Kennzeichen~A_TARGET_VIBE~2,Karte~A_TARGET_VIBE~2,Verwaltung~A_TARGET_VIBE~2"
Burgruine,4,3|4,Orte & Reisen|Kultur & Kunst,6,"Mauerwerk~A_TARGET_VIBE~3,Zinnen~A_TARGET_VIBE~3,Efeu~A_TARGET_VIBE~2,Aussicht~A_TARGET_VIBE~2,Führung~A_TARGET_VIBE~4,Burggraben~A_TARGET_VIBE~4"
Bus,1,3,Orte & Reisen,6,"Haltestelle~A_TARGET_VIBE~2,Fahrplan~A_TARGET_VIBE~2,Umsteigen~A_TARGET_VIBE~2,Sitzreihe~A_TARGET_VIBE~2,Türknopf~A_TARGET_VIBE~2,Durchsage~A_TARGET_VIBE~2"
Café,3,1|3,Essen & Trinken|Orte & Reisen,6,"Cappuccino~A_TARGET_VIBE~3,Kuchen~A_TARGET_VIBE~3,Tasse~A_TARGET_VIBE~2,Theke~A_TARGET_VIBE~2,Terrasse~A_TARGET_VIBE~2,Rechnung~A_TARGET_VIBE~2"
Campingplatz,3,3|5,Orte & Reisen|Sport & Freizeit,6,"Zelt~A_TARGET_VIBE~3,Stellplatz~A_TARGET_VIBE~3,Sanitärhaus~A_TARGET_VIBE~2,Isomatte~A_TARGET_VIBE~2,Mücken~A_TARGET_VIBE~2,Lagerfeuer~A_TARGET_VIBE~2"
Delta,3,2|3,Natur & Tiere|Orte & Reisen,6,"Mündung~A_TARGET_VIBE~3,Verzweigung~A_TARGET_VIBE~3,Schlamm~A_TARGET_VIBE~2,Sandbank~A_TARGET_VIBE~2,Auen~A_TARGET_VIBE~2,Sumpf~A_TARGET_VIBE~2"
Denkmal,3,3|4,Orte & Reisen|Kultur & Kunst,6,"Sockel~A_TARGET_VIBE~3,Inschrift~A_TARGET_VIBE~3,Statue~A_TARGET_VIBE~2,Gedenktafel~A_TARGET_VIBE~2,Platz~A_TARGET_VIBE~2,Touristen~A_TARGET_VIBE~2"
Dom,2,3|4,Orte & Reisen|Kultur & Kunst,6,"Gewölbe~A_TARGET_VIBE~2,Orgel~A_TARGET_VIBE~2,Kerze~A_TARGET_VIBE~2,Kirchenbank~A_TARGET_VIBE~2,Glocke~A_TARGET_VIBE~2,Chor~A_TARGET_VIBE~2"
Dorf,3,3,Orte & Reisen,6,"Kirchturm~A_TARGET_VIBE~3,Dorfplatz~A_TARGET_VIBE~3,Traktor~A_TARGET_VIBE~2,Fachwerk~A_TARGET_VIBE~2,Feldweg~A_TARGET_VIBE~2,Nachbarschaft~A_TARGET_VIBE~2"
Dorfplatz,3,3,Orte & Reisen,7,"Brunnen~A_TARGET_VIBE~3,Pflaster~A_TARGET_VIBE~3,Bank~A_TARGET_VIBE~2,Kirchturm~A_TARGET_VIBE~2,Marktstand~A_TARGET_VIBE~2,Treffpunkt~A_TARGET_VIBE~2,Platz~B_PART_VIBE~2"
Durchgang,3,3,Orte & Reisen,6,"Passage~A_TARGET_VIBE~3,Treppe~A_TARGET_VIBE~3,Tür~A_TARGET_VIBE~2,Schild~A_TARGET_VIBE~2,Engstelle~A_TARGET_VIBE~2,Unterführung~A_TARGET_VIBE~2"
Durchsage,2,3,Orte & Reisen,6,"Lautsprecher~A_TARGET_VIBE~2,Signalton~A_TARGET_VIBE~2,Bahnsteig~A_TARGET_VIBE~2,Verspätung~A_TARGET_VIBE~2,Gate~A_TARGET_VIBE~2,Anzeigetafel~A_TARGET_VIBE~2"
Düne,2,2|3,Natur & Tiere|Orte & Reisen,6,"Sand~A_TARGET_VIBE~2,Wind~A_TARGET_VIBE~2,Brandung~A_TARGET_VIBE~2,Strandkorb~A_TARGET_VIBE~2,Sonnencreme~A_TARGET_VIBE~2,Möwe~A_TARGET_VIBE~2"
Ebene,3,2|3,Natur & Tiere|Orte & Reisen,6,"Weite~A_TARGET_VIBE~3,Horizont~A_TARGET_VIBE~3,Feld~A_TARGET_VIBE~2,Wind~A_TARGET_VIBE~2,Flachland~A_TARGET_VIBE~2,Aussicht~A_TARGET_VIBE~2"
Einbahnstraße,3,3,Orte & Reisen,6,"Pfeil~A_TARGET_VIBE~3,Schild~A_TARGET_VIBE~3,Abbiegen~A_TARGET_VIBE~2,Gegenverkehr~A_TARGET_VIBE~2,Spur~A_TARGET_VIBE~2,Umweg~A_TARGET_VIBE~2"
Einfahrt,3,3,Orte & Reisen,6,"Schranke~A_TARGET_VIBE~3,Ticket~A_TARGET_VIBE~3,Rampe~A_TARGET_VIBE~2,Tor~A_TARGET_VIBE~2,Abbiegen~A_TARGET_VIBE~2,Parkhaus~A_TARGET_VIBE~2"
Eingang,3,3,Orte & Reisen,6,"Drehtür~A_TARGET_VIBE~3,Schild~A_TARGET_VIBE~3,Stufe~A_TARGET_VIBE~2,Kasse~A_TARGET_VIBE~2,Vorhalle~A_TARGET_VIBE~2,Pförtner~A_TARGET_VIBE~2"
Einreise,2,3,Orte & Reisen,6,"Stempel~A_TARGET_VIBE~2,Kontrolle~A_TARGET_VIBE~2,Formular~A_TARGET_VIBE~2,Schranke~A_TARGET_VIBE~2,Wartezeit~A_TARGET_VIBE~2,Schalter~A_TARGET_VIBE~2"
Einreisestempel,4,3|9,Orte & Reisen|Gesellschaft & Beruf,6,"Datum~A_TARGET_VIBE~3,Tinte~A_TARGET_VIBE~3,Stempel~A_TARGET_VIBE~2,Kontrolle~A_TARGET_VIBE~2,Ausweis~A_TARGET_VIBE~4,Schalter~A_TARGET_VIBE~4"
Etappe,3,3,Orte & Reisen,6,"Tagesziel~A_TARGET_VIBE~3,Kilometer~A_TARGET_VIBE~3,Pause~A_TARGET_VIBE~2,Abschnitt~A_TARGET_VIBE~2,Strecke~A_TARGET_VIBE~2,Plan~A_TARGET_VIBE~2"
Fahrbahn,3,3,Orte & Reisen,6,"Asphalt~A_TARGET_VIBE~3,Markierung~A_TARGET_VIBE~3,Spur~A_TARGET_VIBE~2,Leitplanke~A_TARGET_VIBE~2,Bremslicht~A_TARGET_VIBE~2,Regen~A_TARGET_VIBE~2"
Fahrer,3,3,Orte & Reisen,6,"Lenkrad~A_TARGET_VIBE~3,Spiegel~A_TARGET_VIBE~3,Blinker~A_TARGET_VIBE~2,Pedal~A_TARGET_VIBE~2,Navi~A_TARGET_VIBE~2,Anschnallen~A_TARGET_VIBE~2"
Fahrgast,3,3,Orte & Reisen,6,"Ticket~A_TARGET_VIBE~3,Sitzplatz~A_TARGET_VIBE~3,Umsteigen~A_TARGET_VIBE~2,Haltestelle~A_TARGET_VIBE~2,Gepäck~A_TARGET_VIBE~2,Bahnsteig~A_TARGET_VIBE~2"
Fahrgastbrücke,4,3,Orte & Reisen,6,"Gate~A_TARGET_VIBE~3,Terminal~A_TARGET_VIBE~3,Boarding~A_TARGET_VIBE~2,Rollfeld~A_TARGET_VIBE~2,Andocken~A_TARGET_VIBE~4,Kabine~A_TARGET_VIBE~4"
Fahrgemeinschaft,3,3,Orte & Reisen,6,"Spritgeld~A_TARGET_VIBE~3,Abholpunkt~A_TARGET_VIBE~3,Mitfahren~A_TARGET_VIBE~2,Chat~A_TARGET_VIBE~2,Umweg~A_TARGET_VIBE~2,Sitzplatz~A_TARGET_VIBE~2"
Fahrkarte,3,3,Orte & Reisen,6,"Entwerter~A_TARGET_VIBE~3,Kontrolle~A_TARGET_VIBE~3,Tarif~A_TARGET_VIBE~2,Zone~A_TARGET_VIBE~2,Automat~A_TARGET_VIBE~2,Beleg~A_TARGET_VIBE~2"
Fahrkartenautomat,3,3|6|9,Orte & Reisen|Technik & Digitales|Gesellschaft & Beruf,6,"Münzen~A_TARGET_VIBE~3,Bildschirm~A_TARGET_VIBE~3,Knopf~A_TARGET_VIBE~2,Quittung~A_TARGET_VIBE~2,Tarif~A_TARGET_VIBE~2,Beleg~A_TARGET_VIBE~2"
Fahrkartenschalter,3,3|9,Orte & Reisen|Gesellschaft & Beruf,7,"Wartemarke~A_TARGET_VIBE~3,Beratung~A_TARGET_VIBE~3,Kasse~A_TARGET_VIBE~2,Ticket~A_TARGET_VIBE~2,Schalter~A_TARGET_VIBE~2,Formular~A_TARGET_VIBE~2,Schalter~B_PART_VIBE~2"
Fahrplan,3,3,Orte & Reisen,6,"Abfahrtzeit~A_TARGET_VIBE~3,Gleis~A_TARGET_VIBE~3,Verspätung~A_TARGET_VIBE~2,Umsteigen~A_TARGET_VIBE~2,Linie~A_TARGET_VIBE~2,Takt~A_TARGET_VIBE~2"
Fahrrad,3,3|5,Orte & Reisen|Sport & Freizeit,6,"Helm~A_TARGET_VIBE~3,Schloss~A_TARGET_VIBE~3,Kette~A_TARGET_VIBE~2,Sattel~A_TARGET_VIBE~2,Radweg~A_TARGET_VIBE~2,Klingel~A_TARGET_VIBE~2"
Fahrschein,3,3,Orte & Reisen,6,"Entwerter~A_TARGET_VIBE~3,Kontrolle~A_TARGET_VIBE~3,Tarif~A_TARGET_VIBE~2,Zone~A_TARGET_VIBE~2,Automat~A_TARGET_VIBE~2,Beleg~A_TARGET_VIBE~2"
Fahrstuhl,3,3,Orte & Reisen,6,"Etage~A_TARGET_VIBE~3,Kabine~A_TARGET_VIBE~3,Knopf~A_TARGET_VIBE~2,Tür~A_TARGET_VIBE~2,Spiegel~A_TARGET_VIBE~2,Schacht~A_TARGET_VIBE~2"
Fahrt,2,3,Orte & Reisen,6,"Strecke~A_TARGET_VIBE~2,Tempo~A_TARGET_VIBE~2,Kurve~A_TARGET_VIBE~2,Route~A_TARGET_VIBE~2,Umweg~A_TARGET_VIBE~2,Pause~A_TARGET_VIBE~2"
Fahrzeug,3,3,Orte & Reisen,6,"Kennzeichen~A_TARGET_VIBE~3,Reifen~A_TARGET_VIBE~3,Motor~A_TARGET_VIBE~2,Parken~A_TARGET_VIBE~2,Tank~A_TARGET_VIBE~2,Spur~A_TARGET_VIBE~2"
Feld,2,2,Natur & Tiere,6,"Acker~A_TARGET_VIBE~2,Weite~A_TARGET_VIBE~2,Traktor~A_TARGET_VIBE~2,Wind~A_TARGET_VIBE~2,Feldweg~A_TARGET_VIBE~2,Korn~A_TARGET_VIBE~2"
Fels,3,2,Natur & Tiere,6,"Geröll~A_TARGET_VIBE~3,Klettern~A_TARGET_VIBE~3,Riss~A_TARGET_VIBE~2,Moos~A_TARGET_VIBE~2,Abgrund~A_TARGET_VIBE~2,Steig~A_TARGET_VIBE~2"
Felswand,4,2,Natur & Tiere,6,"Klettergurt~A_TARGET_VIBE~3,Sicherung~A_TARGET_VIBE~3,Steinschlag~A_TARGET_VIBE~2,Abseilen~A_TARGET_VIBE~2,Riss~A_TARGET_VIBE~4,Echo~A_TARGET_VIBE~4"
Ferienhaus,3,3|10,Orte & Reisen|Haushalt & Wohnen,6,"Terrasse~A_TARGET_VIBE~3,Garten~A_TARGET_VIBE~3,Schlüssel~A_TARGET_VIBE~2,Bettwäsche~A_TARGET_VIBE~2,Check-in~A_TARGET_VIBE~2,Kühlschrank~A_TARGET_VIBE~2"
Ferienwohnung,3,3|10,Orte & Reisen|Haushalt & Wohnen,6,"Küche~A_TARGET_VIBE~3,Balkon~A_TARGET_VIBE~3,Schlüssel~A_TARGET_VIBE~2,Handtuch~A_TARGET_VIBE~2,Check-in~A_TARGET_VIBE~2,Wohnzimmer~A_TARGET_VIBE~2"
Fernweh,3,3|12,Orte & Reisen|Gefühle & Abstraktes,6,"Sehnsucht~A_TARGET_VIBE~3,Landkarte~A_TARGET_VIBE~3,Abenteuer~A_TARGET_VIBE~2,Vorfreude~A_TARGET_VIBE~2,Weite~A_TARGET_VIBE~2,Koffer~A_TARGET_VIBE~2"
Festung,4,3|4,Orte & Reisen|Kultur & Kunst,6,"Bastion~A_TARGET_VIBE~3,Mauer~A_TARGET_VIBE~3,Kanone~A_TARGET_VIBE~2,Graben~A_TARGET_VIBE~2,Aussicht~A_TARGET_VIBE~4,Führung~A_TARGET_VIBE~4"
Fischerdorf,3,3,Orte & Reisen,6,"Netz~A_TARGET_VIBE~3,Hafen~A_TARGET_VIBE~3,Boot~A_TARGET_VIBE~2,Möwe~A_TARGET_VIBE~2,Räuchern~A_TARGET_VIBE~2,Holzsteg~A_TARGET_VIBE~2"
Fjord,4,2|3,Natur & Tiere|Orte & Reisen,6,"Steilküste~A_TARGET_VIBE~3,Gletscher~A_TARGET_VIBE~3,Nebel~A_TARGET_VIBE~2,Boot~A_TARGET_VIBE~2,Ufer~A_TARGET_VIBE~4,Wasser~A_TARGET_VIBE~4"
Flachland,3,2|3,Natur & Tiere|Orte & Reisen,6,"Weite~A_TARGET_VIBE~3,Horizont~A_TARGET_VIBE~3,Feld~A_TARGET_VIBE~2,Windrad~A_TARGET_VIBE~2,Ebene~A_TARGET_VIBE~2,Wiese~A_TARGET_VIBE~2"
Flughafen,3,3,Orte & Reisen,6,"Terminal~A_TARGET_VIBE~3,Check-in~A_TARGET_VIBE~3,Gate~A_TARGET_VIBE~2,Sicherheitskontrolle~A_TARGET_VIBE~2,Gepäckband~A_TARGET_VIBE~2,Rollkoffer~A_TARGET_VIBE~2"
Flugreise,3,3,Orte & Reisen,6,"Boarding~A_TARGET_VIBE~3,Gate~A_TARGET_VIBE~3,Handgepäck~A_TARGET_VIBE~2,Jetlag~A_TARGET_VIBE~2,Terminal~A_TARGET_VIBE~2,Umsteigen~A_TARGET_VIBE~2"
Flugsteig,4,3,Orte & Reisen,6,"Gate~A_TARGET_VIBE~3,Boarding~A_TARGET_VIBE~3,Wartebereich~A_TARGET_VIBE~2,Anzeigetafel~A_TARGET_VIBE~2,Durchsage~A_TARGET_VIBE~4,Sitzreihe~A_TARGET_VIBE~4"
Flugzeug,3,3,Orte & Reisen,6,"Turbine~A_TARGET_VIBE~3,Sitzreihe~A_TARGET_VIBE~3,Triebwerk~A_TARGET_VIBE~2,Fensterplatz~A_TARGET_VIBE~2,Rollfeld~A_TARGET_VIBE~2,Kabine~A_TARGET_VIBE~2"
Fluss,2,2|3,Natur & Tiere|Orte & Reisen,6,"Ufer~A_TARGET_VIBE~2,Strömung~A_TARGET_VIBE~2,Brücke~A_TARGET_VIBE~2,Angel~A_TARGET_VIBE~2,Schiff~A_TARGET_VIBE~2,Wasserstand~A_TARGET_VIBE~2"
Freizeitpark,3,3|5,Orte & Reisen|Sport & Freizeit,6,"Achterbahn~A_TARGET_VIBE~3,Eintritt~A_TARGET_VIBE~3,Warteschlange~A_TARGET_VIBE~2,Souvenir~A_TARGET_VIBE~2,Riesenrad~A_TARGET_VIBE~2,Armband~A_TARGET_VIBE~2"
Fremdwährung,3,3|9,Orte & Reisen|Gesellschaft & Beruf,6,"Wechselkurs~A_TARGET_VIBE~3,Münzen~A_TARGET_VIBE~3,Scheine~A_TARGET_VIBE~2,Gebühr~A_TARGET_VIBE~2,Schalter~A_TARGET_VIBE~2,Geldbörse~A_TARGET_VIBE~2"
Friedhof,3,3|4,Orte & Reisen|Kultur & Kunst,6,"Grabstein~A_TARGET_VIBE~3,Kerze~A_TARGET_VIBE~3,Inschrift~A_TARGET_VIBE~2,Allee~A_TARGET_VIBE~2,Blumenstrauß~A_TARGET_VIBE~2,Stille~A_TARGET_VIBE~2"
Fundbüro,3,3,Orte & Reisen,6,"Verlust~A_TARGET_VIBE~3,Schalter~A_TARGET_VIBE~3,Abholung~A_TARGET_VIBE~2,Nummer~A_TARGET_VIBE~2,Formular~A_TARGET_VIBE~2,Quittung~A_TARGET_VIBE~2"
Fundsache,3,3,Orte & Reisen,6,"Verlust~A_TARGET_VIBE~3,Finder~A_TARGET_VIBE~3,Nummer~A_TARGET_VIBE~2,Etikett~A_TARGET_VIBE~2,Abholung~A_TARGET_VIBE~2,Schalter~A_TARGET_VIBE~2"
Fußgängerzone,3,3,Orte & Reisen,6,"Schaufenster~A_TARGET_VIBE~3,Straßencafé~A_TARGET_VIBE~3,Pflaster~A_TARGET_VIBE~2,Bänke~A_TARGET_VIBE~2,Eisdiele~A_TARGET_VIBE~2,Straßenmusik~A_TARGET_VIBE~2"
Fähre,2,3,Orte & Reisen,6,"Deck~A_TARGET_VIBE~2,Anlegestelle~A_TARGET_VIBE~2,Kabine~A_TARGET_VIBE~2,Seegang~A_TARGET_VIBE~2,Fahrplan~A_TARGET_VIBE~2,Autoschlange~A_TARGET_VIBE~2"
Führung,3,3|4,Orte & Reisen|Kultur & Kunst,6,"Audioguide~A_TARGET_VIBE~3,Gruppe~A_TARGET_VIBE~3,Treffpunkt~A_TARGET_VIBE~2,Mikrofon~A_TARGET_VIBE~2,Rundgang~A_TARGET_VIBE~2,Eintritt~A_TARGET_VIBE~2"
Gasse,3,3,Orte & Reisen,6,"Pflaster~A_TARGET_VIBE~3,Laterne~A_TARGET_VIBE~3,Altstadt~A_TARGET_VIBE~2,Engstelle~A_TARGET_VIBE~2,Winkel~A_TARGET_VIBE~2,Hauswand~A_TARGET_VIBE~2"
Gasthaus,3,1|3,Essen & Trinken|Orte & Reisen,6,"Wirt~A_TARGET_VIBE~3,Stammtisch~A_TARGET_VIBE~3,Theke~A_TARGET_VIBE~2,Schlüssel~A_TARGET_VIBE~2,Frühstück~A_TARGET_VIBE~2,Bier~A_TARGET_VIBE~2"
Gasthof,3,1|3,Essen & Trinken|Orte & Reisen,6,"Wirt~A_TARGET_VIBE~3,Stammtisch~A_TARGET_VIBE~3,Theke~A_TARGET_VIBE~2,Schlüssel~A_TARGET_VIBE~2,Frühstück~A_TARGET_VIBE~2,Bier~A_TARGET_VIBE~2"
Gebirge,4,2|3,Natur & Tiere|Orte & Reisen,6,"Gipfel~A_TARGET_VIBE~3,Grat~A_TARGET_VIBE~3,Höhenmeter~A_TARGET_VIBE~2,Panorama~A_TARGET_VIBE~2,Geröll~A_TARGET_VIBE~4,Wetterumschwung~A_TARGET_VIBE~4"
Gebirgsdorf,3,2|3,Natur & Tiere|Orte & Reisen,6,"Kirchturm~A_TARGET_VIBE~3,Fachwerk~A_TARGET_VIBE~3,Hanglage~A_TARGET_VIBE~2,Pension~A_TARGET_VIBE~2,Panorama~A_TARGET_VIBE~2,Bergbahn~A_TARGET_VIBE~2"
Gedenkstätte,4,3|4,Orte & Reisen|Kultur & Kunst,6,"Kerze~A_TARGET_VIBE~3,Tafel~A_TARGET_VIBE~3,Namen~A_TARGET_VIBE~2,Kranz~A_TARGET_VIBE~2,Stille~A_TARGET_VIBE~4,Erinnerung~A_TARGET_VIBE~4"
Gegend,2,3|12,Orte & Reisen|Gefühle & Abstraktes,6,"Umkreis~A_TARGET_VIBE~2,Karte~A_TARGET_VIBE~2,Ortsteil~A_TARGET_VIBE~2,Landschaft~A_TARGET_VIBE~2,Nachbarschaft~A_TARGET_VIBE~2,Region~A_TARGET_VIBE~2"
Geldautomat,3,3|9,Orte & Reisen|Gesellschaft & Beruf,6,"PIN~A_TARGET_VIBE~3,Karte~A_TARGET_VIBE~3,Abheben~A_TARGET_VIBE~2,Quittung~A_TARGET_VIBE~2,Schlitz~A_TARGET_VIBE~2,Bildschirm~A_TARGET_VIBE~2"
Geldwechsel,3,3|9,Orte & Reisen|Gesellschaft & Beruf,6,"Wechselkurs~A_TARGET_VIBE~3,Gebühr~A_TARGET_VIBE~3,Schalter~A_TARGET_VIBE~2,Fremdwährung~A_TARGET_VIBE~2,Quittung~A_TARGET_VIBE~2,Bank~A_TARGET_VIBE~2"
Gemeinde,2,3|12,Orte & Reisen|Gefühle & Abstraktes,6,"Rathaus~A_TARGET_VIBE~2,Ortsschild~A_TARGET_VIBE~2,Verwaltung~A_TARGET_VIBE~2,Sitzung~A_TARGET_VIBE~2,Postleitzahl~A_TARGET_VIBE~2,Bezirk~A_TARGET_VIBE~2"
Gepäck,2,3,Orte & Reisen,6,"Koffer~A_TARGET_VIBE~2,Rucksack~A_TARGET_VIBE~2,Etikett~A_TARGET_VIBE~2,Waage~A_TARGET_VIBE~2,Griff~A_TARGET_VIBE~2,Schloss~A_TARGET_VIBE~2"
Gepäckannahme,3,3,Orte & Reisen,6,"Schalter~A_TARGET_VIBE~3,Etikett~A_TARGET_VIBE~3,Waage~A_TARGET_VIBE~2,Scanner~A_TARGET_VIBE~2,Band~A_TARGET_VIBE~2,Quittung~A_TARGET_VIBE~2"
Gepäckaufgabe,3,3,Orte & Reisen,6,"Schalter~A_TARGET_VIBE~3,Etikett~A_TARGET_VIBE~3,Waage~A_TARGET_VIBE~2,Barcode~A_TARGET_VIBE~2,Band~A_TARGET_VIBE~2,Übergewicht~A_TARGET_VIBE~2"
Gepäckband,4,3,Orte & Reisen,6,"Warten~A_TARGET_VIBE~3,Runden~A_TARGET_VIBE~3,Etikett~A_TARGET_VIBE~2,Koffer~A_TARGET_VIBE~2,Ankunft~A_TARGET_VIBE~4,Gepäckwagen~A_TARGET_VIBE~4"
Gepäckfach,3,3,Orte & Reisen,6,"Ablage~A_TARGET_VIBE~3,Klappe~A_TARGET_VIBE~3,Rucksack~A_TARGET_VIBE~2,Tasche~A_TARGET_VIBE~2,Sitzreihe~A_TARGET_VIBE~2,Zug~A_TARGET_VIBE~2"
Gepäckraum,3,3,Orte & Reisen,6,"Laderaum~A_TARGET_VIBE~3,Klappe~A_TARGET_VIBE~3,Stauraum~A_TARGET_VIBE~2,Koffer~A_TARGET_VIBE~2,Bus~A_TARGET_VIBE~2,Reisegruppe~A_TARGET_VIBE~2"
Gepäckschein,4,3,Orte & Reisen,6,"Barcode~A_TARGET_VIBE~3,Nummer~A_TARGET_VIBE~3,Quittung~A_TARGET_VIBE~2,Etikett~A_TARGET_VIBE~2,Verlust~A_TARGET_VIBE~4,Schalter~A_TARGET_VIBE~4"
Gepäckstück,3,3,Orte & Reisen,6,"Koffer~A_TARGET_VIBE~3,Tasche~A_TARGET_VIBE~3,Rucksack~A_TARGET_VIBE~2,Griff~A_TARGET_VIBE~2,Etikett~A_TARGET_VIBE~2,Gewicht~A_TARGET_VIBE~2"
Gepäckträger,3,3,Orte & Reisen,6,"Rollwagen~A_TARGET_VIBE~3,Tragegurt~A_TARGET_VIBE~3,Koffer~A_TARGET_VIBE~2,Hotel~A_TARGET_VIBE~2,Trinkgeld~A_TARGET_VIBE~2,Haken~A_TARGET_VIBE~2"
Gepäckwaage,4,3,Orte & Reisen,6,"Kilogramm~A_TARGET_VIBE~3,Anzeige~A_TARGET_VIBE~3,Haken~A_TARGET_VIBE~2,Übergewicht~A_TARGET_VIBE~2,Handgepäck~A_TARGET_VIBE~4,Koffer~A_TARGET_VIBE~4"
Gepäckwagen,4,3,Orte & Reisen,6,"Rollwagen~A_TARGET_VIBE~3,Münze~A_TARGET_VIBE~3,Schieben~A_TARGET_VIBE~2,Gepäckband~A_TARGET_VIBE~2,Griff~A_TARGET_VIBE~4,Koffer~A_TARGET_VIBE~4"
Geröll,2,2,Natur & Tiere,6,"Steinschlag~A_TARGET_VIBE~2,Schotter~A_TARGET_VIBE~2,Hang~A_TARGET_VIBE~2,Trittsicherheit~A_TARGET_VIBE~2,Stöcke~A_TARGET_VIBE~2,Rutschig~A_TARGET_VIBE~2"
Geröllhang,4,2,Natur & Tiere,6,"Steinschlag~A_TARGET_VIBE~3,Hang~A_TARGET_VIBE~3,Rutschig~A_TARGET_VIBE~2,Trittsicherheit~A_TARGET_VIBE~2,Pfad~A_TARGET_VIBE~4,Stöcke~A_TARGET_VIBE~4"
Gewerbegebiet,4,3|9,Orte & Reisen|Gesellschaft & Beruf,6,"Lagerhalle~A_TARGET_VIBE~3,Firmen~A_TARGET_VIBE~3,Parkplatz~A_TARGET_VIBE~2,Zufahrt~A_TARGET_VIBE~2,LKW~A_TARGET_VIBE~4,Gewerbepark~A_TARGET_VIBE~4"
Gezeiten,3,2,Natur & Tiere,6,"Ebbe~A_TARGET_VIBE~3,Flut~A_TARGET_VIBE~3,Mond~A_TARGET_VIBE~2,Pegel~A_TARGET_VIBE~2,Strömung~A_TARGET_VIBE~2,Watt~A_TARGET_VIBE~2"
Gezeitenzone,4,2,Natur & Tiere,6,"Schlick~A_TARGET_VIBE~3,Ebbe~A_TARGET_VIBE~3,Algen~A_TARGET_VIBE~2,Muschel~A_TARGET_VIBE~2,Brandung~A_TARGET_VIBE~4,Felsen~A_TARGET_VIBE~4"
Gipfel,3,2|3,Natur & Tiere|Orte & Reisen,6,"Panorama~A_TARGET_VIBE~3,Höhenmeter~A_TARGET_VIBE~3,Grat~A_TARGET_VIBE~2,Windböe~A_TARGET_VIBE~2,Fernsicht~A_TARGET_VIBE~2,Gipfelkreuz~A_TARGET_VIBE~2"
Gleis,3,3,Orte & Reisen,6,"Schiene~A_TARGET_VIBE~3,Schwelle~A_TARGET_VIBE~3,Signal~A_TARGET_VIBE~2,Bahnsteig~A_TARGET_VIBE~2,Weiche~A_TARGET_VIBE~2,Schotter~A_TARGET_VIBE~2"
Gleiswechsel,4,3,Orte & Reisen,6,"Durchsage~A_TARGET_VIBE~3,Sprint~A_TARGET_VIBE~3,Bahnsteig~A_TARGET_VIBE~2,Verspätung~A_TARGET_VIBE~2,Umsteigen~A_TARGET_VIBE~4,Anzeige~A_TARGET_VIBE~4"
Gletscher,4,2|3,Natur & Tiere|Orte & Reisen,6,"Eis~A_TARGET_VIBE~3,Spalten~A_TARGET_VIBE~3,Schmelzwasser~A_TARGET_VIBE~2,Moräne~A_TARGET_VIBE~2,Steigeisen~A_TARGET_VIBE~4,Kälte~A_TARGET_VIBE~4"
Globus,2,3,Orte & Reisen,6,"Weltkarte~A_TARGET_VIBE~2,Achse~A_TARGET_VIBE~2,Drehung~A_TARGET_VIBE~2,Kontinente~A_TARGET_VIBE~2,Meridian~A_TARGET_VIBE~2,Kugel~A_TARGET_VIBE~2"
Gondel,3,2|3|5,Natur & Tiere|Orte & Reisen|Sport & Freizeit,6,"Seil~A_TARGET_VIBE~3,Kabine~A_TARGET_VIBE~3,Station~A_TARGET_VIBE~2,Höhenmeter~A_TARGET_VIBE~2,Talstation~A_TARGET_VIBE~2,Bergstation~A_TARGET_VIBE~2"
Grenze,2,3,Orte & Reisen,6,"Schranke~A_TARGET_VIBE~2,Schlagbaum~A_TARGET_VIBE~2,Karte~A_TARGET_VIBE~2,Kontrolle~A_TARGET_VIBE~2,Wartezeit~A_TARGET_VIBE~2,Ausweis~A_TARGET_VIBE~2"
Grenzgebiet,4,3|9,Orte & Reisen|Gesellschaft & Beruf,6,"Warnschild~A_TARGET_VIBE~3,Kontrollpunkt~A_TARGET_VIBE~3,Karte~A_TARGET_VIBE~2,Sperrzone~A_TARGET_VIBE~2,Patrouille~A_TARGET_VIBE~4,Niemandsland~A_TARGET_VIBE~4"
Grenzkontrolle,3,3|9,Orte & Reisen|Gesellschaft & Beruf,6,"Scanner~A_TARGET_VIBE~3,Warteschlange~A_TARGET_VIBE~3,Ausweis~A_TARGET_VIBE~2,Schalter~A_TARGET_VIBE~2,Beamter~A_TARGET_VIBE~2,Stempel~A_TARGET_VIBE~2"
Grenzposten,4,3|9,Orte & Reisen|Gesellschaft & Beruf,6,"Schlagbaum~A_TARGET_VIBE~3,Wachhäuschen~A_TARGET_VIBE~3,Uniform~A_TARGET_VIBE~2,Kontrolle~A_TARGET_VIBE~2,Scheinwerfer~A_TARGET_VIBE~4,Schranke~A_TARGET_VIBE~4"
Grenzstadt,3,3,Orte & Reisen,6,"Markt~A_TARGET_VIBE~3,Bahnhof~A_TARGET_VIBE~3,Brücke~A_TARGET_VIBE~2,Grenze~A_TARGET_VIBE~2,Ausfahrt~A_TARGET_VIBE~2,Mischsprache~A_TARGET_VIBE~2"
Grenzübergang,4,3,Orte & Reisen,6,"Schranke~A_TARGET_VIBE~3,Schlagbaum~A_TARGET_VIBE~3,Wartezeit~A_TARGET_VIBE~2,Kontrolle~A_TARGET_VIBE~2,Fahrspur~A_TARGET_VIBE~4,Ausweis~A_TARGET_VIBE~4"
Hafen,2,3,Orte & Reisen,6,"Container~A_TARGET_VIBE~2,Kran~A_TARGET_VIBE~2,Poller~A_TARGET_VIBE~2,Möwe~A_TARGET_VIBE~2,Salzluft~A_TARGET_VIBE~2,Kai~A_TARGET_VIBE~2"
Hafenbecken,3,3,Orte & Reisen,6,"Kaimauer~A_TARGET_VIBE~3,Spiegelung~A_TARGET_VIBE~3,Bojen~A_TARGET_VIBE~2,Wasserstand~A_TARGET_VIBE~2,Steg~A_TARGET_VIBE~2,Kran~A_TARGET_VIBE~2"
Halbinsel,3,2|3,Natur & Tiere|Orte & Reisen,6,"Landzunge~A_TARGET_VIBE~3,Küste~A_TARGET_VIBE~3,Bucht~A_TARGET_VIBE~2,Aussicht~A_TARGET_VIBE~2,Karte~A_TARGET_VIBE~2,Leuchtturm~A_TARGET_VIBE~2"
Haltepunkt,4,3,Orte & Reisen,6,"Bahnsteig~A_TARGET_VIBE~3,Fahrplan~A_TARGET_VIBE~3,Unterstand~A_TARGET_VIBE~2,Gleis~A_TARGET_VIBE~2,Durchsage~A_TARGET_VIBE~4,Bedarfshalt~A_TARGET_VIBE~4"
Haltestelle,2,3,Orte & Reisen,6,"Fahrplan~A_TARGET_VIBE~2,Wartehäuschen~A_TARGET_VIBE~2,Linie~A_TARGET_VIBE~2,Ticket~A_TARGET_VIBE~2,Ansage~A_TARGET_VIBE~2,Türknopf~A_TARGET_VIBE~2"
Handgepäck,2,3,Orte & Reisen,6,"Rucksack~A_TARGET_VIBE~2,Kabine~A_TARGET_VIBE~2,Kontrolle~A_TARGET_VIBE~2,Überkopfablage~A_TARGET_VIBE~2,Flüssigkeiten~A_TARGET_VIBE~2,Laptop~A_TARGET_VIBE~2"
Hang,3,2|3,Natur & Tiere|Orte & Reisen,6,"Steigung~A_TARGET_VIBE~3,Abhang~A_TARGET_VIBE~3,Rutschig~A_TARGET_VIBE~2,Wurzeln~A_TARGET_VIBE~2,Serpentinen~A_TARGET_VIBE~2,Geröll~A_TARGET_VIBE~2"
Hauptstadt,2,3|12,Orte & Reisen|Gefühle & Abstraktes,6,"Regierung~A_TARGET_VIBE~2,Parlament~A_TARGET_VIBE~2,Stadtring~A_TARGET_VIBE~2,U-Bahn~A_TARGET_VIBE~2,Wahrzeichen~A_TARGET_VIBE~2,Boulevard~A_TARGET_VIBE~2"
Heide,2,2|3,Natur & Tiere|Orte & Reisen,6,"Sand~A_TARGET_VIBE~2,Wacholder~A_TARGET_VIBE~2,Blüte~A_TARGET_VIBE~2,Pfad~A_TARGET_VIBE~2,Wind~A_TARGET_VIBE~2,Kiefer~A_TARGET_VIBE~2"
Heimat,3,3|12,Orte & Reisen|Gefühle & Abstraktes,6,"Heimweh~A_TARGET_VIBE~3,Zuhause~A_TARGET_VIBE~3,Kindheit~A_TARGET_VIBE~2,Dialekt~A_TARGET_VIBE~2,Erinnerung~A_TARGET_VIBE~2,Wurzeln~A_TARGET_VIBE~2"
Helikopter,4,3,Orte & Reisen,6,"Rotor~A_TARGET_VIBE~3,Landepad~A_TARGET_VIBE~3,Lärm~A_TARGET_VIBE~2,Pilot~A_TARGET_VIBE~2,Kufen~A_TARGET_VIBE~4,Luftrettung~A_TARGET_VIBE~4"
Herberge,3,3|10,Orte & Reisen|Haushalt & Wohnen,6,"Schlafsaal~A_TARGET_VIBE~3,Rezeption~A_TARGET_VIBE~3,Schlüssel~A_TARGET_VIBE~2,Bettwäsche~A_TARGET_VIBE~2,Rucksack~A_TARGET_VIBE~2,Gemeinschaft~A_TARGET_VIBE~2"
Himmelsrichtung,3,3|12,Orte & Reisen|Gefühle & Abstraktes,6,"Norden~A_TARGET_VIBE~3,Süden~A_TARGET_VIBE~3,Osten~A_TARGET_VIBE~2,Westen~A_TARGET_VIBE~2,Kompass~A_TARGET_VIBE~2,Pfeil~A_TARGET_VIBE~2"
Hinterland,4,2|3|12,Natur & Tiere|Orte & Reisen|Gefühle & Abstraktes,6,"Abseits~A_TARGET_VIBE~3,Landstraße~A_TARGET_VIBE~3,Provinz~A_TARGET_VIBE~2,Karte~A_TARGET_VIBE~2,Feldweg~A_TARGET_VIBE~4,Stille~A_TARGET_VIBE~4"
Hochebene,4,2|3,Natur & Tiere|Orte & Reisen,6,"Plateau~A_TARGET_VIBE~3,Weite~A_TARGET_VIBE~3,Wind~A_TARGET_VIBE~2,Höhenmeter~A_TARGET_VIBE~2,Gras~A_TARGET_VIBE~4,Panorama~A_TARGET_VIBE~4"
Hochhaus,3,3,Orte & Reisen,6,"Aufzug~A_TARGET_VIBE~3,Stockwerk~A_TARGET_VIBE~3,Fassade~A_TARGET_VIBE~2,Glas~A_TARGET_VIBE~2,Lobby~A_TARGET_VIBE~2,Aussicht~A_TARGET_VIBE~2"
Hochland,3,2|3,Natur & Tiere|Orte & Reisen,6,"Plateau~A_TARGET_VIBE~3,Höhenmeter~A_TARGET_VIBE~3,Weite~A_TARGET_VIBE~2,Wind~A_TARGET_VIBE~2,Gras~A_TARGET_VIBE~2,Kälte~A_TARGET_VIBE~2"
Hochsee,4,2|3,Natur & Tiere|Orte & Reisen,6,"Seegang~A_TARGET_VIBE~3,Horizont~A_TARGET_VIBE~3,Wellen~A_TARGET_VIBE~2,Salzluft~A_TARGET_VIBE~2,Sturm~A_TARGET_VIBE~4,Schiff~A_TARGET_VIBE~4"
Hochufer,3,2|3,Natur & Tiere|Orte & Reisen,6,"Steilkante~A_TARGET_VIBE~3,Panorama~A_TARGET_VIBE~3,Geländer~A_TARGET_VIBE~2,Wind~A_TARGET_VIBE~2,Abbruch~A_TARGET_VIBE~2,Aussicht~A_TARGET_VIBE~2"
Hotel,2,3|10,Orte & Reisen|Haushalt & Wohnen,6,"Rezeption~A_TARGET_VIBE~2,Schlüsselkarte~A_TARGET_VIBE~2,Check-out~A_TARGET_VIBE~2,Lobby~A_TARGET_VIBE~2,Frühstück~A_TARGET_VIBE~2,Zimmernummer~A_TARGET_VIBE~2"
Höhle,3,2|3,Natur & Tiere|Orte & Reisen,6,"Tropfstein~A_TARGET_VIBE~3,Stirnlampe~A_TARGET_VIBE~3,Feuchtigkeit~A_TARGET_VIBE~2,Echo~A_TARGET_VIBE~2,Kälte~A_TARGET_VIBE~2,Taschenlampe~A_TARGET_VIBE~2"
Hügel,2,2|3,Natur & Tiere|Orte & Reisen,6,"Anhöhe~A_TARGET_VIBE~2,Panorama~A_TARGET_VIBE~2,Wiese~A_TARGET_VIBE~2,Pfad~A_TARGET_VIBE~2,Wind~A_TARGET_VIBE~2,Aussicht~A_TARGET_VIBE~2"
Hütte,2,3|10,Orte & Reisen|Haushalt & Wohnen,6,"Holzofen~A_TARGET_VIBE~2,Schlafsack~A_TARGET_VIBE~2,Rucksack~A_TARGET_VIBE~2,Stockbett~A_TARGET_VIBE~2,Regen~A_TARGET_VIBE~2,Türschild~A_TARGET_VIBE~2"
Imbiss,2,1|3,Essen & Trinken|Orte & Reisen,6,"Currywurst~A_TARGET_VIBE~2,Pommes~A_TARGET_VIBE~2,Ketchup~A_TARGET_VIBE~2,Theke~A_TARGET_VIBE~2,Pappschale~A_TARGET_VIBE~2,Stehtisch~A_TARGET_VIBE~2"
Impfausweis,3,3|7|9,Orte & Reisen|Wissenschaft & Medizin|Gesellschaft & Beruf,6,"Stempel~A_TARGET_VIBE~3,Datum~A_TARGET_VIBE~3,Arzt~A_TARGET_VIBE~2,QR-Code~A_TARGET_VIBE~2,Nachweis~A_TARGET_VIBE~2,Impfstoff~A_TARGET_VIBE~2"
Industriegebiet,4,3|9,Orte & Reisen|Gesellschaft & Beruf,6,"Schornstein~A_TARGET_VIBE~3,Lagerhalle~A_TARGET_VIBE~3,LKW~A_TARGET_VIBE~2,Zufahrt~A_TARGET_VIBE~2,Parkplatz~A_TARGET_VIBE~4,Fabrik~A_TARGET_VIBE~4"
Informationsschalter,4,3|9,Orte & Reisen|Gesellschaft & Beruf,6,"Stadtplan~A_TARGET_VIBE~3,Prospekt~A_TARGET_VIBE~3,Wartemarke~A_TARGET_VIBE~2,Frage~A_TARGET_VIBE~2,Auskunft~A_TARGET_VIBE~4,Schalter~A_TARGET_VIBE~4"
Informationszentrum,4,3|9,Orte & Reisen|Gesellschaft & Beruf,6,"Stadtplan~A_TARGET_VIBE~3,Prospekt~A_TARGET_VIBE~3,Beratung~A_TARGET_VIBE~2,Karte~A_TARGET_VIBE~2,Öffnungszeiten~A_TARGET_VIBE~4,Auskunft~A_TARGET_VIBE~4"
Inland,2,3|12,Orte & Reisen|Gefühle & Abstraktes,6,"Binnenland~A_TARGET_VIBE~2,Karte~A_TARGET_VIBE~2,Grenze~A_TARGET_VIBE~2,Region~A_TARGET_VIBE~2,Bahnstrecke~A_TARGET_VIBE~2,Dialekt~A_TARGET_VIBE~2"
Innenstadt,1,3|4,Orte & Reisen|Kultur & Kunst,6,"Fußgängerzone~A_TARGET_VIBE~2,Marktplatz~A_TARGET_VIBE~2,Schaufenster~A_TARGET_VIBE~2,Tram~A_TARGET_VIBE~2,Altstadt~A_TARGET_VIBE~2,Cafés~A_TARGET_VIBE~2"
Insel,2,2|3,Natur & Tiere|Orte & Reisen,6,"Fähre~A_TARGET_VIBE~2,Strand~A_TARGET_VIBE~2,Leuchtturm~A_TARGET_VIBE~2,Bucht~A_TARGET_VIBE~2,Küste~A_TARGET_VIBE~2,Sand~A_TARGET_VIBE~2"
Jugendherberge,3,3|10,Orte & Reisen|Haushalt & Wohnen,6,"Stockbett~A_TARGET_VIBE~3,Schlafsaal~A_TARGET_VIBE~3,Spind~A_TARGET_VIBE~2,Frühstück~A_TARGET_VIBE~2,Gemeinschaftsraum~A_TARGET_VIBE~2,Klassenfahrt~A_TARGET_VIBE~2"
Kai,4,3,Orte & Reisen,6,"Poller~A_TARGET_VIBE~3,Kran~A_TARGET_VIBE~3,Container~A_TARGET_VIBE~2,Steg~A_TARGET_VIBE~2,Tauwerk~A_TARGET_VIBE~4,Hafen~A_TARGET_VIBE~4"
Landstrich,3,3,Orte & Reisen,6,"Weite~A_TARGET_VIBE~2,Feldweg~A_TARGET_VIBE~3,Dörfer~A_TARGET_VIBE~2,Hügelkette~A_TARGET_VIBE~3,Dialekt~A_TARGET_VIBE~2,Landstraße~A_TARGET_VIBE~2"
Landzunge,3,2|3,Natur & Tiere|Orte & Reisen,6,"Küste~A_TARGET_VIBE~3,Bucht~A_TARGET_VIBE~3,Dünen~A_TARGET_VIBE~2,Leuchtturm~A_TARGET_VIBE~4,Brandung~A_TARGET_VIBE~2,Kap~A_TARGET_VIBE~3"
Leuchtturm,3,2|3,Natur & Tiere|Orte & Reisen,6,"Blinklicht~A_TARGET_VIBE~3,Klippe~A_TARGET_VIBE~3,Nebelhorn~A_TARGET_VIBE~2,Möwen~A_TARGET_VIBE~2,Küstenwind~A_TARGET_VIBE~2,Signal~A_TARGET_VIBE~2"
Liegewagen,4,3,Orte & Reisen,6,"Abteil~A_TARGET_VIBE~3,Nachtfahrt~A_TARGET_VIBE~3,Kopfkissen~A_TARGET_VIBE~2,Vorhang~A_TARGET_VIBE~2,Schaffner~A_TARGET_VIBE~3,Bettzeug~A_TARGET_VIBE~3"
Lokomotive,4,3|6,Orte & Reisen|Technik & Digitales,6,"Führerstand~A_TARGET_VIBE~3,Kupplung~A_TARGET_VIBE~3,Diesel~A_TARGET_VIBE~2,Pfeife~A_TARGET_VIBE~2,Baureihe~A_TARGET_VIBE~3,Schotter~A_TARGET_VIBE~2"
Längengrad,4,3,Orte & Reisen,6,"Meridian~A_TARGET_VIBE~3,Koordinaten~A_TARGET_VIBE~3,GPS~A_TARGET_VIBE~2,Greenwich~A_TARGET_VIBE~4,Zeitzone~A_TARGET_VIBE~3,Kartenrand~A_TARGET_VIBE~2"
Mangrove,4,2,Natur & Tiere,6,"Brackwasser~A_TARGET_VIBE~3,Schlamm~A_TARGET_VIBE~2,Gezeiten~A_TARGET_VIBE~3,Stelzwurzel~A_TARGET_VIBE~4,Moskitos~A_TARGET_VIBE~2,Kanu~A_TARGET_VIBE~2"
Ortskern,4,3,Orte & Reisen,6,"Marktplatz~A_TARGET_VIBE~3,Rathaus~A_TARGET_VIBE~3,Kirchturm~A_TARGET_VIBE~2,Fußgängerzone~A_TARGET_VIBE~2,Altbau~A_TARGET_VIBE~2,Café~A_TARGET_VIBE~2"
Ortsschild,2,3,Orte & Reisen,6,"Ortseingang~A_TARGET_VIBE~3,Gelb~A_TARGET_VIBE~2,Tempo50~A_TARGET_VIBE~3,Ausfahrt~A_TARGET_VIBE~2,Kreiswappen~A_TARGET_VIBE~3,Nachbarort~A_TARGET_VIBE~2"
Park,3,3|5,Orte & Reisen|Sport & Freizeit,6,"Bänke~A_TARGET_VIBE~2,Teich~A_TARGET_VIBE~2,Jogger~A_TARGET_VIBE~2,Kastanien~A_TARGET_VIBE~2,Wiese~A_TARGET_VIBE~2,Spielplatz~A_TARGET_VIBE~2"
Parkhaus,3,3,Orte & Reisen,6,"Schranke~A_TARGET_VIBE~3,Ticket~A_TARGET_VIBE~2,Rampe~A_TARGET_VIBE~2,Stockwerk~A_TARGET_VIBE~2,Dunkel~A_TARGET_VIBE~2,Automat~A_TARGET_VIBE~2"
Parkplatz,2,3,Orte & Reisen,6,"Parklücke~A_TARGET_VIBE~2,Parkdauer~A_TARGET_VIBE~2,Parkschein~A_TARGET_VIBE~2,Schranke~A_TARGET_VIBE~2,Linien~A_TARGET_VIBE~2,Einfahrt~A_TARGET_VIBE~2"
Pause,1,12,Gefühle & Abstraktes,6,"Durchatmen~A_TARGET_VIBE~2,Kaffeepause~A_TARGET_VIBE~2,Unterbrechung~A_TARGET_VIBE~2,Sitzen~A_TARGET_VIBE~1,Stille~A_TARGET_VIBE~2,Atemzug~A_TARGET_VIBE~1"
Personalausweis,2,9,Gesellschaft & Beruf,6,"Ausweisfoto~A_TARGET_VIBE~3,Chip~A_TARGET_VIBE~2,Hologramm~A_TARGET_VIBE~2,Gültigkeit~A_TARGET_VIBE~2,Meldeamt~A_TARGET_VIBE~2,PIN~A_TARGET_VIBE~2"
Picknick,2,1|5,Essen & Trinken|Sport & Freizeit,6,"Decke~A_TARGET_VIBE~2,Brotdose~A_TARGET_VIBE~2,Thermos~A_TARGET_VIBE~2,Wiese~A_TARGET_VIBE~2,Ameisen~A_TARGET_VIBE~2,Obstsalat~A_TARGET_VIBE~3"
Picknickplatz,3,3|5,Orte & Reisen|Sport & Freizeit,6,"Tischbank~A_TARGET_VIBE~3,Mülleimer~A_TARGET_VIBE~2,Grill~A_TARGET_VIBE~2,Waldrand~A_TARGET_VIBE~2,Decke~A_TARGET_VIBE~2,Ameisen~A_TARGET_VIBE~2"
Pier,3,3,Orte & Reisen,6,"Holzbretter~A_TARGET_VIBE~3,Geländer~A_TARGET_VIBE~2,Anleger~A_TARGET_VIBE~3,Angel~A_TARGET_VIBE~2,Bojen~A_TARGET_VIBE~2,Möwen~A_TARGET_VIBE~2"
Plateau,2,2,Natur & Tiere,6,"Weite~A_TARGET_VIBE~2,Wind~A_TARGET_VIBE~2,Gras~A_TARGET_VIBE~2,Felskante~A_TARGET_VIBE~2,Panorama~A_TARGET_VIBE~2,Grasland~A_TARGET_VIBE~2"
Platz,2,3,Orte & Reisen,6,"Pflaster~A_TARGET_VIBE~2,Brunnen~A_TARGET_VIBE~2,Tauben~A_TARGET_VIBE~2,Marktstand~A_TARGET_VIBE~2,Treffpunkt~A_TARGET_VIBE~2,Bänke~A_TARGET_VIBE~2"
Postamt,2,9,Gesellschaft & Beruf,6,"Schalter~A_TARGET_VIBE~3,Briefmarke~A_TARGET_VIBE~2,Paket~A_TARGET_VIBE~2,Wartemarke~A_TARGET_VIBE~2,Postfach~A_TARGET_VIBE~2,Stempel~A_TARGET_VIBE~2"
Promenade,3,3,Orte & Reisen,6,"Flanieren~A_TARGET_VIBE~3,Geländer~A_TARGET_VIBE~2,Eisdiele~A_TARGET_VIBE~2,Straßencafé~A_TARGET_VIBE~2,Ausblick~A_TARGET_VIBE~2,Laternen~A_TARGET_VIBE~2"
Proviant,3,1|3,Essen & Trinken|Orte & Reisen,6,"Riegel~A_TARGET_VIBE~2,Thermos~A_TARGET_VIBE~2,Brotdose~A_TARGET_VIBE~2,Snack~A_TARGET_VIBE~2,Rucksack~A_TARGET_VIBE~2,Wandertag~A_TARGET_VIBE~2"
Quartier,4,3|10,Orte & Reisen|Haushalt & Wohnen,6,"Rezeption~A_TARGET_VIBE~3,Schlüssel~A_TARGET_VIBE~2,Zimmernummer~A_TARGET_VIBE~2,Check-in~A_TARGET_VIBE~2,Koffer~A_TARGET_VIBE~2,Nachtgebühr~A_TARGET_VIBE~3"
Quelle,2,2,Natur & Tiere,6,"Quellstein~A_TARGET_VIBE~3,Plätschern~A_TARGET_VIBE~2,Moos~A_TARGET_VIBE~2,Klar~A_TARGET_VIBE~2,Bachlauf~A_TARGET_VIBE~2,Wanderweg~A_TARGET_VIBE~2"
Quittung,2,9,Gesellschaft & Beruf,6,"Summe~A_TARGET_VIBE~2,Datum~A_TARGET_VIBE~2,MwSt~A_TARGET_VIBE~3,Rückgabe~A_TARGET_VIBE~2,Kasse~A_TARGET_VIBE~2,Garantie~A_TARGET_VIBE~2"
Radtour,1,3|5,Orte & Reisen|Sport & Freizeit,6,"Radweg~A_TARGET_VIBE~2,Helm~A_TARGET_VIBE~2,Steigung~A_TARGET_VIBE~2,Sattel~A_TARGET_VIBE~2,Trinkflasche~A_TARGET_VIBE~2,Kilometer~A_TARGET_VIBE~2"
Rast,2,5|12,Sport & Freizeit|Gefühle & Abstraktes,6,"Durchatmen~A_TARGET_VIBE~2,Bank~A_TARGET_VIBE~2,Wasserflasche~A_TARGET_VIBE~2,Schatten~A_TARGET_VIBE~2,Pausenbrot~A_TARGET_VIBE~2,Sitzen~A_TARGET_VIBE~1"
Rastplatz,3,3,Orte & Reisen,6,"Ausfahrt~A_TARGET_VIBE~3,Toiletten~A_TARGET_VIBE~2,Picknickbank~A_TARGET_VIBE~2,Parklücke~A_TARGET_VIBE~2,Autobahn~A_TARGET_VIBE~2,Mülltonne~A_TARGET_VIBE~2"
Raststätte,3,3,Orte & Reisen,6,"Zapfsäule~A_TARGET_VIBE~2,Kiosk~A_TARGET_VIBE~2,Toiletten~A_TARGET_VIBE~2,LKW~A_TARGET_VIBE~3,Kaffee~A_TARGET_VIBE~2,Bratwurst~A_TARGET_VIBE~3"
Reiseveranstalter,3,9,Gesellschaft & Beruf,6,"Katalog~A_TARGET_VIBE~3,Pauschalreise~A_TARGET_VIBE~3,Hotline~A_TARGET_VIBE~2,Buchungscode~A_TARGET_VIBE~2,Stornofrist~A_TARGET_VIBE~2,Reisepreis~A_TARGET_VIBE~2"
Reiseversicherung,3,9,Gesellschaft & Beruf,6,"Police~A_TARGET_VIBE~3,Schadenmeldung~A_TARGET_VIBE~2,Selbstbeteiligung~A_TARGET_VIBE~2,Notrufnummer~A_TARGET_VIBE~2,Kündigung~A_TARGET_VIBE~2,Beitrag~A_TARGET_VIBE~2"
Reisewarnung,4,3|9,Orte & Reisen|Gesellschaft & Beruf,6,"Sicherheitslage~A_TARGET_VIBE~3,Hinweis~A_TARGET_VIBE~2,Risiko~A_TARGET_VIBE~2,Länderliste~A_TARGET_VIBE~3,Rückholung~A_TARGET_VIBE~3,Aktualisierung~A_TARGET_VIBE~2"
Reisezeit,2,3|12,Orte & Reisen|Gefühle & Abstraktes,6,"Saison~A_TARGET_VIBE~2,Ferien~A_TARGET_VIBE~2,Kalender~A_TARGET_VIBE~2,Hauptreisezeit~A_TARGET_VIBE~3,Zeitverschiebung~A_TARGET_VIBE~2,Wetterlage~A_TARGET_VIBE~2"
Reiseziel,2,3|12,Orte & Reisen|Gefühle & Abstraktes,6,"Vorfreude~A_TARGET_VIBE~2,Landkarte~A_TARGET_VIBE~2,Buchung~A_TARGET_VIBE~2,Ankunft~A_TARGET_VIBE~2,Fotostopp~A_TARGET_VIBE~2,Wunschliste~A_TARGET_VIBE~2"
Restaurant,2,1|3,Essen & Trinken|Orte & Reisen,6,"Speisekarte~A_TARGET_VIBE~3,Kellner~A_TARGET_VIBE~2,Reservierung~A_TARGET_VIBE~2,Trinkgeld~A_TARGET_VIBE~2,Vorspeise~A_TARGET_VIBE~2,Rechnung~A_TARGET_VIBE~2"
Rettungsboot,4,3,Orte & Reisen,6,"Seenot~A_TARGET_VIBE~3,Leuchtrakete~A_TARGET_VIBE~3,Rettungsring~A_TARGET_VIBE~2,Notruf~A_TARGET_VIBE~2,Seegang~A_TARGET_VIBE~3,Manöver~A_TARGET_VIBE~2"
Rettungsweste,4,0|3,Alltag & Gegenstände|Orte & Reisen,6,"Schnalle~A_TARGET_VIBE~3,Reflektor~A_TARGET_VIBE~2,Auftrieb~A_TARGET_VIBE~3,Pfeife~A_TARGET_VIBE~2,Bootsteg~A_TARGET_VIBE~3,Sicherheitscheck~A_TARGET_VIBE~2"
Rezeption,3,3|10,Orte & Reisen|Haushalt & Wohnen,6,"Glocke~A_TARGET_VIBE~3,Schlüsselkarte~A_TARGET_VIBE~2,Check-in~A_TARGET_VIBE~2,Gästebuch~A_TARGET_VIBE~2,Lobby~A_TARGET_VIBE~2,Weckruf~A_TARGET_VIBE~2"
Riff,4,2,Natur & Tiere,6,"Koralle~A_TARGET_VIBE~3,Schnorchel~A_TARGET_VIBE~2,Brandung~A_TARGET_VIBE~2,Fischschwarm~A_TARGET_VIBE~2,Tiefblau~A_TARGET_VIBE~2,Strömung~A_TARGET_VIBE~2"
Rollfeld,3,3,Orte & Reisen,6,"Vorfeld~A_TARGET_VIBE~3,Markierung~A_TARGET_VIBE~2,Tankwagen~A_TARGET_VIBE~2,Flughafenbus~A_TARGET_VIBE~2,Triebwerk~A_TARGET_VIBE~2,Blinklicht~A_TARGET_VIBE~2"
Rolltreppe,2,0|3,Alltag & Gegenstände|Orte & Reisen,6,"Stufen~A_TARGET_VIBE~2,Geländer~A_TARGET_VIBE~2,U-Bahn~A_TARGET_VIBE~2,Einkaufszentrum~A_TARGET_VIBE~2,Sicherheitskante~A_TARGET_VIBE~2,Kinderwagen~A_TARGET_VIBE~2"
Route,3,3,Orte & Reisen,6,"Etappe~A_TARGET_VIBE~3,Abzweig~A_TARGET_VIBE~2,Kilometer~A_TARGET_VIBE~2,Navi~A_TARGET_VIBE~2,Ziel~A_TARGET_VIBE~2,Karte~A_TARGET_VIBE~2"
Routenplaner,3,3|6,Orte & Reisen|Technik & Digitales,6,"App~A_TARGET_VIBE~2,Navi~A_TARGET_VIBE~2,Ankunftszeit~A_TARGET_VIBE~2,Alternative~A_TARGET_VIBE~2,Stau~A_TARGET_VIBE~2,Kartenansicht~A_TARGET_VIBE~2"
Routenwahl,4,3|12,Orte & Reisen|Gefühle & Abstraktes,6,"Umweg~A_TARGET_VIBE~2,Abkürzung~A_TARGET_VIBE~2,Maut~A_TARGET_VIBE~3,Stau~A_TARGET_VIBE~2,Schnellstraße~A_TARGET_VIBE~2,Landschaft~A_TARGET_VIBE~2"
Rummelplatz,3,3|5,Orte & Reisen|Sport & Freizeit,6,"Karussell~A_TARGET_VIBE~3,Losbude~A_TARGET_VIBE~3,Zuckerwatte~A_TARGET_VIBE~2,Riesenrad~A_TARGET_VIBE~2,Achterbahn~A_TARGET_VIBE~2,Lichterkette~A_TARGET_VIBE~2"
Rundreise,2,3,Orte & Reisen,6,"Etappen~A_TARGET_VIBE~2,Hotelwechsel~A_TARGET_VIBE~2,Programm~A_TARGET_VIBE~2,Reisebus~A_TARGET_VIBE~2,Fotostopp~A_TARGET_VIBE~2,Koffer~A_TARGET_VIBE~2"
Rücktritt,3,9|12,Gesellschaft & Beruf|Gefühle & Abstraktes,6,"Pressekonferenz~A_TARGET_VIBE~3,Erklärung~A_TARGET_VIBE~2,Skandal~A_TARGET_VIBE~2,Amt~A_TARGET_VIBE~3,Nachfolger~A_TARGET_VIBE~2,Demission~A_TARGET_VIBE~3"
Sackgasse,2,3,Orte & Reisen,6,"Wendekreis~A_TARGET_VIBE~3,Umkehren~A_TARGET_VIBE~2,Ende~A_TARGET_VIBE~2,Anlieger~A_TARGET_VIBE~2,Straßenschild~A_TARGET_VIBE~2,Spielstraße~A_TARGET_VIBE~2"
Salzsee,3,2|3,Natur & Tiere|Orte & Reisen,6,"Sole~A_TARGET_VIBE~3,Kruste~A_TARGET_VIBE~2,Spiegelung~A_TARGET_VIBE~2,Verdunstung~A_TARGET_VIBE~2,Weiß~A_TARGET_VIBE~2,Flamingo~A_TARGET_VIBE~3"
Sandbank,3,2,Natur & Tiere,6,"Flachwasser~A_TARGET_VIBE~2,Strandung~A_TARGET_VIBE~2,Tiden~A_TARGET_VIBE~3,Schlick~A_TARGET_VIBE~2,Seevogel~A_TARGET_VIBE~2,Boot~A_TARGET_VIBE~2"
Savanne,3,2,Natur & Tiere,6,"Akazie~A_TARGET_VIBE~3,Trockenzeit~A_TARGET_VIBE~2,Safari~A_TARGET_VIBE~2,Staub~A_TARGET_VIBE~2,Gnu~A_TARGET_VIBE~3,Baobab~A_TARGET_VIBE~3"
Schalterhalle,4,3|9,Orte & Reisen|Gesellschaft & Beruf,6,"Warteschlange~A_TARGET_VIBE~3,Wartemarke~A_TARGET_VIBE~3,Durchsage~A_TARGET_VIBE~2,Schalter~A_TARGET_VIBE~2,Ticket~A_TARGET_VIBE~2,Beamter~A_TARGET_VIBE~3"
Schlafsaal,3,3|10,Orte & Reisen|Haushalt & Wohnen,6,"Stockbett~A_TARGET_VIBE~3,Spind~A_TARGET_VIBE~2,Schnarchen~A_TARGET_VIBE~2,Lichtaus~A_TARGET_VIBE~2,Duschraum~A_TARGET_VIBE~2,Nachtruhe~A_TARGET_VIBE~2"
Schlafwagen,4,3,Orte & Reisen,6,"Abteil~A_TARGET_VIBE~3,Bettzeug~A_TARGET_VIBE~3,Waschbecken~A_TARGET_VIBE~2,Nachtfahrt~A_TARGET_VIBE~3,Klingel~A_TARGET_VIBE~2,Weckruf~A_TARGET_VIBE~2"
Sitzreservierung,4,3|9,Orte & Reisen|Gesellschaft & Beruf,6,"Platznummer~A_TARGET_VIBE~3,Wagenstand~A_TARGET_VIBE~3,Buchungscode~A_TARGET_VIBE~2,Fensterplatz~A_TARGET_VIBE~2,Kontrolle~A_TARGET_VIBE~2,Aufpreis~A_TARGET_VIBE~2"
Sonnencreme,1,0,Alltag & Gegenstände,6,"Lichtschutzfaktor~A_TARGET_VIBE~3,Einreiben~A_TARGET_VIBE~2,Sonnenbrand~A_TARGET_VIBE~2,Tube~A_TARGET_VIBE~2,Strandtasche~A_TARGET_VIBE~2,Duft~A_TARGET_VIBE~1"
Souvenirladen,3,3|4,Orte & Reisen|Kultur & Kunst,6,"Postkarte~A_TARGET_VIBE~3,Magnet~A_TARGET_VIBE~2,Schneekugel~A_TARGET_VIBE~2,T-Shirt~A_TARGET_VIBE~2,Mitbringsel~A_TARGET_VIBE~2,Kasse~A_TARGET_VIBE~2"
Spaziergang,1,5,Sport & Freizeit,6,"Flanieren~A_TARGET_VIBE~2,Schritte~A_TARGET_VIBE~2,Frischluft~A_TARGET_VIBE~2,Hund~A_TARGET_VIBE~2,Laterne~A_TARGET_VIBE~2,Bank~A_TARGET_VIBE~2"
Speisewagen,4,1|3,Essen & Trinken|Orte & Reisen,6,"Tablett~A_TARGET_VIBE~3,Serviette~A_TARGET_VIBE~2,Besteck~A_TARGET_VIBE~2,Kaffee~A_TARGET_VIBE~2,Menü~A_TARGET_VIBE~2,Reserviert~A_TARGET_VIBE~3"
Sperrgepäck,4,3,Orte & Reisen,6,"Skisack~A_TARGET_VIBE~3,Fahrradkiste~A_TARGET_VIBE~3,Aufkleber~A_TARGET_VIBE~2,Gebühr~A_TARGET_VIBE~2,Schalter~A_TARGET_VIBE~2,Transport~A_TARGET_VIBE~2"
Spesen,3,9,Gesellschaft & Beruf,6,"Abrechnung~A_TARGET_VIBE~3,Dienstreise~A_TARGET_VIBE~2,Pauschale~A_TARGET_VIBE~2,Buchhaltung~A_TARGET_VIBE~2,Beleg~A_TARGET_VIBE~2,Quittung~A_TARGET_VIBE~3"
Spur,2,3,Orte & Reisen,6,"Markierung~A_TARGET_VIBE~2,Überholen~A_TARGET_VIBE~2,Fahrbahn~A_TARGET_VIBE~2,Blinker~A_TARGET_VIBE~2,Stau~A_TARGET_VIBE~2,Leitplanke~A_TARGET_VIBE~2"
Stadion,3,3|5,Orte & Reisen|Sport & Freizeit,6,"Tribüne~A_TARGET_VIBE~3,Anpfiff~A_TARGET_VIBE~2,Rasen~A_TARGET_VIBE~2,Fans~A_TARGET_VIBE~2,Block~A_TARGET_VIBE~2,Flutlicht~A_TARGET_VIBE~2"
Stadtführung,3,3|4,Orte & Reisen|Kultur & Kunst,6,"Reiseleiter~A_TARGET_VIBE~3,Treffpunkt~A_TARGET_VIBE~2,Rundgang~A_TARGET_VIBE~2,Altstadt~A_TARGET_VIBE~2,Gruppenfoto~A_TARGET_VIBE~2,Dauer~A_TARGET_VIBE~2"
Stadtmauer,4,3|4,Orte & Reisen|Kultur & Kunst,6,"Wehrgang~A_TARGET_VIBE~3,Tor~A_TARGET_VIBE~2,Zinnen~A_TARGET_VIBE~2,Stein~A_TARGET_VIBE~2,Bastion~A_TARGET_VIBE~3,Graben~A_TARGET_VIBE~2"
Stadtrundgang,3,3|4,Orte & Reisen|Kultur & Kunst,6,"Rundgang~A_TARGET_VIBE~3,Karte~A_TARGET_VIBE~2,Altstadt~A_TARGET_VIBE~2,Fotostopp~A_TARGET_VIBE~2,Gassen~A_TARGET_VIBE~2,Gruppe~A_TARGET_VIBE~2"
Stadtviertel,3,3,Orte & Reisen,6,"Kiez~A_TARGET_VIBE~3,Postleitzahl~A_TARGET_VIBE~2,Altbau~A_TARGET_VIBE~2,Haltestelle~A_TARGET_VIBE~2,Eckkneipe~A_TARGET_VIBE~2,Spielplatz~A_TARGET_VIBE~2"
Standort,2,3,Orte & Reisen,6,"Koordinaten~A_TARGET_VIBE~2,Adresse~A_TARGET_VIBE~2,GPS~A_TARGET_VIBE~2,Stecknadel~A_TARGET_VIBE~2,Umkreis~A_TARGET_VIBE~2,Ortung~A_TARGET_VIBE~2"
Start,1,12,Gefühle & Abstraktes,6,"Countdown~A_TARGET_VIBE~2,Startschuss~A_TARGET_VIBE~2,Signal~A_TARGET_VIBE~2,Los~A_TARGET_VIBE~1,Abheben~A_TARGET_VIBE~2,Anpfiff~A_TARGET_VIBE~2"
Startbahn,3,3,Orte & Reisen,6,"Kontrollturm~A_TARGET_VIBE~3,Startfreigabe~A_TARGET_VIBE~3,Markierung~A_TARGET_VIBE~2,Triebwerk~A_TARGET_VIBE~2,Gummiabrieb~A_TARGET_VIBE~3,Windrichtung~A_TARGET_VIBE~2"
Stausee,3,2|3,Natur & Tiere|Orte & Reisen,6,"Staumauer~A_TARGET_VIBE~3,Pegel~A_TARGET_VIBE~2,Talsperre~A_TARGET_VIBE~3,Überlauf~A_TARGET_VIBE~3,Kraftwerk~A_TARGET_VIBE~2,Abfluss~A_TARGET_VIBE~2"
Steilküste,3,2|3,Natur & Tiere|Orte & Reisen,6,"Brandung~A_TARGET_VIBE~3,Gischt~A_TARGET_VIBE~2,Abbruchkante~A_TARGET_VIBE~3,Abgrund~A_TARGET_VIBE~3,Windböe~A_TARGET_VIBE~2,Aussichtspunkt~A_TARGET_VIBE~2"
Steppe,2,2,Natur & Tiere,6,"Weite~A_TARGET_VIBE~2,Horizont~A_TARGET_VIBE~2,Dürre~A_TARGET_VIBE~2,Staub~A_TARGET_VIBE~2,Jurte~A_TARGET_VIBE~3,Reiter~A_TARGET_VIBE~3"
Stopp,2,3|12,Orte & Reisen|Gefühle & Abstraktes,6,"Bremslicht~A_TARGET_VIBE~2,Ampel~A_TARGET_VIBE~2,Signal~A_TARGET_VIBE~2,Unterbrechung~A_TARGET_VIBE~2,Stillstand~A_TARGET_VIBE~3,Handzeichen~A_TARGET_VIBE~3"
Stornierung,4,3|9,Orte & Reisen|Gesellschaft & Beruf,6,"Buchung~A_TARGET_VIBE~3,Frist~A_TARGET_VIBE~3,Rückzahlung~A_TARGET_VIBE~3,Bestätigung~A_TARGET_VIBE~2,Hotline~A_TARGET_VIBE~2,Schaltfläche~A_TARGET_VIBE~2"
Stornogebühr,4,3|9,Orte & Reisen|Gesellschaft & Beruf,6,"AGB~A_TARGET_VIBE~3,Aufpreis~A_TARGET_VIBE~3,Rechnung~A_TARGET_VIBE~3,Frist~A_TARGET_VIBE~3,Rückzahlung~A_TARGET_VIBE~4,Buchung~A_TARGET_VIBE~3"
Strand,3,2|3,Natur & Tiere|Orte & Reisen,6,"Sand~A_TARGET_VIBE~2,Muschel~A_TARGET_VIBE~2,Brandung~A_TARGET_VIBE~2,Sonnencreme~A_TARGET_VIBE~2,Möwe~A_TARGET_VIBE~2,Salzluft~A_TARGET_VIBE~2"
Strandbad,3,3|5,Orte & Reisen|Sport & Freizeit,6,"Eintritt~A_TARGET_VIBE~3,Umkleide~A_TARGET_VIBE~2,Liegewiese~A_TARGET_VIBE~2,Schwimmsteg~A_TARGET_VIBE~3,Kiosk~A_TARGET_VIBE~2,Rettungsschwimmer~A_TARGET_VIBE~3"
Strandkorb,3,0|3,Alltag & Gegenstände|Orte & Reisen,6,"Geflecht~A_TARGET_VIBE~3,Haube~A_TARGET_VIBE~2,Windschutz~A_TARGET_VIBE~3,Miete~A_TARGET_VIBE~2,Nummernschild~A_TARGET_VIBE~2,Polster~A_TARGET_VIBE~2"
Straße,3,3,Orte & Reisen,6,"Asphalt~A_TARGET_VIBE~2,Kreuzung~A_TARGET_VIBE~2,Zebrastreifen~A_TARGET_VIBE~2,Laterne~A_TARGET_VIBE~2,Hausnummer~A_TARGET_VIBE~2,Schlagloch~A_TARGET_VIBE~2"
Straßenbahn,3,3,Orte & Reisen,6,"Schiene~A_TARGET_VIBE~3,Haltestelle~A_TARGET_VIBE~2,Oberleitung~A_TARGET_VIBE~3,Fahrkarte~A_TARGET_VIBE~2,Klingel~A_TARGET_VIBE~2,Wagen~A_TARGET_VIBE~2"
Straßenkarte,3,3,Orte & Reisen,6,"Falten~A_TARGET_VIBE~2,Maßstab~A_TARGET_VIBE~3,Legende~A_TARGET_VIBE~2,Route~A_TARGET_VIBE~2,Kreisverkehr~A_TARGET_VIBE~2,Register~A_TARGET_VIBE~2"
Strecke,3,3,Orte & Reisen,6,"Kilometer~A_TARGET_VIBE~2,Etappe~A_TARGET_VIBE~2,Umweg~A_TARGET_VIBE~2,Fahrzeit~A_TARGET_VIBE~2,Ziel~A_TARGET_VIBE~2,Abzweig~A_TARGET_VIBE~2"
Streckennetz,3,3,Orte & Reisen,6,"Linienplan~A_TARGET_VIBE~3,Knotenpunkt~A_TARGET_VIBE~3,Verbindung~A_TARGET_VIBE~2,Takt~A_TARGET_VIBE~2,Fahrplan~A_TARGET_VIBE~2,Karte~A_TARGET_VIBE~2"
Strömung,3,2,Natur & Tiere,6,"Sog~A_TARGET_VIBE~3,Wirbel~A_TARGET_VIBE~3,Treibholz~A_TARGET_VIBE~2,Paddel~A_TARGET_VIBE~2,Ufer~A_TARGET_VIBE~2,Pegel~A_TARGET_VIBE~2"
Synagoge,4,3|4,Orte & Reisen|Kultur & Kunst,6,"Sabbat~A_TARGET_VIBE~3,Kippa~A_TARGET_VIBE~3,Tora~A_TARGET_VIBE~3,Kantor~A_TARGET_VIBE~3,Menora~A_TARGET_VIBE~2,Gemeinde~A_TARGET_VIBE~2"
Tagesausflug,3,3|5,Orte & Reisen|Sport & Freizeit,6,"Rucksack~A_TARGET_VIBE~2,Rückfahrt~A_TARGET_VIBE~2,Fotostopp~A_TARGET_VIBE~2,Picknick~A_TARGET_VIBE~2,Eintritt~A_TARGET_VIBE~2,Buslinie~A_TARGET_VIBE~2"
Tagesziel,3,3|12,Orte & Reisen|Gefühle & Abstraktes,6,"Etappe~A_TARGET_VIBE~3,Zwischenstopp~A_TARGET_VIBE~2,Zeitplan~A_TARGET_VIBE~2,Ankunft~A_TARGET_VIBE~2,Kilometer~A_TARGET_VIBE~2,Stichtag~A_TARGET_VIBE~3"
Taiga,4,2,Natur & Tiere,6,"Nadelwald~A_TARGET_VIBE~3,Permafrost~A_TARGET_VIBE~3,Moskito~A_TARGET_VIBE~2,Birke~A_TARGET_VIBE~2,Kälte~A_TARGET_VIBE~2,Rentier~A_TARGET_VIBE~3"
Tal,3,2|3,Natur & Tiere|Orte & Reisen,6,"Serpentinen~A_TARGET_VIBE~2,Flusslauf~A_TARGET_VIBE~2,Nebelschwaden~A_TARGET_VIBE~2,Hänge~A_TARGET_VIBE~2,Brücke~A_TARGET_VIBE~2,Wiesen~A_TARGET_VIBE~2"
Tankstelle,2,3,Orte & Reisen,6,"Zapfsäule~A_TARGET_VIBE~3,Benzin~A_TARGET_VIBE~2,Diesel~A_TARGET_VIBE~2,Kasse~A_TARGET_VIBE~2,Waschanlage~A_TARGET_VIBE~2,Preistafel~A_TARGET_VIBE~2"
Taxi,2,3,Orte & Reisen,6,"Taxameter~A_TARGET_VIBE~3,Rückbank~A_TARGET_VIBE~2,Funkgerät~A_TARGET_VIBE~2,Halteplatz~A_TARGET_VIBE~2,Trinkgeld~A_TARGET_VIBE~2,Zieladresse~A_TARGET_VIBE~2"
Tempel,3,3|4,Orte & Reisen|Kultur & Kunst,6,"Säule~A_TARGET_VIBE~2,Weihrauch~A_TARGET_VIBE~3,Stufen~A_TARGET_VIBE~2,Altar~A_TARGET_VIBE~3,Pilger~A_TARGET_VIBE~2,Ritual~A_TARGET_VIBE~2"
Theater,2,3|4,Orte & Reisen|Kultur & Kunst,6,"Bühne~A_TARGET_VIBE~2,Vorhang~A_TARGET_VIBE~2,Applaus~A_TARGET_VIBE~2,Premiere~A_TARGET_VIBE~3,Ensemble~A_TARGET_VIBE~2,Sitzreihe~A_TARGET_VIBE~2"
Touristeninformation,4,3|9,Orte & Reisen|Gesellschaft & Beruf,6,"Stadtplan~A_TARGET_VIBE~3,Prospekt~A_TARGET_VIBE~2,Öffnungszeiten~A_TARGET_VIBE~2,Schalter~A_TARGET_VIBE~2,Tipps~A_TARGET_VIBE~2,Auskunft~A_TARGET_VIBE~3"
Transitbereich,4,3|9,Orte & Reisen|Gesellschaft & Beruf,6,"Gate~A_TARGET_VIBE~3,Sicherheitskontrolle~A_TARGET_VIBE~3,Zollfrei~A_TARGET_VIBE~2,Umsteigen~A_TARGET_VIBE~2,Wartebereich~A_TARGET_VIBE~2,Passkontrolle~A_TARGET_VIBE~3"
Triebwagen,4,3,Orte & Reisen,6,"Steuerstand~A_TARGET_VIBE~3,Kupplung~A_TARGET_VIBE~2,Baureihe~A_TARGET_VIBE~3,Schaffner~A_TARGET_VIBE~2,Schiene~A_TARGET_VIBE~2,Antrieb~A_TARGET_VIBE~2"
Trinkflasche,2,0|5,Alltag & Gegenstände|Sport & Freizeit,6,"Verschluss~A_TARGET_VIBE~2,Mundstück~A_TARGET_VIBE~2,Isolierung~A_TARGET_VIBE~2,Rucksack~A_TARGET_VIBE~2,BPAfrei~A_TARGET_VIBE~2,Spülmaschine~A_TARGET_VIBE~2"
Trinkgeld,2,9,Gesellschaft & Beruf,6,"Aufrunden~A_TARGET_VIBE~3,Bedienung~A_TARGET_VIBE~2,Münzfach~A_TARGET_VIBE~2,Rechnung~A_TARGET_VIBE~2,Bargeld~A_TARGET_VIBE~2,Dankeschön~A_TARGET_VIBE~2"
Trinkwasser,3,0|7,Alltag & Gegenstände|Wissenschaft & Medizin,6,"Leitungswasser~A_TARGET_VIBE~3,Filter~A_TARGET_VIBE~2,Keime~A_TARGET_VIBE~3,Abkochen~A_TARGET_VIBE~2,Mineralien~A_TARGET_VIBE~2,Hygiene~A_TARGET_VIBE~2"
Tropenwald,4,2,Natur & Tiere,6,"Regenzeit~A_TARGET_VIBE~3,Feuchtigkeit~A_TARGET_VIBE~2,Liane~A_TARGET_VIBE~2,Blätterdach~A_TARGET_VIBE~3,Orchidee~A_TARGET_VIBE~2,Moskito~A_TARGET_VIBE~2"
Tropfsteinhöhle,4,2|3,Natur & Tiere|Orte & Reisen,6,"Stalaktit~A_TARGET_VIBE~4,Stalagmit~A_TARGET_VIBE~4,Kalk~A_TARGET_VIBE~3,Feuchtigkeit~A_TARGET_VIBE~2,Taschenlampe~A_TARGET_VIBE~2,Führung~A_TARGET_VIBE~2"
Tundra,4,2,Natur & Tiere,6,"Permafrost~A_TARGET_VIBE~3,Polarnacht~A_TARGET_VIBE~3,Flechte~A_TARGET_VIBE~2,Rentier~A_TARGET_VIBE~3,Kälte~A_TARGET_VIBE~2,Zwergbirke~A_TARGET_VIBE~3"
Tunnel,3,3,Orte & Reisen,6,"Untergrund~A_TARGET_VIBE~2,Röhre~A_TARGET_VIBE~2,Beleuchtung~A_TARGET_VIBE~2,Ausfahrt~A_TARGET_VIBE~2,Echo~A_TARGET_VIBE~2,Baustelle~A_TARGET_VIBE~2"
Ufer,2,2|3,Natur & Tiere|Orte & Reisen,6,"Schilf~A_TARGET_VIBE~2,Kies~A_TARGET_VIBE~2,Steg~A_TARGET_VIBE~2,Böschung~A_TARGET_VIBE~2,Wellen~A_TARGET_VIBE~2,Angler~A_TARGET_VIBE~2"
Uferpromenade,3,3,Orte & Reisen,6,"Flanieren~A_TARGET_VIBE~3,Geländer~A_TARGET_VIBE~2,Eisdiele~A_TARGET_VIBE~2,Bänke~A_TARGET_VIBE~2,Laternen~A_TARGET_VIBE~2,Ausblick~A_TARGET_VIBE~2"
Uferweg,3,2|3|5,Natur & Tiere|Orte & Reisen|Sport & Freizeit,6,"Jogger~A_TARGET_VIBE~2,Radfahrer~A_TARGET_VIBE~2,Schilf~A_TARGET_VIBE~2,Kies~A_TARGET_VIBE~2,Bank~A_TARGET_VIBE~2,Markierung~A_TARGET_VIBE~2"
Umland,3,3|12,Orte & Reisen|Gefühle & Abstraktes,6,"Pendler~A_TARGET_VIBE~2,Stadtrand~A_TARGET_VIBE~2,Landstraße~A_TARGET_VIBE~2,Einzugsgebiet~A_TARGET_VIBE~3,Gewerbegebiet~A_TARGET_VIBE~2,Vorort~A_TARGET_VIBE~2"
Umleitung,2,3,Orte & Reisen,6,"Baustelle~A_TARGET_VIBE~2,Sperrung~A_TARGET_VIBE~2,Pfeil~A_TARGET_VIBE~2,Umweg~A_TARGET_VIBE~2,Schild~A_TARGET_VIBE~2,Navi~A_TARGET_VIBE~2"
Umsteigezeit,4,3|12,Orte & Reisen|Gefühle & Abstraktes,6,"Anschluss~A_TARGET_VIBE~3,Puffer~A_TARGET_VIBE~2,Sprint~A_TARGET_VIBE~3,Gleiswechsel~A_TARGET_VIBE~3,Fahrplan~A_TARGET_VIBE~2,Verspätung~A_TARGET_VIBE~2"
Universität,3,7|9,Wissenschaft & Medizin|Gesellschaft & Beruf,6,"Hörsaal~A_TARGET_VIBE~2,Mensa~A_TARGET_VIBE~2,Seminar~A_TARGET_VIBE~2,Campus~A_TARGET_VIBE~2,Immatrikulation~A_TARGET_VIBE~3,Klausur~A_TARGET_VIBE~2"
Unterführung,3,3,Orte & Reisen,6,"Treppe~A_TARGET_VIBE~2,Graffiti~A_TARGET_VIBE~2,Neonlicht~A_TARGET_VIBE~2,Pfütze~A_TARGET_VIBE~2,Durchgang~A_TARGET_VIBE~2,Fahrrad~A_TARGET_VIBE~2"
Urlaub,2,3|12,Orte & Reisen|Gefühle & Abstraktes,6,"Koffer~A_TARGET_VIBE~2,Erholung~A_TARGET_VIBE~2,Postkarte~A_TARGET_VIBE~2,Hotel~A_TARGET_VIBE~2,Buchung~A_TARGET_VIBE~2,Abwesenheit~A_TARGET_VIBE~2"
Versicherungsschein,4,9,Gesellschaft & Beruf,6,"Police~A_TARGET_VIBE~3,Vertragsnummer~A_TARGET_VIBE~3,Beitrag~A_TARGET_VIBE~2,Schadensfall~A_TARGET_VIBE~3,Unterschrift~A_TARGET_VIBE~2,Dokument~A_TARGET_VIBE~2"
Verspätung,3,3|12,Orte & Reisen|Gefühle & Abstraktes,6,"Anzeige~A_TARGET_VIBE~2,Durchsage~A_TARGET_VIBE~2,Wartezeit~A_TARGET_VIBE~2,Anschluss~A_TARGET_VIBE~3,Ärger~A_TARGET_VIBE~2,Fahrplan~A_TARGET_VIBE~2"
Vignette,4,3|9,Orte & Reisen|Gesellschaft & Beruf,6,"Aufkleber~A_TARGET_VIBE~3,Maut~A_TARGET_VIBE~3,Windschutzscheibe~A_TARGET_VIBE~3,Gültigkeit~A_TARGET_VIBE~2,Kontrollstelle~A_TARGET_VIBE~3,Autobahn~A_TARGET_VIBE~2"
Vorland,4,2|3,Natur & Tiere|Orte & Reisen,6,"Deich~A_TARGET_VIBE~3,Marsch~A_TARGET_VIBE~3,Schlick~A_TARGET_VIBE~2,Priele~A_TARGET_VIBE~3,Küstenschutz~A_TARGET_VIBE~3,Vogelrast~A_TARGET_VIBE~2"
Vorort,3,3|10,Orte & Reisen|Haushalt & Wohnen,6,"Pendler~A_TARGET_VIBE~2,S-Bahn~A_TARGET_VIBE~2,Stadtrand~A_TARGET_VIBE~2,Einfamilienhaus~A_TARGET_VIBE~2,Parkplatz~A_TARGET_VIBE~2,Supermarkt~A_TARGET_VIBE~2"
Vorstadt,3,3|10,Orte & Reisen|Haushalt & Wohnen,6,"Reihenhaus~A_TARGET_VIBE~2,Einkaufszentrum~A_TARGET_VIBE~2,Buslinie~A_TARGET_VIBE~2,Stadtrand~A_TARGET_VIBE~2,Pendler~A_TARGET_VIBE~2,Autoverkehr~A_TARGET_VIBE~2"
Vulkan,3,2|3,Natur & Tiere|Orte & Reisen,6,"Lava~A_TARGET_VIBE~3,Asche~A_TARGET_VIBE~2,Krater~A_TARGET_VIBE~3,Magma~A_TARGET_VIBE~3,Schwefel~A_TARGET_VIBE~2,Eruption~A_TARGET_VIBE~3"
Waggon,3,3,Orte & Reisen,6,"Abteil~A_TARGET_VIBE~3,Sitzreihe~A_TARGET_VIBE~2,Wagenstand~A_TARGET_VIBE~3,Gepäckablage~A_TARGET_VIBE~2,Kupplung~A_TARGET_VIBE~2,Schaffner~A_TARGET_VIBE~2"
Wahrzeichen,3,3|4,Orte & Reisen|Kultur & Kunst,6,"Postkarte~A_TARGET_VIBE~2,Fotostopp~A_TARGET_VIBE~2,Skyline~A_TARGET_VIBE~2,Souvenir~A_TARGET_VIBE~2,Stadtplan~A_TARGET_VIBE~2,Denkmal~A_TARGET_VIBE~2"
Wald,2,2,Natur & Tiere,6,"Unterholz~A_TARGET_VIBE~2,Moos~A_TARGET_VIBE~2,Fichtennadel~A_TARGET_VIBE~2,Pilzkorb~A_TARGET_VIBE~2,Vogelruf~A_TARGET_VIBE~2,Förster~A_TARGET_VIBE~2"
Waldweg,3,2|3|5,Natur & Tiere|Orte & Reisen|Sport & Freizeit,6,"Wurzeln~A_TARGET_VIBE~2,Laub~A_TARGET_VIBE~2,Schotter~A_TARGET_VIBE~2,Pfütze~A_TARGET_VIBE~2,Markierung~A_TARGET_VIBE~2,Forsthaus~A_TARGET_VIBE~2"
Wallfahrtsort,4,3|4,Orte & Reisen|Kultur & Kunst,6,"Pilger~A_TARGET_VIBE~3,Prozession~A_TARGET_VIBE~3,Rosenkranz~A_TARGET_VIBE~2,Andacht~A_TARGET_VIBE~2,Kerze~A_TARGET_VIBE~2,Messe~A_TARGET_VIBE~2"
Wanderkarte,3,3|5,Orte & Reisen|Sport & Freizeit,6,"Höhenlinie~A_TARGET_VIBE~3,Maßstab~A_TARGET_VIBE~2,Legende~A_TARGET_VIBE~2,Kompass~A_TARGET_VIBE~2,Falten~A_TARGET_VIBE~2,Markierung~A_TARGET_VIBE~2"
Wanderstiefel,3,0|5,Alltag & Gegenstände|Sport & Freizeit,6,"Profilsohle~A_TARGET_VIBE~3,Schnürsenkel~A_TARGET_VIBE~2,Imprägnierung~A_TARGET_VIBE~2,Blase~A_TARGET_VIBE~2,Geröll~A_TARGET_VIBE~2,Goretex~A_TARGET_VIBE~2"
Wanderung,2,2|5,Natur & Tiere|Sport & Freizeit,6,"Rucksack~A_TARGET_VIBE~2,Höhenmeter~A_TARGET_VIBE~2,Markierung~A_TARGET_VIBE~2,Schutzhütte~A_TARGET_VIBE~2,Aussicht~A_TARGET_VIBE~2,Trinkflasche~A_TARGET_VIBE~2"
Warteraum,3,3,Orte & Reisen,6,"Sitzbank~A_TARGET_VIBE~2,Zugluft~A_TARGET_VIBE~2,Anzeigetafel~A_TARGET_VIBE~2,Durchsage~A_TARGET_VIBE~2,Wartezeit~A_TARGET_VIBE~2,Automat~A_TARGET_VIBE~2"
Wasserfall,3,2|3,Natur & Tiere|Orte & Reisen,6,"Rauschen~A_TARGET_VIBE~2,Gischt~A_TARGET_VIBE~2,Sprühnebel~A_TARGET_VIBE~2,Regenbogen~A_TARGET_VIBE~3,Fels~A_TARGET_VIBE~2,Kamera~A_TARGET_VIBE~2"
Wasserstraße,3,2|3,Natur & Tiere|Orte & Reisen,6,"Schleuse~A_TARGET_VIBE~3,Kanal~A_TARGET_VIBE~2,Binnenschiff~A_TARGET_VIBE~3,Boje~A_TARGET_VIBE~2,Fahrwasser~A_TARGET_VIBE~3,Ufer~A_TARGET_VIBE~2"
Watt,3,2,Natur & Tiere,6,"Ebbe~A_TARGET_VIBE~3,Schlick~A_TARGET_VIBE~2,Priel~A_TARGET_VIBE~3,Gummistiefel~A_TARGET_VIBE~2,Seehund~A_TARGET_VIBE~2,Vogelzug~A_TARGET_VIBE~2"
Wechselstube,4,3|9,Orte & Reisen|Gesellschaft & Beruf,6,"Wechselkurs~A_TARGET_VIBE~3,Fremdwährung~A_TARGET_VIBE~3,Gebühr~A_TARGET_VIBE~2,Bargeld~A_TARGET_VIBE~2,Schalter~A_TARGET_VIBE~2,Quittung~A_TARGET_VIBE~2"
Weckruf,3,3|10,Orte & Reisen|Haushalt & Wohnen,6,"Rezeption~A_TARGET_VIBE~3,Telefon~A_TARGET_VIBE~2,Uhrzeit~A_TARGET_VIBE~2,Aufstehen~A_TARGET_VIBE~2,Klingeln~A_TARGET_VIBE~2,Zimmer~A_TARGET_VIBE~2"
Wegbeschreibung,3,3,Orte & Reisen,6,"Abzweig~A_TARGET_VIBE~2,Landmarke~A_TARGET_VIBE~2,Richtung~A_TARGET_VIBE~2,Pfeil~A_TARGET_VIBE~2,Karte~A_TARGET_VIBE~2,Navi~A_TARGET_VIBE~2"
Wegmarke,4,3|5,Orte & Reisen|Sport & Freizeit,6,"Farbpunkt~A_TARGET_VIBE~3,Reflektor~A_TARGET_VIBE~2,Steinmännchen~A_TARGET_VIBE~3,Baumstamm~A_TARGET_VIBE~2,Pfeil~A_TARGET_VIBE~2,Pfad~A_TARGET_VIBE~2"
Wegweiser,2,3,Orte & Reisen,6,"Schild~A_TARGET_VIBE~2,Pfeil~A_TARGET_VIBE~2,Abzweig~A_TARGET_VIBE~2,Kilometerangabe~A_TARGET_VIBE~3,Ortsname~A_TARGET_VIBE~2,Umleitung~A_TARGET_VIBE~2"
Weiche,4,3|6,Orte & Reisen|Technik & Digitales,6,"Stellwerk~A_TARGET_VIBE~3,Signal~A_TARGET_VIBE~2,Abzweig~A_TARGET_VIBE~2,Schiene~A_TARGET_VIBE~2,Gleis~A_TARGET_VIBE~2,Hebel~A_TARGET_VIBE~2"
Wiese,1,2,Natur & Tiere,6,"Grashalm~A_TARGET_VIBE~2,Tau~A_TARGET_VIBE~2,Heu~A_TARGET_VIBE~2,Butterblume~A_TARGET_VIBE~2,Picknick~A_TARGET_VIBE~2,Maulwurfshügel~A_TARGET_VIBE~2"
Wildnis,2,2|12,Natur & Tiere|Gefühle & Abstraktes,6,"Abgeschiedenheit~A_TARGET_VIBE~2,Pfadlos~A_TARGET_VIBE~3,Kompass~A_TARGET_VIBE~2,Lagerfeuer~A_TARGET_VIBE~2,Moskitos~A_TARGET_VIBE~2,Zelt~A_TARGET_VIBE~2"
Wintersportort,3,3|5|13,Orte & Reisen|Sport & Freizeit|Feste & Jahreszeiten,6,"Skipass~A_TARGET_VIBE~3,Piste~A_TARGET_VIBE~3,Seilbahn~A_TARGET_VIBE~2,Schneekanone~A_TARGET_VIBE~3,Aprèski~A_TARGET_VIBE~2,Hüttenzauber~A_TARGET_VIBE~2"
Wochenendreise,3,3|12,Orte & Reisen|Gefühle & Abstraktes,6,"Kurztrip~A_TARGET_VIBE~3,Freitagabend~A_TARGET_VIBE~2,Hotel~A_TARGET_VIBE~2,Rückfahrt~A_TARGET_VIBE~2,Koffer~A_TARGET_VIBE~2,Planung~A_TARGET_VIBE~2"
Wohnviertel,3,3|10,Orte & Reisen|Haushalt & Wohnen,6,"Nachbarschaft~A_TARGET_VIBE~2,Spielplatz~A_TARGET_VIBE~2,Altbau~A_TARGET_VIBE~2,Bäckerei~A_TARGET_VIBE~2,Kiez~A_TARGET_VIBE~2,Parkdruck~A_TARGET_VIBE~2"