word,difficulty,genre_ids,genre_names,hint_count,hints
Abenteuer,4,3|5,Orte & Reisen|Sport & Freizeit,6,"Expedition~A_TARGET_VIBE~3,Rucksack~A_TARGET_VIBE~3,Mut~A_TARGET_VIBE~3,Dschungel~A_TARGET_VIBE~3,Schatz~A_TARGET_VIBE~4,Risiko~A_TARGET_VIBE~4"
Abfahrt,3,3|5,Orte & Reisen|Sport & Freizeit,6,"Fahrplan~A_TARGET_VIBE~2,Gleis~A_TARGET_VIBE~2,Terminal~A_TARGET_VIBE~2,Piste~A_TARGET_VIBE~2,Kurve~A_TARGET_VIBE~3,Lift~A_TARGET_VIBE~3"
Abpfiff,1,5,Sport & Freizeit,6,"Rasen~A_TARGET_VIBE~1,Trikot~A_TARGET_VIBE~1,Schiedsrichter~A_TARGET_VIBE~1,Eckfahne~A_TARGET_VIBE~1,Auswechslung~A_TARGET_VIBE~2,Fanblock~A_TARGET_VIBE~2"
Abstieg,4,5,Sport & Freizeit,6,"Pokal~A_TARGET_VIBE~3,Finale~A_TARGET_VIBE~3,Vorrunde~A_TARGET_VIBE~3,Rückrunde~A_TARGET_VIBE~3,Saison~A_TARGET_VIBE~4,Rangliste~A_TARGET_VIBE~4"
Aerobic,2,5,Sport & Freizeit,6,"Matte~A_TARGET_VIBE~2,Dehnung~A_TARGET_VIBE~2,Wiederholung~A_TARGET_VIBE~2,Kurs~A_TARGET_VIBE~2,Studio~A_TARGET_VIBE~2,Atmung~A_TARGET_VIBE~2"
Aikido,2,5,Sport & Freizeit,6,"Dojo~A_TARGET_VIBE~2,Gürtel~A_TARGET_VIBE~2,Kata~A_TARGET_VIBE~2,Matte~A_TARGET_VIBE~2,Tritt~A_TARGET_VIBE~2,Wurf~A_TARGET_VIBE~2"
Almwiese,2,2|3, Natur & Tiere|Orte & Reisen,6,"Kuhglocke~A_TARGET_VIBE~2,Heu~A_TARGET_VIBE~2,Bergluft~A_TARGET_VIBE~2,Hütte~A_TARGET_VIBE~2,Panorama~A_TARGET_VIBE~2,Blumenwiese~A_TARGET_VIBE~2"
Angeln,2,2|5,Natur & Tiere|Sport & Freizeit,6,"Köder~A_TARGET_VIBE~2,Angelrute~A_TARGET_VIBE~2,Haken~A_TARGET_VIBE~2,Schnur~A_TARGET_VIBE~2,Kescher~A_TARGET_VIBE~2,Biss~A_TARGET_VIBE~2"
Anpfiff,1,5,Sport & Freizeit,6,"Rasen~A_TARGET_VIBE~1,Trikot~A_TARGET_VIBE~1,Schiedsrichter~A_TARGET_VIBE~1,Eckfahne~A_TARGET_VIBE~1,Auswechslung~A_TARGET_VIBE~2,Fanblock~A_TARGET_VIBE~2"
Anstoß,1,5,Sport & Freizeit,6,"Rasen~A_TARGET_VIBE~1,Trikot~A_TARGET_VIBE~1,Schiedsrichter~A_TARGET_VIBE~1,Eckfahne~A_TARGET_VIBE~1,Auswechslung~A_TARGET_VIBE~2,Fanblock~A_TARGET_VIBE~2"
Aufschlag,2,5,Sport & Freizeit,6,"Schläger~A_TARGET_VIBE~2,Netz~A_TARGET_VIBE~2,Aufschlagfeld~A_TARGET_VIBE~2,Ballwechsel~A_TARGET_VIBE~2,Satz~A_TARGET_VIBE~2,Linie~A_TARGET_VIBE~2"
Aufstieg,4,5,Sport & Freizeit,6,"Pokal~A_TARGET_VIBE~3,Finale~A_TARGET_VIBE~3,Vorrunde~A_TARGET_VIBE~3,Rückrunde~A_TARGET_VIBE~3,Saison~A_TARGET_VIBE~4,Rangliste~A_TARGET_VIBE~4"
Aufwärmen,1,5,Sport & Freizeit,6,"Wettkampf~A_TARGET_VIBE~1,Training~A_TARGET_VIBE~1,Puls~A_TARGET_VIBE~1,Schweiß~A_TARGET_VIBE~1,Trainer~A_TARGET_VIBE~2,Verein~A_TARGET_VIBE~2"
Ausdauer,3,5|12,Sport & Freizeit|Gefühle & Abstraktes,6,"Matte~A_TARGET_VIBE~2,Dehnung~A_TARGET_VIBE~2,Wiederholung~A_TARGET_VIBE~2,Kurs~A_TARGET_VIBE~2,Studio~A_TARGET_VIBE~3,Atmung~A_TARGET_VIBE~3"
Ausscheidung,3,5,Sport & Freizeit,6,"Pokal~A_TARGET_VIBE~2,Finale~A_TARGET_VIBE~2,Vorrunde~A_TARGET_VIBE~2,Rückrunde~A_TARGET_VIBE~2,Saison~A_TARGET_VIBE~3,Rangliste~A_TARGET_VIBE~3"
Ausflug,3,2|3|5,Natur & Tiere|Orte & Reisen|Sport & Freizeit,6,"Rucksack~A_TARGET_VIBE~2,Karte~A_TARGET_VIBE~2,Kompass~A_TARGET_VIBE~2,Markierung~A_TARGET_VIBE~2,Höhenmeter~A_TARGET_VIBE~3,Gipfel~A_TARGET_VIBE~3"
Aussichtspunkt,4,2|3|5,Natur & Tiere|Orte & Reisen|Sport & Freizeit,6,"Rucksack~A_TARGET_VIBE~3,Karte~A_TARGET_VIBE~3,Kompass~A_TARGET_VIBE~3,Markierung~A_TARGET_VIBE~3,Höhenmeter~A_TARGET_VIBE~4,Gipfel~A_TARGET_VIBE~4"
Aussichtsturm,4,2|3|5,Natur & Tiere|Orte & Reisen|Sport & Freizeit,6,"Rucksack~A_TARGET_VIBE~3,Karte~A_TARGET_VIBE~3,Kompass~A_TARGET_VIBE~3,Markierung~A_TARGET_VIBE~3,Höhenmeter~A_TARGET_VIBE~4,Gipfel~A_TARGET_VIBE~4"
Auszeit,1,5,Sport & Freizeit,6,"Unterbrechung~A_TARGET_VIBE~1,Taktik~A_TARGET_VIBE~1,Bank~A_TARGET_VIBE~1,Stoppuhr~A_TARGET_VIBE~1,Ansprache~A_TARGET_VIBE~2,Trinken~A_TARGET_VIBE~2"
Backbord,4,3|5,Orte & Reisen|Sport & Freizeit,6,"Wellen~A_TARGET_VIBE~3,Neopren~A_TARGET_VIBE~3,Boje~A_TARGET_VIBE~3,Strömung~A_TARGET_VIBE~3,Hafen~A_TARGET_VIBE~4,Leine~A_TARGET_VIBE~4"
Badminton,4,5,Sport & Freizeit,6,"Federball~A_TARGET_VIBE~3,Schläger~A_TARGET_VIBE~3,Netz~A_TARGET_VIBE~3,Halle~A_TARGET_VIBE~3,Aufschlag~A_TARGET_VIBE~4,Satz~A_TARGET_VIBE~4"
Badeurlaub,1,3|5,Orte & Reisen|Sport & Freizeit,6,"Strand~A_TARGET_VIBE~1,Hotel~A_TARGET_VIBE~1,Sonnencreme~A_TARGET_VIBE~1,Pool~A_TARGET_VIBE~1,Handtuch~A_TARGET_VIBE~2,Promenade~A_TARGET_VIBE~2"
Badegast,2,3,Orte & Reisen,6,"Strand~A_TARGET_VIBE~2,Handtuch~A_TARGET_VIBE~2,Sonnencreme~A_TARGET_VIBE~2,Schwimmring~A_TARGET_VIBE~2,Promenade~A_TARGET_VIBE~2,Eisdiele~A_TARGET_VIBE~2"
Ball,4,5,Sport & Freizeit,6,"Trikot~A_TARGET_VIBE~3,Schweiß~A_TARGET_VIBE~3,Tor~A_TARGET_VIBE~3,Schiedsrichter~A_TARGET_VIBE~3,Halle~A_TARGET_VIBE~4,Rasen~A_TARGET_VIBE~4"
Ballbesitz,4,5,Sport & Freizeit,6,"Rasen~A_TARGET_VIBE~3,Trikot~A_TARGET_VIBE~3,Schiedsrichter~A_TARGET_VIBE~3,Eckfahne~A_TARGET_VIBE~3,Auswechslung~A_TARGET_VIBE~4,Fanblock~A_TARGET_VIBE~4"
Bandage,2,0|5|7,Alltag & Gegenstände|Sport & Freizeit|Wissenschaft & Medizin,6,"Wettkampf~A_TARGET_VIBE~2,Training~A_TARGET_VIBE~2,Aufwärmen~A_TARGET_VIBE~2,Puls~A_TARGET_VIBE~2,Schweiß~A_TARGET_VIBE~2,Trainer~A_TARGET_VIBE~2"
Baseball,2,5,Sport & Freizeit,6,"Schläger~A_TARGET_VIBE~2,Handschuh~A_TARGET_VIBE~2,Base~A_TARGET_VIBE~2,Pitcher~A_TARGET_VIBE~2,Dugout~A_TARGET_VIBE~2,Inning~A_TARGET_VIBE~2"
Basketball,2,5,Sport & Freizeit,6,"Korb~A_TARGET_VIBE~2,Brett~A_TARGET_VIBE~2,Dribbling~A_TARGET_VIBE~2,Dreier~A_TARGET_VIBE~2,Freiwurf~A_TARGET_VIBE~2,Hallenschuh~A_TARGET_VIBE~2"
Bergsteigen,1,2|3|5,Natur & Tiere|Orte & Reisen|Sport & Freizeit,6,"Rucksack~A_TARGET_VIBE~1,Karte~A_TARGET_VIBE~1,Kompass~A_TARGET_VIBE~1,Markierung~A_TARGET_VIBE~1,Höhenmeter~A_TARGET_VIBE~2,Gipfel~A_TARGET_VIBE~2"
Bestzeit,3,5,Sport & Freizeit,6,"Pokal~A_TARGET_VIBE~2,Finale~A_TARGET_VIBE~2,Vorrunde~A_TARGET_VIBE~2,Rückrunde~A_TARGET_VIBE~2,Saison~A_TARGET_VIBE~3,Rangliste~A_TARGET_VIBE~3"
Biathlon,3,2|3|5,Natur & Tiere|Orte & Reisen|Sport & Freizeit,6,"Rucksack~A_TARGET_VIBE~2,Karte~A_TARGET_VIBE~2,Kompass~A_TARGET_VIBE~2,Markierung~A_TARGET_VIBE~2,Höhenmeter~A_TARGET_VIBE~3,Gipfel~A_TARGET_VIBE~3"
Billard,1,5,Sport & Freizeit,6,"Queue~A_TARGET_VIBE~1,Kreide~A_TARGET_VIBE~1,Kugel~A_TARGET_VIBE~1,Bande~A_TARGET_VIBE~1,Loch~A_TARGET_VIBE~2,Stoß~A_TARGET_VIBE~2"
Biwak,4,3|5,Orte & Reisen|Sport & Freizeit,6,"Zeltplatz~A_TARGET_VIBE~3,Isomatte~A_TARGET_VIBE~3,Schlafsack~A_TARGET_VIBE~3,Gaskocher~A_TARGET_VIBE~3,Lagerfeuer~A_TARGET_VIBE~4,Stirnlampe~A_TARGET_VIBE~4"
Boccia,3,5,Sport & Freizeit,6,"Kugel~A_TARGET_VIBE~2,Zielkugel~A_TARGET_VIBE~2,Sand~A_TARGET_VIBE~2,Wurf~A_TARGET_VIBE~2,Bahn~A_TARGET_VIBE~3,Maß~A_TARGET_VIBE~3"
Bolzplatz,1,3|5,Orte & Reisen|Sport & Freizeit,6,"Rasen~A_TARGET_VIBE~1,Trikot~A_TARGET_VIBE~1,Schiedsrichter~A_TARGET_VIBE~1,Eckfahne~A_TARGET_VIBE~1,Auswechslung~A_TARGET_VIBE~2,Fanblock~A_TARGET_VIBE~2"
Bouldern,4,5,Sport & Freizeit,6,"Karabiner~A_TARGET_VIBE~3,Magnesia~A_TARGET_VIBE~3,Gurt~A_TARGET_VIBE~3,Griff~A_TARGET_VIBE~3,Wand~A_TARGET_VIBE~4,Seil~A_TARGET_VIBE~4"
Bowling,4,5,Sport & Freizeit,6,"Bahn~A_TARGET_VIBE~3,Pins~A_TARGET_VIBE~3,Kugel~A_TARGET_VIBE~3,Wurf~A_TARGET_VIBE~3,Strike~A_TARGET_VIBE~4,Leihschuh~A_TARGET_VIBE~4"
Boxen,4,5,Sport & Freizeit,6,"Ring~A_TARGET_VIBE~3,Handschuh~A_TARGET_VIBE~3,Kinnschutz~A_TARGET_VIBE~3,Sparring~A_TARGET_VIBE~3,Gerade~A_TARGET_VIBE~4,Seil~A_TARGET_VIBE~4"
Bremshebel,4,0|5,Alltag & Gegenstände|Sport & Freizeit,6,"Bremshebel~A_TARGET_VIBE~3,Schaltung~A_TARGET_VIBE~3,Kette~A_TARGET_VIBE~3,Zug~A_TARGET_VIBE~3,Lenker~A_TARGET_VIBE~4,Belag~A_TARGET_VIBE~4"
Bremsklotz,4,0|5,Alltag & Gegenstände|Sport & Freizeit,6,"Bremshebel~A_TARGET_VIBE~3,Schaltung~A_TARGET_VIBE~3,Kette~A_TARGET_VIBE~3,Zug~A_TARGET_VIBE~3,Lenker~A_TARGET_VIBE~4,Belag~A_TARGET_VIBE~4"
Bug,4,3|5,Orte & Reisen|Sport & Freizeit,6,"Bugwelle~A_TARGET_VIBE~3,Kurs~A_TARGET_VIBE~3,Hafen~A_TARGET_VIBE~3,Anker~A_TARGET_VIBE~3,Kapitän~A_TARGET_VIBE~4,Leine~A_TARGET_VIBE~4"
Camping,3,3|5,Orte & Reisen|Sport & Freizeit,6,"Zeltplatz~A_TARGET_VIBE~2,Isomatte~A_TARGET_VIBE~2,Schlafsack~A_TARGET_VIBE~2,Gaskocher~A_TARGET_VIBE~2,Lagerfeuer~A_TARGET_VIBE~3,Stirnlampe~A_TARGET_VIBE~3"
Campingstuhl,4,0|3|5,Alltag & Gegenstände|Orte & Reisen|Sport & Freizeit,6,"Zeltplatz~A_TARGET_VIBE~3,Isomatte~A_TARGET_VIBE~3,Schlafsack~A_TARGET_VIBE~3,Gaskocher~A_TARGET_VIBE~3,Lagerfeuer~A_TARGET_VIBE~4,Stirnlampe~A_TARGET_VIBE~4"
Curling,4,5,Sport & Freizeit,6,"Stein~A_TARGET_VIBE~3,Besen~A_TARGET_VIBE~3,Eis~A_TARGET_VIBE~3,Haus~A_TARGET_VIBE~3,Curl~A_TARGET_VIBE~4,Team~A_TARGET_VIBE~4"
Dartpfeil,2,5,Sport & Freizeit,6,"Zentrum~A_TARGET_VIBE~2,Scheibe~A_TARGET_VIBE~2,Wurfarm~A_TARGET_VIBE~2,Triplefeld~A_TARGET_VIBE~2,Punkte~A_TARGET_VIBE~2,Kneipe~A_TARGET_VIBE~2"
Dartspiel,2,5,Sport & Freizeit,6,"Zentrum~A_TARGET_VIBE~2,Scheibe~A_TARGET_VIBE~2,Punkte~A_TARGET_VIBE~2,Wurf~A_TARGET_VIBE~2,Triplefeld~A_TARGET_VIBE~2,Kneipe~A_TARGET_VIBE~2"
Dehnen,4,5,Sport & Freizeit,6,"Matte~A_TARGET_VIBE~3,Lockerung~A_TARGET_VIBE~3,Muskel~A_TARGET_VIBE~3,Sehne~A_TARGET_VIBE~3,Aufwärmen~A_TARGET_VIBE~4,Atmung~A_TARGET_VIBE~4"
Derby,3,5,Sport & Freizeit,6,"Rivalität~A_TARGET_VIBE~2,Heimfans~A_TARGET_VIBE~2,Auswärtsblock~A_TARGET_VIBE~2,Choreo~A_TARGET_VIBE~2,Pfeifkonzert~A_TARGET_VIBE~3,Sicherheit~A_TARGET_VIBE~3"
Domino,3,5,Sport & Freizeit,6,"Stein~A_TARGET_VIBE~2,Kette~A_TARGET_VIBE~2,Anlegen~A_TARGET_VIBE~2,Doppel~A_TARGET_VIBE~2,Reihe~A_TARGET_VIBE~3,Klackern~A_TARGET_VIBE~3"
Drachensteigen,4,5|11,Sport & Freizeit|Wetter & Himmel,6,"Wind~A_TARGET_VIBE~3,Böe~A_TARGET_VIBE~3,Schnur~A_TARGET_VIBE~3,Wiese~A_TARGET_VIBE~3,Spule~A_TARGET_VIBE~4,Lenken~A_TARGET_VIBE~4"
Dribbling,4,5,Sport & Freizeit,6,"Körpertäuschung~A_TARGET_VIBE~3,Gegner~A_TARGET_VIBE~3,Ballkontakt~A_TARGET_VIBE~3,Korb~A_TARGET_VIBE~3,Linie~A_TARGET_VIBE~4,Tempo~A_TARGET_VIBE~4"
Dreisprung,3,5,Sport & Freizeit,6,"Anlauf~A_TARGET_VIBE~2,Sprunggrube~A_TARGET_VIBE~2,Latte~A_TARGET_VIBE~2,Absprung~A_TARGET_VIBE~2,Sand~A_TARGET_VIBE~3,Weite~A_TARGET_VIBE~3"
Druck,3,12,Gefühle & Abstraktes,6,"Wettkampf~A_TARGET_VIBE~2,Training~A_TARGET_VIBE~2,Aufwärmen~A_TARGET_VIBE~2,Puls~A_TARGET_VIBE~2,Schweiß~A_TARGET_VIBE~3,Trainer~A_TARGET_VIBE~3"
Abenteuer,2,5|12,Sport & Freizeit|Gefühle & Abstraktes,5,"Entdeckung~A_TARGET_VIBE~2,Rucksack~A_TARGET_VIBE~2,Fackel~A_TARGET_VIBE~2,Schatzkarte~A_TARGET_VIBE~2,Expedition~A_TARGET_VIBE~2"
Abfahrt,2,5|11,Sport & Freizeit|Wetter & Himmel,5,"Lift~A_TARGET_VIBE~2,Helm~A_TARGET_VIBE~2,Kante~A_TARGET_VIBE~2,Piste~A_TARGET_VIBE~2,Kurve~A_TARGET_VIBE~2"
Abpfiff,1,5,Sport & Freizeit,4,"Pfeife~A_TARGET_VIBE~1,Nachspielzeit~A_TARGET_VIBE~1,Schiedsrichter~A_TARGET_VIBE~1,Fanblock~A_TARGET_VIBE~1"
Abseits,2,5,Sport & Freizeit,5,"Linienrichter~A_TARGET_VIBE~2,Fahne~A_TARGET_VIBE~2,Stellung~A_TARGET_VIBE~2,Konter~A_TARGET_VIBE~2,Pass~A_TARGET_VIBE~2"
Abstieg,2,5|12,Sport & Freizeit|Gefühle & Abstraktes,5,"Relegation~A_TARGET_VIBE~2,Tabelle~A_TARGET_VIBE~2,Niederlage~A_TARGET_VIBE~2,Punktestand~A_TARGET_VIBE~2,Saisonende~A_TARGET_VIBE~2"
Aerobic,4,5,Sport & Freizeit,6,"Dehnung~A_TARGET_VIBE~3,Matte~A_TARGET_VIBE~3,Atmung~A_TARGET_VIBE~3,Puls~A_TARGET_VIBE~3,Studio~A_TARGET_VIBE~3,Spiegel~A_TARGET_VIBE~3"
Aikido,4,5,Sport & Freizeit,6,"Dojo~A_TARGET_VIBE~4,Gürtel~A_TARGET_VIBE~3,Tatami~A_TARGET_VIBE~3,Hebel~A_TARGET_VIBE~3,Kata~A_TARGET_VIBE~3,Sensei~A_TARGET_VIBE~3"
Almwiese,4,2|3|5,Natur & Tiere|Orte & Reisen|Sport & Freizeit,6,"Gipfel~A_TARGET_VIBE~3,Panorama~A_TARGET_VIBE~3,Brotzeit~A_TARGET_VIBE~3,Hütte~A_TARGET_VIBE~3,Höhenmeter~A_TARGET_VIBE~3,Markierung~A_TARGET_VIBE~3"
Angeln,2,2|5,Natur & Tiere|Sport & Freizeit,5,"Biss~A_TARGET_VIBE~2,Rute~A_TARGET_VIBE~2,Ufer~A_TARGET_VIBE~2,Haken~A_TARGET_VIBE~2,Köder~A_TARGET_VIBE~2"
Anpfiff,1,5,Sport & Freizeit,4,"Pfeife~A_TARGET_VIBE~1,Stadion~A_TARGET_VIBE~1,Aufstellung~A_TARGET_VIBE~1,Fankurve~A_TARGET_VIBE~1"
Anstoß,2,5,Sport & Freizeit,5,"Mittelkreis~A_TARGET_VIBE~2,Pfeife~A_TARGET_VIBE~2,Pass~A_TARGET_VIBE~2,Startsignal~A_TARGET_VIBE~2,Aufstellung~A_TARGET_VIBE~2"
Anzeigetafel,3,5|6,Sport & Freizeit|Technik & Digitales,5,"Punktestand~A_TARGET_VIBE~2,Ziffer~A_TARGET_VIBE~2,LED~A_TARGET_VIBE~2,Halbzeit~A_TARGET_VIBE~2,Stadion~A_TARGET_VIBE~2"
Aufschlag,3,5,Sport & Freizeit,5,"Schläger~A_TARGET_VIBE~2,Grundlinie~A_TARGET_VIBE~2,Ballwechsel~A_TARGET_VIBE~2,Netz~A_TARGET_VIBE~2,Satz~A_TARGET_VIBE~2"
Aufschlagfeld,4,5|0,Sport & Freizeit|Alltag & Gegenstände,6,"Grundlinie~A_TARGET_VIBE~3,Aufschlag~A_TARGET_VIBE~3,Doppel~A_TARGET_VIBE~3,Linie~A_TARGET_VIBE~3,Netz~A_TARGET_VIBE~3,Satz~A_TARGET_VIBE~3"
Aufstieg,3,5|12,Sport & Freizeit|Gefühle & Abstraktes,5,"Relegation~A_TARGET_VIBE~2,Tabelle~A_TARGET_VIBE~2,Punktestand~A_TARGET_VIBE~2,Saisonende~A_TARGET_VIBE~2,Jubel~A_TARGET_VIBE~2"
Aufwärmen,2,5,Sport & Freizeit,5,"Puls~A_TARGET_VIBE~2,Dehnung~A_TARGET_VIBE~2,Matte~A_TARGET_VIBE~2,Atmung~A_TARGET_VIBE~2,Wiederholung~A_TARGET_VIBE~2"
Ausdauer,3,5|12,Sport & Freizeit|Gefühle & Abstraktes,5,"Atmung~A_TARGET_VIBE~2,Intervall~A_TARGET_VIBE~2,Puls~A_TARGET_VIBE~2,Schweiß~A_TARGET_VIBE~2,Strecke~A_TARGET_VIBE~2"
Ausscheidung,3,5|12,Sport & Freizeit|Gefühle & Abstraktes,5,"K.o.-Runde~A_TARGET_VIBE~2,Turnierbaum~A_TARGET_VIBE~2,Niederlage~A_TARGET_VIBE~2,Vorrunde~A_TARGET_VIBE~2,Weiterkommen~A_TARGET_VIBE~2"
Aussichtspunkt,4,2|3|5,Natur & Tiere|Orte & Reisen|Sport & Freizeit,6,"Panorama~A_TARGET_VIBE~3,Geröll~A_TARGET_VIBE~3,Gipfel~A_TARGET_VIBE~3,Serpentine~A_TARGET_VIBE~3,Markierung~A_TARGET_VIBE~3,Rucksack~A_TARGET_VIBE~3"
Auswärtsspiel,2,5|9,Sport & Freizeit|Gesellschaft & Beruf,5,"Heimfans~A_TARGET_VIBE~2,Busfahrt~A_TARGET_VIBE~2,Fankurve~A_TARGET_VIBE~2,Auswärtstrikot~A_TARGET_VIBE~2,Stadion~A_TARGET_VIBE~2"
Auswechslung,3,5,Sport & Freizeit,5,"Ersatz~A_TARGET_VIBE~2,Trainerbank~A_TARGET_VIBE~2,Applaus~A_TARGET_VIBE~2,Tafel~A_TARGET_VIBE~2,Taktik~A_TARGET_VIBE~2"
Badminton,3,5,Sport & Freizeit,5,"Federball~A_TARGET_VIBE~2,Smash~A_TARGET_VIBE~2,Netz~A_TARGET_VIBE~2,Schläger~A_TARGET_VIBE~2,Halle~A_TARGET_VIBE~2"
Badesee,2,2|3|5,Natur & Tiere|Orte & Reisen|Sport & Freizeit,5,"Boje~A_TARGET_VIBE~2,Steg~A_TARGET_VIBE~2,Handtuch~A_TARGET_VIBE~2,Ufer~A_TARGET_VIBE~2,Sonnencreme~A_TARGET_VIBE~2"
Badeball,2,3|5,Orte & Reisen|Sport & Freizeit,5,"Strand~A_TARGET_VIBE~2,Handtuch~A_TARGET_VIBE~2,Boje~A_TARGET_VIBE~2,Sonnencreme~A_TARGET_VIBE~2,Wellen~A_TARGET_VIBE~2"
Badehose,2,3|5,Orte & Reisen|Sport & Freizeit,5,"Chlor~A_TARGET_VIBE~2,Umkleide~A_TARGET_VIBE~2,Handtuch~A_TARGET_VIBE~2,Beckenrand~A_TARGET_VIBE~2,Sonnencreme~A_TARGET_VIBE~2"
Badeurlaub,2,3|5,Orte & Reisen|Sport & Freizeit,5,"Koffer~A_TARGET_VIBE~2,Hotel~A_TARGET_VIBE~2,Strand~A_TARGET_VIBE~2,Sonnencreme~A_TARGET_VIBE~2,Souvenir~A_TARGET_VIBE~2"
Badezimmer,2,5|10,Sport & Freizeit|Haushalt & Wohnen,5,"Duschkopf~A_TARGET_VIBE~2,Seife~A_TARGET_VIBE~2,Handtuch~A_TARGET_VIBE~2,Warmwasser~A_TARGET_VIBE~2,Fliesen~A_TARGET_VIBE~2"
Balken,3,5|0,Sport & Freizeit|Alltag & Gegenstände,5,"Haltung~A_TARGET_VIBE~2,Abgang~A_TARGET_VIBE~2,Matte~A_TARGET_VIBE~2,Strecksprung~A_TARGET_VIBE~2,Gleichgewicht~A_TARGET_VIBE~2"
Balance,3,5|12,Sport & Freizeit|Gefühle & Abstraktes,5,"Gleichgewicht~A_TARGET_VIBE~2,Koordination~A_TARGET_VIBE~2,Wackelbrett~A_TARGET_VIBE~2,Einbeinstand~A_TARGET_VIBE~2,Stabilität~A_TARGET_VIBE~2"
Bandage,3,0|5|7,Alltag & Gegenstände|Sport & Freizeit|Wissenschaft & Medizin,5,"Klebefläche~A_TARGET_VIBE~2,Stützgefühl~A_TARGET_VIBE~2,Verstauchung~A_TARGET_VIBE~2,Kompression~A_TARGET_VIBE~2,Schweiß~A_TARGET_VIBE~2"
Baseball,4,5,Sport & Freizeit,6,"Pitcher~A_TARGET_VIBE~3,Base~A_TARGET_VIBE~3,Inning~A_TARGET_VIBE~3,Schläger~A_TARGET_VIBE~3,Handschuh~A_TARGET_VIBE~3,Homeplate~A_TARGET_VIBE~3"
Basketball,2,5,Sport & Freizeit,5,"Dribbling~A_TARGET_VIBE~2,Korb~A_TARGET_VIBE~2,Freiwurf~A_TARGET_VIBE~2,Dreier~A_TARGET_VIBE~2,Hallenschuh~A_TARGET_VIBE~2"
Bastmatte,4,0|5,Alltag & Gegenstände|Sport & Freizeit,6,"Matte~A_TARGET_VIBE~3,Dehnung~A_TARGET_VIBE~3,Boden~A_TARGET_VIBE~3,Studio~A_TARGET_VIBE~3,Atmung~A_TARGET_VIBE~3,Kurs~A_TARGET_VIBE~3"
Bauchmuskel,3,5,Sport & Freizeit,5,"Core~A_TARGET_VIBE~2,Matte~A_TARGET_VIBE~2,Wiederholung~A_TARGET_VIBE~2,Anspannung~A_TARGET_VIBE~2,Atmung~A_TARGET_VIBE~2"
Bergpfad,4,2|3|5,Natur & Tiere|Orte & Reisen|Sport & Freizeit,6,"Markierung~A_TARGET_VIBE~3,Geröll~A_TARGET_VIBE~3,Serpentine~A_TARGET_VIBE~3,Rucksack~A_TARGET_VIBE~3,Gipfel~A_TARGET_VIBE~3,Höhenmeter~A_TARGET_VIBE~3"
Bestzeit,3,5|12,Sport & Freizeit|Gefühle & Abstraktes,5,"Stoppuhr~A_TARGET_VIBE~2,Zwischenzeit~A_TARGET_VIBE~2,Zielsprint~A_TARGET_VIBE~2,Startsignal~A_TARGET_VIBE~2,Runde~A_TARGET_VIBE~2"
Biathlon,4,5|11,Sport & Freizeit|Wetter & Himmel,6,"Schießstand~A_TARGET_VIBE~3,Langlaufspur~A_TARGET_VIBE~3,Gewehr~A_TARGET_VIBE~3,Strafrunde~A_TARGET_VIBE~3,Startnummer~A_TARGET_VIBE~3,Puls~A_TARGET_VIBE~3"
Billard,3,5,Sport & Freizeit,5,"Queue~A_TARGET_VIBE~2,Bande~A_TARGET_VIBE~2,Kreide~A_TARGET_VIBE~2,Stoß~A_TARGET_VIBE~2,Versenken~A_TARGET_VIBE~2"
Biwak,4,3|5,Orte & Reisen|Sport & Freizeit,6,"Schlafsack~A_TARGET_VIBE~3,Stirnlampe~A_TARGET_VIBE~3,Isomatte~A_TARGET_VIBE~3,Rucksack~A_TARGET_VIBE~3,Wetterumschwung~A_TARGET_VIBE~3,Lagerfeuer~A_TARGET_VIBE~3"
Block,2,5,Sport & Freizeit,5,"Netz~A_TARGET_VIBE~2,Abwehr~A_TARGET_VIBE~2,Annahme~A_TARGET_VIBE~2,Satz~A_TARGET_VIBE~2,Rotation~A_TARGET_VIBE~2"
Boccia,3,5,Sport & Freizeit,5,"Kugel~A_TARGET_VIBE~2,Zielkugel~A_TARGET_VIBE~2,Sand~A_TARGET_VIBE~2,Bahn~A_TARGET_VIBE~2,Wurf~A_TARGET_VIBE~2"
Bodenturnen,4,5,Sport & Freizeit,6,"Matte~A_TARGET_VIBE~3,Salto~A_TARGET_VIBE~3,Kür~A_TARGET_VIBE~3,Abgang~A_TARGET_VIBE~3,Haltung~A_TARGET_VIBE~3,Strecksprung~A_TARGET_VIBE~3"
Bogenschießen,4,5,Sport & Freizeit,6,"Zielscheibe~A_TARGET_VIBE~3,Köcher~A_TARGET_VIBE~3,Sehne~A_TARGET_VIBE~3,Spitze~A_TARGET_VIBE~3,Feder~A_TARGET_VIBE~3,Zug~A_TARGET_VIBE~3"
Bouldern,4,3|5,Orte & Reisen|Sport & Freizeit,6,"Magnesia~A_TARGET_VIBE~4,Griff~A_TARGET_VIBE~3,Boulderproblem~A_TARGET_VIBE~3,Wand~A_TARGET_VIBE~3,Gurt~A_TARGET_VIBE~3,Karabiner~A_TARGET_VIBE~3"
Bowling,3,5,Sport & Freizeit,5,"Strike~A_TARGET_VIBE~2,Pins~A_TARGET_VIBE~2,Bahn~A_TARGET_VIBE~2,Rinne~A_TARGET_VIBE~2,Kugel~A_TARGET_VIBE~2"
Boxen,3,5,Sport & Freizeit,5,"Handschuh~A_TARGET_VIBE~2,Ring~A_TARGET_VIBE~2,Gong~A_TARGET_VIBE~2,Sparring~A_TARGET_VIBE~2,Runde~A_TARGET_VIBE~2"
Brennball,3,5,Sport & Freizeit,5,"Treffer~A_TARGET_VIBE~2,Feld~A_TARGET_VIBE~2,Runde~A_TARGET_VIBE~2,Abwurf~A_TARGET_VIBE~2,Markierung~A_TARGET_VIBE~2"
Bremsbelag,4,0|5,Alltag & Gegenstände|Sport & Freizeit,6,"Bremszug~A_TARGET_VIBE~3,Felge~A_TARGET_VIBE~3,Reibung~A_TARGET_VIBE~3,Nässe~A_TARGET_VIBE~3,Quietschen~A_TARGET_VIBE~3,Verschleiß~A_TARGET_VIBE~3"
Brettspiel,3,5,Sport & Freizeit,5,"Spielbrett~A_TARGET_VIBE~2,Würfel~A_TARGET_VIBE~2,Figur~A_TARGET_VIBE~2,Regel~A_TARGET_VIBE~2,Zug~A_TARGET_VIBE~2"
Caddy,4,5,Sport & Freizeit,6,"Bag~A_TARGET_VIBE~3,Handicap~A_TARGET_VIBE~3,Green~A_TARGET_VIBE~3,Schläger~A_TARGET_VIBE~3,Abschlag~A_TARGET_VIBE~3,Scorekarte~A_TARGET_VIBE~3"
Camping,2,3|5,Orte & Reisen|Sport & Freizeit,5,"Zelthering~A_TARGET_VIBE~2,Schlafsack~A_TARGET_VIBE~2,Gaskocher~A_TARGET_VIBE~2,Lagerfeuer~A_TARGET_VIBE~2,Stirnlampe~A_TARGET_VIBE~2"
Curling,4,5|11,Sport & Freizeit|Wetter & Himmel,6,"Stein~A_TARGET_VIBE~4,Besen~A_TARGET_VIBE~3,Gleitsohle~A_TARGET_VIBE~3,Zielkreis~A_TARGET_VIBE~3,Eis~A_TARGET_VIBE~3,Team~A_TARGET_VIBE~3"
Dartpfeil,3,0|5,Alltag & Gegenstände|Sport & Freizeit,5,"Flight~A_TARGET_VIBE~2,Schaft~A_TARGET_VIBE~2,Triple~A_TARGET_VIBE~2,Doppelfeld~A_TARGET_VIBE~2,Scheibe~A_TARGET_VIBE~2"
Dartspiel,3,5,Sport & Freizeit,5,"Bullseye~A_TARGET_VIBE~2,Checkout~A_TARGET_VIBE~2,Triple~A_TARGET_VIBE~2,Scheibe~A_TARGET_VIBE~2,Punkte~A_TARGET_VIBE~2"
Dehnen,1,5,Sport & Freizeit,4,"Dehnung~A_TARGET_VIBE~1,Atmung~A_TARGET_VIBE~1,Matte~A_TARGET_VIBE~1,Studio~A_TARGET_VIBE~1"
Derby,3,5,Sport & Freizeit,5,"Rivalität~A_TARGET_VIBE~2,Fankurve~A_TARGET_VIBE~2,Stadion~A_TARGET_VIBE~2,Jubel~A_TARGET_VIBE~2,Auswärtstrikot~A_TARGET_VIBE~2"
Drachensteigen,3,5|11,Sport & Freizeit|Wetter & Himmel,5,"Böe~A_TARGET_VIBE~2,Schnur~A_TARGET_VIBE~2,Spule~A_TARGET_VIBE~2,Lenken~A_TARGET_VIBE~2,Steigflug~A_TARGET_VIBE~2"
Dribbling,2,5,Sport & Freizeit,5,"Korb~A_TARGET_VIBE~2,Verteidigung~A_TARGET_VIBE~2,Schnellangriff~A_TARGET_VIBE~2,Hallenschuh~A_TARGET_VIBE~2,Rebound~A_TARGET_VIBE~2"
Dusche,2,5|10,Sport & Freizeit|Haushalt & Wohnen,5,"Seife~A_TARGET_VIBE~2,Duschkopf~A_TARGET_VIBE~2,Handtuch~A_TARGET_VIBE~2,Warmwasser~A_TARGET_VIBE~2,Rutschgefahr~A_TARGET_VIBE~2"
Eishockey,4,5|11,Sport & Freizeit|Wetter & Himmel,6,"Puck~A_TARGET_VIBE~4,Bande~A_TARGET_VIBE~3,Kufe~A_TARGET_VIBE~3,Schläger~A_TARGET_VIBE~3,Eis~A_TARGET_VIBE~3,Körpereinsatz~A_TARGET_VIBE~3"
Eisstockschießen,5,5|11,Sport & Freizeit|Wetter & Himmel,6,"Zielkreis~A_TARGET_VIBE~4,Eis~A_TARGET_VIBE~4,Bahn~A_TARGET_VIBE~4,Stein~A_TARGET_VIBE~4,Team~A_TARGET_VIBE~4,Wischen~A_TARGET_VIBE~4"
Eintritt,2,5,Sport & Freizeit,5,"Kasse~A_TARGET_VIBE~2,Schlange~A_TARGET_VIBE~2,Drehkreuz~A_TARGET_VIBE~2,Kontrolle~A_TARGET_VIBE~2,Bändchen~A_TARGET_VIBE~2"
Eintrittskarte,2,0|5,Alltag & Gegenstände|Sport & Freizeit,5,"Barcode~A_TARGET_VIBE~2,Stempel~A_TARGET_VIBE~2,Kasse~A_TARGET_VIBE~2,Kontrolle~A_TARGET_VIBE~2,Platznummer~A_TARGET_VIBE~2"
Einzelsport,3,5,Sport & Freizeit,5,"Training~A_TARGET_VIBE~2,Wettkampf~A_TARGET_VIBE~2,Puls~A_TARGET_VIBE~2,Startsignal~A_TARGET_VIBE~2,Bestzeit~A_TARGET_VIBE~2"
Ellbogenschützer,3,0|5,Alltag & Gegenstände|Sport & Freizeit,5,"Klettverschluss~A_TARGET_VIBE~2,Sturz~A_TARGET_VIBE~2,Polster~A_TARGET_VIBE~2,Skatepark~A_TARGET_VIBE~2,Schoner~A_TARGET_VIBE~2"
Energieriegel,2,1|3|5,Essen & Trinken|Orte & Reisen|Sport & Freizeit,5,"Proviant~A_TARGET_VIBE~2,Verpflegung~A_TARGET_VIBE~2,Rucksack~A_TARGET_VIBE~2,Puls~A_TARGET_VIBE~2,Zwischenzeit~A_TARGET_VIBE~2"
Elfmeter,3,5,Sport & Freizeit,5,"Torwart~A_TARGET_VIBE~2,Anlauf~A_TARGET_VIBE~2,Nerven~A_TARGET_VIBE~2,Pfosten~A_TARGET_VIBE~2,Jubel~A_TARGET_VIBE~2"
Erholung,2,5|12,Sport & Freizeit|Gefühle & Abstraktes,5,"Pause~A_TARGET_VIBE~2,Ausgleich~A_TARGET_VIBE~2,Atmung~A_TARGET_VIBE~2,Dehnung~A_TARGET_VIBE~2,Schweiß~A_TARGET_VIBE~2"
Ersatzbank,3,5,Sport & Freizeit,5,"Trainerbank~A_TARGET_VIBE~2,Ersatz~A_TARGET_VIBE~2,Trikot~A_TARGET_VIBE~2,Applaus~A_TARGET_VIBE~2,Taktik~A_TARGET_VIBE~2"
Fechten,4,5,Sport & Freizeit,6,"Maske~A_TARGET_VIBE~4,Degen~A_TARGET_VIBE~3,Florett~A_TARGET_VIBE~3,Parade~A_TARGET_VIBE~3,Ausfall~A_TARGET_VIBE~3,Trefferanzeige~A_TARGET_VIBE~3"
Feldbett,3,0|3|5,Alltag & Gegenstände|Orte & Reisen|Sport & Freizeit,5,"Klappstuhl~A_TARGET_VIBE~2,Schlafsack~A_TARGET_VIBE~2,Camping~A_TARGET_VIBE~2,Kühlbox~A_TARGET_VIBE~2,Isomatte~A_TARGET_VIBE~2"
Fernglas,3,3|5,Orte & Reisen|Sport & Freizeit,5,"Panorama~A_TARGET_VIBE~2,Gipfel~A_TARGET_VIBE~2,Beobachten~A_TARGET_VIBE~2,Schärfe~A_TARGET_VIBE~2,Gurt~A_TARGET_VIBE~2"
Finale,2,5|12,Sport & Freizeit|Gefühle & Abstraktes,5,"Pokal~A_TARGET_VIBE~2,Sieg~A_TARGET_VIBE~2,Bühne~A_TARGET_VIBE~2,Jubel~A_TARGET_VIBE~2,Tribüne~A_TARGET_VIBE~2"
Fitness,2,5|12,Sport & Freizeit|Gefühle & Abstraktes,5,"Studio~A_TARGET_VIBE~2,Hantel~A_TARGET_VIBE~2,Matte~A_TARGET_VIBE~2,Puls~A_TARGET_VIBE~2,Wiederholung~A_TARGET_VIBE~2"
Flutlicht,3,5|6,Sport & Freizeit|Technik & Digitales,5,"Abendspiel~A_TARGET_VIBE~2,Mast~A_TARGET_VIBE~2,Blendung~A_TARGET_VIBE~2,Leuchtkegel~A_TARGET_VIBE~2,Stadion~A_TARGET_VIBE~2"
Freistoß,3,5,Sport & Freizeit,5,"Mauer~A_TARGET_VIBE~2,Flanke~A_TARGET_VIBE~2,Standbein~A_TARGET_VIBE~2,Strafraum~A_TARGET_VIBE~2,Pfosten~A_TARGET_VIBE~2"
Freizeit,2,5|12,Sport & Freizeit|Gefühle & Abstraktes,5,"Wochenende~A_TARGET_VIBE~2,Hobby~A_TARGET_VIBE~2,Ausgleich~A_TARGET_VIBE~2,Pausenzeit~A_TARGET_VIBE~2,Treffpunkt~A_TARGET_VIBE~2"
Freibad,2,3|5,Orte & Reisen|Sport & Freizeit,5,"Chlor~A_TARGET_VIBE~2,Sprungturm~A_TARGET_VIBE~2,Handtuch~A_TARGET_VIBE~2,Bademeister~A_TARGET_VIBE~2,Umkleide~A_TARGET_VIBE~2"
Fußball,1,5,Sport & Freizeit,4,"Rasen~A_TARGET_VIBE~1,Trikot~A_TARGET_VIBE~1,Tornetz~A_TARGET_VIBE~1,Fankurve~A_TARGET_VIBE~1"
Gefälle,3,5|12,Sport & Freizeit|Gefühle & Abstraktes,5,"Serpentine~A_TARGET_VIBE~2,Bremse~A_TARGET_VIBE~2,Abfahrt~A_TARGET_VIBE~2,Gleichgewicht~A_TARGET_VIBE~2,Tempo~A_TARGET_VIBE~2"
Geräteturnen,4,5,Sport & Freizeit,6,"Barren~A_TARGET_VIBE~4,Reck~A_TARGET_VIBE~3,Sprungbrett~A_TARGET_VIBE~3,Matte~A_TARGET_VIBE~3,Kür~A_TARGET_VIBE~3,Abgang~A_TARGET_VIBE~3"
Golf,3,5,Sport & Freizeit,5,"Green~A_TARGET_VIBE~2,Abschlag~A_TARGET_VIBE~2,Bunker~A_TARGET_VIBE~2,Tee~A_TARGET_VIBE~2,Putter~A_TARGET_VIBE~2"
Handball,2,0|5,Alltag & Gegenstände|Sport & Freizeit,5,"Harz~A_TARGET_VIBE~2,Kreis~A_TARGET_VIBE~2,Siebenmeter~A_TARGET_VIBE~2,Sprungwurf~A_TARGET_VIBE~2,Abwehr~A_TARGET_VIBE~2"
Hängematte,3,0|3|5,Alltag & Gegenstände|Orte & Reisen|Sport & Freizeit,5,"Camping~A_TARGET_VIBE~2,Baum~A_TARGET_VIBE~2,Schaukel~A_TARGET_VIBE~2,Entspannen~A_TARGET_VIBE~2,Gurt~A_TARGET_VIBE~2"
Halbzeit,2,5,Sport & Freizeit,5,"Kabine~A_TARGET_VIBE~2,Pause~A_TARGET_VIBE~2,Ansprache~A_TARGET_VIBE~2,Getränk~A_TARGET_VIBE~2,Taktik~A_TARGET_VIBE~2"
Judo,3,5,Sport & Freizeit,5,"Gürtel~A_TARGET_VIBE~2,Tatami~A_TARGET_VIBE~2,Wurf~A_TARGET_VIBE~2,Dojo~A_TARGET_VIBE~2,Kata~A_TARGET_VIBE~2"
Karate,3,5,Sport & Freizeit,5,"Gi~A_TARGET_VIBE~2,Kata~A_TARGET_VIBE~2,Gürtel~A_TARGET_VIBE~2,Tritt~A_TARGET_VIBE~2,Dojo~A_TARGET_VIBE~2"
Klettern,3,3|5,Orte & Reisen|Sport & Freizeit,5,"Karabiner~A_TARGET_VIBE~2,Seil~A_TARGET_VIBE~2,Gurt~A_TARGET_VIBE~2,Sicherung~A_TARGET_VIBE~2,Griff~A_TARGET_VIBE~2"
Kühlbox,2,1|3|5,Essen & Trinken|Orte & Reisen|Sport & Freizeit,5,"Eisakku~A_TARGET_VIBE~2,Picknick~A_TARGET_VIBE~2,Proviant~A_TARGET_VIBE~2,Deckel~A_TARGET_VIBE~2,Camping~A_TARGET_VIBE~2"
Kugelstoßen,4,5,Sport & Freizeit,6,"Wurfkreis~A_TARGET_VIBE~4,Stoß~A_TARGET_VIBE~3,Kreide~A_TARGET_VIBE~3,Abwurf~A_TARGET_VIBE~3,Weite~A_TARGET_VIBE~3,Kraft~A_TARGET_VIBE~3"
Langlauf,3,5|11,Sport & Freizeit|Wetter & Himmel,5,"Langlaufspur~A_TARGET_VIBE~2,Stock~A_TARGET_VIBE~2,Kälte~A_TARGET_VIBE~2,Pulverschnee~A_TARGET_VIBE~2,Handschuh~A_TARGET_VIBE~2"
Lawine,4,2|11,Natur & Tiere|Wetter & Himmel,6,"Lawinensonde~A_TARGET_VIBE~4,Warnstufe~A_TARGET_VIBE~3,Schaufel~A_TARGET_VIBE~3,Piepser~A_TARGET_VIBE~3,Verschüttung~A_TARGET_VIBE~3,Hang~A_TARGET_VIBE~3"
Mitgliedschaft,3,5|9|12,Sport & Freizeit|Gesellschaft & Beruf|Gefühle & Abstraktes,5,"Beitrag~A_TARGET_VIBE~2,Vertrag~A_TARGET_VIBE~2,Karte~A_TARGET_VIBE~2,Studio~A_TARGET_VIBE~2,Kündigung~A_TARGET_VIBE~2"
Mückenspray,2,0|3|5,Alltag & Gegenstände|Orte & Reisen|Sport & Freizeit,5,"Stich~A_TARGET_VIBE~2,Juckreiz~A_TARGET_VIBE~2,Seeufer~A_TARGET_VIBE~2,Citronella~A_TARGET_VIBE~2,Abend~A_TARGET_VIBE~2"
Pilates,3,5,Sport & Freizeit,5,"Core~A_TARGET_VIBE~2,Matte~A_TARGET_VIBE~2,Atmung~A_TARGET_VIBE~2,Dehnung~A_TARGET_VIBE~2,Studio~A_TARGET_VIBE~2"
Pflaster,2,0|5|7,Alltag & Gegenstände|Sport & Freizeit|Wissenschaft & Medizin,5,"Schürfwunde~A_TARGET_VIBE~2,Klebefläche~A_TARGET_VIBE~2,Desinfektion~A_TARGET_VIBE~2,Blase~A_TARGET_VIBE~2,Sporttasche~A_TARGET_VIBE~2"
Rodeln,3,5|11,Sport & Freizeit|Wetter & Himmel,5,"Schlitten~A_TARGET_VIBE~2,Berg~A_TARGET_VIBE~2,Kufe~A_TARGET_VIBE~2,Eis~A_TARGET_VIBE~2,Kälte~A_TARGET_VIBE~2"
Rudern,3,3|5,Orte & Reisen|Sport & Freizeit,5,"Ruderblatt~A_TARGET_VIBE~2,Regatta~A_TARGET_VIBE~2,Steg~A_TARGET_VIBE~2,Schlagzahl~A_TARGET_VIBE~2,Bug~A_TARGET_VIBE~2"
Schiedsgericht,4,9|12,Gesellschaft & Beruf|Gefühle & Abstraktes,6,"Schiedsklausel~A_TARGET_VIBE~4,Urteil~A_TARGET_VIBE~3,Verfahren~A_TARGET_VIBE~3,Verhandlung~A_TARGET_VIBE~3,Akten~A_TARGET_VIBE~3,Einigung~A_TARGET_VIBE~3"
Schneeball,2,11|13,Wetter & Himmel|Feste & Jahreszeiten,5,"Treffer~A_TARGET_VIBE~2,Handschuh~A_TARGET_VIBE~2,Frost~A_TARGET_VIBE~2,Wurf~A_TARGET_VIBE~2,Mütze~A_TARGET_VIBE~2"
Schneemann,2,11|13,Wetter & Himmel|Feste & Jahreszeiten,5,"Möhre~A_TARGET_VIBE~2,Schal~A_TARGET_VIBE~2,Kohle~A_TARGET_VIBE~2,Zylinder~A_TARGET_VIBE~2,Frost~A_TARGET_VIBE~2"
Segeln,3,3|5,Orte & Reisen|Sport & Freizeit,5,"Wind~A_TARGET_VIBE~2,Kurs~A_TARGET_VIBE~2,Schot~A_TARGET_VIBE~2,Mast~A_TARGET_VIBE~2,Kiel~A_TARGET_VIBE~2"
Skifahren,3,5|11,Sport & Freizeit|Wetter & Himmel,5,"Bindung~A_TARGET_VIBE~2,Piste~A_TARGET_VIBE~2,Lift~A_TARGET_VIBE~2,Skihütte~A_TARGET_VIBE~2,Kante~A_TARGET_VIBE~2"
Snowboard,3,5|11,Sport & Freizeit|Wetter & Himmel,5,"Kante~A_TARGET_VIBE~2,Bindung~A_TARGET_VIBE~2,Piste~A_TARGET_VIBE~2,Helm~A_TARGET_VIBE~2,Pulverschnee~A_TARGET_VIBE~2"
Strand,2,2|3|5,Natur & Tiere|Orte & Reisen|Sport & Freizeit,5,"Brandung~A_TARGET_VIBE~2,Düne~A_TARGET_VIBE~2,Muschel~A_TARGET_VIBE~2,Handtuch~A_TARGET_VIBE~2,Sonnenhut~A_TARGET_VIBE~2"
Surfen,3,3|5,Orte & Reisen|Sport & Freizeit,5,"Welle~A_TARGET_VIBE~2,Neopren~A_TARGET_VIBE~2,Brandung~A_TARGET_VIBE~2,Finne~A_TARGET_VIBE~2,Brett~A_TARGET_VIBE~2"
Taekwondo,4,5,Sport & Freizeit,6,"Gürtel~A_TARGET_VIBE~4,Dojo~A_TARGET_VIBE~3,Tritt~A_TARGET_VIBE~3,Kata~A_TARGET_VIBE~3,Tatami~A_TARGET_VIBE~3,Sensei~A_TARGET_VIBE~3"
Tennis,2,5,Sport & Freizeit,5,"Schläger~A_TARGET_VIBE~2,Netz~A_TARGET_VIBE~2,Satz~A_TARGET_VIBE~2,Ballwechsel~A_TARGET_VIBE~2,Sandplatz~A_TARGET_VIBE~2"
Verlängerung,2,5|12,Sport & Freizeit|Gefühle & Abstraktes,5,"Nachspielzeit~A_TARGET_VIBE~2,Endstand~A_TARGET_VIBE~2,Nerven~A_TARGET_VIBE~2,Tribüne~A_TARGET_VIBE~2,Entscheidung~A_TARGET_VIBE~2"
Verpflegung,2,1|3|5,Essen & Trinken|Orte & Reisen|Sport & Freizeit,5,"Proviant~A_TARGET_VIBE~2,Rucksack~A_TARGET_VIBE~2,Kühlbox~A_TARGET_VIBE~2,Snack~A_TARGET_VIBE~2,Picknick~A_TARGET_VIBE~2"
Volleyball,2,5,Sport & Freizeit,5,"Netz~A_TARGET_VIBE~2,Block~A_TARGET_VIBE~2,Annahme~A_TARGET_VIBE~2,Rotation~A_TARGET_VIBE~2,Baggern~A_TARGET_VIBE~2"
Wasserflasche,2,1|0|5,Essen & Trinken|Alltag & Gegenstände|Sport & Freizeit,5,"Deckel~A_TARGET_VIBE~2,Schlauch~A_TARGET_VIBE~2,Rucksack~A_TARGET_VIBE~2,Durst~A_TARGET_VIBE~2,Pause~A_TARGET_VIBE~2"
Zeitmessung,3,5|6,Sport & Freizeit|Technik & Digitales,5,"Stoppuhr~A_TARGET_VIBE~2,Zwischenzeit~A_TARGET_VIBE~2,Sekunde~A_TARGET_VIBE~2,Transponder~A_TARGET_VIBE~2,Ziellinie~A_TARGET_VIBE~2"
Zielfoto,4,5|6,Sport & Freizeit|Technik & Digitales,6,"Kamera~A_TARGET_VIBE~4,Ziellinie~A_TARGET_VIBE~3,Sprint~A_TARGET_VIBE~3,Sekunde~A_TARGET_VIBE~3,Entscheidung~A_TARGET_VIBE~3,Zeitmessung~A_TARGET_VIBE~3"
Ziellinie,2,5,Sport & Freizeit,5,"Zielband~A_TARGET_VIBE~2,Zielsprint~A_TARGET_VIBE~2,Stoppuhr~A_TARGET_VIBE~2,Zwischenzeit~A_TARGET_VIBE~2,Startsignal~A_TARGET_VIBE~2"
Zündholz,3,0,Alltag & Gegenstände,5,"Streichfläche~A_TARGET_VIBE~3,Schachtel~A_TARGET_VIBE~3,Funke~A_TARGET_VIBE~3,Flamme~A_TARGET_VIBE~3,Glut~A_TARGET_VIBE~3"
Yoga,2,5,Sport & Freizeit,5,"Atmung~A_TARGET_VIBE~2,Matte~A_TARGET_VIBE~2,Dehnung~A_TARGET_VIBE~2,Core~A_TARGET_VIBE~2,Spiegel~A_TARGET_VIBE~2"
Abenteuer,2,5|3|12,Sport & Freizeit|Orte & Reisen|Gefühle & Abstraktes,5,"Expedition~A_TARGET_VIBE~2,Schatz~A_TARGET_VIBE~2,Lagerfeuer~A_TARGET_VIBE~2,Kompass~A_TARGET_VIBE~2,Mut~A_TARGET_VIBE~2"
Abfahrt,2,5|11,Sport & Freizeit|Wetter & Himmel,5,"Helm~A_TARGET_VIBE~2,Kälte~A_TARGET_VIBE~2,Sturz~A_TARGET_VIBE~2,Piste~A_TARGET_VIBE~2,Gondel~A_TARGET_VIBE~2"
Abpfiff,3,5|9,Sport & Freizeit|Gesellschaft & Beruf,6,"Fankurve~A_TARGET_VIBE~3,Trikot~A_TARGET_VIBE~2,Vorrunde~A_TARGET_VIBE~3,Schiedsrichter~A_TARGET_VIBE~2,Tribüne~A_TARGET_VIBE~3,KO~A_TARGET_VIBE~2"
Abseits,3,5|9,Sport & Freizeit|Gesellschaft & Beruf,6,"Rasen~A_TARGET_VIBE~3,Lautsprecher~A_TARGET_VIBE~3,Schiedsrichter~A_TARGET_VIBE~3,Auswechslung~A_TARGET_VIBE~2,Mittelkreis~A_TARGET_VIBE~2,Rangliste~A_TARGET_VIBE~3"
Abstieg,3,5,Sport & Freizeit,6,"Druck~A_TARGET_VIBE~3,Saison~A_TARGET_VIBE~2,Rangliste~A_TARGET_VIBE~2,Tabelle~A_TARGET_VIBE~2,Jubel~A_TARGET_VIBE~2,Auswärtsspiel~A_TARGET_VIBE~2"
Aerobic,4,5|12,Sport & Freizeit|Gefühle & Abstraktes,6,"Spiegel~A_TARGET_VIBE~4,Matte~A_TARGET_VIBE~3,Satz~A_TARGET_VIBE~3,Atmung~A_TARGET_VIBE~4,Core~A_TARGET_VIBE~4,Wiederholung~A_TARGET_VIBE~4"
Aikido,4,5,Sport & Freizeit,6,"Runde~A_TARGET_VIBE~4,Handschuh~A_TARGET_VIBE~3,Wurf~A_TARGET_VIBE~3,Tritt~A_TARGET_VIBE~4,Sparring~A_TARGET_VIBE~3,Kampfrichter~A_TARGET_VIBE~3"
Almwiese,4,5|3|2,Sport & Freizeit|Orte & Reisen|Natur & Tiere,6,"Wanderstiefel~A_TARGET_VIBE~4,Schutzhütte~A_TARGET_VIBE~4,Rucksack~A_TARGET_VIBE~4,Gipfelkreuz~A_TARGET_VIBE~4,Höhenmeter~A_TARGET_VIBE~3,Panorama~A_TARGET_VIBE~4"
Angeln,2,5|2,Sport & Freizeit|Natur & Tiere,5,"Schnur~A_TARGET_VIBE~2,Schwimmer~A_TARGET_VIBE~2,Rolle~A_TARGET_VIBE~2,Ufer~A_TARGET_VIBE~2,Biss~A_TARGET_VIBE~2"
Anpfiff,3,5|9,Sport & Freizeit|Gesellschaft & Beruf,6,"Nachspielzeit~A_TARGET_VIBE~2,Rasen~A_TARGET_VIBE~2,Fankurve~A_TARGET_VIBE~3,Tribüne~A_TARGET_VIBE~2,Turnier~A_TARGET_VIBE~3,Trikot~A_TARGET_VIBE~2"
Anstoß,2,5|9,Sport & Freizeit|Gesellschaft & Beruf,5,"Trikot~A_TARGET_VIBE~2,Mittelkreis~A_TARGET_VIBE~2,Saison~A_TARGET_VIBE~2,Spielplan~A_TARGET_VIBE~2,Vorrunde~A_TARGET_VIBE~2"
Anzeigetafel,3,5|9|6,Sport & Freizeit|Gesellschaft & Beruf|Technik & Digitales,6,"Banner~A_TARGET_VIBE~3,Tribüne~A_TARGET_VIBE~3,Ticket~A_TARGET_VIBE~3,Lautsprecher~A_TARGET_VIBE~3,Applaus~A_TARGET_VIBE~2,Ordner~A_TARGET_VIBE~2"
Aufschlag,3,5,Sport & Freizeit,6,"Rückhand~A_TARGET_VIBE~2,Satz~A_TARGET_VIBE~3,Ballwechsel~A_TARGET_VIBE~3,Grundlinie~A_TARGET_VIBE~2,Vorhand~A_TARGET_VIBE~3,Netz~A_TARGET_VIBE~3"
Aufstieg,3,5,Sport & Freizeit,6,"Abstiegskampf~A_TARGET_VIBE~3,Saison~A_TARGET_VIBE~2,Relegation~A_TARGET_VIBE~2,Jubel~A_TARGET_VIBE~3,Punkte~A_TARGET_VIBE~2,Rangliste~A_TARGET_VIBE~2"
Aufwärmen,2,5|12,Sport & Freizeit|Gefühle & Abstraktes,5,"Hantel~A_TARGET_VIBE~2,Puls~A_TARGET_VIBE~2,Atmung~A_TARGET_VIBE~2,Satz~A_TARGET_VIBE~2,Reck~A_TARGET_VIBE~2"
Ausdauer,2,5|12,Sport & Freizeit|Gefühle & Abstraktes,5,"Wiederholung~A_TARGET_VIBE~2,Satz~A_TARGET_VIBE~2,Trainer~A_TARGET_VIBE~2,Matte~A_TARGET_VIBE~2,Körperspannung~A_TARGET_VIBE~2"
Ausflug,1,5|3|12,Sport & Freizeit|Orte & Reisen|Gefühle & Abstraktes,4,"Lagerfeuer~A_TARGET_VIBE~1,Ferne~A_TARGET_VIBE~1,Mut~A_TARGET_VIBE~1,Karte~A_TARGET_VIBE~1"
Ausscheidung,3,5,Sport & Freizeit,6,"Staffel~A_TARGET_VIBE~3,Spiegel~A_TARGET_VIBE~2,Banner~A_TARGET_VIBE~2,Lautsprecher~A_TARGET_VIBE~3,Auswechslung~A_TARGET_VIBE~2,Sitzreihe~A_TARGET_VIBE~2"
Aussichtspunkt,3,5,Sport & Freizeit,6,"Höhenlinie~A_TARGET_VIBE~3,Wegweiser~A_TARGET_VIBE~2,Trekkingstock~A_TARGET_VIBE~3,Wanderstiefel~A_TARGET_VIBE~3,Gipfelkreuz~A_TARGET_VIBE~2,Höhenmeter~A_TARGET_VIBE~3"
Aussichtsturm,3,5,Sport & Freizeit,6,"Wanderstiefel~A_TARGET_VIBE~2,Rucksack~A_TARGET_VIBE~2,Serpentine~A_TARGET_VIBE~2,Höhenmeter~A_TARGET_VIBE~2,Trekkingstock~A_TARGET_VIBE~2,Höhenlinie~A_TARGET_VIBE~2"
Auswechslung,3,5,Sport & Freizeit,6,"Finale~A_TARGET_VIBE~2,Trikot~A_TARGET_VIBE~3,Mauer~A_TARGET_VIBE~3,Abseits~A_TARGET_VIBE~3,Rasen~A_TARGET_VIBE~3,KO~A_TARGET_VIBE~3"
Auswärtsspiel,3,5|9,Sport & Freizeit|Gesellschaft & Beruf,6,"Mauer~A_TARGET_VIBE~3,Vorrunde~A_TARGET_VIBE~2,Anstoß~A_TARGET_VIBE~2,Kabine~A_TARGET_VIBE~3,Setzliste~A_TARGET_VIBE~2,Pfosten~A_TARGET_VIBE~2"
Auszeit,2,5,Sport & Freizeit,5,"Runde~A_TARGET_VIBE~2,Pause~A_TARGET_VIBE~2,Zeitnehmer~A_TARGET_VIBE~2,Pfiff~A_TARGET_VIBE~2,Taktik~A_TARGET_VIBE~2"
Backbord,4,5|3,Sport & Freizeit|Orte & Reisen,6,"Strömung~A_TARGET_VIBE~3,Paddel~A_TARGET_VIBE~4,Bugwelle~A_TARGET_VIBE~4,Segel~A_TARGET_VIBE~4,Kiel~A_TARGET_VIBE~3,Mast~A_TARGET_VIBE~4"
Badeanzug,2,5|3|0,Sport & Freizeit|Orte & Reisen|Alltag & Gegenstände,5,"Beckenrand~A_TARGET_VIBE~2,Chlor~A_TARGET_VIBE~2,Umkleide~A_TARGET_VIBE~2,Sprungturm~A_TARGET_VIBE~2,Handtuch~A_TARGET_VIBE~2"
Badeball,2,5|3,Sport & Freizeit|Orte & Reisen,5,"Umkleide~A_TARGET_VIBE~2,Beckenrand~A_TARGET_VIBE~2,Handtuch~A_TARGET_VIBE~2,Chlor~A_TARGET_VIBE~2,Sprungturm~A_TARGET_VIBE~2"
Badegast,3,5|3,Sport & Freizeit|Orte & Reisen,6,"Umkleide~A_TARGET_VIBE~3,Handtuch~A_TARGET_VIBE~3,Chlor~A_TARGET_VIBE~3,Sprungturm~A_TARGET_VIBE~2,Beckenrand~A_TARGET_VIBE~3,Boje~A_TARGET_VIBE~2"
Badehose,3,5|3,Sport & Freizeit|Orte & Reisen,6,"Handtuch~A_TARGET_VIBE~2,Umkleide~A_TARGET_VIBE~3,Sprungturm~A_TARGET_VIBE~2,Chlor~A_TARGET_VIBE~3,Beckenrand~A_TARGET_VIBE~2,Strandkorb~A_TARGET_VIBE~3"
Badeinsel,3,5|3,Sport & Freizeit|Orte & Reisen,6,"Chlor~A_TARGET_VIBE~2,Beckenrand~A_TARGET_VIBE~3,Umkleide~A_TARGET_VIBE~3,Sprungturm~A_TARGET_VIBE~2,Handtuch~A_TARGET_VIBE~3,Boje~A_TARGET_VIBE~2"
Badekappe,2,5|3|0,Sport & Freizeit|Orte & Reisen|Alltag & Gegenstände,5,"Handtuch~A_TARGET_VIBE~2,Chlor~A_TARGET_VIBE~2,Sprungturm~A_TARGET_VIBE~2,Umkleide~A_TARGET_VIBE~2,Beckenrand~A_TARGET_VIBE~2"
Badeleiter,4,5|3,Sport & Freizeit|Orte & Reisen,6,"Umkleide~A_TARGET_VIBE~3,Handtuch~A_TARGET_VIBE~3,Beckenrand~A_TARGET_VIBE~4,Chlor~A_TARGET_VIBE~4,Sprungturm~A_TARGET_VIBE~3,Sonnencreme~A_TARGET_VIBE~3"
Bademantel,2,5|3|0,Sport & Freizeit|Orte & Reisen|Alltag & Gegenstände,5,"Chlor~A_TARGET_VIBE~2,Sprungturm~A_TARGET_VIBE~2,Handtuch~A_TARGET_VIBE~2,Beckenrand~A_TARGET_VIBE~2,Umkleide~A_TARGET_VIBE~2"
Badesee,3,5|3,Sport & Freizeit|Orte & Reisen,6,"Sprungturm~A_TARGET_VIBE~3,Handtuch~A_TARGET_VIBE~3,Umkleide~A_TARGET_VIBE~2,Chlor~A_TARGET_VIBE~3,Beckenrand~A_TARGET_VIBE~3,Bahnen~A_TARGET_VIBE~3"
Badetuch,2,5|3|0,Sport & Freizeit|Orte & Reisen|Alltag & Gegenstände,5,"Chlor~A_TARGET_VIBE~2,Beckenrand~A_TARGET_VIBE~2,Handtuch~A_TARGET_VIBE~2,Sprungturm~A_TARGET_VIBE~2,Umkleide~A_TARGET_VIBE~2"
Badeurlaub,2,5|3,Sport & Freizeit|Orte & Reisen,5,"Chlor~A_TARGET_VIBE~2,Handtuch~A_TARGET_VIBE~2,Umkleide~A_TARGET_VIBE~2,Sprungturm~A_TARGET_VIBE~2,Beckenrand~A_TARGET_VIBE~2"
Badminton,3,5|3,Sport & Freizeit|Orte & Reisen,6,"Umkleide~A_TARGET_VIBE~3,Chlor~A_TARGET_VIBE~3,Beckenrand~A_TARGET_VIBE~3,Sprungturm~A_TARGET_VIBE~3,Handtuch~A_TARGET_VIBE~2,Grundlinie~A_TARGET_VIBE~3"
Bahnrad,4,5|3,Sport & Freizeit|Orte & Reisen,6,"Reifen~A_TARGET_VIBE~3,Sattel~A_TARGET_VIBE~3,Schaltung~A_TARGET_VIBE~3,Pedal~A_TARGET_VIBE~3,Steigung~A_TARGET_VIBE~4,Helm~A_TARGET_VIBE~4"
Balance,2,5|12,Sport & Freizeit|Gefühle & Abstraktes,5,"Trainer~A_TARGET_VIBE~2,Matte~A_TARGET_VIBE~2,Spiegel~A_TARGET_VIBE~2,Dehnung~A_TARGET_VIBE~2,Core~A_TARGET_VIBE~2"
Ball,1,5,Sport & Freizeit,4,"Mittelkreis~A_TARGET_VIBE~1,Fanblock~A_TARGET_VIBE~1,Brett~A_TARGET_VIBE~1,Satz~A_TARGET_VIBE~1"
Ballbesitz,3,5,Sport & Freizeit,6,"Feld~A_TARGET_VIBE~2,Abseits~A_TARGET_VIBE~2,Block~A_TARGET_VIBE~3,Aufschlag~A_TARGET_VIBE~3,Elfmeter~A_TARGET_VIBE~3,Kabine~A_TARGET_VIBE~2"
Bandage,3,5|0|7,Sport & Freizeit|Alltag & Gegenstände|Wissenschaft & Medizin,6,"Tapen~A_TARGET_VIBE~2,Schwellung~A_TARGET_VIBE~2,Schmerz~A_TARGET_VIBE~3,Klebefläche~A_TARGET_VIBE~3,Schürfwunde~A_TARGET_VIBE~3,Kältepack~A_TARGET_VIBE~2"
Baseball,3,5,Sport & Freizeit,6,"Base~A_TARGET_VIBE~3,Homeplate~A_TARGET_VIBE~3,Inning~A_TARGET_VIBE~2,Handschuh~A_TARGET_VIBE~2,Schläger~A_TARGET_VIBE~3,Lauf~A_TARGET_VIBE~3"
Basketball,2,5,Sport & Freizeit,5,"Aufschlag~A_TARGET_VIBE~2,Satz~A_TARGET_VIBE~2,Trikot~A_TARGET_VIBE~2,Freistoß~A_TARGET_VIBE~2,Elfmeter~A_TARGET_VIBE~2"
Bergsteigen,3,5|3|2,Sport & Freizeit|Orte & Reisen|Natur & Tiere,6,"Wegweiser~A_TARGET_VIBE~3,Höhenmeter~A_TARGET_VIBE~3,Markierung~A_TARGET_VIBE~3,Höhenlinie~A_TARGET_VIBE~2,Kompass~A_TARGET_VIBE~2,Gipfelkreuz~A_TARGET_VIBE~3"
Bestzeit,2,5|9|12,Sport & Freizeit|Gesellschaft & Beruf|Gefühle & Abstraktes,5,"Trikot~A_TARGET_VIBE~2,Rangliste~A_TARGET_VIBE~2,Saison~A_TARGET_VIBE~2,Freistoß~A_TARGET_VIBE~2,Pokal~A_TARGET_VIBE~2"
Bewegung,1,5|12,Sport & Freizeit|Gefühle & Abstraktes,4,"Spiegel~A_TARGET_VIBE~1,Wiederholung~A_TARGET_VIBE~1,Studio~A_TARGET_VIBE~1,Core~A_TARGET_VIBE~1"
Biathlon,3,5|11,Sport & Freizeit|Wetter & Himmel,6,"Hang~A_TARGET_VIBE~3,Hütte~A_TARGET_VIBE~3,Kälte~A_TARGET_VIBE~3,Kurve~A_TARGET_VIBE~3,Gondel~A_TARGET_VIBE~2,Piste~A_TARGET_VIBE~3"
Billard,2,5,Sport & Freizeit,5,"Loch~A_TARGET_VIBE~2,Kugel~A_TARGET_VIBE~2,Bande~A_TARGET_VIBE~2,Anstoß~A_TARGET_VIBE~2,Queue~A_TARGET_VIBE~2"
Biwak,4,5,Sport & Freizeit,6,"Stoppuhr~A_TARGET_VIBE~3,Hürde~A_TARGET_VIBE~3,Lautsprecher~A_TARGET_VIBE~3,Fanblock~A_TARGET_VIBE~3,Satz~A_TARGET_VIBE~3,Schiedsrichter~A_TARGET_VIBE~3"
Boccia,3,5,Sport & Freizeit,6,"Staffel~A_TARGET_VIBE~2,Elfmeter~A_TARGET_VIBE~3,Anstoß~A_TARGET_VIBE~3,Freistoß~A_TARGET_VIBE~3,Spiegel~A_TARGET_VIBE~2,Anlauf~A_TARGET_VIBE~2"
Bodenturnen,4,5|12,Sport & Freizeit|Gefühle & Abstraktes,6,"Barren~A_TARGET_VIBE~4,Reck~A_TARGET_VIBE~4,Satz~A_TARGET_VIBE~4,Dehnung~A_TARGET_VIBE~3,Core~A_TARGET_VIBE~4,Matte~A_TARGET_VIBE~3"
Bodybuilding,3,5|12,Sport & Freizeit|Gefühle & Abstraktes,6,"Wiederholung~A_TARGET_VIBE~2,Hantel~A_TARGET_VIBE~3,Dehnung~A_TARGET_VIBE~3,Reck~A_TARGET_VIBE~2,Puls~A_TARGET_VIBE~3,Studio~A_TARGET_VIBE~3"
Bogenschießen,4,5|0,Sport & Freizeit|Alltag & Gegenstände,6,"Stand~A_TARGET_VIBE~3,Abzug~A_TARGET_VIBE~3,Zielscheibe~A_TARGET_VIBE~3,Spitze~A_TARGET_VIBE~4,Treffer~A_TARGET_VIBE~4,Köcher~A_TARGET_VIBE~4"
Bolzplatz,3,5|9,Sport & Freizeit|Gesellschaft & Beruf,6,"Fanblock~A_TARGET_VIBE~3,Kabine~A_TARGET_VIBE~3,Anstoß~A_TARGET_VIBE~3,Turnier~A_TARGET_VIBE~3,Ticket~A_TARGET_VIBE~2,Trikot~A_TARGET_VIBE~2"
Bootshaus,3,5|3,Sport & Freizeit|Orte & Reisen,6,"Kiel~A_TARGET_VIBE~3,Steg~A_TARGET_VIBE~2,Kurs~A_TARGET_VIBE~2,Schwimmweste~A_TARGET_VIBE~2,Mast~A_TARGET_VIBE~2,Strömung~A_TARGET_VIBE~2"
Bouldern,3,5,Sport & Freizeit,6,"Weite~A_TARGET_VIBE~2,Freistoß~A_TARGET_VIBE~3,Trainer~A_TARGET_VIBE~3,Spiegel~A_TARGET_VIBE~3,Pfosten~A_TARGET_VIBE~3,Satz~A_TARGET_VIBE~3"
Bowling,2,5,Sport & Freizeit,5,"Pins~A_TARGET_VIBE~2,Bahn~A_TARGET_VIBE~2,Rinne~A_TARGET_VIBE~2,Punkte~A_TARGET_VIBE~2,Strike~A_TARGET_VIBE~2"
Boxen,3,5,Sport & Freizeit,6,"Gong~A_TARGET_VIBE~2,Sparring~A_TARGET_VIBE~2,Schutz~A_TARGET_VIBE~3,Tritt~A_TARGET_VIBE~2,Handschuh~A_TARGET_VIBE~3,Knie~A_TARGET_VIBE~3"
Bremshebel,4,5,Sport & Freizeit,6,"Kette~A_TARGET_VIBE~3,Speiche~A_TARGET_VIBE~4,Bremse~A_TARGET_VIBE~3,Schlauch~A_TARGET_VIBE~4,Reifen~A_TARGET_VIBE~4,Trikot~A_TARGET_VIBE~3"
Bremsklotz,4,5,Sport & Freizeit,6,"Pedal~A_TARGET_VIBE~3,Sattel~A_TARGET_VIBE~4,Kette~A_TARGET_VIBE~3,Felge~A_TARGET_VIBE~3,Schlauch~A_TARGET_VIBE~3,Lenker~A_TARGET_VIBE~3"
Brennball,2,5,Sport & Freizeit,5,"Punkte~A_TARGET_VIBE~2,Freistoß~A_TARGET_VIBE~2,Block~A_TARGET_VIBE~2,Defense~A_TARGET_VIBE~2,Mauer~A_TARGET_VIBE~2"
Brettspiel,2,5,Sport & Freizeit,5,"Spielstein~A_TARGET_VIBE~2,Timer~A_TARGET_VIBE~2,Brett~A_TARGET_VIBE~2,Zug~A_TARGET_VIBE~2,Würfel~A_TARGET_VIBE~2"
Bug,3,5,Sport & Freizeit,6,"Banner~A_TARGET_VIBE~2,Matte~A_TARGET_VIBE~3,Puls~A_TARGET_VIBE~3,Absprung~A_TARGET_VIBE~2,Kabine~A_TARGET_VIBE~2,Anlauf~A_TARGET_VIBE~2"
Camping,1,5|3,Sport & Freizeit|Orte & Reisen,4,"Rost~A_TARGET_VIBE~1,Rucksack~A_TARGET_VIBE~1,Funke~A_TARGET_VIBE~1,Taschenmesser~A_TARGET_VIBE~1"
Campingstuhl,2,5|3|0,Sport & Freizeit|Orte & Reisen|Alltag & Gegenstände,5,"Taschenmesser~A_TARGET_VIBE~2,Zange~A_TARGET_VIBE~2,Kühlbox~A_TARGET_VIBE~2,Alufolie~A_TARGET_VIBE~2,Anzünder~A_TARGET_VIBE~2"
Curling,4,5|11,Sport & Freizeit|Wetter & Himmel,6,"Handschuh~A_TARGET_VIBE~4,Helm~A_TARGET_VIBE~4,Lift~A_TARGET_VIBE~3,Kufe~A_TARGET_VIBE~3,Sturz~A_TARGET_VIBE~3,Pulverschnee~A_TARGET_VIBE~4"
Dartpfeil,3,5|0,Sport & Freizeit|Alltag & Gegenstände,6,"Scheibe~A_TARGET_VIBE~2,Triple~A_TARGET_VIBE~3,Schaft~A_TARGET_VIBE~3,Flight~A_TARGET_VIBE~3,Checkout~A_TARGET_VIBE~2,Bullseye~A_TARGET_VIBE~2"
Dartspiel,3,5,Sport & Freizeit,6,"Kneipe~A_TARGET_VIBE~3,Triple~A_TARGET_VIBE~3,Schaft~A_TARGET_VIBE~3,Bullseye~A_TARGET_VIBE~3,Checkout~A_TARGET_VIBE~3,Punkte~A_TARGET_VIBE~2"
Dehnen,2,5|12,Sport & Freizeit|Gefühle & Abstraktes,5,"Hantel~A_TARGET_VIBE~2,Core~A_TARGET_VIBE~2,Satz~A_TARGET_VIBE~2,Studio~A_TARGET_VIBE~2,Reck~A_TARGET_VIBE~2"
Derby,3,5|9|12,Sport & Freizeit|Gesellschaft & Beruf|Gefühle & Abstraktes,6,"Pokal~A_TARGET_VIBE~2,Rangliste~A_TARGET_VIBE~3,Pfosten~A_TARGET_VIBE~2,Turnier~A_TARGET_VIBE~3,Nachspielzeit~A_TARGET_VIBE~2,Qualifikation~A_TARGET_VIBE~3"
Diskuswurf,4,5,Sport & Freizeit,6,"Zwischenzeit~A_TARGET_VIBE~3,Absprung~A_TARGET_VIBE~3,Sandgrube~A_TARGET_VIBE~3,Startsignal~A_TARGET_VIBE~4,Stoppuhr~A_TARGET_VIBE~3,Weite~A_TARGET_VIBE~3"
Domino,2,5,Sport & Freizeit,5,"Trikot~A_TARGET_VIBE~2,Tartan~A_TARGET_VIBE~2,Satz~A_TARGET_VIBE~2,Pfosten~A_TARGET_VIBE~2,Staffel~A_TARGET_VIBE~2"
Drachensteigen,3,5,Sport & Freizeit,6,"Sandgrube~A_TARGET_VIBE~3,Elfmeter~A_TARGET_VIBE~3,Drehkreuz~A_TARGET_VIBE~3,Fankurve~A_TARGET_VIBE~2,Mittelkreis~A_TARGET_VIBE~2,Zwischenzeit~A_TARGET_VIBE~3"
Dreisprung,4,5|11,Sport & Freizeit|Wetter & Himmel,6,"Helm~A_TARGET_VIBE~4,Kälte~A_TARGET_VIBE~3,Kufe~A_TARGET_VIBE~3,Handschuh~A_TARGET_VIBE~4,Frost~A_TARGET_VIBE~4,Lift~A_TARGET_VIBE~3"
Dribbling,3,5,Sport & Freizeit,6,"Rebound~A_TARGET_VIBE~2,Fastbreak~A_TARGET_VIBE~2,Korb~A_TARGET_VIBE~2,Brett~A_TARGET_VIBE~2,Defense~A_TARGET_VIBE~2,Dreier~A_TARGET_VIBE~3"
Dusche,1,5,Sport & Freizeit,4,"Matte~A_TARGET_VIBE~1,Mauer~A_TARGET_VIBE~1,Anzeigetafel~A_TARGET_VIBE~1,Anstoß~A_TARGET_VIBE~1"
Eckball,3,5|9,Sport & Freizeit|Gesellschaft & Beruf,6,"Mauer~A_TARGET_VIBE~2,Mittelkreis~A_TARGET_VIBE~3,Freistoß~A_TARGET_VIBE~2,Schmetterball~A_TARGET_VIBE~2,Trikot~A_TARGET_VIBE~3,Korb~A_TARGET_VIBE~3"
Eckfahne,4,5|9,Sport & Freizeit|Gesellschaft & Beruf,6,"Anzeigetafel~A_TARGET_VIBE~3,Pfosten~A_TARGET_VIBE~4,Anstoß~A_TARGET_VIBE~3,Nachspielzeit~A_TARGET_VIBE~4,Ticket~A_TARGET_VIBE~3,Qualifikation~A_TARGET_VIBE~3"
Einlauf,3,5,Sport & Freizeit,6,"Tartan~A_TARGET_VIBE~3,Weite~A_TARGET_VIBE~2,Startsignal~A_TARGET_VIBE~2,Wurfkreis~A_TARGET_VIBE~2,Hürde~A_TARGET_VIBE~2,Stoppuhr~A_TARGET_VIBE~3"
Eintritt,2,5,Sport & Freizeit,5,"Kabine~A_TARGET_VIBE~2,Hürde~A_TARGET_VIBE~2,Stehplatz~A_TARGET_VIBE~2,Sitzreihe~A_TARGET_VIBE~2,Rundbahn~A_TARGET_VIBE~2"
Eintrittskarte,2,5,Sport & Freizeit,5,"Stempel~A_TARGET_VIBE~2,Barcode~A_TARGET_VIBE~2,Kontrolle~A_TARGET_VIBE~2,Kasse~A_TARGET_VIBE~2,Scan~A_TARGET_VIBE~2"
Einwurf,2,5|9,Sport & Freizeit|Gesellschaft & Beruf,5,"Rasen~A_TARGET_VIBE~2,Banner~A_TARGET_VIBE~2,Drehkreuz~A_TARGET_VIBE~2,Punktestand~A_TARGET_VIBE~2,Schiedsrichter~A_TARGET_VIBE~2"
Einzelsport,4,5,Sport & Freizeit,6,"Wiederholung~A_TARGET_VIBE~4,Startsignal~A_TARGET_VIBE~3,Ordner~A_TARGET_VIBE~4,Stehplatz~A_TARGET_VIBE~3,Spiegel~A_TARGET_VIBE~3,Reck~A_TARGET_VIBE~3"
Eisbahn,3,5|11,Sport & Freizeit|Wetter & Himmel,6,"Frost~A_TARGET_VIBE~3,Helm~A_TARGET_VIBE~3,Kufe~A_TARGET_VIBE~2,Handschuh~A_TARGET_VIBE~2,Kälte~A_TARGET_VIBE~2,Anlauf~A_TARGET_VIBE~2"
Eishalle,3,5|11,Sport & Freizeit|Wetter & Himmel,6,"Helm~A_TARGET_VIBE~3,Handschuh~A_TARGET_VIBE~2,Frost~A_TARGET_VIBE~2,Kufe~A_TARGET_VIBE~3,Kälte~A_TARGET_VIBE~2,Rodel~A_TARGET_VIBE~2"
Eishockey,3,5|11,Sport & Freizeit|Wetter & Himmel,6,"Frost~A_TARGET_VIBE~2,Kälte~A_TARGET_VIBE~3,Kufe~A_TARGET_VIBE~2,Helm~A_TARGET_VIBE~3,Handschuh~A_TARGET_VIBE~3,Piste~A_TARGET_VIBE~3"
Eiskunstlauf,4,5|11,Sport & Freizeit|Wetter & Himmel,6,"Frost~A_TARGET_VIBE~3,Helm~A_TARGET_VIBE~3,Kälte~A_TARGET_VIBE~3,Kufe~A_TARGET_VIBE~3,Handschuh~A_TARGET_VIBE~4,Sturz~A_TARGET_VIBE~4"
Eislaufen,2,5|11,Sport & Freizeit|Wetter & Himmel,5,"Frost~A_TARGET_VIBE~2,Kälte~A_TARGET_VIBE~2,Kufe~A_TARGET_VIBE~2,Helm~A_TARGET_VIBE~2,Handschuh~A_TARGET_VIBE~2"
Eisstock,3,5|11,Sport & Freizeit|Wetter & Himmel,6,"Helm~A_TARGET_VIBE~2,Kälte~A_TARGET_VIBE~3,Frost~A_TARGET_VIBE~3,Kufe~A_TARGET_VIBE~3,Handschuh~A_TARGET_VIBE~2,Lift~A_TARGET_VIBE~3"
Eisstockschießen,4,5|11,Sport & Freizeit|Wetter & Himmel,6,"Kufe~A_TARGET_VIBE~4,Kälte~A_TARGET_VIBE~3,Handschuh~A_TARGET_VIBE~4,Frost~A_TARGET_VIBE~4,Helm~A_TARGET_VIBE~4,Pulverschnee~A_TARGET_VIBE~4"
Elfmeter,3,5|9,Sport & Freizeit|Gesellschaft & Beruf,6,"KO~A_TARGET_VIBE~2,Mauer~A_TARGET_VIBE~2,Nachspielzeit~A_TARGET_VIBE~2,Banner~A_TARGET_VIBE~2,Rangliste~A_TARGET_VIBE~2,Qualifikation~A_TARGET_VIBE~3"
Ellbogenschützer,4,5|0,Sport & Freizeit|Alltag & Gegenstände,6,"Barren~A_TARGET_VIBE~3,Wiederholung~A_TARGET_VIBE~4,Reck~A_TARGET_VIBE~3,Studio~A_TARGET_VIBE~3,Core~A_TARGET_VIBE~4,Hantel~A_TARGET_VIBE~3"
Energieriegel,3,5,Sport & Freizeit,6,"Staffel~A_TARGET_VIBE~2,Einlass~A_TARGET_VIBE~3,Core~A_TARGET_VIBE~2,Ordner~A_TARGET_VIBE~3,Drehkreuz~A_TARGET_VIBE~3,Sandgrube~A_TARGET_VIBE~2"
Erholung,1,5|12,Sport & Freizeit|Gefühle & Abstraktes,4,"Fanblock~A_TARGET_VIBE~1,Trainer~A_TARGET_VIBE~1,Ordner~A_TARGET_VIBE~1,Satz~A_TARGET_VIBE~1"
Ersatzbank,3,5,Sport & Freizeit,6,"Reck~A_TARGET_VIBE~2,Banner~A_TARGET_VIBE~2,Applaus~A_TARGET_VIBE~2,Stoppuhr~A_TARGET_VIBE~3,Trikot~A_TARGET_VIBE~2,Sandgrube~A_TARGET_VIBE~2"
Ersatzspieler,3,5,Sport & Freizeit,6,"Tribüne~A_TARGET_VIBE~3,Elfmeter~A_TARGET_VIBE~3,Wiederholung~A_TARGET_VIBE~3,Abseits~A_TARGET_VIBE~2,Sandgrube~A_TARGET_VIBE~2,Weite~A_TARGET_VIBE~2"
Etappe,3,5|3,Sport & Freizeit|Orte & Reisen,6,"Zwischenzeit~A_TARGET_VIBE~2,Puls~A_TARGET_VIBE~3,Atmung~A_TARGET_VIBE~3,Fankurve~A_TARGET_VIBE~2,Banner~A_TARGET_VIBE~2,Sitzreihe~A_TARGET_VIBE~3"
Fahrrad,1,5|3,Sport & Freizeit|Orte & Reisen,4,"Pedal~A_TARGET_VIBE~1,Sattel~A_TARGET_VIBE~1,Reifen~A_TARGET_VIBE~1,Steigung~A_TARGET_VIBE~1"
Fahrradkette,4,5|3,Sport & Freizeit|Orte & Reisen,6,"Steigung~A_TARGET_VIBE~3,Reifen~A_TARGET_VIBE~4,Sattel~A_TARGET_VIBE~4,Schaltung~A_TARGET_VIBE~4,Pedal~A_TARGET_VIBE~3,Trikot~A_TARGET_VIBE~3"
Fahrradkorb,2,5|3|0,Sport & Freizeit|Orte & Reisen|Alltag & Gegenstände,5,"Reifen~A_TARGET_VIBE~2,Steigung~A_TARGET_VIBE~2,Sattel~A_TARGET_VIBE~2,Pedal~A_TARGET_VIBE~2,Schaltung~A_TARGET_VIBE~2"
Fahrradreifen,4,5|3,Sport & Freizeit|Orte & Reisen,6,"Pedal~A_TARGET_VIBE~4,Sattel~A_TARGET_VIBE~3,Schaltung~A_TARGET_VIBE~3,Steigung~A_TARGET_VIBE~3,Reifen~A_TARGET_VIBE~3,Kette~A_TARGET_VIBE~3"
Fahrradständer,3,5|3,Sport & Freizeit|Orte & Reisen,6,"Schaltung~A_TARGET_VIBE~2,Reifen~A_TARGET_VIBE~3,Steigung~A_TARGET_VIBE~3,Sattel~A_TARGET_VIBE~3,Pedal~A_TARGET_VIBE~2,Schlauch~A_TARGET_VIBE~3"
Fan,2,5,Sport & Freizeit,5,"Trainer~A_TARGET_VIBE~2,Lautsprecher~A_TARGET_VIBE~2,Satz~A_TARGET_VIBE~2,Einlass~A_TARGET_VIBE~2,Wiederholung~A_TARGET_VIBE~2"
Fankurve,3,5,Sport & Freizeit,6,"Weite~A_TARGET_VIBE~2,Schiedsrichter~A_TARGET_VIBE~2,Dehnung~A_TARGET_VIBE~3,Ziellinie~A_TARGET_VIBE~2,Konter~A_TARGET_VIBE~3,Matte~A_TARGET_VIBE~2"
Fechten,4,5,Sport & Freizeit,6,"Wurf~A_TARGET_VIBE~4,Ecke~A_TARGET_VIBE~4,Gong~A_TARGET_VIBE~4,Schutz~A_TARGET_VIBE~4,Runde~A_TARGET_VIBE~4,Tritt~A_TARGET_VIBE~4"
Federball,3,5,Sport & Freizeit,6,"Nachspielzeit~A_TARGET_VIBE~2,Shotclock~A_TARGET_VIBE~3,Defense~A_TARGET_VIBE~2,Pfosten~A_TARGET_VIBE~3,Satz~A_TARGET_VIBE~2,Netz~A_TARGET_VIBE~2"
Feldbett,3,5,Sport & Freizeit,6,"Trainer~A_TARGET_VIBE~3,Fanblock~A_TARGET_VIBE~2,Satz~A_TARGET_VIBE~3,Anstoß~A_TARGET_VIBE~3,Hürde~A_TARGET_VIBE~2,Stoppuhr~A_TARGET_VIBE~2"
Feldhockey,4,5,Sport & Freizeit,6,"Anstoß~A_TARGET_VIBE~4,Startblock~A_TARGET_VIBE~4,Hürde~A_TARGET_VIBE~3,Banner~A_TARGET_VIBE~3,Ticket~A_TARGET_VIBE~3,Atmung~A_TARGET_VIBE~3"
Fernglas,3,5,Sport & Freizeit,6,"Rasen~A_TARGET_VIBE~3,Dehnung~A_TARGET_VIBE~2,Absprung~A_TARGET_VIBE~2,Abseits~A_TARGET_VIBE~2,Körperspannung~A_TARGET_VIBE~2,Ordner~A_TARGET_VIBE~3"
Feuerschale,3,5,Sport & Freizeit,6,"Lautsprecher~A_TARGET_VIBE~3,Körperspannung~A_TARGET_VIBE~2,Auswechslung~A_TARGET_VIBE~3,Applaus~A_TARGET_VIBE~3,Startblock~A_TARGET_VIBE~3,Drehkreuz~A_TARGET_VIBE~3"
Feuerzeug,1,5,Sport & Freizeit,4,"Mauer~A_TARGET_VIBE~1,Elfmeter~A_TARGET_VIBE~1,Nachspielzeit~A_TARGET_VIBE~1,Freistoß~A_TARGET_VIBE~1"
Finale,2,5|9|12,Sport & Freizeit|Gesellschaft & Beruf|Gefühle & Abstraktes,5,"Spielplan~A_TARGET_VIBE~2,Tribüne~A_TARGET_VIBE~2,Banner~A_TARGET_VIBE~2,Sitzreihe~A_TARGET_VIBE~2,Punktestand~A_TARGET_VIBE~2"
Fitness,2,5|12,Sport & Freizeit|Gefühle & Abstraktes,5,"Puls~A_TARGET_VIBE~2,Trainer~A_TARGET_VIBE~2,Studio~A_TARGET_VIBE~2,Körperspannung~A_TARGET_VIBE~2,Satz~A_TARGET_VIBE~2"
Fitnessstudio,3,5|12,Sport & Freizeit|Gefühle & Abstraktes,6,"Körperspannung~A_TARGET_VIBE~3,Reck~A_TARGET_VIBE~2,Hantel~A_TARGET_VIBE~3,Dehnung~A_TARGET_VIBE~2,Matte~A_TARGET_VIBE~2,Core~A_TARGET_VIBE~3"
Flipper,2,5,Sport & Freizeit,5,"Stoppuhr~A_TARGET_VIBE~2,Studio~A_TARGET_VIBE~2,Kabine~A_TARGET_VIBE~2,Freistoß~A_TARGET_VIBE~2,Drehkreuz~A_TARGET_VIBE~2"
Flutlicht,3,5,Sport & Freizeit,6,"Absprung~A_TARGET_VIBE~2,Rasen~A_TARGET_VIBE~2,Startsignal~A_TARGET_VIBE~2,Rundbahn~A_TARGET_VIBE~2,Zwischenzeit~A_TARGET_VIBE~3,Spiegel~A_TARGET_VIBE~2"
Freibad,2,5|3,Sport & Freizeit|Orte & Reisen,5,"Beckenrand~A_TARGET_VIBE~2,Sprungturm~A_TARGET_VIBE~2,Handtuch~A_TARGET_VIBE~2,Umkleide~A_TARGET_VIBE~2,Chlor~A_TARGET_VIBE~2"
Freistoß,3,5|11,Sport & Freizeit|Wetter & Himmel,6,"Frost~A_TARGET_VIBE~2,Kufe~A_TARGET_VIBE~2,Handschuh~A_TARGET_VIBE~3,Kälte~A_TARGET_VIBE~3,Helm~A_TARGET_VIBE~3,Eis~A_TARGET_VIBE~3"
Freizeit,1,5,Sport & Freizeit,4,"Dehnung~A_TARGET_VIBE~1,Wurfkreis~A_TARGET_VIBE~1,Matte~A_TARGET_VIBE~1,Pfosten~A_TARGET_VIBE~1"
Freizeitbad,2,5|3,Sport & Freizeit|Orte & Reisen,5,"Sprungturm~A_TARGET_VIBE~2,Handtuch~A_TARGET_VIBE~2,Umkleide~A_TARGET_VIBE~2,Chlor~A_TARGET_VIBE~2,Beckenrand~A_TARGET_VIBE~2"
Freizeitpark,2,5,Sport & Freizeit,5,"Stoppuhr~A_TARGET_VIBE~2,Banner~A_TARGET_VIBE~2,Pfosten~A_TARGET_VIBE~2,Tribüne~A_TARGET_VIBE~2,Trikot~A_TARGET_VIBE~2"
Fußball,1,5,Sport & Freizeit,4,"Shotclock~A_TARGET_VIBE~1,Schiedsrichter~A_TARGET_VIBE~1,Trikot~A_TARGET_VIBE~1,Fastbreak~A_TARGET_VIBE~1"
Gaskocher,3,5|3|1,Sport & Freizeit|Orte & Reisen|Essen & Trinken,6,"Anzünder~A_TARGET_VIBE~2,Grillgut~A_TARGET_VIBE~3,Proviant~A_TARGET_VIBE~2,Alufolie~A_TARGET_VIBE~2,Knoten~A_TARGET_VIBE~2,Bratwurst~A_TARGET_VIBE~2"
Gefälle,2,5,Sport & Freizeit,5,"Freistoß~A_TARGET_VIBE~2,Pfosten~A_TARGET_VIBE~2,Satz~A_TARGET_VIBE~2,Puls~A_TARGET_VIBE~2,Stehplatz~A_TARGET_VIBE~2"
Gelbkarte,3,5|9,Sport & Freizeit|Gesellschaft & Beruf,6,"Barcode~A_TARGET_VIBE~2,Stempel~A_TARGET_VIBE~3,Scan~A_TARGET_VIBE~3,Kontrolle~A_TARGET_VIBE~2,Kasse~A_TARGET_VIBE~3,Applaus~A_TARGET_VIBE~3"
Geräteturnen,4,5,Sport & Freizeit,6,"Konter~A_TARGET_VIBE~4,Matte~A_TARGET_VIBE~4,Freistoß~A_TARGET_VIBE~4,Rasen~A_TARGET_VIBE~4,Mauer~A_TARGET_VIBE~4,Zwischenzeit~A_TARGET_VIBE~3"
Geschicklichkeit,3,5,Sport & Freizeit,6,"Atmung~A_TARGET_VIBE~2,Anzeigetafel~A_TARGET_VIBE~3,Anlauf~A_TARGET_VIBE~2,Körperspannung~A_TARGET_VIBE~3,Konter~A_TARGET_VIBE~2,Stoppuhr~A_TARGET_VIBE~2"
Gewichtheben,3,5,Sport & Freizeit,6,"Bank~A_TARGET_VIBE~3,Griff~A_TARGET_VIBE~3,Satz~A_TARGET_VIBE~2,Wiederholung~A_TARGET_VIBE~2,Scheibe~A_TARGET_VIBE~3,Dehnung~A_TARGET_VIBE~2"
Gewichtsscheibe,4,5,Sport & Freizeit,6,"Scheibe~A_TARGET_VIBE~3,Griff~A_TARGET_VIBE~4,Bank~A_TARGET_VIBE~4,Satz~A_TARGET_VIBE~3,Wiederholung~A_TARGET_VIBE~4,Staffel~A_TARGET_VIBE~4"
Gipfel,3,5|3|2,Sport & Freizeit|Orte & Reisen|Natur & Tiere,6,"Höhenmeter~A_TARGET_VIBE~3,Höhenlinie~A_TARGET_VIBE~2,Markierung~A_TARGET_VIBE~3,Gipfelkreuz~A_TARGET_VIBE~2,Wegweiser~A_TARGET_VIBE~2,Panorama~A_TARGET_VIBE~3"
Gipfelbuch,4,5|3|2,Sport & Freizeit|Orte & Reisen|Natur & Tiere,6,"Trekkingstock~A_TARGET_VIBE~3,Höhenlinie~A_TARGET_VIBE~3,Schutzhütte~A_TARGET_VIBE~4,Serpentine~A_TARGET_VIBE~3,Höhenmeter~A_TARGET_VIBE~3,Kompass~A_TARGET_VIBE~4"
Gletscher,3,5|3|2,Sport & Freizeit|Orte & Reisen|Natur & Tiere,6,"Serpentine~A_TARGET_VIBE~2,Schutzhütte~A_TARGET_VIBE~2,Rucksack~A_TARGET_VIBE~3,Gipfelkreuz~A_TARGET_VIBE~3,Höhenlinie~A_TARGET_VIBE~3,Panorama~A_TARGET_VIBE~2"
Golf,3,5,Sport & Freizeit,6,"Abschlag~A_TARGET_VIBE~3,Putter~A_TARGET_VIBE~2,Loch~A_TARGET_VIBE~3,Handicap~A_TARGET_VIBE~3,Tee~A_TARGET_VIBE~2,Scorekarte~A_TARGET_VIBE~3"
Grill,1,5|3|1,Sport & Freizeit|Orte & Reisen|Essen & Trinken,4,"Rauch~A_TARGET_VIBE~1,Grillgut~A_TARGET_VIBE~1,Holzkohle~A_TARGET_VIBE~1,Marinade~A_TARGET_VIBE~1"
Grillrost,3,5|3|0|1,Sport & Freizeit|Orte & Reisen|Alltag & Gegenstände|Essen & Trinken,6,"Holzkohle~A_TARGET_VIBE~3,Glut~A_TARGET_VIBE~2,Marinade~A_TARGET_VIBE~3,Grillgut~A_TARGET_VIBE~2,Rauch~A_TARGET_VIBE~2,Taschenmesser~A_TARGET_VIBE~2"
Grillzange,3,5|3|0|1,Sport & Freizeit|Orte & Reisen|Alltag & Gegenstände|Essen & Trinken,6,"Rauch~A_TARGET_VIBE~3,Marinade~A_TARGET_VIBE~2,Glut~A_TARGET_VIBE~2,Holzkohle~A_TARGET_VIBE~3,Grillgut~A_TARGET_VIBE~3,Alufolie~A_TARGET_VIBE~2"
Gymnastik,3,5|12,Sport & Freizeit|Gefühle & Abstraktes,6,"Reck~A_TARGET_VIBE~3,Puls~A_TARGET_VIBE~2,Hantel~A_TARGET_VIBE~3,Wiederholung~A_TARGET_VIBE~3,Barren~A_TARGET_VIBE~2,Dehnung~A_TARGET_VIBE~3"
Haken,2,5,Sport & Freizeit,5,"Hürde~A_TARGET_VIBE~2,Startsignal~A_TARGET_VIBE~2,Zwischenzeit~A_TARGET_VIBE~2,Freistoß~A_TARGET_VIBE~2,Atmung~A_TARGET_VIBE~2"
Halbzeit,2,5,Sport & Freizeit,5,"Applaus~A_TARGET_VIBE~2,Auswechslung~A_TARGET_VIBE~2,Freistoß~A_TARGET_VIBE~2,Satz~A_TARGET_VIBE~2,Pfosten~A_TARGET_VIBE~2"
Hallenbad,3,5|3,Sport & Freizeit|Orte & Reisen,6,"Handtuch~A_TARGET_VIBE~2,Beckenrand~A_TARGET_VIBE~2,Chlor~A_TARGET_VIBE~2,Umkleide~A_TARGET_VIBE~2,Sprungturm~A_TARGET_VIBE~2,Sonnencreme~A_TARGET_VIBE~2"
Hammerwurf,4,5,Sport & Freizeit,6,"Wurfkreis~A_TARGET_VIBE~4,Anlauf~A_TARGET_VIBE~4,Hürde~A_TARGET_VIBE~4,Stoppuhr~A_TARGET_VIBE~4,Weite~A_TARGET_VIBE~4,Ziellinie~A_TARGET_VIBE~3"
Handball,2,5,Sport & Freizeit,5,"Pfosten~A_TARGET_VIBE~2,Shotclock~A_TARGET_VIBE~2,Netz~A_TARGET_VIBE~2,Mittelkreis~A_TARGET_VIBE~2,Korb~A_TARGET_VIBE~2"
Handschuh,1,5|0,Sport & Freizeit|Alltag & Gegenstände,4,"Kälte~A_TARGET_VIBE~1,Nässe~A_TARGET_VIBE~1,Finger~A_TARGET_VIBE~1,Grip~A_TARGET_VIBE~1"
Hantel,3,5|12,Sport & Freizeit|Gefühle & Abstraktes,6,"Bank~A_TARGET_VIBE~3,Wiederholung~A_TARGET_VIBE~2,Scheibe~A_TARGET_VIBE~3,Griff~A_TARGET_VIBE~2,Satz~A_TARGET_VIBE~2,Core~A_TARGET_VIBE~2"
Heimspiel,2,5|9,Sport & Freizeit|Gesellschaft & Beruf,5,"Trikot~A_TARGET_VIBE~2,Finale~A_TARGET_VIBE~2,Mauer~A_TARGET_VIBE~2,Abseits~A_TARGET_VIBE~2,Auswechslung~A_TARGET_VIBE~2"
Helm,2,5|0,Sport & Freizeit|Alltag & Gegenstände,5,"Polster~A_TARGET_VIBE~2,Sturz~A_TARGET_VIBE~2,Kinnriemen~A_TARGET_VIBE~2,Visier~A_TARGET_VIBE~2,Banner~A_TARGET_VIBE~2"
Hinspiel,3,5|9,Sport & Freizeit|Gesellschaft & Beruf,6,"Spielplan~A_TARGET_VIBE~2,Setzliste~A_TARGET_VIBE~3,Pfosten~A_TARGET_VIBE~2,Anzeigetafel~A_TARGET_VIBE~3,Sitzreihe~A_TARGET_VIBE~3,Einlass~A_TARGET_VIBE~3"
Hobby,2,5,Sport & Freizeit,5,"Studio~A_TARGET_VIBE~2,Satz~A_TARGET_VIBE~2,Körperspannung~A_TARGET_VIBE~2,Startblock~A_TARGET_VIBE~2,Anstoß~A_TARGET_VIBE~2"
Hochsprung,4,5,Sport & Freizeit,6,"Hürde~A_TARGET_VIBE~4,Anlauf~A_TARGET_VIBE~3,Tartan~A_TARGET_VIBE~3,Wurfkreis~A_TARGET_VIBE~3,Zwischenzeit~A_TARGET_VIBE~4,Absprung~A_TARGET_VIBE~3"
Hockeyschläger,4,5|0,Sport & Freizeit|Alltag & Gegenstände,6,"Griffband~A_TARGET_VIBE~4,Satz~A_TARGET_VIBE~4,Ballwechsel~A_TARGET_VIBE~4,Netz~A_TARGET_VIBE~4,Linie~A_TARGET_VIBE~3,Sandgrube~A_TARGET_VIBE~3"
Hängematte,3,5,Sport & Freizeit,6,"Hürde~A_TARGET_VIBE~2,Kabine~A_TARGET_VIBE~2,Ticket~A_TARGET_VIBE~3,Wurfkreis~A_TARGET_VIBE~3,Schiedsrichter~A_TARGET_VIBE~3,Rasen~A_TARGET_VIBE~3"
Höhenmeter,3,5|3|2,Sport & Freizeit|Orte & Reisen|Natur & Tiere,6,"Schutzhütte~A_TARGET_VIBE~2,Höhenlinie~A_TARGET_VIBE~2,Panorama~A_TARGET_VIBE~3,Trekkingstock~A_TARGET_VIBE~3,Serpentine~A_TARGET_VIBE~3,Gipfelkreuz~A_TARGET_VIBE~3"
Höhenweg,4,5|3|2,Sport & Freizeit|Orte & Reisen|Natur & Tiere,6,"Kompass~A_TARGET_VIBE~3,Wanderstiefel~A_TARGET_VIBE~4,Höhenlinie~A_TARGET_VIBE~4,Schutzhütte~A_TARGET_VIBE~3,Höhenmeter~A_TARGET_VIBE~4,Serpentine~A_TARGET_VIBE~4"
Hürdenlauf,4,5,Sport & Freizeit,6,"Sandgrube~A_TARGET_VIBE~3,Rundbahn~A_TARGET_VIBE~4,Wurfkreis~A_TARGET_VIBE~4,Stoppuhr~A_TARGET_VIBE~3,Absprung~A_TARGET_VIBE~4,Startsignal~A_TARGET_VIBE~4"
Intervalltraining,4,5,Sport & Freizeit,6,"Dehnung~A_TARGET_VIBE~4,Spiegel~A_TARGET_VIBE~4,Hantel~A_TARGET_VIBE~3,Trainer~A_TARGET_VIBE~4,Core~A_TARGET_VIBE~4,Reck~A_TARGET_VIBE~4"
Isomatte,3,5|3,Sport & Freizeit|Orte & Reisen,6,"Schlafsack~A_TARGET_VIBE~2,Steak~A_TARGET_VIBE~3,Plane~A_TARGET_VIBE~2,Taschenmesser~A_TARGET_VIBE~2,Alufolie~A_TARGET_VIBE~2,Zange~A_TARGET_VIBE~3"
Judo,4,5,Sport & Freizeit,6,"Gürtel~A_TARGET_VIBE~3,Sparring~A_TARGET_VIBE~3,Knie~A_TARGET_VIBE~4,Dojo~A_TARGET_VIBE~4,Schutz~A_TARGET_VIBE~4,Tritt~A_TARGET_VIBE~4"
Kabine,1,5,Sport & Freizeit,4,"Fankurve~A_TARGET_VIBE~1,Konter~A_TARGET_VIBE~1,Studio~A_TARGET_VIBE~1,Nachspielzeit~A_TARGET_VIBE~1"
Kajak,3,5|3,Sport & Freizeit|Orte & Reisen,6,"Kurs~A_TARGET_VIBE~2,Steg~A_TARGET_VIBE~3,Welle~A_TARGET_VIBE~3,Schwimmweste~A_TARGET_VIBE~2,Strömung~A_TARGET_VIBE~3,Kiel~A_TARGET_VIBE~3"
Kanu,2,5|3,Sport & Freizeit|Orte & Reisen,5,"Schwimmweste~A_TARGET_VIBE~2,Welle~A_TARGET_VIBE~2,Kurs~A_TARGET_VIBE~2,Strömung~A_TARGET_VIBE~2,Steg~A_TARGET_VIBE~2"
Kanufahren,3,5|3,Sport & Freizeit|Orte & Reisen,6,"Strömung~A_TARGET_VIBE~2,Kurs~A_TARGET_VIBE~3,Steg~A_TARGET_VIBE~2,Schwimmweste~A_TARGET_VIBE~2,Welle~A_TARGET_VIBE~3,Mast~A_TARGET_VIBE~3"
Kapitän,3,5|9,Sport & Freizeit|Gesellschaft & Beruf,6,"Ordner~A_TARGET_VIBE~3,Sitzreihe~A_TARGET_VIBE~2,Trainerbank~A_TARGET_VIBE~3,Einlass~A_TARGET_VIBE~2,Tribüne~A_TARGET_VIBE~3,Banner~A_TARGET_VIBE~2"
Karabiner,4,5|3,Sport & Freizeit|Orte & Reisen,6,"Plane~A_TARGET_VIBE~4,Vorstieg~A_TARGET_VIBE~4,Kühlbox~A_TARGET_VIBE~3,Rucksack~A_TARGET_VIBE~4,Klettergurt~A_TARGET_VIBE~3,Schlafsack~A_TARGET_VIBE~4"
Karate,4,5,Sport & Freizeit,6,"Sparring~A_TARGET_VIBE~4,Tritt~A_TARGET_VIBE~4,Knie~A_TARGET_VIBE~4,Ecke~A_TARGET_VIBE~3,Dojo~A_TARGET_VIBE~3,Runde~A_TARGET_VIBE~3"
Kartenspiel,2,5,Sport & Freizeit,5,"Kasse~A_TARGET_VIBE~2,Barcode~A_TARGET_VIBE~2,Stempel~A_TARGET_VIBE~2,Scan~A_TARGET_VIBE~2,Kontrolle~A_TARGET_VIBE~2"
Kegelbahn,3,5,Sport & Freizeit,6,"Wirtshaus~A_TARGET_VIBE~2,Wurf~A_TARGET_VIBE~3,Kegel~A_TARGET_VIBE~3,Punkte~A_TARGET_VIBE~2,Gasse~A_TARGET_VIBE~3,Bahn~A_TARGET_VIBE~2"
Kegeln,2,5,Sport & Freizeit,5,"Punkte~A_TARGET_VIBE~2,Brett~A_TARGET_VIBE~2,Wirtshaus~A_TARGET_VIBE~2,Strike~A_TARGET_VIBE~2,Kegel~A_TARGET_VIBE~2"
Kettenschaltung,4,5,Sport & Freizeit,6,"Kette~A_TARGET_VIBE~4,Schlauch~A_TARGET_VIBE~3,Lenker~A_TARGET_VIBE~3,Helm~A_TARGET_VIBE~4,Kassette~A_TARGET_VIBE~3,Steigung~A_TARGET_VIBE~4"
Kickboxen,3,5,Sport & Freizeit,6,"Handschuh~A_TARGET_VIBE~3,Kampfrichter~A_TARGET_VIBE~3,Gong~A_TARGET_VIBE~2,Runde~A_TARGET_VIBE~2,Gürtel~A_TARGET_VIBE~3,Ecke~A_TARGET_VIBE~2"
Kitesurfen,4,5|3,Sport & Freizeit|Orte & Reisen,6,"Mast~A_TARGET_VIBE~3,Anker~A_TARGET_VIBE~4,Paddel~A_TARGET_VIBE~3,Steg~A_TARGET_VIBE~3,Hafen~A_TARGET_VIBE~3,Bootshaus~A_TARGET_VIBE~4"
Klettergerüst,2,5|3,Sport & Freizeit|Orte & Reisen,5,"Seil~A_TARGET_VIBE~2,Karabiner~A_TARGET_VIBE~2,Sicherung~A_TARGET_VIBE~2,Griff~A_TARGET_VIBE~2,Magnesia~A_TARGET_VIBE~2"
Klettergriff,4,5|3,Sport & Freizeit|Orte & Reisen,6,"Karabiner~A_TARGET_VIBE~3,Seil~A_TARGET_VIBE~3,Griff~A_TARGET_VIBE~3,Sicherung~A_TARGET_VIBE~3,Magnesia~A_TARGET_VIBE~4,Abseilen~A_TARGET_VIBE~3"
Klettergurt,4,5|3|0,Sport & Freizeit|Orte & Reisen|Alltag & Gegenstände,6,"Seil~A_TARGET_VIBE~3,Magnesia~A_TARGET_VIBE~4,Karabiner~A_TARGET_VIBE~4,Griff~A_TARGET_VIBE~4,Sicherung~A_TARGET_VIBE~3,Expressschlinge~A_TARGET_VIBE~4"
Kletterhalle,3,5|3,Sport & Freizeit|Orte & Reisen,6,"Sicherung~A_TARGET_VIBE~3,Karabiner~A_TARGET_VIBE~2,Seil~A_TARGET_VIBE~2,Griff~A_TARGET_VIBE~2,Magnesia~A_TARGET_VIBE~3,Abseilen~A_TARGET_VIBE~2"
Kletterkurs,3,5|3,Sport & Freizeit|Orte & Reisen,6,"Karabiner~A_TARGET_VIBE~2,Griff~A_TARGET_VIBE~3,Magnesia~A_TARGET_VIBE~3,Seil~A_TARGET_VIBE~3,Sicherung~A_TARGET_VIBE~2,Toprope~A_TARGET_VIBE~3"
Klettern,3,5|3,Sport & Freizeit|Orte & Reisen,6,"Sicherung~A_TARGET_VIBE~2,Seil~A_TARGET_VIBE~3,Karabiner~A_TARGET_VIBE~2,Griff~A_TARGET_VIBE~3,Magnesia~A_TARGET_VIBE~2,Vorstieg~A_TARGET_VIBE~3"
Kletterpark,3,5|3,Sport & Freizeit|Orte & Reisen,6,"Sicherung~A_TARGET_VIBE~2,Griff~A_TARGET_VIBE~3,Seil~A_TARGET_VIBE~2,Magnesia~A_TARGET_VIBE~3,Karabiner~A_TARGET_VIBE~3,Knoten~A_TARGET_VIBE~2"
Kletterroute,4,5|3,Sport & Freizeit|Orte & Reisen,6,"Magnesia~A_TARGET_VIBE~3,Griff~A_TARGET_VIBE~4,Sicherung~A_TARGET_VIBE~4,Seil~A_TARGET_VIBE~4,Karabiner~A_TARGET_VIBE~3,Expressschlinge~A_TARGET_VIBE~4"
Kletterseil,4,5|3|0,Sport & Freizeit|Orte & Reisen|Alltag & Gegenstände,6,"Griff~A_TARGET_VIBE~4,Seil~A_TARGET_VIBE~3,Sicherung~A_TARGET_VIBE~3,Karabiner~A_TARGET_VIBE~3,Magnesia~A_TARGET_VIBE~3,Rucksack~A_TARGET_VIBE~3"
Klettersteig,4,5|3,Sport & Freizeit|Orte & Reisen,6,"Seil~A_TARGET_VIBE~3,Sicherung~A_TARGET_VIBE~4,Magnesia~A_TARGET_VIBE~3,Griff~A_TARGET_VIBE~4,Karabiner~A_TARGET_VIBE~3,Abseilen~A_TARGET_VIBE~3"
Klettertour,3,5|3,Sport & Freizeit|Orte & Reisen,6,"Seil~A_TARGET_VIBE~2,Karabiner~A_TARGET_VIBE~2,Magnesia~A_TARGET_VIBE~3,Griff~A_TARGET_VIBE~3,Sicherung~A_TARGET_VIBE~2,Vorstieg~A_TARGET_VIBE~2"
Kletterwand,3,5|3,Sport & Freizeit|Orte & Reisen,6,"Griff~A_TARGET_VIBE~2,Magnesia~A_TARGET_VIBE~3,Karabiner~A_TARGET_VIBE~3,Seil~A_TARGET_VIBE~2,Sicherung~A_TARGET_VIBE~3,Wand~A_TARGET_VIBE~3"
Klimmzugstange,4,5,Sport & Freizeit,6,"Dehnung~A_TARGET_VIBE~3,Barren~A_TARGET_VIBE~4,Startblock~A_TARGET_VIBE~4,Schiedsrichter~A_TARGET_VIBE~4,Banner~A_TARGET_VIBE~3,Kabine~A_TARGET_VIBE~3"
Klingel,1,5,Sport & Freizeit,4,"Pedal~A_TARGET_VIBE~1,Helm~A_TARGET_VIBE~1,Steigung~A_TARGET_VIBE~1,Speiche~A_TARGET_VIBE~1"
Knieschützer,4,5|0,Sport & Freizeit|Alltag & Gegenstände,6,"Klettverschluss~A_TARGET_VIBE~3,Polster~A_TARGET_VIBE~3,Atmung~A_TARGET_VIBE~3,Dehnung~A_TARGET_VIBE~3,Puls~A_TARGET_VIBE~3,Bandage~A_TARGET_VIBE~4"
Knoten,3,5,Sport & Freizeit,6,"Abseilen~A_TARGET_VIBE~2,Lagerfeuer~A_TARGET_VIBE~3,Vorstieg~A_TARGET_VIBE~3,Stirnlampe~A_TARGET_VIBE~3,Griff~A_TARGET_VIBE~3,Kühlbox~A_TARGET_VIBE~2"
Knöchelschoner,4,5|0,Sport & Freizeit|Alltag & Gegenstände,6,"Bandage~A_TARGET_VIBE~4,Druck~A_TARGET_VIBE~4,Matte~A_TARGET_VIBE~3,Klettverschluss~A_TARGET_VIBE~3,Schutz~A_TARGET_VIBE~4,Sturz~A_TARGET_VIBE~4"
Kochtopf,2,5,Sport & Freizeit,5,"Rost~A_TARGET_VIBE~2,Spannleine~A_TARGET_VIBE~2,Glut~A_TARGET_VIBE~2,Knoten~A_TARGET_VIBE~2,Stirnlampe~A_TARGET_VIBE~2"
Kompass,3,5|3|2,Sport & Freizeit|Orte & Reisen|Natur & Tiere,6,"Höhenmeter~A_TARGET_VIBE~3,Schutzhütte~A_TARGET_VIBE~3,Wegweiser~A_TARGET_VIBE~3,Höhenlinie~A_TARGET_VIBE~2,Trekkingstock~A_TARGET_VIBE~2,Wanderstiefel~A_TARGET_VIBE~2"
Kondition,2,5|12,Sport & Freizeit|Gefühle & Abstraktes,5,"Satz~A_TARGET_VIBE~2,Körperspannung~A_TARGET_VIBE~2,Spiegel~A_TARGET_VIBE~2,Wiederholung~A_TARGET_VIBE~2,Core~A_TARGET_VIBE~2"
Koordination,3,5|12,Sport & Freizeit|Gefühle & Abstraktes,6,"Barren~A_TARGET_VIBE~2,Dehnung~A_TARGET_VIBE~2,Körperspannung~A_TARGET_VIBE~2,Wiederholung~A_TARGET_VIBE~2,Spiegel~A_TARGET_VIBE~2,Matte~A_TARGET_VIBE~2"
Kopfball,3,5|9,Sport & Freizeit|Gesellschaft & Beruf,6,"Auswechslung~A_TARGET_VIBE~2,Trikot~A_TARGET_VIBE~3,Pfosten~A_TARGET_VIBE~3,Hallenschuh~A_TARGET_VIBE~2,Punkte~A_TARGET_VIBE~2,Defense~A_TARGET_VIBE~2"
Korbball,4,5|0,Sport & Freizeit|Alltag & Gegenstände,6,"Rotation~A_TARGET_VIBE~4,Netz~A_TARGET_VIBE~4,Feld~A_TARGET_VIBE~4,Rebound~A_TARGET_VIBE~4,Baggern~A_TARGET_VIBE~4,Elfmeter~A_TARGET_VIBE~3"
Kraft,1,5|12,Sport & Freizeit|Gefühle & Abstraktes,4,"Kabine~A_TARGET_VIBE~1,Hantel~A_TARGET_VIBE~1,Absprung~A_TARGET_VIBE~1,Lautsprecher~A_TARGET_VIBE~1"
Kraftraum,3,5|12,Sport & Freizeit|Gefühle & Abstraktes,6,"Dehnung~A_TARGET_VIBE~2,Wiederholung~A_TARGET_VIBE~3,Satz~A_TARGET_VIBE~3,Spiegel~A_TARGET_VIBE~3,Atmung~A_TARGET_VIBE~3,Studio~A_TARGET_VIBE~2"
Kraftsport,3,5|12,Sport & Freizeit|Gefühle & Abstraktes,6,"Atmung~A_TARGET_VIBE~2,Core~A_TARGET_VIBE~2,Spiegel~A_TARGET_VIBE~2,Trainer~A_TARGET_VIBE~2,Matte~A_TARGET_VIBE~2,Barren~A_TARGET_VIBE~2"
Kreide,3,5|3,Sport & Freizeit|Orte & Reisen,6,"Wand~A_TARGET_VIBE~3,Expressschlinge~A_TARGET_VIBE~2,Griff~A_TARGET_VIBE~2,Sicherung~A_TARGET_VIBE~3,Toprope~A_TARGET_VIBE~2,Magnesia~A_TARGET_VIBE~2"
Kugelstoßen,4,5,Sport & Freizeit,6,"Barren~A_TARGET_VIBE~4,Lautsprecher~A_TARGET_VIBE~4,Spiegel~A_TARGET_VIBE~3,Anzeigetafel~A_TARGET_VIBE~3,Reck~A_TARGET_VIBE~4,Studio~A_TARGET_VIBE~4"
Kühlbox,2,5|3,Sport & Freizeit|Orte & Reisen,5,"Marinade~A_TARGET_VIBE~2,Alufolie~A_TARGET_VIBE~2,Knoten~A_TARGET_VIBE~2,Rauch~A_TARGET_VIBE~2,Holzkohle~A_TARGET_VIBE~2"
Lagerfeuer,2,5|3,Sport & Freizeit|Orte & Reisen,5,"Grillgut~A_TARGET_VIBE~2,Gaskocher~A_TARGET_VIBE~2,Plane~A_TARGET_VIBE~2,Funke~A_TARGET_VIBE~2,Glut~A_TARGET_VIBE~2"
Lagerplatz,3,5|3,Sport & Freizeit|Orte & Reisen,6,"Grillgut~A_TARGET_VIBE~2,Gaskocher~A_TARGET_VIBE~2,Rauch~A_TARGET_VIBE~3,Anzünder~A_TARGET_VIBE~2,Kühlbox~A_TARGET_VIBE~3,Schlafsack~A_TARGET_VIBE~2"
Landkarte,2,5|3|2,Sport & Freizeit|Orte & Reisen|Natur & Tiere,5,"Barcode~A_TARGET_VIBE~2,Kasse~A_TARGET_VIBE~2,Kontrolle~A_TARGET_VIBE~2,Scan~A_TARGET_VIBE~2,Stempel~A_TARGET_VIBE~2"
Langlauf,2,5|11,Sport & Freizeit|Wetter & Himmel,5,"Kurve~A_TARGET_VIBE~2,Helm~A_TARGET_VIBE~2,Schlitten~A_TARGET_VIBE~2,Pulverschnee~A_TARGET_VIBE~2,Lift~A_TARGET_VIBE~2"
Laufbahn,2,5,Sport & Freizeit,5,"Anlauf~A_TARGET_VIBE~2,Ziellinie~A_TARGET_VIBE~2,Rundbahn~A_TARGET_VIBE~2,Startblock~A_TARGET_VIBE~2,Startsignal~A_TARGET_VIBE~2"
Laufband,3,5|0,Sport & Freizeit|Alltag & Gegenstände,6,"Weite~A_TARGET_VIBE~2,Hürde~A_TARGET_VIBE~3,Tartan~A_TARGET_VIBE~3,Startsignal~A_TARGET_VIBE~2,Wurfkreis~A_TARGET_VIBE~3,Absprung~A_TARGET_VIBE~3"
Laufen,1,5,Sport & Freizeit,4,"Ziellinie~A_TARGET_VIBE~1,Staffel~A_TARGET_VIBE~1,Sandgrube~A_TARGET_VIBE~1,Tartan~A_TARGET_VIBE~1"
Laufstrecke,3,5,Sport & Freizeit,6,"Tartan~A_TARGET_VIBE~3,Staffel~A_TARGET_VIBE~2,Anlauf~A_TARGET_VIBE~2,Stoppuhr~A_TARGET_VIBE~2,Startsignal~A_TARGET_VIBE~2,Hürde~A_TARGET_VIBE~2"
Lawine,3,5,Sport & Freizeit,6,"Fankurve~A_TARGET_VIBE~3,Startsignal~A_TARGET_VIBE~3,Tribüne~A_TARGET_VIBE~2,Einlass~A_TARGET_VIBE~2,Schiedsrichter~A_TARGET_VIBE~3,Matte~A_TARGET_VIBE~2"
Leichtathletik,3,5,Sport & Freizeit,6,"Sandgrube~A_TARGET_VIBE~3,Freistoß~A_TARGET_VIBE~3,Konter~A_TARGET_VIBE~3,Auswechslung~A_TARGET_VIBE~3,Tartan~A_TARGET_VIBE~3,Fankurve~A_TARGET_VIBE~3"
Lenker,2,5|3,Sport & Freizeit|Orte & Reisen,5,"Sattel~A_TARGET_VIBE~2,Steigung~A_TARGET_VIBE~2,Reifen~A_TARGET_VIBE~2,Schaltung~A_TARGET_VIBE~2,Pedal~A_TARGET_VIBE~2"
Liegestuhl,2,5|0,Sport & Freizeit|Alltag & Gegenstände,5,"Tribüne~A_TARGET_VIBE~2,Startsignal~A_TARGET_VIBE~2,Stoppuhr~A_TARGET_VIBE~2,Startblock~A_TARGET_VIBE~2,Banner~A_TARGET_VIBE~2"
Liegestütz,3,5|12,Sport & Freizeit|Gefühle & Abstraktes,6,"Core~A_TARGET_VIBE~3,Hantel~A_TARGET_VIBE~2,Matte~A_TARGET_VIBE~3,Puls~A_TARGET_VIBE~2,Körperspannung~A_TARGET_VIBE~3,Studio~A_TARGET_VIBE~2"
Lift,2,5|11,Sport & Freizeit|Wetter & Himmel,5,"Kufe~A_TARGET_VIBE~2,Handschuh~A_TARGET_VIBE~2,Schlitten~A_TARGET_VIBE~2,Helm~A_TARGET_VIBE~2,Pulverschnee~A_TARGET_VIBE~2"
Linienrichter,4,5,Sport & Freizeit,6,"Banner~A_TARGET_VIBE~3,Tartan~A_TARGET_VIBE~4,Applaus~A_TARGET_VIBE~4,Trainer~A_TARGET_VIBE~3,Hürde~A_TARGET_VIBE~3,Absprung~A_TARGET_VIBE~4"
Luftmatratze,2,5,Sport & Freizeit,5,"Drehkreuz~A_TARGET_VIBE~2,Kabine~A_TARGET_VIBE~2,Konter~A_TARGET_VIBE~2,Anlauf~A_TARGET_VIBE~2,Anzeigetafel~A_TARGET_VIBE~2"
Luftpumpe,2,5,Sport & Freizeit,5,"Startsignal~A_TARGET_VIBE~2,Staffel~A_TARGET_VIBE~2,Einlass~A_TARGET_VIBE~2,Barren~A_TARGET_VIBE~2,Hantel~A_TARGET_VIBE~2"
Mannschaft,3,5,Sport & Freizeit,6,"Tribüne~A_TARGET_VIBE~2,Hierarchie~A_TARGET_VIBE~2,Einlass~A_TARGET_VIBE~3,Taktik~A_TARGET_VIBE~3,Ordner~A_TARGET_VIBE~2,Lautsprecher~A_TARGET_VIBE~3"
Mannschaftssport,4,5,Sport & Freizeit,6,"Fankurve~A_TARGET_VIBE~3,Ordner~A_TARGET_VIBE~4,Stehplatz~A_TARGET_VIBE~3,Applaus~A_TARGET_VIBE~3,Drehkreuz~A_TARGET_VIBE~3,Motivation~A_TARGET_VIBE~4"
Marathon,3,5,Sport & Freizeit,6,"Spiegel~A_TARGET_VIBE~2,Ordner~A_TARGET_VIBE~3,Körperspannung~A_TARGET_VIBE~2,Core~A_TARGET_VIBE~2,Trikot~A_TARGET_VIBE~3,Stehplatz~A_TARGET_VIBE~3"
Mast,2,5,Sport & Freizeit,5,"Weite~A_TARGET_VIBE~2,Ziellinie~A_TARGET_VIBE~2,Tartan~A_TARGET_VIBE~2,Anzeigetafel~A_TARGET_VIBE~2,Satz~A_TARGET_VIBE~2"
Medaille,2,5,Sport & Freizeit,5,"Wiederholung~A_TARGET_VIBE~2,Core~A_TARGET_VIBE~2,Satz~A_TARGET_VIBE~2,Kabine~A_TARGET_VIBE~2,Konter~A_TARGET_VIBE~2"
Meisterschaft,2,5|11,Sport & Freizeit|Wetter & Himmel,5,"Kälte~A_TARGET_VIBE~2,Handschuh~A_TARGET_VIBE~2,Helm~A_TARGET_VIBE~2,Kufe~A_TARGET_VIBE~2,Frost~A_TARGET_VIBE~2"
Mikado,2,5,Sport & Freizeit,5,"Punkte~A_TARGET_VIBE~2,Zittern~A_TARGET_VIBE~2,Fingerspitze~A_TARGET_VIBE~2,Haufen~A_TARGET_VIBE~2,Stäbchen~A_TARGET_VIBE~2"
Minigolf,2,5,Sport & Freizeit,5,"Loch~A_TARGET_VIBE~2,Abschlag~A_TARGET_VIBE~2,Bunker~A_TARGET_VIBE~2,Scorekarte~A_TARGET_VIBE~2,Tee~A_TARGET_VIBE~2"
Mitgliedschaft,3,5|9,Sport & Freizeit|Gesellschaft & Beruf,6,"Matte~A_TARGET_VIBE~2,Rasen~A_TARGET_VIBE~2,Wiederholung~A_TARGET_VIBE~3,Stehplatz~A_TARGET_VIBE~3,Sitzreihe~A_TARGET_VIBE~3,Tribüne~A_TARGET_VIBE~3"
Mitspieler,2,5,Sport & Freizeit,5,"Rundbahn~A_TARGET_VIBE~2,Rasen~A_TARGET_VIBE~2,Puls~A_TARGET_VIBE~2,Stehplatz~A_TARGET_VIBE~2,Startblock~A_TARGET_VIBE~2"
Mountainbike,2,5,Sport & Freizeit,5,"Matte~A_TARGET_VIBE~2,Tribüne~A_TARGET_VIBE~2,Puls~A_TARGET_VIBE~2,Pfosten~A_TARGET_VIBE~2,Anstoß~A_TARGET_VIBE~2"
Mückenspray,3,5,Sport & Freizeit,6,"Sitzreihe~A_TARGET_VIBE~3,Konter~A_TARGET_VIBE~2,Rundbahn~A_TARGET_VIBE~2,Fankurve~A_TARGET_VIBE~2,Zwischenzeit~A_TARGET_VIBE~2,Tartan~A_TARGET_VIBE~2"
Naturpark,2,5,Sport & Freizeit,5,"Pfosten~A_TARGET_VIBE~2,Tribüne~A_TARGET_VIBE~2,Barren~A_TARGET_VIBE~2,Applaus~A_TARGET_VIBE~2,Auswechslung~A_TARGET_VIBE~2"
Neoprenanzug,4,5|0,Sport & Freizeit|Alltag & Gegenstände,6,"Rasen~A_TARGET_VIBE~3,Pfosten~A_TARGET_VIBE~3,Barren~A_TARGET_VIBE~3,Mittelkreis~A_TARGET_VIBE~4,Lautsprecher~A_TARGET_VIBE~4,Hantel~A_TARGET_VIBE~3"
Netz,1,5,Sport & Freizeit,4,"Kabine~A_TARGET_VIBE~1,Fankurve~A_TARGET_VIBE~1,Matte~A_TARGET_VIBE~1,Spiegel~A_TARGET_VIBE~1"
Orientierungslauf,4,5,Sport & Freizeit,6,"Zwischenzeit~A_TARGET_VIBE~4,Hürde~A_TARGET_VIBE~3,Stoppuhr~A_TARGET_VIBE~4,Sandgrube~A_TARGET_VIBE~4,Startblock~A_TARGET_VIBE~3,Staffel~A_TARGET_VIBE~3"
Paddel,3,5|3|0,Sport & Freizeit|Orte & Reisen|Alltag & Gegenstände,6,"Schwimmweste~A_TARGET_VIBE~2,Steg~A_TARGET_VIBE~3,Welle~A_TARGET_VIBE~3,Strömung~A_TARGET_VIBE~2,Kurs~A_TARGET_VIBE~2,Mast~A_TARGET_VIBE~3"
Paddelboot,3,5|3|0,Sport & Freizeit|Orte & Reisen|Alltag & Gegenstände,6,"Strömung~A_TARGET_VIBE~3,Kurs~A_TARGET_VIBE~2,Schwimmweste~A_TARGET_VIBE~2,Welle~A_TARGET_VIBE~3,Steg~A_TARGET_VIBE~2,Hafen~A_TARGET_VIBE~2"
Park,1,5,Sport & Freizeit,4,"Tribüne~A_TARGET_VIBE~1,Lautsprecher~A_TARGET_VIBE~1,Hantel~A_TARGET_VIBE~1,Wurfkreis~A_TARGET_VIBE~1"
Parkour,3,5,Sport & Freizeit,6,"Körperspannung~A_TARGET_VIBE~3,Spiegel~A_TARGET_VIBE~3,Startblock~A_TARGET_VIBE~3,Einlass~A_TARGET_VIBE~3,Wurfkreis~A_TARGET_VIBE~3,Auswechslung~A_TARGET_VIBE~3"
Pass,2,5,Sport & Freizeit,5,"Schiedsrichter~A_TARGET_VIBE~2,Hantel~A_TARGET_VIBE~2,Barren~A_TARGET_VIBE~2,Ordner~A_TARGET_VIBE~2,Stoppuhr~A_TARGET_VIBE~2"
Pausenstand,3,5|12,Sport & Freizeit|Gefühle & Abstraktes,6,"Anstoß~A_TARGET_VIBE~2,Matte~A_TARGET_VIBE~3,Elfmeter~A_TARGET_VIBE~2,Tribüne~A_TARGET_VIBE~2,Auswechslung~A_TARGET_VIBE~3,Lautsprecher~A_TARGET_VIBE~2"
Pedal,2,5|3,Sport & Freizeit|Orte & Reisen,5,"Speiche~A_TARGET_VIBE~2,Schaltung~A_TARGET_VIBE~2,Sattel~A_TARGET_VIBE~2,Kette~A_TARGET_VIBE~2,Kassette~A_TARGET_VIBE~2"
Pfeife,1,5,Sport & Freizeit,4,"Ordner~A_TARGET_VIBE~1,Konter~A_TARGET_VIBE~1,Drehkreuz~A_TARGET_VIBE~1,Anzeigetafel~A_TARGET_VIBE~1"
Pflaster,1,5|0|7,Sport & Freizeit|Alltag & Gegenstände|Wissenschaft & Medizin,4,"Schürfwunde~A_TARGET_VIBE~1,Blase~A_TARGET_VIBE~1,Verstauchung~A_TARGET_VIBE~1,Desinfektion~A_TARGET_VIBE~1"
Picknick,1,5|3|1,Sport & Freizeit|Orte & Reisen|Essen & Trinken,4,"Marinade~A_TARGET_VIBE~1,Spannleine~A_TARGET_VIBE~1,Isomatte~A_TARGET_VIBE~1,Bratwurst~A_TARGET_VIBE~1"
Picknickdecke,3,5|3|1,Sport & Freizeit|Orte & Reisen|Essen & Trinken,6,"Lagerfeuer~A_TARGET_VIBE~2,Bratwurst~A_TARGET_VIBE~2,Holzkohle~A_TARGET_VIBE~3,Funke~A_TARGET_VIBE~3,Isomatte~A_TARGET_VIBE~2,Steak~A_TARGET_VIBE~2"
Picknickkorb,3,5|3|0|1,Sport & Freizeit|Orte & Reisen|Alltag & Gegenstände|Essen & Trinken,6,"Funke~A_TARGET_VIBE~3,Lagerfeuer~A_TARGET_VIBE~2,Alufolie~A_TARGET_VIBE~3,Glut~A_TARGET_VIBE~2,Bratwurst~A_TARGET_VIBE~3,Plane~A_TARGET_VIBE~2"
Pilates,3,5|12,Sport & Freizeit|Gefühle & Abstraktes,6,"Atmung~A_TARGET_VIBE~3,Spiegel~A_TARGET_VIBE~3,Studio~A_TARGET_VIBE~3,Puls~A_TARGET_VIBE~3,Matte~A_TARGET_VIBE~3,Reck~A_TARGET_VIBE~3"
Piste,2,5|11,Sport & Freizeit|Wetter & Himmel,5,"Kälte~A_TARGET_VIBE~2,Sturz~A_TARGET_VIBE~2,Rodel~A_TARGET_VIBE~2,Schlitten~A_TARGET_VIBE~2,Kante~A_TARGET_VIBE~2"
Pokal,2,5|9|12,Sport & Freizeit|Gesellschaft & Beruf|Gefühle & Abstraktes,5,"Siegerehrung~A_TARGET_VIBE~2,Finale~A_TARGET_VIBE~2,Vitrine~A_TARGET_VIBE~2,Medaille~A_TARGET_VIBE~2,Konfetti~A_TARGET_VIBE~2"
Proviant,3,5|3|1,Sport & Freizeit|Orte & Reisen|Essen & Trinken,6,"Steak~A_TARGET_VIBE~3,Glut~A_TARGET_VIBE~2,Marinade~A_TARGET_VIBE~3,Taschenmesser~A_TARGET_VIBE~2,Isomatte~A_TARGET_VIBE~2,Rauch~A_TARGET_VIBE~3"
Puck,3,5,Sport & Freizeit,6,"Ordner~A_TARGET_VIBE~2,Anstoß~A_TARGET_VIBE~2,Reck~A_TARGET_VIBE~2,Rundbahn~A_TARGET_VIBE~3,Trainer~A_TARGET_VIBE~2,Weite~A_TARGET_VIBE~2"
Punktesieg,3,5,Sport & Freizeit,6,"Staffel~A_TARGET_VIBE~3,Trainer~A_TARGET_VIBE~3,Körperspannung~A_TARGET_VIBE~3,Fanblock~A_TARGET_VIBE~3,Drehkreuz~A_TARGET_VIBE~3,Schiedsrichter~A_TARGET_VIBE~3"
Punktestand,3,5|9|12,Sport & Freizeit|Gesellschaft & Beruf|Gefühle & Abstraktes,6,"Setzliste~A_TARGET_VIBE~2,Pokal~A_TARGET_VIBE~2,KO~A_TARGET_VIBE~2,Anzeigetafel~A_TARGET_VIBE~2,Saison~A_TARGET_VIBE~3,Einlass~A_TARGET_VIBE~2"
Puzzle,2,5|0,Sport & Freizeit|Alltag & Gegenstände,5,"Motiv~A_TARGET_VIBE~2,Randstück~A_TARGET_VIBE~2,Schachtel~A_TARGET_VIBE~2,Sortieren~A_TARGET_VIBE~2,Teile~A_TARGET_VIBE~2"
Qualifikation,3,5|9|12,Sport & Freizeit|Gesellschaft & Beruf|Gefühle & Abstraktes,6,"Vorrunde~A_TARGET_VIBE~2,Einlass~A_TARGET_VIBE~3,Drehkreuz~A_TARGET_VIBE~2,Applaus~A_TARGET_VIBE~2,Banner~A_TARGET_VIBE~2,Saison~A_TARGET_VIBE~2"
Querlatte,3,5|12,Sport & Freizeit|Gefühle & Abstraktes,6,"Studio~A_TARGET_VIBE~2,Satz~A_TARGET_VIBE~3,Core~A_TARGET_VIBE~3,Spiegel~A_TARGET_VIBE~2,Wiederholung~A_TARGET_VIBE~2,Dehnung~A_TARGET_VIBE~3"
Radfahren,1,5|3,Sport & Freizeit|Orte & Reisen,4,"Sattel~A_TARGET_VIBE~1,Steigung~A_TARGET_VIBE~1,Schaltung~A_TARGET_VIBE~1,Reifen~A_TARGET_VIBE~1"
Radsport,3,5|3,Sport & Freizeit|Orte & Reisen,6,"Sattel~A_TARGET_VIBE~3,Schaltung~A_TARGET_VIBE~2,Reifen~A_TARGET_VIBE~3,Steigung~A_TARGET_VIBE~3,Pedal~A_TARGET_VIBE~3,Lenker~A_TARGET_VIBE~3"
Radtour,3,5|3,Sport & Freizeit|Orte & Reisen,6,"Schaltung~A_TARGET_VIBE~2,Pedal~A_TARGET_VIBE~3,Sattel~A_TARGET_VIBE~2,Reifen~A_TARGET_VIBE~3,Steigung~A_TARGET_VIBE~2,Felge~A_TARGET_VIBE~3"
Rangliste,3,5|9|12,Sport & Freizeit|Gesellschaft & Beruf|Gefühle & Abstraktes,6,"Drehkreuz~A_TARGET_VIBE~2,Finale~A_TARGET_VIBE~3,Turnier~A_TARGET_VIBE~2,Ordner~A_TARGET_VIBE~2,Saison~A_TARGET_VIBE~3,Tribüne~A_TARGET_VIBE~3"
Regenjacke,2,5,Sport & Freizeit,5,"Einlass~A_TARGET_VIBE~2,Pfosten~A_TARGET_VIBE~2,Hantel~A_TARGET_VIBE~2,Lautsprecher~A_TARGET_VIBE~2,Stehplatz~A_TARGET_VIBE~2"
Regenponcho,3,5,Sport & Freizeit,6,"Dehnung~A_TARGET_VIBE~3,Rundbahn~A_TARGET_VIBE~3,Atmung~A_TARGET_VIBE~2,Tartan~A_TARGET_VIBE~3,Schiedsrichter~A_TARGET_VIBE~2,Trainer~A_TARGET_VIBE~2"
Reifendruck,4,5|12,Sport & Freizeit|Gefühle & Abstraktes,6,"Lautsprecher~A_TARGET_VIBE~4,Einlass~A_TARGET_VIBE~3,Studio~A_TARGET_VIBE~4,Stoppuhr~A_TARGET_VIBE~3,Stehplatz~A_TARGET_VIBE~3,Staffel~A_TARGET_VIBE~3"
Reifenheber,3,5,Sport & Freizeit,6,"Sandgrube~A_TARGET_VIBE~3,Anzeigetafel~A_TARGET_VIBE~3,Fanblock~A_TARGET_VIBE~3,Kabine~A_TARGET_VIBE~2,Hürde~A_TARGET_VIBE~2,Rasen~A_TARGET_VIBE~3"
Reise,1,5|3|11,Sport & Freizeit|Orte & Reisen|Wetter & Himmel,4,"Kufe~A_TARGET_VIBE~1,Frost~A_TARGET_VIBE~1,Kälte~A_TARGET_VIBE~1,Handschuh~A_TARGET_VIBE~1"
Reiten,3,5,Sport & Freizeit,6,"Abseits~A_TARGET_VIBE~3,Wiederholung~A_TARGET_VIBE~3,Schiedsrichter~A_TARGET_VIBE~3,Fankurve~A_TARGET_VIBE~2,Weite~A_TARGET_VIBE~3,Core~A_TARGET_VIBE~3"
Rekord,2,5,Sport & Freizeit,5,"Kabine~A_TARGET_VIBE~2,Trainer~A_TARGET_VIBE~2,Drehkreuz~A_TARGET_VIBE~2,Nachspielzeit~A_TARGET_VIBE~2,Körperspannung~A_TARGET_VIBE~2"
Rennrad,2,5,Sport & Freizeit,5,"Reifen~A_TARGET_VIBE~2,Sattel~A_TARGET_VIBE~2,Steigung~A_TARGET_VIBE~2,Pedal~A_TARGET_VIBE~2,Schaltung~A_TARGET_VIBE~2"
Rennstrecke,3,5|12,Sport & Freizeit|Gefühle & Abstraktes,6,"Studio~A_TARGET_VIBE~3,Spiegel~A_TARGET_VIBE~3,Atmung~A_TARGET_VIBE~2,Wiederholung~A_TARGET_VIBE~2,Matte~A_TARGET_VIBE~2,Dehnung~A_TARGET_VIBE~2"
Reparaturset,4,5,Sport & Freizeit,6,"Konter~A_TARGET_VIBE~4,Fankurve~A_TARGET_VIBE~3,Nachspielzeit~A_TARGET_VIBE~4,Tribüne~A_TARGET_VIBE~3,Fanblock~A_TARGET_VIBE~3,Ziellinie~A_TARGET_VIBE~4"
Rettungsring,3,5|3|0,Sport & Freizeit|Orte & Reisen|Alltag & Gegenstände,6,"Schwimmbrille~A_TARGET_VIBE~2,Bademeister~A_TARGET_VIBE~3,Boje~A_TARGET_VIBE~2,Liegestuhl~A_TARGET_VIBE~2,Promenade~A_TARGET_VIBE~2,Sprungturm~A_TARGET_VIBE~2"
Rettungsschwimmer,4,5|3,Sport & Freizeit|Orte & Reisen,6,"Mittelkreis~A_TARGET_VIBE~4,Spiegel~A_TARGET_VIBE~3,Rasen~A_TARGET_VIBE~4,Rundbahn~A_TARGET_VIBE~4,Satz~A_TARGET_VIBE~3,Lautsprecher~A_TARGET_VIBE~3"
Rettungsweste,3,5,Sport & Freizeit,6,"Anlauf~A_TARGET_VIBE~3,Startblock~A_TARGET_VIBE~3,Ordner~A_TARGET_VIBE~3,Matte~A_TARGET_VIBE~2,Trainer~A_TARGET_VIBE~2,Stoppuhr~A_TARGET_VIBE~2"
Ringen,4,5|0,Sport & Freizeit|Alltag & Gegenstände,6,"Applaus~A_TARGET_VIBE~3,Staffel~A_TARGET_VIBE~3,Core~A_TARGET_VIBE~4,Trainer~A_TARGET_VIBE~3,Spiegel~A_TARGET_VIBE~4,Banner~A_TARGET_VIBE~3"
Rodelbahn,3,5|11,Sport & Freizeit|Wetter & Himmel,6,"Hürde~A_TARGET_VIBE~3,Anlauf~A_TARGET_VIBE~3,Weite~A_TARGET_VIBE~3,Sandgrube~A_TARGET_VIBE~3,Startsignal~A_TARGET_VIBE~3,Absprung~A_TARGET_VIBE~3"
Rodeln,3,5|11,Sport & Freizeit|Wetter & Himmel,6,"Lift~A_TARGET_VIBE~2,Frost~A_TARGET_VIBE~3,Pulverschnee~A_TARGET_VIBE~2,Piste~A_TARGET_VIBE~2,Sturz~A_TARGET_VIBE~2,Rodel~A_TARGET_VIBE~3"
Rollschuh,3,5,Sport & Freizeit,6,"Konter~A_TARGET_VIBE~3,Mauer~A_TARGET_VIBE~2,Sandgrube~A_TARGET_VIBE~3,Fanblock~A_TARGET_VIBE~2,Spiegel~A_TARGET_VIBE~3,Dehnung~A_TARGET_VIBE~2"
Rotkarte,3,5,Sport & Freizeit,6,"Stempel~A_TARGET_VIBE~3,Kasse~A_TARGET_VIBE~2,Barcode~A_TARGET_VIBE~3,Scan~A_TARGET_VIBE~2,Kontrolle~A_TARGET_VIBE~2,Startblock~A_TARGET_VIBE~2"
Rucksack,2,5,Sport & Freizeit,5,"Puls~A_TARGET_VIBE~2,Anstoß~A_TARGET_VIBE~2,Rasen~A_TARGET_VIBE~2,Mittelkreis~A_TARGET_VIBE~2,Konter~A_TARGET_VIBE~2"
Ruderblatt,4,5,Sport & Freizeit,6,"Ziellinie~A_TARGET_VIBE~4,Anlauf~A_TARGET_VIBE~4,Pfosten~A_TARGET_VIBE~3,Trikot~A_TARGET_VIBE~4,Wiederholung~A_TARGET_VIBE~3,Anstoß~A_TARGET_VIBE~4"
Ruderboot,3,5|3,Sport & Freizeit|Orte & Reisen,6,"Bugwelle~A_TARGET_VIBE~3,Anker~A_TARGET_VIBE~2,Leine~A_TARGET_VIBE~2,Paddel~A_TARGET_VIBE~2,Steg~A_TARGET_VIBE~3,Bootshaus~A_TARGET_VIBE~2"
Rudern,3,5|3,Sport & Freizeit|Orte & Reisen,6,"Bootshaus~A_TARGET_VIBE~3,Kurs~A_TARGET_VIBE~3,Welle~A_TARGET_VIBE~2,Kiel~A_TARGET_VIBE~2,Leine~A_TARGET_VIBE~2,Anker~A_TARGET_VIBE~2"
Rugby,3,5,Sport & Freizeit,6,"Zwischenzeit~A_TARGET_VIBE~2,Wurfkreis~A_TARGET_VIBE~2,Atmung~A_TARGET_VIBE~3,Kabine~A_TARGET_VIBE~3,Dehnung~A_TARGET_VIBE~3,Studio~A_TARGET_VIBE~3"
Rutschbahn,3,5,Sport & Freizeit,6,"Stoppuhr~A_TARGET_VIBE~2,Sandgrube~A_TARGET_VIBE~3,Weite~A_TARGET_VIBE~2,Startsignal~A_TARGET_VIBE~2,Wurfkreis~A_TARGET_VIBE~2,Absprung~A_TARGET_VIBE~3"
Rutsche,1,5,Sport & Freizeit,4,"Staffel~A_TARGET_VIBE~1,Hürde~A_TARGET_VIBE~1,Spiegel~A_TARGET_VIBE~1,Pfosten~A_TARGET_VIBE~1"
Rätsel,1,5,Sport & Freizeit,4,"Trikot~A_TARGET_VIBE~1,Puls~A_TARGET_VIBE~1,Studio~A_TARGET_VIBE~1,Mittelkreis~A_TARGET_VIBE~1"
Rückhand,4,5,Sport & Freizeit,6,"Netz~A_TARGET_VIBE~3,Linie~A_TARGET_VIBE~3,Aufschlag~A_TARGET_VIBE~4,Sandplatz~A_TARGET_VIBE~3,Grundlinie~A_TARGET_VIBE~3,Ballwechsel~A_TARGET_VIBE~3"
Rückrunde,3,5,Sport & Freizeit,6,"Matte~A_TARGET_VIBE~3,Freistoß~A_TARGET_VIBE~3,Konter~A_TARGET_VIBE~2,Atmung~A_TARGET_VIBE~2,Anlauf~A_TARGET_VIBE~3,Core~A_TARGET_VIBE~3"
Rückspiel,3,5|9,Sport & Freizeit|Gesellschaft & Beruf,6,"Auswechslung~A_TARGET_VIBE~3,Konter~A_TARGET_VIBE~2,Tribüne~A_TARGET_VIBE~3,Rangliste~A_TARGET_VIBE~3,Kabine~A_TARGET_VIBE~2,Pfosten~A_TARGET_VIBE~2"
Saison,2,5|9,Sport & Freizeit|Gesellschaft & Beruf,5,"Ordner~A_TARGET_VIBE~2,Qualifikation~A_TARGET_VIBE~2,Vorrunde~A_TARGET_VIBE~2,Stehplatz~A_TARGET_VIBE~2,Setzliste~A_TARGET_VIBE~2"
Sandburg,2,5,Sport & Freizeit,5,"Ticket~A_TARGET_VIBE~2,Pfosten~A_TARGET_VIBE~2,Einlass~A_TARGET_VIBE~2,Stoppuhr~A_TARGET_VIBE~2,Zwischenzeit~A_TARGET_VIBE~2"
Sandkasten,1,5,Sport & Freizeit,4,"Einlass~A_TARGET_VIBE~1,Lautsprecher~A_TARGET_VIBE~1,Rasen~A_TARGET_VIBE~1,Anstoß~A_TARGET_VIBE~1"
Sattel,2,5|3,Sport & Freizeit|Orte & Reisen,5,"Felge~A_TARGET_VIBE~2,Schlauch~A_TARGET_VIBE~2,Kassette~A_TARGET_VIBE~2,Speiche~A_TARGET_VIBE~2,Kette~A_TARGET_VIBE~2"
Sauna,3,5,Sport & Freizeit,6,"Mittelkreis~A_TARGET_VIBE~2,Reck~A_TARGET_VIBE~3,Ziellinie~A_TARGET_VIBE~3,Kabine~A_TARGET_VIBE~3,Rundbahn~A_TARGET_VIBE~3,Pfosten~A_TARGET_VIBE~2"
Schach,2,5,Sport & Freizeit,5,"Staffel~A_TARGET_VIBE~2,Ziellinie~A_TARGET_VIBE~2,Abseits~A_TARGET_VIBE~2,Fanblock~A_TARGET_VIBE~2,Mauer~A_TARGET_VIBE~2"
Schaltung,3,5,Sport & Freizeit,6,"Kassette~A_TARGET_VIBE~2,Schlauch~A_TARGET_VIBE~3,Reifen~A_TARGET_VIBE~3,Steigung~A_TARGET_VIBE~2,Trikot~A_TARGET_VIBE~2,Sattel~A_TARGET_VIBE~3"
Schaukel,1,5,Sport & Freizeit,4,"Atmung~A_TARGET_VIBE~1,Rundbahn~A_TARGET_VIBE~1,Startsignal~A_TARGET_VIBE~1,Staffel~A_TARGET_VIBE~1"
Schiedsgericht,4,5,Sport & Freizeit,6,"Sitzreihe~A_TARGET_VIBE~3,Spiegel~A_TARGET_VIBE~4,Konter~A_TARGET_VIBE~3,Stoppuhr~A_TARGET_VIBE~3,Staffel~A_TARGET_VIBE~4,Ordner~A_TARGET_VIBE~3"
Schiedsrichter,3,5,Sport & Freizeit,6,"Applaus~A_TARGET_VIBE~3,Tartan~A_TARGET_VIBE~2,Hürde~A_TARGET_VIBE~3,Barren~A_TARGET_VIBE~2,Staffel~A_TARGET_VIBE~2,Konter~A_TARGET_VIBE~2"
Schienbeinschoner,4,5|0,Sport & Freizeit|Alltag & Gegenstände,6,"Satz~A_TARGET_VIBE~3,Druck~A_TARGET_VIBE~4,Bewegung~A_TARGET_VIBE~4,Wiederholung~A_TARGET_VIBE~3,Schutz~A_TARGET_VIBE~4,Körperspannung~A_TARGET_VIBE~4"
Schlafsack,2,5|3,Sport & Freizeit|Orte & Reisen,5,"Steak~A_TARGET_VIBE~2,Zange~A_TARGET_VIBE~2,Rost~A_TARGET_VIBE~2,Glut~A_TARGET_VIBE~2,Bratwurst~A_TARGET_VIBE~2"
Schlauch,2,5,Sport & Freizeit,5,"Studio~A_TARGET_VIBE~2,Trikot~A_TARGET_VIBE~2,Ziellinie~A_TARGET_VIBE~2,Ticket~A_TARGET_VIBE~2,Rundbahn~A_TARGET_VIBE~2"
Schlauchboot,3,5|3,Sport & Freizeit|Orte & Reisen,6,"Steg~A_TARGET_VIBE~2,Bootshaus~A_TARGET_VIBE~3,Schwimmweste~A_TARGET_VIBE~2,Leine~A_TARGET_VIBE~3,Hafen~A_TARGET_VIBE~2,Segel~A_TARGET_VIBE~3"
Schlitten,2,5|11,Sport & Freizeit|Wetter & Himmel,5,"Kälte~A_TARGET_VIBE~2,Helm~A_TARGET_VIBE~2,Kufe~A_TARGET_VIBE~2,Frost~A_TARGET_VIBE~2,Handschuh~A_TARGET_VIBE~2"
Schlittschuh,3,5|11,Sport & Freizeit|Wetter & Himmel,6,"Kufe~A_TARGET_VIBE~3,Lift~A_TARGET_VIBE~2,Eis~A_TARGET_VIBE~3,Helm~A_TARGET_VIBE~3,Frost~A_TARGET_VIBE~3,Handschuh~A_TARGET_VIBE~3"
Schlittschuhlaufen,3,5|11,Sport & Freizeit|Wetter & Himmel,6,"Pulverschnee~A_TARGET_VIBE~2,Rodel~A_TARGET_VIBE~3,Handschuh~A_TARGET_VIBE~3,Frost~A_TARGET_VIBE~2,Eis~A_TARGET_VIBE~2,Kälte~A_TARGET_VIBE~2"
Schlusspfiff,3,5|9,Sport & Freizeit|Gesellschaft & Beruf,6,"Stehplatz~A_TARGET_VIBE~2,KO~A_TARGET_VIBE~3,Einlass~A_TARGET_VIBE~3,Pokal~A_TARGET_VIBE~2,Auslosung~A_TARGET_VIBE~2,Banner~A_TARGET_VIBE~3"
Schläger,2,5|0,Sport & Freizeit|Alltag & Gegenstände,5,"Griffband~A_TARGET_VIBE~2,Ballwechsel~A_TARGET_VIBE~2,Linie~A_TARGET_VIBE~2,Netz~A_TARGET_VIBE~2,Satz~A_TARGET_VIBE~2"
Schmetterball,4,5,Sport & Freizeit,6,"Rotation~A_TARGET_VIBE~4,Rasen~A_TARGET_VIBE~4,Netz~A_TARGET_VIBE~3,Aufschlag~A_TARGET_VIBE~4,Block~A_TARGET_VIBE~3,Dreier~A_TARGET_VIBE~4"
Schneeball,1,5|11,Sport & Freizeit|Wetter & Himmel,4,"Handschuh~A_TARGET_VIBE~1,Kälte~A_TARGET_VIBE~1,Frost~A_TARGET_VIBE~1,Helm~A_TARGET_VIBE~1"
Schneemann,1,5|11,Sport & Freizeit|Wetter & Himmel,4,"Kufe~A_TARGET_VIBE~1,Helm~A_TARGET_VIBE~1,Handschuh~A_TARGET_VIBE~1,Kälte~A_TARGET_VIBE~1"
Schneeschuh,4,5|11,Sport & Freizeit|Wetter & Himmel,6,"Kufe~A_TARGET_VIBE~4,Frost~A_TARGET_VIBE~3,Handschuh~A_TARGET_VIBE~4,Kälte~A_TARGET_VIBE~4,Helm~A_TARGET_VIBE~4,Rodel~A_TARGET_VIBE~4"
Schnorchel,3,5|3,Sport & Freizeit|Orte & Reisen,6,"Bahnen~A_TARGET_VIBE~2,Schwimmring~A_TARGET_VIBE~2,Chlor~A_TARGET_VIBE~2,Salzwasser~A_TARGET_VIBE~3,Sonnencreme~A_TARGET_VIBE~3,Sonnenhut~A_TARGET_VIBE~2"
Schnorcheln,3,5|3,Sport & Freizeit|Orte & Reisen,6,"Fliesen~A_TARGET_VIBE~3,Sonnencreme~A_TARGET_VIBE~3,Beckenrand~A_TARGET_VIBE~3,Liegestuhl~A_TARGET_VIBE~3,Strandkorb~A_TARGET_VIBE~2,Startblock~A_TARGET_VIBE~2"
Schuss,2,5,Sport & Freizeit,5,"Schiedsrichter~A_TARGET_VIBE~2,Anzeigetafel~A_TARGET_VIBE~2,Core~A_TARGET_VIBE~2,Konter~A_TARGET_VIBE~2,Wiederholung~A_TARGET_VIBE~2"
Schutzplane,3,5,Sport & Freizeit,6,"Tartan~A_TARGET_VIBE~2,Trainer~A_TARGET_VIBE~3,Ziellinie~A_TARGET_VIBE~3,Zwischenzeit~A_TARGET_VIBE~2,Puls~A_TARGET_VIBE~3,Anlauf~A_TARGET_VIBE~2"
Schweißband,3,5|0|7,Sport & Freizeit|Alltag & Gegenstände|Wissenschaft & Medizin,6,"Tapen~A_TARGET_VIBE~2,Blase~A_TARGET_VIBE~3,Wundrand~A_TARGET_VIBE~2,Schwellung~A_TARGET_VIBE~2,Schürfwunde~A_TARGET_VIBE~3,Verstauchung~A_TARGET_VIBE~3"
Schwimmbad,3,5|3,Sport & Freizeit|Orte & Reisen,6,"Umkleide~A_TARGET_VIBE~2,Chlor~A_TARGET_VIBE~3,Beckenrand~A_TARGET_VIBE~3,Handtuch~A_TARGET_VIBE~2,Sprungturm~A_TARGET_VIBE~3,Brandung~A_TARGET_VIBE~2"
Schwimmbecken,3,5|3,Sport & Freizeit|Orte & Reisen,6,"Chlor~A_TARGET_VIBE~2,Beckenrand~A_TARGET_VIBE~2,Handtuch~A_TARGET_VIBE~2,Umkleide~A_TARGET_VIBE~3,Sprungturm~A_TARGET_VIBE~2,Sonnenhut~A_TARGET_VIBE~3"
Schwimmbrille,3,5|3,Sport & Freizeit|Orte & Reisen,6,"Beckenrand~A_TARGET_VIBE~2,Chlor~A_TARGET_VIBE~2,Sprungturm~A_TARGET_VIBE~3,Umkleide~A_TARGET_VIBE~2,Handtuch~A_TARGET_VIBE~3,Düne~A_TARGET_VIBE~3"
Schwimmen,1,5|3,Sport & Freizeit|Orte & Reisen,4,"Handtuch~A_TARGET_VIBE~1,Chlor~A_TARGET_VIBE~1,Umkleide~A_TARGET_VIBE~1,Sprungturm~A_TARGET_VIBE~1"
Schwimmflosse,3,5|3,Sport & Freizeit|Orte & Reisen,6,"Chlor~A_TARGET_VIBE~2,Beckenrand~A_TARGET_VIBE~3,Sprungturm~A_TARGET_VIBE~3,Umkleide~A_TARGET_VIBE~3,Handtuch~A_TARGET_VIBE~3,Bademeister~A_TARGET_VIBE~3"
Schwimmflügel,2,5|3,Sport & Freizeit|Orte & Reisen,5,"Chlor~A_TARGET_VIBE~2,Umkleide~A_TARGET_VIBE~2,Sprungturm~A_TARGET_VIBE~2,Beckenrand~A_TARGET_VIBE~2,Handtuch~A_TARGET_VIBE~2"
Schwimmhalle,3,5|3,Sport & Freizeit|Orte & Reisen,6,"Chlor~A_TARGET_VIBE~2,Beckenrand~A_TARGET_VIBE~2,Sprungturm~A_TARGET_VIBE~2,Handtuch~A_TARGET_VIBE~2,Umkleide~A_TARGET_VIBE~3,Boje~A_TARGET_VIBE~3"
Schwimmkurs,2,5|3,Sport & Freizeit|Orte & Reisen,5,"Chlor~A_TARGET_VIBE~2,Umkleide~A_TARGET_VIBE~2,Sprungturm~A_TARGET_VIBE~2,Handtuch~A_TARGET_VIBE~2,Beckenrand~A_TARGET_VIBE~2"
Schwimmnudel,3,5|3,Sport & Freizeit|Orte & Reisen,6,"Umkleide~A_TARGET_VIBE~3,Chlor~A_TARGET_VIBE~2,Beckenrand~A_TARGET_VIBE~2,Sprungturm~A_TARGET_VIBE~2,Handtuch~A_TARGET_VIBE~2,Liegestuhl~A_TARGET_VIBE~2"
Schwimmring,3,5|3|0,Sport & Freizeit|Orte & Reisen|Alltag & Gegenstände,6,"Beckenrand~A_TARGET_VIBE~2,Umkleide~A_TARGET_VIBE~3,Chlor~A_TARGET_VIBE~2,Handtuch~A_TARGET_VIBE~3,Sprungturm~A_TARGET_VIBE~3,Sonnenhut~A_TARGET_VIBE~2"
Segel,3,5|3,Sport & Freizeit|Orte & Reisen,6,"Drehkreuz~A_TARGET_VIBE~2,Startblock~A_TARGET_VIBE~2,Fanblock~A_TARGET_VIBE~2,Applaus~A_TARGET_VIBE~3,Kabine~A_TARGET_VIBE~3,Elfmeter~A_TARGET_VIBE~3"
Segelboot,3,5|3,Sport & Freizeit|Orte & Reisen,6,"Welle~A_TARGET_VIBE~3,Anker~A_TARGET_VIBE~3,Segel~A_TARGET_VIBE~2,Steg~A_TARGET_VIBE~3,Paddel~A_TARGET_VIBE~2,Kurs~A_TARGET_VIBE~3"
Segeln,3,5|3,Sport & Freizeit|Orte & Reisen,6,"Anker~A_TARGET_VIBE~2,Steg~A_TARGET_VIBE~3,Paddel~A_TARGET_VIBE~2,Kurs~A_TARGET_VIBE~2,Segel~A_TARGET_VIBE~2,Hafen~A_TARGET_VIBE~2"
Segelregatta,3,5|3,Sport & Freizeit|Orte & Reisen,6,"Core~A_TARGET_VIBE~3,Ordner~A_TARGET_VIBE~3,Anzeigetafel~A_TARGET_VIBE~2,Abseits~A_TARGET_VIBE~2,Mittelkreis~A_TARGET_VIBE~3,Ticket~A_TARGET_VIBE~3"
Seil,1,5|0,Sport & Freizeit|Alltag & Gegenstände,4,"Toprope~A_TARGET_VIBE~1,Expressschlinge~A_TARGET_VIBE~1,Taschenmesser~A_TARGET_VIBE~1,Griff~A_TARGET_VIBE~1"
Seilbahn,2,5|0,Sport & Freizeit|Alltag & Gegenstände,5,"Proviant~A_TARGET_VIBE~2,Stirnlampe~A_TARGET_VIBE~2,Rucksack~A_TARGET_VIBE~2,Klettergurt~A_TARGET_VIBE~2,Isomatte~A_TARGET_VIBE~2"
Seilschaft,4,5|0,Sport & Freizeit|Alltag & Gegenstände,6,"Kühlbox~A_TARGET_VIBE~4,Knoten~A_TARGET_VIBE~4,Sicherung~A_TARGET_VIBE~4,Seil~A_TARGET_VIBE~3,Gaskocher~A_TARGET_VIBE~3,Vorstieg~A_TARGET_VIBE~3"
Sessellift,3,5,Sport & Freizeit,6,"Körperspannung~A_TARGET_VIBE~2,Ticket~A_TARGET_VIBE~3,Banner~A_TARGET_VIBE~2,Rundbahn~A_TARGET_VIBE~3,Mauer~A_TARGET_VIBE~2,Konter~A_TARGET_VIBE~2"
Sicherungsgerät,4,5|3,Sport & Freizeit|Orte & Reisen,6,"Griff~A_TARGET_VIBE~3,Klettergurt~A_TARGET_VIBE~3,Abseilen~A_TARGET_VIBE~4,Karabiner~A_TARGET_VIBE~3,Seil~A_TARGET_VIBE~4,Sicherung~A_TARGET_VIBE~4"
Siebenkampf,4,5,Sport & Freizeit,6,"Mauer~A_TARGET_VIBE~4,Konter~A_TARGET_VIBE~3,Banner~A_TARGET_VIBE~4,Tribüne~A_TARGET_VIBE~4,Abseits~A_TARGET_VIBE~3,Startblock~A_TARGET_VIBE~4"
Siegerehrung,3,5,Sport & Freizeit,6,"Zwischenzeit~A_TARGET_VIBE~3,Lautsprecher~A_TARGET_VIBE~2,Puls~A_TARGET_VIBE~3,Satz~A_TARGET_VIBE~3,Tribüne~A_TARGET_VIBE~3,Ordner~A_TARGET_VIBE~3"
Sitzkissen,2,5,Sport & Freizeit,5,"Auswechslung~A_TARGET_VIBE~2,Wiederholung~A_TARGET_VIBE~2,Tribüne~A_TARGET_VIBE~2,Konter~A_TARGET_VIBE~2,Kabine~A_TARGET_VIBE~2"
Skateboard,3,5,Sport & Freizeit,6,"Core~A_TARGET_VIBE~2,Puls~A_TARGET_VIBE~2,Startblock~A_TARGET_VIBE~3,Einlass~A_TARGET_VIBE~2,Trainer~A_TARGET_VIBE~3,Ordner~A_TARGET_VIBE~2"
Skibrille,3,5|11,Sport & Freizeit|Wetter & Himmel,6,"Kufe~A_TARGET_VIBE~2,Frost~A_TARGET_VIBE~3,Kälte~A_TARGET_VIBE~2,Helm~A_TARGET_VIBE~2,Handschuh~A_TARGET_VIBE~2,Eis~A_TARGET_VIBE~2"
Skifahren,3,5|11,Sport & Freizeit|Wetter & Himmel,6,"Handschuh~A_TARGET_VIBE~2,Kälte~A_TARGET_VIBE~3,Kufe~A_TARGET_VIBE~3,Frost~A_TARGET_VIBE~3,Helm~A_TARGET_VIBE~2,Piste~A_TARGET_VIBE~2"
Skihütte,2,5|3|2,Sport & Freizeit|Orte & Reisen|Natur & Tiere,5,"Kälte~A_TARGET_VIBE~2,Handschuh~A_TARGET_VIBE~2,Helm~A_TARGET_VIBE~2,Kufe~A_TARGET_VIBE~2,Frost~A_TARGET_VIBE~2"
Skischuh,3,5|11,Sport & Freizeit|Wetter & Himmel,6,"Frost~A_TARGET_VIBE~2,Handschuh~A_TARGET_VIBE~3,Helm~A_TARGET_VIBE~3,Kufe~A_TARGET_VIBE~3,Kälte~A_TARGET_VIBE~3,Pulverschnee~A_TARGET_VIBE~2"
Skispringen,4,5|0|11,Sport & Freizeit|Alltag & Gegenstände|Wetter & Himmel,6,"Frost~A_TARGET_VIBE~4,Kälte~A_TARGET_VIBE~3,Kufe~A_TARGET_VIBE~4,Helm~A_TARGET_VIBE~4,Handschuh~A_TARGET_VIBE~3,Sturz~A_TARGET_VIBE~3"
Skistock,3,5|11,Sport & Freizeit|Wetter & Himmel,6,"Kälte~A_TARGET_VIBE~2,Frost~A_TARGET_VIBE~2,Kufe~A_TARGET_VIBE~2,Helm~A_TARGET_VIBE~3,Handschuh~A_TARGET_VIBE~3,Eis~A_TARGET_VIBE~2"
Slackline,3,5,Sport & Freizeit,6,"Körperspannung~A_TARGET_VIBE~2,Abseits~A_TARGET_VIBE~2,Konter~A_TARGET_VIBE~3,Hantel~A_TARGET_VIBE~2,Zwischenzeit~A_TARGET_VIBE~3,Schiedsrichter~A_TARGET_VIBE~3"
Slalom,3,5,Sport & Freizeit,6,"Auswechslung~A_TARGET_VIBE~2,Trikot~A_TARGET_VIBE~3,Kabine~A_TARGET_VIBE~2,Atmung~A_TARGET_VIBE~2,Drehkreuz~A_TARGET_VIBE~2,Sandgrube~A_TARGET_VIBE~2"
Snowboard,3,5|11,Sport & Freizeit|Wetter & Himmel,6,"Lift~A_TARGET_VIBE~2,Sturz~A_TARGET_VIBE~3,Hang~A_TARGET_VIBE~3,Frost~A_TARGET_VIBE~2,Schlitten~A_TARGET_VIBE~2,Kälte~A_TARGET_VIBE~3"
Softball,4,5,Sport & Freizeit,6,"Konter~A_TARGET_VIBE~3,Netz~A_TARGET_VIBE~3,Mauer~A_TARGET_VIBE~3,Anstoß~A_TARGET_VIBE~4,Rebound~A_TARGET_VIBE~4,Abseits~A_TARGET_VIBE~4"
Sonnenbrille,1,5,Sport & Freizeit,4,"Freistoß~A_TARGET_VIBE~1,Studio~A_TARGET_VIBE~1,Stoppuhr~A_TARGET_VIBE~1,Ordner~A_TARGET_VIBE~1"
Sonnencreme,1,5,Sport & Freizeit,4,"Schiedsrichter~A_TARGET_VIBE~1,Dehnung~A_TARGET_VIBE~1,Reck~A_TARGET_VIBE~1,Drehkreuz~A_TARGET_VIBE~1"
Sonnenhut,2,5,Sport & Freizeit,5,"Körperspannung~A_TARGET_VIBE~2,Hürde~A_TARGET_VIBE~2,Nachspielzeit~A_TARGET_VIBE~2,Absprung~A_TARGET_VIBE~2,Anlauf~A_TARGET_VIBE~2"
Sonnenschirm,2,5,Sport & Freizeit,5,"Auswechslung~A_TARGET_VIBE~2,Ticket~A_TARGET_VIBE~2,Banner~A_TARGET_VIBE~2,Fankurve~A_TARGET_VIBE~2,Elfmeter~A_TARGET_VIBE~2"
Spaziergang,1,5,Sport & Freizeit,4,"Freistoß~A_TARGET_VIBE~1,Fanblock~A_TARGET_VIBE~1,Startsignal~A_TARGET_VIBE~1,Kabine~A_TARGET_VIBE~1"
Speerwurf,4,5,Sport & Freizeit,6,"Startblock~A_TARGET_VIBE~4,Rundbahn~A_TARGET_VIBE~4,Absprung~A_TARGET_VIBE~4,Stoppuhr~A_TARGET_VIBE~3,Ziellinie~A_TARGET_VIBE~3,Staffel~A_TARGET_VIBE~3"
Speiche,4,5|3,Sport & Freizeit|Orte & Reisen,6,"Sattel~A_TARGET_VIBE~4,Steigung~A_TARGET_VIBE~4,Pedal~A_TARGET_VIBE~3,Reifen~A_TARGET_VIBE~3,Schaltung~A_TARGET_VIBE~3,Bremse~A_TARGET_VIBE~4"
Sperre,3,5|9|12,Sport & Freizeit|Gesellschaft & Beruf|Gefühle & Abstraktes,6,"Pfosten~A_TARGET_VIBE~3,Setzliste~A_TARGET_VIBE~3,Vorrunde~A_TARGET_VIBE~3,Rasen~A_TARGET_VIBE~3,Kabine~A_TARGET_VIBE~3,Saison~A_TARGET_VIBE~2"
Spiel,1,5,Sport & Freizeit,4,"Sandgrube~A_TARGET_VIBE~1,Freistoß~A_TARGET_VIBE~1,Drehkreuz~A_TARGET_VIBE~1,Trikot~A_TARGET_VIBE~1"
Spieler,2,5,Sport & Freizeit,5,"Banner~A_TARGET_VIBE~2,Barren~A_TARGET_VIBE~2,Freistoß~A_TARGET_VIBE~2,Abseits~A_TARGET_VIBE~2,Startblock~A_TARGET_VIBE~2"
Spielfeld,3,5,Sport & Freizeit,6,"Trikot~A_TARGET_VIBE~2,Einlass~A_TARGET_VIBE~3,Weite~A_TARGET_VIBE~3,Anstoß~A_TARGET_VIBE~3,Ticket~A_TARGET_VIBE~3,Wurfkreis~A_TARGET_VIBE~3"
Spielkarte,2,5,Sport & Freizeit,5,"Scan~A_TARGET_VIBE~2,Stempel~A_TARGET_VIBE~2,Kontrolle~A_TARGET_VIBE~2,Kasse~A_TARGET_VIBE~2,Barcode~A_TARGET_VIBE~2"
Spielminute,3,5|9|12,Sport & Freizeit|Gesellschaft & Beruf|Gefühle & Abstraktes,6,"Rasen~A_TARGET_VIBE~3,Abseits~A_TARGET_VIBE~2,Mauer~A_TARGET_VIBE~2,Nachspielzeit~A_TARGET_VIBE~3,Qualifikation~A_TARGET_VIBE~2,Freistoß~A_TARGET_VIBE~2"
Spielpause,2,5|9|12,Sport & Freizeit|Gesellschaft & Beruf|Gefühle & Abstraktes,5,"Abseits~A_TARGET_VIBE~2,Kabine~A_TARGET_VIBE~2,Anstoß~A_TARGET_VIBE~2,Rasen~A_TARGET_VIBE~2,Trikot~A_TARGET_VIBE~2"
Spielplatz,1,5,Sport & Freizeit,4,"Zwischenzeit~A_TARGET_VIBE~1,Sitzreihe~A_TARGET_VIBE~1,Atmung~A_TARGET_VIBE~1,Pfosten~A_TARGET_VIBE~1"
Spielstand,3,5|9|12,Sport & Freizeit|Gesellschaft & Beruf|Gefühle & Abstraktes,6,"Saison~A_TARGET_VIBE~3,Nachspielzeit~A_TARGET_VIBE~3,Abseits~A_TARGET_VIBE~3,Punktestand~A_TARGET_VIBE~3,KO~A_TARGET_VIBE~2,Auswechslung~A_TARGET_VIBE~2"
Spielstein,3,5,Sport & Freizeit,6,"Karte~A_TARGET_VIBE~3,Regel~A_TARGET_VIBE~3,Notiz~A_TARGET_VIBE~2,Strategie~A_TARGET_VIBE~3,Runde~A_TARGET_VIBE~2,Stapel~A_TARGET_VIBE~3"
Spielzug,3,5,Sport & Freizeit,6,"Schiedsrichter~A_TARGET_VIBE~2,Drehkreuz~A_TARGET_VIBE~2,Einlass~A_TARGET_VIBE~3,Startblock~A_TARGET_VIBE~3,Sandgrube~A_TARGET_VIBE~2,Sitzreihe~A_TARGET_VIBE~2"
Sponsoring,4,5|0,Sport & Freizeit|Alltag & Gegenstände,6,"Anzeigetafel~A_TARGET_VIBE~4,Core~A_TARGET_VIBE~4,Tartan~A_TARGET_VIBE~3,Trikot~A_TARGET_VIBE~3,Rasen~A_TARGET_VIBE~4,Absprung~A_TARGET_VIBE~3"
Sport,1,5,Sport & Freizeit,4,"Freistoß~A_TARGET_VIBE~1,Sandgrube~A_TARGET_VIBE~1,Reck~A_TARGET_VIBE~1,Körperspannung~A_TARGET_VIBE~1"
Sportarena,2,5|9,Sport & Freizeit|Gesellschaft & Beruf,5,"Lautsprecher~A_TARGET_VIBE~2,Fankurve~A_TARGET_VIBE~2,Einlass~A_TARGET_VIBE~2,Stehplatz~A_TARGET_VIBE~2,Drehkreuz~A_TARGET_VIBE~2"
Sportfest,2,5,Sport & Freizeit,5,"Matte~A_TARGET_VIBE~2,Tartan~A_TARGET_VIBE~2,Dehnung~A_TARGET_VIBE~2,Schiedsrichter~A_TARGET_VIBE~2,Pfosten~A_TARGET_VIBE~2"
Sportgerät,3,5,Sport & Freizeit,6,"Reck~A_TARGET_VIBE~2,Sitzreihe~A_TARGET_VIBE~2,Zwischenzeit~A_TARGET_VIBE~2,Ziellinie~A_TARGET_VIBE~2,Ordner~A_TARGET_VIBE~3,Rasen~A_TARGET_VIBE~2"
Sporthalle,2,5|9,Sport & Freizeit|Gesellschaft & Beruf,5,"Banner~A_TARGET_VIBE~2,Stehplatz~A_TARGET_VIBE~2,Drehkreuz~A_TARGET_VIBE~2,Anzeigetafel~A_TARGET_VIBE~2,Ordner~A_TARGET_VIBE~2"
Sportpark,3,5,Sport & Freizeit,6,"Lautsprecher~A_TARGET_VIBE~2,Reck~A_TARGET_VIBE~2,Kabine~A_TARGET_VIBE~2,Drehkreuz~A_TARGET_VIBE~3,Mauer~A_TARGET_VIBE~3,Ticket~A_TARGET_VIBE~3"
Sportplatz,2,5,Sport & Freizeit,5,"Fankurve~A_TARGET_VIBE~2,Stehplatz~A_TARGET_VIBE~2,Puls~A_TARGET_VIBE~2,Pfosten~A_TARGET_VIBE~2,Trainer~A_TARGET_VIBE~2"
Sportsocke,3,5,Sport & Freizeit,6,"Lautsprecher~A_TARGET_VIBE~3,Absprung~A_TARGET_VIBE~2,Freistoß~A_TARGET_VIBE~3,Applaus~A_TARGET_VIBE~3,Hantel~A_TARGET_VIBE~3,Tartan~A_TARGET_VIBE~2"
Sporttasche,2,5,Sport & Freizeit,5,"Reck~A_TARGET_VIBE~2,Ziellinie~A_TARGET_VIBE~2,Konter~A_TARGET_VIBE~2,Applaus~A_TARGET_VIBE~2,Wurfkreis~A_TARGET_VIBE~2"
Sportverein,2,5|9,Sport & Freizeit|Gesellschaft & Beruf,5,"Taktik~A_TARGET_VIBE~2,Stehplatz~A_TARGET_VIBE~2,Sitzreihe~A_TARGET_VIBE~2,Anzeigetafel~A_TARGET_VIBE~2,Lautsprecher~A_TARGET_VIBE~2"
Springseil,3,5|0,Sport & Freizeit|Alltag & Gegenstände,6,"Taschenmesser~A_TARGET_VIBE~2,Knoten~A_TARGET_VIBE~3,Abseilen~A_TARGET_VIBE~2,Magnesia~A_TARGET_VIBE~2,Griff~A_TARGET_VIBE~2,Sicherung~A_TARGET_VIBE~3"
Sprint,3,5,Sport & Freizeit,6,"Tartan~A_TARGET_VIBE~3,Freistoß~A_TARGET_VIBE~3,Fankurve~A_TARGET_VIBE~2,Pfosten~A_TARGET_VIBE~2,Wurfkreis~A_TARGET_VIBE~2,Applaus~A_TARGET_VIBE~3"
Sprungbrett,3,5,Sport & Freizeit,6,"Weite~A_TARGET_VIBE~3,Stoppuhr~A_TARGET_VIBE~2,Wurfkreis~A_TARGET_VIBE~3,Sandgrube~A_TARGET_VIBE~2,Rundbahn~A_TARGET_VIBE~2,Startsignal~A_TARGET_VIBE~2"
Sprungturm,3,5,Sport & Freizeit,6,"Tartan~A_TARGET_VIBE~3,Sandgrube~A_TARGET_VIBE~3,Startblock~A_TARGET_VIBE~2,Weite~A_TARGET_VIBE~3,Hürde~A_TARGET_VIBE~2,Zwischenzeit~A_TARGET_VIBE~3"
Squash,3,5,Sport & Freizeit,6,"Satz~A_TARGET_VIBE~2,Zwischenzeit~A_TARGET_VIBE~3,Abseits~A_TARGET_VIBE~3,Trainer~A_TARGET_VIBE~2,Puls~A_TARGET_VIBE~3,Einlass~A_TARGET_VIBE~3"
Stabhochsprung,4,5,Sport & Freizeit,6,"Tartan~A_TARGET_VIBE~3,Absprung~A_TARGET_VIBE~4,Stoppuhr~A_TARGET_VIBE~4,Startblock~A_TARGET_VIBE~3,Sandgrube~A_TARGET_VIBE~3,Zwischenzeit~A_TARGET_VIBE~3"
Stadion,1,5|9,Sport & Freizeit|Gesellschaft & Beruf,4,"Trikot~A_TARGET_VIBE~1,Abseits~A_TARGET_VIBE~1,Ordner~A_TARGET_VIBE~1,Pokal~A_TARGET_VIBE~1"
Staffel,3,5,Sport & Freizeit,6,"Stehplatz~A_TARGET_VIBE~3,Abseits~A_TARGET_VIBE~3,Stoppuhr~A_TARGET_VIBE~2,Atmung~A_TARGET_VIBE~2,Pfosten~A_TARGET_VIBE~3,Anzeigetafel~A_TARGET_VIBE~3"
Startblock,4,5,Sport & Freizeit,6,"Startsignal~A_TARGET_VIBE~4,Schuss~A_TARGET_VIBE~4,Reaktionszeit~A_TARGET_VIBE~4,Rennbahn~A_TARGET_VIBE~3,Stoppuhr~A_TARGET_VIBE~4,Sandgrube~A_TARGET_VIBE~4"
Startfeld,3,5,Sport & Freizeit,6,"Startblock~A_TARGET_VIBE~2,Rennbahn~A_TARGET_VIBE~2,Reaktionszeit~A_TARGET_VIBE~3,Startsignal~A_TARGET_VIBE~2,Schuss~A_TARGET_VIBE~3,Anzeigetafel~A_TARGET_VIBE~2"
Startlinie,3,5,Sport & Freizeit,6,"Schuss~A_TARGET_VIBE~2,Rennbahn~A_TARGET_VIBE~3,Reaktionszeit~A_TARGET_VIBE~3,Startblock~A_TARGET_VIBE~2,Startsignal~A_TARGET_VIBE~2,Weite~A_TARGET_VIBE~3"
Startnummer,3,5,Sport & Freizeit,6,"Schuss~A_TARGET_VIBE~3,Startblock~A_TARGET_VIBE~3,Rennbahn~A_TARGET_VIBE~3,Startsignal~A_TARGET_VIBE~2,Reaktionszeit~A_TARGET_VIBE~2,Studio~A_TARGET_VIBE~3"
Startschuss,3,5,Sport & Freizeit,6,"Startblock~A_TARGET_VIBE~3,Schuss~A_TARGET_VIBE~3,Reaktionszeit~A_TARGET_VIBE~2,Rennbahn~A_TARGET_VIBE~3,Startsignal~A_TARGET_VIBE~3,Puls~A_TARGET_VIBE~2"
Startsignal,4,5,Sport & Freizeit,6,"Rennbahn~A_TARGET_VIBE~3,Schuss~A_TARGET_VIBE~3,Reaktionszeit~A_TARGET_VIBE~3,Startblock~A_TARGET_VIBE~4,Tartan~A_TARGET_VIBE~3,Rundbahn~A_TARGET_VIBE~3"
Steg,2,5|3,Sport & Freizeit|Orte & Reisen,5,"Bugwelle~A_TARGET_VIBE~2,Strömung~A_TARGET_VIBE~2,Paddel~A_TARGET_VIBE~2,Bootshaus~A_TARGET_VIBE~2,Hafen~A_TARGET_VIBE~2"
Steigung,2,5,Sport & Freizeit,5,"Banner~A_TARGET_VIBE~2,Fankurve~A_TARGET_VIBE~2,Atmung~A_TARGET_VIBE~2,Ticket~A_TARGET_VIBE~2,Ordner~A_TARGET_VIBE~2"
Steuerbord,4,5|3,Sport & Freizeit|Orte & Reisen,6,"Kiel~A_TARGET_VIBE~3,Strömung~A_TARGET_VIBE~4,Welle~A_TARGET_VIBE~4,Bootshaus~A_TARGET_VIBE~4,Segel~A_TARGET_VIBE~4,Anker~A_TARGET_VIBE~3"
Steuerrad,3,5|3,Sport & Freizeit|Orte & Reisen,6,"Sattel~A_TARGET_VIBE~2,Pedal~A_TARGET_VIBE~3,Reifen~A_TARGET_VIBE~3,Schaltung~A_TARGET_VIBE~2,Steigung~A_TARGET_VIBE~2,Leine~A_TARGET_VIBE~3"
Stirnband,2,5|0,Sport & Freizeit|Alltag & Gegenstände,5,"Körperspannung~A_TARGET_VIBE~2,Tribüne~A_TARGET_VIBE~2,Mittelkreis~A_TARGET_VIBE~2,Einlass~A_TARGET_VIBE~2,Mauer~A_TARGET_VIBE~2"
Stirnlampe,3,5|0|6,Sport & Freizeit|Alltag & Gegenstände|Technik & Digitales,6,"Ordner~A_TARGET_VIBE~2,Atmung~A_TARGET_VIBE~2,Barren~A_TARGET_VIBE~3,Matte~A_TARGET_VIBE~2,Startblock~A_TARGET_VIBE~2,Auswechslung~A_TARGET_VIBE~2"
Stollen,3,5,Sport & Freizeit,6,"Stehplatz~A_TARGET_VIBE~3,Anstoß~A_TARGET_VIBE~2,Schiedsrichter~A_TARGET_VIBE~3,Konter~A_TARGET_VIBE~3,Barren~A_TARGET_VIBE~3,Absprung~A_TARGET_VIBE~3"
Stoppuhr,3,5|6,Sport & Freizeit|Technik & Digitales,6,"Tribüne~A_TARGET_VIBE~3,Atmung~A_TARGET_VIBE~3,Einlass~A_TARGET_VIBE~2,Wiederholung~A_TARGET_VIBE~3,Freistoß~A_TARGET_VIBE~2,Sitzreihe~A_TARGET_VIBE~3"
Strafraum,3,5,Sport & Freizeit,6,"Trainer~A_TARGET_VIBE~3,Zwischenzeit~A_TARGET_VIBE~3,Startblock~A_TARGET_VIBE~2,Körperspannung~A_TARGET_VIBE~2,Absprung~A_TARGET_VIBE~3,Startsignal~A_TARGET_VIBE~3"
Strafstoß,3,5,Sport & Freizeit,6,"Sandgrube~A_TARGET_VIBE~2,Dehnung~A_TARGET_VIBE~3,Anzeigetafel~A_TARGET_VIBE~3,Startblock~A_TARGET_VIBE~3,Einlass~A_TARGET_VIBE~2,Anstoß~A_TARGET_VIBE~2"
Strand,1,5|3|2,Sport & Freizeit|Orte & Reisen|Natur & Tiere,4,"Spiegel~A_TARGET_VIBE~1,Applaus~A_TARGET_VIBE~1,Mauer~A_TARGET_VIBE~1,Trikot~A_TARGET_VIBE~1"
Strandkorb,3,5|3|0,Sport & Freizeit|Orte & Reisen|Alltag & Gegenstände,6,"Dribbling~A_TARGET_VIBE~2,Rebound~A_TARGET_VIBE~2,Hallenschuh~A_TARGET_VIBE~3,Freiwurf~A_TARGET_VIBE~3,Dreier~A_TARGET_VIBE~3,Korb~A_TARGET_VIBE~2"
Strategie,3,5,Sport & Freizeit,6,"Freistoß~A_TARGET_VIBE~3,Schiedsrichter~A_TARGET_VIBE~3,Absprung~A_TARGET_VIBE~3,Weite~A_TARGET_VIBE~3,Lautsprecher~A_TARGET_VIBE~3,Anlauf~A_TARGET_VIBE~2"
Strecke,1,5|12,Sport & Freizeit|Gefühle & Abstraktes,4,"Körperspannung~A_TARGET_VIBE~1,Core~A_TARGET_VIBE~1,Dehnung~A_TARGET_VIBE~1,Barren~A_TARGET_VIBE~1"
Sudoku,2,5,Sport & Freizeit,5,"Raster~A_TARGET_VIBE~2,Ziffer~A_TARGET_VIBE~2,Bleistift~A_TARGET_VIBE~2,Kästchen~A_TARGET_VIBE~2,Logik~A_TARGET_VIBE~2"
Surfen,3,5|3,Sport & Freizeit|Orte & Reisen,6,"Sandgrube~A_TARGET_VIBE~3,Startblock~A_TARGET_VIBE~2,Trainer~A_TARGET_VIBE~2,Zwischenzeit~A_TARGET_VIBE~3,Barren~A_TARGET_VIBE~3,Hantel~A_TARGET_VIBE~3"
Taekwondo,5,5,Sport & Freizeit,7,"Gürtel~A_TARGET_VIBE~3,Tritt~A_TARGET_VIBE~3,Kampfrichter~A_TARGET_VIBE~4,Wurf~A_TARGET_VIBE~4,Sparring~A_TARGET_VIBE~3,Dojo~A_TARGET_VIBE~4,Schutz~A_TARGET_VIBE~3"
Taktik,3,5|12,Sport & Freizeit|Gefühle & Abstraktes,6,"Ziellinie~A_TARGET_VIBE~3,Reck~A_TARGET_VIBE~2,Schiedsrichter~A_TARGET_VIBE~3,Hantel~A_TARGET_VIBE~3,Rasen~A_TARGET_VIBE~2,Kabine~A_TARGET_VIBE~2"
Tartanbahn,4,5,Sport & Freizeit,6,"Startsignal~A_TARGET_VIBE~3,Sandgrube~A_TARGET_VIBE~3,Tartan~A_TARGET_VIBE~4,Zwischenzeit~A_TARGET_VIBE~3,Stoppuhr~A_TARGET_VIBE~4,Anlauf~A_TARGET_VIBE~3"
Taschenmesser,3,5|3|0,Sport & Freizeit|Orte & Reisen|Alltag & Gegenstände,6,"Glut~A_TARGET_VIBE~2,Funke~A_TARGET_VIBE~2,Schlafsack~A_TARGET_VIBE~3,Bratwurst~A_TARGET_VIBE~2,Rucksack~A_TARGET_VIBE~3,Grillgut~A_TARGET_VIBE~3"
Tauchen,3,5|3,Sport & Freizeit|Orte & Reisen,6,"Startblock~A_TARGET_VIBE~3,Beckenrand~A_TARGET_VIBE~2,Umkleide~A_TARGET_VIBE~3,Handtuch~A_TARGET_VIBE~3,Bahnen~A_TARGET_VIBE~3,Schwimmbrille~A_TARGET_VIBE~2"
Tauchflasche,4,5|3|0,Sport & Freizeit|Orte & Reisen|Alltag & Gegenstände,6,"Bademeister~A_TARGET_VIBE~3,Schwimmring~A_TARGET_VIBE~3,Chlor~A_TARGET_VIBE~4,Handtuch~A_TARGET_VIBE~3,Sprungturm~A_TARGET_VIBE~3,Liegestuhl~A_TARGET_VIBE~4"
Teamgeist,3,5|11|12,Sport & Freizeit|Wetter & Himmel|Gefühle & Abstraktes,6,"Helm~A_TARGET_VIBE~3,Kälte~A_TARGET_VIBE~2,Frost~A_TARGET_VIBE~3,Kufe~A_TARGET_VIBE~3,Handschuh~A_TARGET_VIBE~3,Eis~A_TARGET_VIBE~2"
Tennis,1,5,Sport & Freizeit,4,"Schläger~A_TARGET_VIBE~1,Aufschlag~A_TARGET_VIBE~1,Linie~A_TARGET_VIBE~1,Netz~A_TARGET_VIBE~1"
Thermalbad,2,5|3,Sport & Freizeit|Orte & Reisen,5,"Umkleide~A_TARGET_VIBE~2,Handtuch~A_TARGET_VIBE~2,Sprungturm~A_TARGET_VIBE~2,Chlor~A_TARGET_VIBE~2,Beckenrand~A_TARGET_VIBE~2"
Thermoskanne,3,5|3|1,Sport & Freizeit|Orte & Reisen|Essen & Trinken,6,"Anzünder~A_TARGET_VIBE~3,Marinade~A_TARGET_VIBE~3,Grillgut~A_TARGET_VIBE~3,Rucksack~A_TARGET_VIBE~2,Rauch~A_TARGET_VIBE~2,Funke~A_TARGET_VIBE~3"
Tischkicker,2,5,Sport & Freizeit,5,"Punkte~A_TARGET_VIBE~2,Karte~A_TARGET_VIBE~2,Würfel~A_TARGET_VIBE~2,Zug~A_TARGET_VIBE~2,Regel~A_TARGET_VIBE~2"
Tischtennis,2,5,Sport & Freizeit,5,"Matchball~A_TARGET_VIBE~2,Vorhand~A_TARGET_VIBE~2,Aufschlag~A_TARGET_VIBE~2,Schläger~A_TARGET_VIBE~2,Sandplatz~A_TARGET_VIBE~2"
Tor,1,5|9,Sport & Freizeit|Gesellschaft & Beruf,4,"Pfosten~A_TARGET_VIBE~1,Ticket~A_TARGET_VIBE~1,Setzliste~A_TARGET_VIBE~1,Applaus~A_TARGET_VIBE~1"
Tornetz,4,5|9,Sport & Freizeit|Gesellschaft & Beruf,6,"Fankurve~A_TARGET_VIBE~3,Mittelkreis~A_TARGET_VIBE~3,Finale~A_TARGET_VIBE~4,Drehkreuz~A_TARGET_VIBE~3,Auslosung~A_TARGET_VIBE~4,Ticket~A_TARGET_VIBE~4"
Torpfosten,3,5|9,Sport & Freizeit|Gesellschaft & Beruf,6,"Fankurve~A_TARGET_VIBE~3,Mittelkreis~A_TARGET_VIBE~3,Auslosung~A_TARGET_VIBE~3,Schiedsrichter~A_TARGET_VIBE~2,Applaus~A_TARGET_VIBE~3,Rangliste~A_TARGET_VIBE~3"
Torwart,2,5|9,Sport & Freizeit|Gesellschaft & Beruf,5,"Setzliste~A_TARGET_VIBE~2,Vorrunde~A_TARGET_VIBE~2,Fanblock~A_TARGET_VIBE~2,KO~A_TARGET_VIBE~2,Freistoß~A_TARGET_VIBE~2"
Trainer,2,5|9,Sport & Freizeit|Gesellschaft & Beruf,5,"Taktik~A_TARGET_VIBE~2,Motivation~A_TARGET_VIBE~2,Ticket~A_TARGET_VIBE~2,Teamgeist~A_TARGET_VIBE~2,Kabine~A_TARGET_VIBE~2"
Training,3,5,Sport & Freizeit,6,"Atmung~A_TARGET_VIBE~3,Dehnung~A_TARGET_VIBE~3,Puls~A_TARGET_VIBE~2,Satz~A_TARGET_VIBE~2,Trainer~A_TARGET_VIBE~2,Barren~A_TARGET_VIBE~2"
Trainingsanzug,2,5|0,Sport & Freizeit|Alltag & Gegenstände,5,"Hantel~A_TARGET_VIBE~2,Trainer~A_TARGET_VIBE~2,Puls~A_TARGET_VIBE~2,Wiederholung~A_TARGET_VIBE~2,Reck~A_TARGET_VIBE~2"
Trainingsplan,4,5,Sport & Freizeit,6,"Barren~A_TARGET_VIBE~3,Körperspannung~A_TARGET_VIBE~4,Matte~A_TARGET_VIBE~4,Wiederholung~A_TARGET_VIBE~4,Satz~A_TARGET_VIBE~4,Spiegel~A_TARGET_VIBE~3"
Trampolin,2,5|12,Sport & Freizeit|Gefühle & Abstraktes,5,"Dehnung~A_TARGET_VIBE~2,Körperspannung~A_TARGET_VIBE~2,Barren~A_TARGET_VIBE~2,Reck~A_TARGET_VIBE~2,Hantel~A_TARGET_VIBE~2"
Treffer,2,5,Sport & Freizeit,5,"Lautsprecher~A_TARGET_VIBE~2,Pfosten~A_TARGET_VIBE~2,Kabine~A_TARGET_VIBE~2,Sandgrube~A_TARGET_VIBE~2,Drehkreuz~A_TARGET_VIBE~2"
Trekking,3,5|3|2,Sport & Freizeit|Orte & Reisen|Natur & Tiere,6,"Wegweiser~A_TARGET_VIBE~3,Rucksack~A_TARGET_VIBE~2,Höhenmeter~A_TARGET_VIBE~3,Markierung~A_TARGET_VIBE~3,Panorama~A_TARGET_VIBE~2,Karte~A_TARGET_VIBE~2"
Triathlon,3,5,Sport & Freizeit,6,"Rasen~A_TARGET_VIBE~2,Anlauf~A_TARGET_VIBE~3,Tartan~A_TARGET_VIBE~2,Trainer~A_TARGET_VIBE~3,Core~A_TARGET_VIBE~3,Fankurve~A_TARGET_VIBE~3"
Tribüne,3,5|9,Sport & Freizeit|Gesellschaft & Beruf,6,"Fankurve~A_TARGET_VIBE~3,Stehplatz~A_TARGET_VIBE~3,Sitzreihe~A_TARGET_VIBE~2,Applaus~A_TARGET_VIBE~2,Lautsprecher~A_TARGET_VIBE~2,Banner~A_TARGET_VIBE~3"
Trikot,3,5|9,Sport & Freizeit|Gesellschaft & Beruf,6,"Anstoß~A_TARGET_VIBE~3,Mittelkreis~A_TARGET_VIBE~2,Saison~A_TARGET_VIBE~2,Vorrunde~A_TARGET_VIBE~2,Fanblock~A_TARGET_VIBE~3,Spielplan~A_TARGET_VIBE~3"
Trillerpfeife,3,5,Sport & Freizeit,6,"Ticket~A_TARGET_VIBE~2,Anlauf~A_TARGET_VIBE~3,Stoppuhr~A_TARGET_VIBE~3,Reck~A_TARGET_VIBE~2,Auswechslung~A_TARGET_VIBE~2,Trainer~A_TARGET_VIBE~2"
Trinkblase,3,5|3,Sport & Freizeit|Orte & Reisen,6,"Steak~A_TARGET_VIBE~3,Anzünder~A_TARGET_VIBE~3,Alufolie~A_TARGET_VIBE~2,Glut~A_TARGET_VIBE~2,Stirnlampe~A_TARGET_VIBE~3,Gaskocher~A_TARGET_VIBE~3"
Trinkflasche,2,5|0,Sport & Freizeit|Alltag & Gegenstände,5,"Tartan~A_TARGET_VIBE~2,Sandgrube~A_TARGET_VIBE~2,Sitzreihe~A_TARGET_VIBE~2,Wiederholung~A_TARGET_VIBE~2,Anlauf~A_TARGET_VIBE~2"
Trinkgürtel,4,5|3,Sport & Freizeit|Orte & Reisen,6,"Spannleine~A_TARGET_VIBE~4,Holzkohle~A_TARGET_VIBE~3,Rauch~A_TARGET_VIBE~3,Steak~A_TARGET_VIBE~3,Stirnlampe~A_TARGET_VIBE~4,Taschenmesser~A_TARGET_VIBE~3"
Trinkpause,2,5|3|12,Sport & Freizeit|Orte & Reisen|Gefühle & Abstraktes,5,"Marinade~A_TARGET_VIBE~2,Rost~A_TARGET_VIBE~2,Rauch~A_TARGET_VIBE~2,Holzkohle~A_TARGET_VIBE~2,Alufolie~A_TARGET_VIBE~2"
Turnbeutel,3,5|0|12,Sport & Freizeit|Alltag & Gegenstände|Gefühle & Abstraktes,6,"Core~A_TARGET_VIBE~3,Hantel~A_TARGET_VIBE~2,Dehnung~A_TARGET_VIBE~3,Wiederholung~A_TARGET_VIBE~2,Barren~A_TARGET_VIBE~2,Spiegel~A_TARGET_VIBE~3"
Turnen,2,5,Sport & Freizeit,5,"Trikot~A_TARGET_VIBE~2,Auswechslung~A_TARGET_VIBE~2,Hürde~A_TARGET_VIBE~2,Anzeigetafel~A_TARGET_VIBE~2,Rundbahn~A_TARGET_VIBE~2"
Turnhalle,2,5|12,Sport & Freizeit|Gefühle & Abstraktes,5,"Wiederholung~A_TARGET_VIBE~2,Core~A_TARGET_VIBE~2,Barren~A_TARGET_VIBE~2,Körperspannung~A_TARGET_VIBE~2,Studio~A_TARGET_VIBE~2"
Turnier,3,5|9,Sport & Freizeit|Gesellschaft & Beruf,6,"Sitzreihe~A_TARGET_VIBE~3,Reck~A_TARGET_VIBE~2,Puls~A_TARGET_VIBE~3,Ziellinie~A_TARGET_VIBE~3,Mauer~A_TARGET_VIBE~3,Hantel~A_TARGET_VIBE~2"
Turnschuh,2,5|12,Sport & Freizeit|Gefühle & Abstraktes,5,"Studio~A_TARGET_VIBE~2,Atmung~A_TARGET_VIBE~2,Reck~A_TARGET_VIBE~2,Trainer~A_TARGET_VIBE~2,Körperspannung~A_TARGET_VIBE~2"
Turnstange,3,5,Sport & Freizeit,6,"Schiedsrichter~A_TARGET_VIBE~3,Applaus~A_TARGET_VIBE~3,Barren~A_TARGET_VIBE~3,Einlass~A_TARGET_VIBE~2,Abseits~A_TARGET_VIBE~2,Fankurve~A_TARGET_VIBE~3"
Umkleidekabine,3,5,Sport & Freizeit,6,"Barren~A_TARGET_VIBE~2,Tartan~A_TARGET_VIBE~2,Satz~A_TARGET_VIBE~3,Core~A_TARGET_VIBE~3,Drehkreuz~A_TARGET_VIBE~2,Mittelkreis~A_TARGET_VIBE~3"
Unentschieden,3,5,Sport & Freizeit,6,"Trainer~A_TARGET_VIBE~2,Atmung~A_TARGET_VIBE~3,Ticket~A_TARGET_VIBE~2,Sandgrube~A_TARGET_VIBE~2,Tartan~A_TARGET_VIBE~3,Mauer~A_TARGET_VIBE~2"
Urlaub,1,5,Sport & Freizeit,4,"Trainer~A_TARGET_VIBE~1,Ziellinie~A_TARGET_VIBE~1,Sitzreihe~A_TARGET_VIBE~1,Studio~A_TARGET_VIBE~1"
Ventil,3,5,Sport & Freizeit,6,"Mauer~A_TARGET_VIBE~3,Körperspannung~A_TARGET_VIBE~3,Wiederholung~A_TARGET_VIBE~3,Sitzreihe~A_TARGET_VIBE~3,Zwischenzeit~A_TARGET_VIBE~2,Trainer~A_TARGET_VIBE~3"
Vereinsheim,3,5|9,Sport & Freizeit|Gesellschaft & Beruf,6,"Hierarchie~A_TARGET_VIBE~2,Vorbild~A_TARGET_VIBE~2,Kapitänsbinde~A_TARGET_VIBE~3,Trainerbank~A_TARGET_VIBE~2,Fankurve~A_TARGET_VIBE~2,Sitzreihe~A_TARGET_VIBE~3"
Vereinsleben,3,5|9,Sport & Freizeit|Gesellschaft & Beruf,6,"Kabine~A_TARGET_VIBE~3,Ansage~A_TARGET_VIBE~2,Teamgeist~A_TARGET_VIBE~2,Hierarchie~A_TARGET_VIBE~2,Sitzreihe~A_TARGET_VIBE~3,Aufstellung~A_TARGET_VIBE~3"
Verlängerung,3,5,Sport & Freizeit,6,"Abseits~A_TARGET_VIBE~2,Mauer~A_TARGET_VIBE~3,Core~A_TARGET_VIBE~2,Ticket~A_TARGET_VIBE~3,Spiegel~A_TARGET_VIBE~2,Stehplatz~A_TARGET_VIBE~3"
Verpflegung,3,5,Sport & Freizeit,6,"Lautsprecher~A_TARGET_VIBE~3,Anlauf~A_TARGET_VIBE~2,Applaus~A_TARGET_VIBE~3,Weite~A_TARGET_VIBE~2,Rasen~A_TARGET_VIBE~2,Konter~A_TARGET_VIBE~2"
Volleyball,2,5,Sport & Freizeit,5,"Shotclock~A_TARGET_VIBE~2,Anstoß~A_TARGET_VIBE~2,Brett~A_TARGET_VIBE~2,Dreier~A_TARGET_VIBE~2,Schiedsrichter~A_TARGET_VIBE~2"
Vorhand,4,5,Sport & Freizeit,6,"Schläger~A_TARGET_VIBE~4,Ballwechsel~A_TARGET_VIBE~4,Grundlinie~A_TARGET_VIBE~4,Netz~A_TARGET_VIBE~3,Aufschlag~A_TARGET_VIBE~3,Doppel~A_TARGET_VIBE~4"
Vorrunde,3,5|9|12,Sport & Freizeit|Gesellschaft & Beruf|Gefühle & Abstraktes,6,"Lautsprecher~A_TARGET_VIBE~2,Finale~A_TARGET_VIBE~2,Auslosung~A_TARGET_VIBE~3,Tribüne~A_TARGET_VIBE~2,Ticket~A_TARGET_VIBE~3,Stehplatz~A_TARGET_VIBE~3"
Völkerball,2,5,Sport & Freizeit,5,"Block~A_TARGET_VIBE~2,Annahme~A_TARGET_VIBE~2,Pfosten~A_TARGET_VIBE~2,Dribbling~A_TARGET_VIBE~2,Baggern~A_TARGET_VIBE~2"
Wanderhut,3,5|3|2,Sport & Freizeit|Orte & Reisen|Natur & Tiere,6,"Rucksack~A_TARGET_VIBE~3,Markierung~A_TARGET_VIBE~2,Wegweiser~A_TARGET_VIBE~3,Höhenmeter~A_TARGET_VIBE~2,Panorama~A_TARGET_VIBE~3,Serpentine~A_TARGET_VIBE~3"
Wanderkarte,3,5|3|2,Sport & Freizeit|Orte & Reisen|Natur & Tiere,6,"Kasse~A_TARGET_VIBE~3,Scan~A_TARGET_VIBE~2,Barcode~A_TARGET_VIBE~2,Höhenmeter~A_TARGET_VIBE~3,Stempel~A_TARGET_VIBE~2,Rucksack~A_TARGET_VIBE~3"
Wandern,1,5|3|2,Sport & Freizeit|Orte & Reisen|Natur & Tiere,4,"Wegweiser~A_TARGET_VIBE~1,Panorama~A_TARGET_VIBE~1,Rucksack~A_TARGET_VIBE~1,Markierung~A_TARGET_VIBE~1"
Wanderstiefel,3,5|3|2,Sport & Freizeit|Orte & Reisen|Natur & Tiere,6,"Höhenmeter~A_TARGET_VIBE~2,Markierung~A_TARGET_VIBE~3,Rucksack~A_TARGET_VIBE~3,Wegweiser~A_TARGET_VIBE~2,Panorama~A_TARGET_VIBE~2,Höhenlinie~A_TARGET_VIBE~2"
Wanderstock,3,5|3|2,Sport & Freizeit|Orte & Reisen|Natur & Tiere,6,"Wegweiser~A_TARGET_VIBE~3,Panorama~A_TARGET_VIBE~3,Markierung~A_TARGET_VIBE~2,Rucksack~A_TARGET_VIBE~2,Höhenmeter~A_TARGET_VIBE~2,Schutzhütte~A_TARGET_VIBE~2"
Wanderweg,2,5|3|2,Sport & Freizeit|Orte & Reisen|Natur & Tiere,5,"Wegweiser~A_TARGET_VIBE~2,Markierung~A_TARGET_VIBE~2,Rucksack~A_TARGET_VIBE~2,Höhenmeter~A_TARGET_VIBE~2,Panorama~A_TARGET_VIBE~2"
Wasserball,3,5|3,Sport & Freizeit|Orte & Reisen,6,"Freistoß~A_TARGET_VIBE~2,Hallenschuh~A_TARGET_VIBE~2,Defense~A_TARGET_VIBE~3,Brett~A_TARGET_VIBE~2,Konter~A_TARGET_VIBE~2,Mauer~A_TARGET_VIBE~2"
Wasserflasche,2,5|0,Sport & Freizeit|Alltag & Gegenstände,5,"Nachspielzeit~A_TARGET_VIBE~2,Anzeigetafel~A_TARGET_VIBE~2,Mauer~A_TARGET_VIBE~2,Satz~A_TARGET_VIBE~2,Startblock~A_TARGET_VIBE~2"
Wasserkanister,3,5|3|0,Sport & Freizeit|Orte & Reisen|Alltag & Gegenstände,6,"Stirnlampe~A_TARGET_VIBE~3,Proviant~A_TARGET_VIBE~3,Gaskocher~A_TARGET_VIBE~2,Schlafsack~A_TARGET_VIBE~2,Rucksack~A_TARGET_VIBE~2,Alufolie~A_TARGET_VIBE~2"
Wasserpistole,2,5|3,Sport & Freizeit|Orte & Reisen,5,"Boje~A_TARGET_VIBE~2,Schwimmbrille~A_TARGET_VIBE~2,Fliesen~A_TARGET_VIBE~2,Sprungturm~A_TARGET_VIBE~2,Sonnencreme~A_TARGET_VIBE~2"
Weitsprung,4,5,Sport & Freizeit,6,"Absprung~A_TARGET_VIBE~4,Zwischenzeit~A_TARGET_VIBE~3,Startsignal~A_TARGET_VIBE~4,Weite~A_TARGET_VIBE~4,Startblock~A_TARGET_VIBE~4,Tartan~A_TARGET_VIBE~3"
Wellenreiten,4,5|3,Sport & Freizeit|Orte & Reisen,6,"Hafen~A_TARGET_VIBE~4,Welle~A_TARGET_VIBE~3,Bugwelle~A_TARGET_VIBE~4,Schwimmweste~A_TARGET_VIBE~3,Mast~A_TARGET_VIBE~3,Kiel~A_TARGET_VIBE~3"
Werkzeug,1,5,Sport & Freizeit,4,"Absprung~A_TARGET_VIBE~1,Lautsprecher~A_TARGET_VIBE~1,Abseits~A_TARGET_VIBE~1,Atmung~A_TARGET_VIBE~1"
Wettkampf,2,5,Sport & Freizeit,5,"Studio~A_TARGET_VIBE~2,Matte~A_TARGET_VIBE~2,Wurfkreis~A_TARGET_VIBE~2,Lautsprecher~A_TARGET_VIBE~2,Anzeigetafel~A_TARGET_VIBE~2"
Wiederholung,2,5|12,Sport & Freizeit|Gefühle & Abstraktes,5,"Zwischenzeit~A_TARGET_VIBE~2,Nachspielzeit~A_TARGET_VIBE~2,Auswechslung~A_TARGET_VIBE~2,Mittelkreis~A_TARGET_VIBE~2,Startblock~A_TARGET_VIBE~2"
Windsurfen,4,5|3|11,Sport & Freizeit|Orte & Reisen|Wetter & Himmel,6,"Strömung~A_TARGET_VIBE~3,Mast~A_TARGET_VIBE~4,Steg~A_TARGET_VIBE~4,Hafen~A_TARGET_VIBE~4,Bugwelle~A_TARGET_VIBE~4,Schwimmweste~A_TARGET_VIBE~4"
Wurfscheibe,2,5,Sport & Freizeit,5,"Sandgrube~A_TARGET_VIBE~2,Tartan~A_TARGET_VIBE~2,Anlauf~A_TARGET_VIBE~2,Wurfkreis~A_TARGET_VIBE~2,Stoppuhr~A_TARGET_VIBE~2"
Würfel,1,5|0,Sport & Freizeit|Alltag & Gegenstände,4,"Augenzahl~A_TARGET_VIBE~1,Becher~A_TARGET_VIBE~1,Wurf~A_TARGET_VIBE~1,Punkte~A_TARGET_VIBE~1"
Yoga,3,5|12,Sport & Freizeit|Gefühle & Abstraktes,6,"Trainer~A_TARGET_VIBE~3,Reck~A_TARGET_VIBE~3,Wiederholung~A_TARGET_VIBE~3,Dehnung~A_TARGET_VIBE~3,Barren~A_TARGET_VIBE~3,Atmung~A_TARGET_VIBE~3"
Zehnkampf,4,5,Sport & Freizeit,6,"Absprung~A_TARGET_VIBE~4,Ziellinie~A_TARGET_VIBE~3,Wurfkreis~A_TARGET_VIBE~4,Tartan~A_TARGET_VIBE~3,Sandgrube~A_TARGET_VIBE~4,Weite~A_TARGET_VIBE~3"
Zeitmessung,4,5|6,Sport & Freizeit|Technik & Digitales,6,"Lautsprecher~A_TARGET_VIBE~4,Abseits~A_TARGET_VIBE~4,Puls~A_TARGET_VIBE~3,Schiedsrichter~A_TARGET_VIBE~3,Nachspielzeit~A_TARGET_VIBE~3,Tartan~A_TARGET_VIBE~4"
Zeitstrafe,3,5|9|12,Sport & Freizeit|Gesellschaft & Beruf|Gefühle & Abstraktes,6,"Mauer~A_TARGET_VIBE~2,Trikot~A_TARGET_VIBE~2,Turnier~A_TARGET_VIBE~3,Freistoß~A_TARGET_VIBE~2,Pokal~A_TARGET_VIBE~3,Abseits~A_TARGET_VIBE~3"
Zelt,2,5|3,Sport & Freizeit|Orte & Reisen,5,"Gestänge~A_TARGET_VIBE~2,Reißverschluss~A_TARGET_VIBE~2,Plane~A_TARGET_VIBE~2,Hering~A_TARGET_VIBE~2,Spannleine~A_TARGET_VIBE~2"
Zelthering,4,5|3|0,Sport & Freizeit|Orte & Reisen|Alltag & Gegenstände,6,"Spannleine~A_TARGET_VIBE~3,Reißverschluss~A_TARGET_VIBE~3,Gestänge~A_TARGET_VIBE~4,Hering~A_TARGET_VIBE~4,Plane~A_TARGET_VIBE~3,Kühlbox~A_TARGET_VIBE~3"
Zeltlampe,3,5|3|0,Sport & Freizeit|Orte & Reisen|Alltag & Gegenstände,6,"Reißverschluss~A_TARGET_VIBE~3,Plane~A_TARGET_VIBE~2,Spannleine~A_TARGET_VIBE~3,Gestänge~A_TARGET_VIBE~2,Hering~A_TARGET_VIBE~2,Anzünder~A_TARGET_VIBE~2"
Zeltplatz,3,5|3,Sport & Freizeit|Orte & Reisen,6,"Gestänge~A_TARGET_VIBE~2,Hering~A_TARGET_VIBE~2,Plane~A_TARGET_VIBE~3,Spannleine~A_TARGET_VIBE~3,Reißverschluss~A_TARGET_VIBE~2,Kühlbox~A_TARGET_VIBE~3"
Zeltstange,4,5|3,Sport & Freizeit|Orte & Reisen,6,"Spannleine~A_TARGET_VIBE~3,Hering~A_TARGET_VIBE~3,Reißverschluss~A_TARGET_VIBE~3,Plane~A_TARGET_VIBE~4,Gestänge~A_TARGET_VIBE~3,Grillgut~A_TARGET_VIBE~4"
Ziel,1,5|12,Sport & Freizeit|Gefühle & Abstraktes,4,"Zwischenzeit~A_TARGET_VIBE~1,Ziellinie~A_TARGET_VIBE~1,Rennbahn~A_TARGET_VIBE~1,Stoppuhr~A_TARGET_VIBE~1"
Zielband,4,5|0|12,Sport & Freizeit|Alltag & Gegenstände|Gefühle & Abstraktes,6,"Endspurt~A_TARGET_VIBE~3,Zwischenzeit~A_TARGET_VIBE~4,Ziellinie~A_TARGET_VIBE~4,Stoppuhr~A_TARGET_VIBE~4,Rennbahn~A_TARGET_VIBE~3,Weite~A_TARGET_VIBE~3"
Zielbogen,3,5|0|12,Sport & Freizeit|Alltag & Gegenstände|Gefühle & Abstraktes,6,"Rennbahn~A_TARGET_VIBE~2,Endspurt~A_TARGET_VIBE~3,Zwischenzeit~A_TARGET_VIBE~3,Ziellinie~A_TARGET_VIBE~3,Stoppuhr~A_TARGET_VIBE~3,Treffer~A_TARGET_VIBE~3"
Zielfoto,3,5|12,Sport & Freizeit|Gefühle & Abstraktes,6,"Endspurt~A_TARGET_VIBE~3,Rennbahn~A_TARGET_VIBE~3,Ziellinie~A_TARGET_VIBE~2,Stoppuhr~A_TARGET_VIBE~3,Zwischenzeit~A_TARGET_VIBE~3,Matte~A_TARGET_VIBE~2"
Ziellinie,3,5|12,Sport & Freizeit|Gefühle & Abstraktes,6,"Zwischenzeit~A_TARGET_VIBE~2,Rennbahn~A_TARGET_VIBE~3,Stoppuhr~A_TARGET_VIBE~3,Endspurt~A_TARGET_VIBE~2,Rundbahn~A_TARGET_VIBE~3,Startsignal~A_TARGET_VIBE~3"
Zielzeit,3,5|12,Sport & Freizeit|Gefühle & Abstraktes,6,"Ziellinie~A_TARGET_VIBE~2,Zwischenzeit~A_TARGET_VIBE~2,Stoppuhr~A_TARGET_VIBE~2,Rennbahn~A_TARGET_VIBE~3,Endspurt~A_TARGET_VIBE~3,Startsignal~A_TARGET_VIBE~3"
Zuschauer,2,5|9,Sport & Freizeit|Gesellschaft & Beruf,5,"Motivation~A_TARGET_VIBE~2,Stehplatz~A_TARGET_VIBE~2,Trainerbank~A_TARGET_VIBE~2,Anzeigetafel~A_TARGET_VIBE~2,Fankurve~A_TARGET_VIBE~2"
Zuschauerraum,4,5|9,Sport & Freizeit|Gesellschaft & Beruf,6,"Applaus~A_TARGET_VIBE~3,Sitzreihe~A_TARGET_VIBE~4,Tribüne~A_TARGET_VIBE~4,Aufstellung~A_TARGET_VIBE~3,Motivation~A_TARGET_VIBE~3,Einlass~A_TARGET_VIBE~3"
Zündholz,2,5,Sport & Freizeit,5,"Hantel~A_TARGET_VIBE~2,Trainer~A_TARGET_VIBE~2,Anlauf~A_TARGET_VIBE~2,Sitzreihe~A_TARGET_VIBE~2,Mittelkreis~A_TARGET_VIBE~2"