word,difficulty,genre_ids,genre_names,hint_count,hints
Abstrich,3,7,Wissenschaft & Medizin,6,"Wattestäbchen~A_TARGET_VIBE~3,Rachen~A_TARGET_VIBE~3,PCR~A_TARGET_VIBE~3,Labor~A_TARGET_VIBE~2,Testzentrum~A_TARGET_VIBE~3,Probe~A_TARGET_VIBE~2"
Adipositas,4,7,Wissenschaft & Medizin,7,"BMI~A_TARGET_VIBE~3,Kalorien~A_TARGET_VIBE~2,Ernährung~A_TARGET_VIBE~2,Bewegung~A_TARGET_VIBE~2,Diätplan~A_TARGET_VIBE~3,Stoffwechsel~A_TARGET_VIBE~3,Praxis~A_TARGET_VIBE~2"
Adrenalin,3,7,Wissenschaft & Medizin,6,"Stress~A_TARGET_VIBE~2,Puls~A_TARGET_VIBE~2,Schweiß~A_TARGET_VIBE~2,Nebennieren~A_TARGET_VIBE~3,Nervenkitzel~A_TARGET_VIBE~3,Flucht~A_TARGET_VIBE~3"
Akustik,3,7,Wissenschaft & Medizin,6,"Schall~A_TARGET_VIBE~2,Echo~A_TARGET_VIBE~2,Frequenz~A_TARGET_VIBE~3,Raum~A_TARGET_VIBE~2,Lautsprecher~A_TARGET_VIBE~2,Dämmung~A_TARGET_VIBE~3"
Algorithmus,3,6|14,Technik & Digitales|Höhere Mathematik,6,"Quelltext~A_TARGET_VIBE~2,Schleife~A_TARGET_VIBE~3,Sortieren~A_TARGET_VIBE~3,Daten~A_TARGET_VIBE~2,Komplexität~A_TARGET_VIBE~3,Iteration~A_TARGET_VIBE~3"
Alkohol,3,1|7,Essen & Trinken|Wissenschaft & Medizin,6,"Promille~A_TARGET_VIBE~3,Leber~A_TARGET_VIBE~2,Rausch~A_TARGET_VIBE~3,Cocktail~A_TARGET_VIBE~2,Kater~A_TARGET_VIBE~2,Atemtest~A_TARGET_VIBE~3"
Allergie,3,7,Wissenschaft & Medizin,6,"Pollen~A_TARGET_VIBE~3,Niesen~A_TARGET_VIBE~2,Juckreiz~A_TARGET_VIBE~2,Antihistaminikum~A_TARGET_VIBE~3,Heuschnupfen~A_TARGET_VIBE~3,Schwellung~A_TARGET_VIBE~2"
Allergietest,4,7,Wissenschaft & Medizin,6,"Pricktest~A_TARGET_VIBE~3,Quaddel~A_TARGET_VIBE~3,Pollen~A_TARGET_VIBE~2,Arztpraxis~A_TARGET_VIBE~2,Ablesen~A_TARGET_VIBE~2,Reaktion~A_TARGET_VIBE~2"
Alveole,3,7,Wissenschaft & Medizin,6,"Sauerstoff~A_TARGET_VIBE~3,Kapillare~A_TARGET_VIBE~3,Atemzug~A_TARGET_VIBE~3,Lunge~A_TARGET_VIBE~2,Austausch~A_TARGET_VIBE~3,Mikroskop~A_TARGET_VIBE~2"
Ambulanz,3,7,Wissenschaft & Medizin,6,"Notaufnahme~A_TARGET_VIBE~3,Blaulicht~A_TARGET_VIBE~3,Trage~A_TARGET_VIBE~3,Sanitäter~A_TARGET_VIBE~3,Wartebereich~A_TARGET_VIBE~2,Triage~A_TARGET_VIBE~3"
Analyse,3,7,Wissenschaft & Medizin,6,"Auswertung~A_TARGET_VIBE~2,Labor~A_TARGET_VIBE~2,Diagramm~A_TARGET_VIBE~3,Probe~A_TARGET_VIBE~2,Methode~A_TARGET_VIBE~2,Ergebnis~A_TARGET_VIBE~2"
Anamnese,3,7,Wissenschaft & Medizin,6,"Vorgeschichte~A_TARGET_VIBE~3,Fragebogen~A_TARGET_VIBE~3,Gespräch~A_TARGET_VIBE~2,Symptome~A_TARGET_VIBE~2,Allergien~A_TARGET_VIBE~3,Notizen~A_TARGET_VIBE~2"
Anatomie,3,7,Wissenschaft & Medizin,6,"Sezieren~A_TARGET_VIBE~3,Präparat~A_TARGET_VIBE~3,Atlas~A_TARGET_VIBE~3,Vorlesung~A_TARGET_VIBE~2,Skelett~A_TARGET_VIBE~3,Struktur~A_TARGET_VIBE~2"
Angststörung,4,7|12,Wissenschaft & Medizin|Gefühle & Abstraktes,7,"Panik~A_TARGET_VIBE~3,Herzrasen~A_TARGET_VIBE~3,Therapie~A_TARGET_VIBE~2,Auslöser~A_TARGET_VIBE~3,Atemtechnik~A_TARGET_VIBE~3,Vermeidung~A_TARGET_VIBE~3,Praxis~A_TARGET_VIBE~2"
Anpassung,3,7,Wissenschaft & Medizin,6,"Gewöhnung~A_TARGET_VIBE~2,Umstellung~A_TARGET_VIBE~2,Reaktion~A_TARGET_VIBE~2,Flexibilität~A_TARGET_VIBE~2,Trainingsreiz~A_TARGET_VIBE~3,Stress~A_TARGET_VIBE~2"
Antibiotikum,3,7,Wissenschaft & Medizin,6,"Rezept~A_TARGET_VIBE~2,Nebenwirkung~A_TARGET_VIBE~3,Infektion~A_TARGET_VIBE~3,Kultur~A_TARGET_VIBE~3,Tablette~A_TARGET_VIBE~2,Hygiene~A_TARGET_VIBE~2"
Antikörper,4,7,Wissenschaft & Medizin,7,"Impfpass~A_TARGET_VIBE~3,Booster~A_TARGET_VIBE~3,Nebenwirkung~A_TARGET_VIBE~3,Schutz~A_TARGET_VIBE~2,Stich~A_TARGET_VIBE~2,Impfstoff~A_TARGET_VIBE~3,Praxis~A_TARGET_VIBE~2"
Antrieb,3,7,Wissenschaft & Medizin,6,"Bewegung~A_TARGET_VIBE~2,Motivation~A_TARGET_VIBE~2,Belastung~A_TARGET_VIBE~2,Ausdauer~A_TARGET_VIBE~2,Reha~A_TARGET_VIBE~2,Therapie~A_TARGET_VIBE~2"
Aorta,4,7,Wissenschaft & Medizin,7,"Arterie~A_TARGET_VIBE~3,Vene~A_TARGET_VIBE~3,Puls~A_TARGET_VIBE~2,EKG~A_TARGET_VIBE~3,Brustkorb~A_TARGET_VIBE~2,Rhythmus~A_TARGET_VIBE~3,Ultraschall~A_TARGET_VIBE~3"
Aphasie,4,7,Wissenschaft & Medizin,7,"Sprache~A_TARGET_VIBE~3,Logopädie~A_TARGET_VIBE~3,Schlaganfall~A_TARGET_VIBE~3,Gedächtnis~A_TARGET_VIBE~3,Motorik~A_TARGET_VIBE~3,Therapie~A_TARGET_VIBE~2,Praxis~A_TARGET_VIBE~2"
Apotheke,2,7,Wissenschaft & Medizin,5,"Rezept~A_TARGET_VIBE~2,Tablette~A_TARGET_VIBE~2,Beratung~A_TARGET_VIBE~2,Beipackzettel~A_TARGET_VIBE~3,Regal~A_TARGET_VIBE~2"
Appetit,2,7,Wissenschaft & Medizin,5,"Hunger~A_TARGET_VIBE~2,Übelkeit~A_TARGET_VIBE~2,Ernährung~A_TARGET_VIBE~2,Stoffwechsel~A_TARGET_VIBE~3,Magen~A_TARGET_VIBE~2"
Arbeit,2,7,Wissenschaft & Medizin,5,"Leistung~A_TARGET_VIBE~2,Kalorien~A_TARGET_VIBE~2,Formel~A_TARGET_VIBE~2,Messung~A_TARGET_VIBE~2,Diagramm~A_TARGET_VIBE~3"
Arterie,3,7,Wissenschaft & Medizin,6,"Vene~A_TARGET_VIBE~3,Gerinnung~A_TARGET_VIBE~3,Blutbild~A_TARGET_VIBE~3,Puls~A_TARGET_VIBE~2,EKG~A_TARGET_VIBE~3,Röntgen~A_TARGET_VIBE~3"
Arthritis,4,7,Wissenschaft & Medizin,7,"Gelenk~A_TARGET_VIBE~2,Schwellung~A_TARGET_VIBE~3,Rheuma~A_TARGET_VIBE~3,Cortison~A_TARGET_VIBE~3,Steifigkeit~A_TARGET_VIBE~3,Entzündung~A_TARGET_VIBE~3,Praxis~A_TARGET_VIBE~2"
Arthrose,4,7,Wissenschaft & Medizin,7,"Knorpel~A_TARGET_VIBE~3,Verschleiß~A_TARGET_VIBE~3,Gelenk~A_TARGET_VIBE~2,Steifigkeit~A_TARGET_VIBE~3,Physio~A_TARGET_VIBE~2,Treppen~A_TARGET_VIBE~2,Praxis~A_TARGET_VIBE~2"
Arzt,1,7,Wissenschaft & Medizin,4,"Praxis~A_TARGET_VIBE~2,Wartezimmer~A_TARGET_VIBE~2,Stethoskop~A_TARGET_VIBE~3,Rezept~A_TARGET_VIBE~2"
Arztpraxis,2,7,Wissenschaft & Medizin,5,"Wartezimmer~A_TARGET_VIBE~2,Termin~A_TARGET_VIBE~2,Rezept~A_TARGET_VIBE~2,Ultraschall~A_TARGET_VIBE~3,Blutbild~A_TARGET_VIBE~3"
Asperger,4,7,Wissenschaft & Medizin,7,"Entwicklung~A_TARGET_VIBE~3,Diagnose~A_TARGET_VIBE~3,Alltag~A_TARGET_VIBE~2,Reiz~A_TARGET_VIBE~3,Struktur~A_TARGET_VIBE~2,Therapie~A_TARGET_VIBE~2,Praxis~A_TARGET_VIBE~2"
Asthma,3,7,Wissenschaft & Medizin,6,"Inhalator~A_TARGET_VIBE~3,Atemnot~A_TARGET_VIBE~3,Spray~A_TARGET_VIBE~3,Peakflow~A_TARGET_VIBE~3,Bronchien~A_TARGET_VIBE~3,Pfeifen~A_TARGET_VIBE~3"
Atmung,3,7,Wissenschaft & Medizin,6,"Sauerstoff~A_TARGET_VIBE~3,Inhalator~A_TARGET_VIBE~3,Atemzug~A_TARGET_VIBE~3,Bronchien~A_TARGET_VIBE~3,Husten~A_TARGET_VIBE~2,Maske~A_TARGET_VIBE~2"
Augapfel,3,7,Wissenschaft & Medizin,6,"Linse~A_TARGET_VIBE~3,Netzhaut~A_TARGET_VIBE~3,Sehkraft~A_TARGET_VIBE~3,Augentropfen~A_TARGET_VIBE~3,Gesichtsfeld~A_TARGET_VIBE~3,Laser~A_TARGET_VIBE~3"
Augendruck,4,7,Wissenschaft & Medizin,7,"Augentropfen~A_TARGET_VIBE~3,Gesichtsfeld~A_TARGET_VIBE~3,Laser~A_TARGET_VIBE~3,Linse~A_TARGET_VIBE~3,Netzhaut~A_TARGET_VIBE~3,Vorsorge~A_TARGET_VIBE~2,Praxis~A_TARGET_VIBE~2"
Augenheilkunde,4,7,Wissenschaft & Medizin,7,"Sehtest~A_TARGET_VIBE~3,Augenarzt~A_TARGET_VIBE~2,Kontaktlinse~A_TARGET_VIBE~3,Linse~A_TARGET_VIBE~3,Augentropfen~A_TARGET_VIBE~3,Laser~A_TARGET_VIBE~3,Vorsorge~A_TARGET_VIBE~2"
Augentropfen,2,7,Wissenschaft & Medizin,5,"Linse~A_TARGET_VIBE~3,Sehkraft~A_TARGET_VIBE~3,Reizung~A_TARGET_VIBE~2,Fläschchen~A_TARGET_VIBE~2,Vorsorge~A_TARGET_VIBE~2"
Aura,3,7,Wissenschaft & Medizin,6,"Licht~A_TARGET_VIBE~2,Dunkelheit~A_TARGET_VIBE~2,Migräne~A_TARGET_VIBE~3,Geräusch~A_TARGET_VIBE~2,Triptan~A_TARGET_VIBE~3,Übelkeit~A_TARGET_VIBE~2"
Ausschlag,2,7,Wissenschaft & Medizin,5,"Juckreiz~A_TARGET_VIBE~3,Creme~A_TARGET_VIBE~2,Rötung~A_TARGET_VIBE~3,Salbe~A_TARGET_VIBE~2,Dermatologie~A_TARGET_VIBE~3"
Ausdauer,2,7,Wissenschaft & Medizin,5,"Puls~A_TARGET_VIBE~2,Training~A_TARGET_VIBE~2,Atmung~A_TARGET_VIBE~3,Herzschlag~A_TARGET_VIBE~3,Reha~A_TARGET_VIBE~2"
Ausreißer,3,7,Wissenschaft & Medizin,6,"Tabelle~A_TARGET_VIBE~2,Spalte~A_TARGET_VIBE~2,CSV~A_TARGET_VIBE~3,Messreihe~A_TARGET_VIBE~3,Bereinigung~A_TARGET_VIBE~3,Diagramm~A_TARGET_VIBE~3"
Auswertung,2,7,Wissenschaft & Medizin,5,"Diagramm~A_TARGET_VIBE~3,Ergebnis~A_TARGET_VIBE~2,Methode~A_TARGET_VIBE~2,Kontrolle~A_TARGET_VIBE~2,Messung~A_TARGET_VIBE~2"
Bakterium,3,2|7,Natur & Tiere|Wissenschaft & Medizin,6,"Mikroskop~A_TARGET_VIBE~2,Kultur~A_TARGET_VIBE~3,Antibiotikum~A_TARGET_VIBE~3,Keim~A_TARGET_VIBE~2,Infektion~A_TARGET_VIBE~3,Teilung~A_TARGET_VIBE~3"
Bandage,3,0|7,Alltag & Gegenstände|Wissenschaft & Medizin,6,"Gaze~A_TARGET_VIBE~3,Wickeln~A_TARGET_VIBE~2,Kompression~A_TARGET_VIBE~3,Wunde~A_TARGET_VIBE~2,Fixieren~A_TARGET_VIBE~2,Sportverletzung~A_TARGET_VIBE~3"
Bandwurm,3,2|7,Natur & Tiere|Wissenschaft & Medizin,6,"Darm~A_TARGET_VIBE~2,Entwurmung~A_TARGET_VIBE~3,Segment~A_TARGET_VIBE~3,Hygiene~A_TARGET_VIBE~2,Eier~A_TARGET_VIBE~3,Jucken~A_TARGET_VIBE~2"
Base,3,7,Wissenschaft & Medizin,6,"pH~A_TARGET_VIBE~3,Lauge~A_TARGET_VIBE~3,Säure~A_TARGET_VIBE~3,Reaktion~A_TARGET_VIBE~2,Lösung~A_TARGET_VIBE~2,Indikator~A_TARGET_VIBE~3"
Bauchnabel,2,7,Wissenschaft & Medizin,5,"Bauch~A_TARGET_VIBE~2,Narbe~A_TARGET_VIBE~2,Baby~A_TARGET_VIBE~2,Piercing~A_TARGET_VIBE~2,Haut~A_TARGET_VIBE~2"
Bauchspeicheldrüse,4,7,Wissenschaft & Medizin,7,"Enzym~A_TARGET_VIBE~3,Verdauung~A_TARGET_VIBE~3,Stoffwechsel~A_TARGET_VIBE~3,Insulin~A_TARGET_VIBE~3,Ultraschall~A_TARGET_VIBE~3,Bauch~A_TARGET_VIBE~2,Praxis~A_TARGET_VIBE~2"
Beatmung,4,7,Wissenschaft & Medizin,7,"Maske~A_TARGET_VIBE~2,Sauerstoff~A_TARGET_VIBE~3,Atemzug~A_TARGET_VIBE~3,Bronchien~A_TARGET_VIBE~3,Spirometrie~A_TARGET_VIBE~3,Aufwachraum~A_TARGET_VIBE~3,Nüchtern~A_TARGET_VIBE~3"
Becken,2,7,Wissenschaft & Medizin,5,"Knochen~A_TARGET_VIBE~2,Wirbel~A_TARGET_VIBE~3,Orthopädie~A_TARGET_VIBE~3,Training~A_TARGET_VIBE~2,Röntgen~A_TARGET_VIBE~3"
Befund,3,7,Wissenschaft & Medizin,6,"Ergebnis~A_TARGET_VIBE~2,Auswertung~A_TARGET_VIBE~2,Diagnose~A_TARGET_VIBE~3,Labor~A_TARGET_VIBE~2,Bildgebung~A_TARGET_VIBE~3,Arztbrief~A_TARGET_VIBE~3"
Behandlung,3,7,Wissenschaft & Medizin,6,"Therapie~A_TARGET_VIBE~2,Rezept~A_TARGET_VIBE~2,Nachsorge~A_TARGET_VIBE~2,Termin~A_TARGET_VIBE~2,Nebenwirkung~A_TARGET_VIBE~3,Praxis~A_TARGET_VIBE~2"
Beobachtung,3,7,Wissenschaft & Medizin,6,"Protokoll~A_TARGET_VIBE~2,Messung~A_TARGET_VIBE~2,Kontrolle~A_TARGET_VIBE~2,Diagramm~A_TARGET_VIBE~3,Studie~A_TARGET_VIBE~2,Hypothese~A_TARGET_VIBE~2"
Bewegung,2,7,Wissenschaft & Medizin,5,"Training~A_TARGET_VIBE~2,Ausdauer~A_TARGET_VIBE~2,Reha~A_TARGET_VIBE~2,Physio~A_TARGET_VIBE~2,Puls~A_TARGET_VIBE~2"
Beweis,3,14,Höhere Mathematik,6,"Formel~A_TARGET_VIBE~2,Variable~A_TARGET_VIBE~3,Koordinate~A_TARGET_VIBE~3,Diagramm~A_TARGET_VIBE~3,Ableitung~A_TARGET_VIBE~3,Vektorraum~A_TARGET_VIBE~3"
Biene,1,2,Natur & Tiere,4,"Honig~A_TARGET_VIBE~2,Stachel~A_TARGET_VIBE~2,Wabe~A_TARGET_VIBE~3,Summen~A_TARGET_VIBE~2"
Biodiversität,4,2|7,Natur & Tiere|Wissenschaft & Medizin,7,"Nahrungskette~A_TARGET_VIBE~3,Habitat~A_TARGET_VIBE~3,Artenvielfalt~A_TARGET_VIBE~3,Biotop~A_TARGET_VIBE~3,Population~A_TARGET_VIBE~3,Umwelt~A_TARGET_VIBE~2,Gleichgewicht~A_TARGET_VIBE~2"
Biologie,2,7,Wissenschaft & Medizin,5,"Studie~A_TARGET_VIBE~2,Messung~A_TARGET_VIBE~2,Hypothese~A_TARGET_VIBE~2,Diagramm~A_TARGET_VIBE~3,Probe~A_TARGET_VIBE~2"
Biopsie,4,7,Wissenschaft & Medizin,7,"Gewebe~A_TARGET_VIBE~3,Nadel~A_TARGET_VIBE~3,Labor~A_TARGET_VIBE~2,Befund~A_TARGET_VIBE~2,Screening~A_TARGET_VIBE~3,Ultraschall~A_TARGET_VIBE~3,Praxis~A_TARGET_VIBE~2"
Blase,2,7,Wissenschaft & Medizin,5,"Urin~A_TARGET_VIBE~2,Katheter~A_TARGET_VIBE~3,Harndrang~A_TARGET_VIBE~3,Infektion~A_TARGET_VIBE~3,Probe~A_TARGET_VIBE~2"
Blut,1,7,Wissenschaft & Medizin,4,"Vene~A_TARGET_VIBE~3,Arterie~A_TARGET_VIBE~3,Blutbild~A_TARGET_VIBE~3,Spritze~A_TARGET_VIBE~2"
Blutbild,3,7,Wissenschaft & Medizin,6,"Hämoglobin~A_TARGET_VIBE~3,Vene~A_TARGET_VIBE~3,Probe~A_TARGET_VIBE~2,Labor~A_TARGET_VIBE~2,Auswertung~A_TARGET_VIBE~2,Messung~A_TARGET_VIBE~2"
Blutdruck,3,7|12,Wissenschaft & Medizin|Gefühle & Abstraktes,6,"Systole~A_TARGET_VIBE~3,Diastole~A_TARGET_VIBE~3,Oberarm~A_TARGET_VIBE~2,Messgerät~A_TARGET_VIBE~3,Puls~A_TARGET_VIBE~2,Manometer~A_TARGET_VIBE~3"
Blutdruckmanschette,4,0|7,Alltag & Gegenstände|Wissenschaft & Medizin,7,"Oberarm~A_TARGET_VIBE~2,Pumpball~A_TARGET_VIBE~3,Manometer~A_TARGET_VIBE~3,Systole~A_TARGET_VIBE~3,Diastole~A_TARGET_VIBE~3,Messung~A_TARGET_VIBE~2,Praxis~A_TARGET_VIBE~2"
Blutgerinnung,4,7,Wissenschaft & Medizin,7,"Gerinnung~A_TARGET_VIBE~3,Vene~A_TARGET_VIBE~3,Arterie~A_TARGET_VIBE~3,Hämoglobin~A_TARGET_VIBE~3,Blutbild~A_TARGET_VIBE~3,Heparin~A_TARGET_VIBE~3,Schwellung~A_TARGET_VIBE~3"
Bluthochdruck,3,7|12,Wissenschaft & Medizin|Gefühle & Abstraktes,6,"Systole~A_TARGET_VIBE~3,Diastole~A_TARGET_VIBE~3,Salz~A_TARGET_VIBE~2,Tablette~A_TARGET_VIBE~2,Messgerät~A_TARGET_VIBE~3,Risiko~A_TARGET_VIBE~2"
Blutzucker,3,7,Wissenschaft & Medizin,6,"Insulin~A_TARGET_VIBE~3,Messgerät~A_TARGET_VIBE~3,HbA1c~A_TARGET_VIBE~3,Traubenzucker~A_TARGET_VIBE~3,Kalorien~A_TARGET_VIBE~2,Ernährung~A_TARGET_VIBE~2"
Borreliose,3,7,Wissenschaft & Medizin,6,"Zecke~A_TARGET_VIBE~3,Wanderröte~A_TARGET_VIBE~3,Doxycyclin~A_TARGET_VIBE~3,Stich~A_TARGET_VIBE~2,Waldweg~A_TARGET_VIBE~2,Gelenk~A_TARGET_VIBE~2"
Bronchitis,3,7,Wissenschaft & Medizin,6,"Husten~A_TARGET_VIBE~2,Schleim~A_TARGET_VIBE~3,Inhalation~A_TARGET_VIBE~3,Bronchien~A_TARGET_VIBE~3,Fieber~A_TARGET_VIBE~2,Hausarzt~A_TARGET_VIBE~2"
Bruch,2,7,Wissenschaft & Medizin,5,"Gips~A_TARGET_VIBE~2,Röntgen~A_TARGET_VIBE~3,Schiene~A_TARGET_VIBE~2,Orthopädie~A_TARGET_VIBE~3,Reha~A_TARGET_VIBE~2"
Bauch,1,7,Wissenschaft & Medizin,4,"Verdauung~A_TARGET_VIBE~3,Magen~A_TARGET_VIBE~2,Darm~A_TARGET_VIBE~2,Übelkeit~A_TARGET_VIBE~2"
Calcium,3,7,Wissenschaft & Medizin,6,"Knochendichte~A_TARGET_VIBE~3,VitaminD~A_TARGET_VIBE~3,Wirbel~A_TARGET_VIBE~3,Bruch~A_TARGET_VIBE~2,Ernährung~A_TARGET_VIBE~2,Rezept~A_TARGET_VIBE~2"
Chemotherapie,4,7,Wissenschaft & Medizin,7,"Infusion~A_TARGET_VIBE~3,Port~A_TARGET_VIBE~3,Zytostatika~A_TARGET_VIBE~3,Haarausfall~A_TARGET_VIBE~3,Onkologie~A_TARGET_VIBE~3,Übelkeit~A_TARGET_VIBE~2,Praxis~A_TARGET_VIBE~2"
Chemie,2,7,Wissenschaft & Medizin,5,"Reaktion~A_TARGET_VIBE~2,Lösung~A_TARGET_VIBE~2,Indikator~A_TARGET_VIBE~3,Messung~A_TARGET_VIBE~2,Diagramm~A_TARGET_VIBE~3"
Chromosom,3,7,Wissenschaft & Medizin,6,"DNA~A_TARGET_VIBE~3,Mutation~A_TARGET_VIBE~3,Vererbung~A_TARGET_VIBE~3,Sequenz~A_TARGET_VIBE~3,PCR~A_TARGET_VIBE~3,Genschere~A_TARGET_VIBE~3"
Computertomografie,4,7,Wissenschaft & Medizin,7,"CT~A_TARGET_VIBE~3,Röntgen~A_TARGET_VIBE~3,Kontrastmittel~A_TARGET_VIBE~3,Scanner~A_TARGET_VIBE~3,Schnittbild~A_TARGET_VIBE~3,Strahlung~A_TARGET_VIBE~3,Befund~A_TARGET_VIBE~2"
Cortison,4,7,Wissenschaft & Medizin,7,"Entzündung~A_TARGET_VIBE~3,Schwellung~A_TARGET_VIBE~3,Nebenwirkung~A_TARGET_VIBE~3,Rezept~A_TARGET_VIBE~2,Tablette~A_TARGET_VIBE~2,Praxis~A_TARGET_VIBE~2,Dosis~A_TARGET_VIBE~3"
CSV,3,6|14,Technik & Digitales|Höhere Mathematik,6,"Tabelle~A_TARGET_VIBE~2,Spalte~A_TARGET_VIBE~2,Datensatz~A_TARGET_VIBE~3,Bereinigung~A_TARGET_VIBE~3,Ausreißer~A_TARGET_VIBE~3,Daten~A_TARGET_VIBE~2"
CT,4,7,Wissenschaft & Medizin,7,"Scanner~A_TARGET_VIBE~3,Schnittbild~A_TARGET_VIBE~3,Kontrastmittel~A_TARGET_VIBE~3,Röntgen~A_TARGET_VIBE~3,Strahlung~A_TARGET_VIBE~3,Befund~A_TARGET_VIBE~2,Dosis~A_TARGET_VIBE~3"
CTG,4,7,Wissenschaft & Medizin,7,"Kreißsaal~A_TARGET_VIBE~3,Wehen~A_TARGET_VIBE~3,Ultraschall~A_TARGET_VIBE~3,Nachsorge~A_TARGET_VIBE~2,Neugeboren~A_TARGET_VIBE~2,Geburtsplan~A_TARGET_VIBE~3,Praxis~A_TARGET_VIBE~2"
Darm,2,7,Wissenschaft & Medizin,5,"Verdauung~A_TARGET_VIBE~3,Darmflora~A_TARGET_VIBE~3,Stuhlprobe~A_TARGET_VIBE~3,Enzym~A_TARGET_VIBE~3,Übersäuerung~A_TARGET_VIBE~3"
Darmflora,4,7,Wissenschaft & Medizin,7,"Darmflora~A_TARGET_VIBE~3,Stuhlprobe~A_TARGET_VIBE~3,Keim~A_TARGET_VIBE~2,Kultur~A_TARGET_VIBE~3,Hygiene~A_TARGET_VIBE~2,Infektion~A_TARGET_VIBE~3,Mikroskop~A_TARGET_VIBE~2"
Datensatz,3,6|14,Technik & Digitales|Höhere Mathematik,6,"Tabelle~A_TARGET_VIBE~2,Spalte~A_TARGET_VIBE~2,CSV~A_TARGET_VIBE~3,Messreihe~A_TARGET_VIBE~3,Bereinigung~A_TARGET_VIBE~3,Ausreißer~A_TARGET_VIBE~3"
Defibrillator,4,0|7,Alltag & Gegenstände|Wissenschaft & Medizin,7,"AED~A_TARGET_VIBE~3,Schock~A_TARGET_VIBE~3,Elektrode~A_TARGET_VIBE~3,Reanimation~A_TARGET_VIBE~3,Notfall~A_TARGET_VIBE~3,Herzrhythmus~A_TARGET_VIBE~3,Praxis~A_TARGET_VIBE~2"
Demenz,3,7|12,Wissenschaft & Medizin|Gefühle & Abstraktes,6,"Gedächtnis~A_TARGET_VIBE~3,Orientierung~A_TARGET_VIBE~3,Pflegeheim~A_TARGET_VIBE~3,Uhrentest~A_TARGET_VIBE~3,Verwirrung~A_TARGET_VIBE~3,Betreuung~A_TARGET_VIBE~2"
Depression,3,7|12,Wissenschaft & Medizin|Gefühle & Abstraktes,6,"Antrieb~A_TARGET_VIBE~3,Schlaf~A_TARGET_VIBE~2,Gespräch~A_TARGET_VIBE~2,Antidepressivum~A_TARGET_VIBE~3,Serotonin~A_TARGET_VIBE~3,Stimmung~A_TARGET_VIBE~3"
Diabetes,4,7,Wissenschaft & Medizin,7,"Insulin~A_TARGET_VIBE~3,Blutzucker~A_TARGET_VIBE~3,Messgerät~A_TARGET_VIBE~3,HbA1c~A_TARGET_VIBE~3,Traubenzucker~A_TARGET_VIBE~3,Spritzplan~A_TARGET_VIBE~3,Kalorien~A_TARGET_VIBE~2"
Diagnose,3,7,Wissenschaft & Medizin,6,"Befund~A_TARGET_VIBE~3,Anamnese~A_TARGET_VIBE~3,Untersuchung~A_TARGET_VIBE~3,Ergebnis~A_TARGET_VIBE~2,Termin~A_TARGET_VIBE~2,Praxis~A_TARGET_VIBE~2"
Diagnoseverfahren,4,7,Wissenschaft & Medizin,7,"Bildgebung~A_TARGET_VIBE~3,Labor~A_TARGET_VIBE~2,Anamnese~A_TARGET_VIBE~3,Befund~A_TARGET_VIBE~2,Screening~A_TARGET_VIBE~3,Messung~A_TARGET_VIBE~2,Protokoll~A_TARGET_VIBE~2"
Diastole,4,7,Wissenschaft & Medizin,7,"Systole~A_TARGET_VIBE~3,Oberarm~A_TARGET_VIBE~2,Manometer~A_TARGET_VIBE~3,Puls~A_TARGET_VIBE~2,Messung~A_TARGET_VIBE~2,Salz~A_TARGET_VIBE~2,Risiko~A_TARGET_VIBE~2"
Dichte,3,7,Wissenschaft & Medizin,6,"Knochendichte~A_TARGET_VIBE~3,Wirbel~A_TARGET_VIBE~3,Calcium~A_TARGET_VIBE~3,Bruch~A_TARGET_VIBE~2,Röntgen~A_TARGET_VIBE~3,Messung~A_TARGET_VIBE~2"
Dioptrien,4,7,Wissenschaft & Medizin,7,"Brille~A_TARGET_VIBE~2,Sehtest~A_TARGET_VIBE~3,Kontaktlinse~A_TARGET_VIBE~3,Ferne~A_TARGET_VIBE~2,Augenarzt~A_TARGET_VIBE~2,Linse~A_TARGET_VIBE~3,Praxis~A_TARGET_VIBE~2"
Dosis,3,7,Wissenschaft & Medizin,6,"Tablette~A_TARGET_VIBE~2,Beipackzettel~A_TARGET_VIBE~3,Nebenwirkung~A_TARGET_VIBE~3,Rezept~A_TARGET_VIBE~2,Kontrolle~A_TARGET_VIBE~2,Praxis~A_TARGET_VIBE~2"
DNA,3,7,Wissenschaft & Medizin,6,"Mutation~A_TARGET_VIBE~3,Chromosom~A_TARGET_VIBE~3,Vererbung~A_TARGET_VIBE~3,Sequenz~A_TARGET_VIBE~3,PCR~A_TARGET_VIBE~3,Genschere~A_TARGET_VIBE~3"
Doxycyclin,4,7,Wissenschaft & Medizin,7,"Rezept~A_TARGET_VIBE~2,Nebenwirkung~A_TARGET_VIBE~3,Zecke~A_TARGET_VIBE~3,Infektion~A_TARGET_VIBE~3,Tablette~A_TARGET_VIBE~2,Lichtempfindlich~A_TARGET_VIBE~3,Praxis~A_TARGET_VIBE~2"
Druck,3,7|12,Wissenschaft & Medizin|Gefühle & Abstraktes,6,"Bar~A_TARGET_VIBE~3,Pascal~A_TARGET_VIBE~3,Manometer~A_TARGET_VIBE~3,Kompression~A_TARGET_VIBE~3,Kolben~A_TARGET_VIBE~3,Hydraulik~A_TARGET_VIBE~3"
Dunkelheit,2,7,Wissenschaft & Medizin,5,"Licht~A_TARGET_VIBE~2,Pupille~A_TARGET_VIBE~2,Netzhaut~A_TARGET_VIBE~3,Schlaf~A_TARGET_VIBE~2,Orientierung~A_TARGET_VIBE~2"
Durchfall,2,7,Wissenschaft & Medizin,5,"Darm~A_TARGET_VIBE~2,Stuhlprobe~A_TARGET_VIBE~3,Infektion~A_TARGET_VIBE~3,Flüssigkeit~A_TARGET_VIBE~2,Ernährung~A_TARGET_VIBE~2"
Dystrophie,4,7,Wissenschaft & Medizin,7,"Muskel~A_TARGET_VIBE~3,Kontraktion~A_TARGET_VIBE~3,Genetik~A_TARGET_VIBE~3,Vererbung~A_TARGET_VIBE~3,Reha~A_TARGET_VIBE~2,Physio~A_TARGET_VIBE~2,Praxis~A_TARGET_VIBE~2"
Echokardiografie,4,7,Wissenschaft & Medizin,7,"Ultraschall~A_TARGET_VIBE~3,Puls~A_TARGET_VIBE~2,Herzklappe~A_TARGET_VIBE~3,Rhythmus~A_TARGET_VIBE~3,Befund~A_TARGET_VIBE~2,Brustkorb~A_TARGET_VIBE~2,Praxis~A_TARGET_VIBE~2"
Einfallswinkel,4,7,Wissenschaft & Medizin,7,"Spiegel~A_TARGET_VIBE~2,Prisma~A_TARGET_VIBE~3,Brechzahl~A_TARGET_VIBE~3,Lichtstrahl~A_TARGET_VIBE~3,Winkel~A_TARGET_VIBE~3,Reflexion~A_TARGET_VIBE~3,Linse~A_TARGET_VIBE~3"
Eier,3,7,Wissenschaft & Medizin,6,"Hygiene~A_TARGET_VIBE~2,Entwurmung~A_TARGET_VIBE~3,Segment~A_TARGET_VIBE~3,Darm~A_TARGET_VIBE~2,Keim~A_TARGET_VIBE~2,Infektion~A_TARGET_VIBE~3"
Einladung,2,7,Wissenschaft & Medizin,5,"Termin~A_TARGET_VIBE~2,Früherkennung~A_TARGET_VIBE~3,Kasse~A_TARGET_VIBE~2,Kontrolltermin~A_TARGET_VIBE~2,Vorsorge~A_TARGET_VIBE~2"
Eingabe,2,14,Höhere Mathematik,5,"Ausgabe~A_TARGET_VIBE~2,Graph~A_TARGET_VIBE~3,Variable~A_TARGET_VIBE~3,Formel~A_TARGET_VIBE~2,Koordinate~A_TARGET_VIBE~3"
Einladungsschreiben,4,7,Wissenschaft & Medizin,7,"Termin~A_TARGET_VIBE~2,Früherkennung~A_TARGET_VIBE~3,Kasse~A_TARGET_VIBE~2,Kontrolltermin~A_TARGET_VIBE~2,Vorsorge~A_TARGET_VIBE~2,Ultraschall~A_TARGET_VIBE~3,Labor~A_TARGET_VIBE~2"
Einzelzelle,4,7,Wissenschaft & Medizin,7,"Zellkern~A_TARGET_VIBE~3,Membran~A_TARGET_VIBE~3,Organell~A_TARGET_VIBE~3,Mikroskop~A_TARGET_VIBE~2,Teilung~A_TARGET_VIBE~3,Ribosom~A_TARGET_VIBE~3,Praxis~A_TARGET_VIBE~2"
Elektron,3,7,Wissenschaft & Medizin,6,"Ladung~A_TARGET_VIBE~3,Orbital~A_TARGET_VIBE~3,Strom~A_TARGET_VIBE~2,Leiter~A_TARGET_VIBE~2,Teilchen~A_TARGET_VIBE~3,Spin~A_TARGET_VIBE~3"
Elektrode,3,7,Wissenschaft & Medizin,6,"EKG~A_TARGET_VIBE~3,Herzrhythmus~A_TARGET_VIBE~3,Schock~A_TARGET_VIBE~3,Batterie~A_TARGET_VIBE~2,Kontrolle~A_TARGET_VIBE~2,Praxis~A_TARGET_VIBE~2"
Elektrokardiogramm,4,7,Wissenschaft & Medizin,7,"EKG~A_TARGET_VIBE~3,Puls~A_TARGET_VIBE~2,Rhythmus~A_TARGET_VIBE~3,Elektrode~A_TARGET_VIBE~3,Brustkorb~A_TARGET_VIBE~2,Befund~A_TARGET_VIBE~2,Praxis~A_TARGET_VIBE~2"
Endorphin,4,7,Wissenschaft & Medizin,7,"Schmerzmittel~A_TARGET_VIBE~3,Training~A_TARGET_VIBE~2,Euphorie~A_TARGET_VIBE~3,Stress~A_TARGET_VIBE~2,Gehirn~A_TARGET_VIBE~3,Rezept~A_TARGET_VIBE~2,Praxis~A_TARGET_VIBE~2"
Entwicklung,2,7,Wissenschaft & Medizin,5,"Zellteilung~A_TARGET_VIBE~3,Vererbung~A_TARGET_VIBE~3,Mutation~A_TARGET_VIBE~3,Studie~A_TARGET_VIBE~2,Hypothese~A_TARGET_VIBE~2"
Entwicklungsstörung,4,7|12,Wissenschaft & Medizin|Gefühle & Abstraktes,7,"Entwicklung~A_TARGET_VIBE~3,Diagnose~A_TARGET_VIBE~3,Alltag~A_TARGET_VIBE~2,Reiz~A_TARGET_VIBE~3,Struktur~A_TARGET_VIBE~2,Therapie~A_TARGET_VIBE~2,Praxis~A_TARGET_VIBE~2"
Enzym,3,7,Wissenschaft & Medizin,6,"Verdauung~A_TARGET_VIBE~3,Lunge~A_TARGET_VIBE~2,Stoffwechsel~A_TARGET_VIBE~3,Labor~A_TARGET_VIBE~2,Reaktion~A_TARGET_VIBE~2,Probe~A_TARGET_VIBE~2"
Energie,3,7,Wissenschaft & Medizin,6,"Leistung~A_TARGET_VIBE~3,Arbeit~A_TARGET_VIBE~3,Kalorie~A_TARGET_VIBE~2,Spannung~A_TARGET_VIBE~3,Wirkungsgrad~A_TARGET_VIBE~3,Speicher~A_TARGET_VIBE~2"
Entzündung,2,7,Wissenschaft & Medizin,5,"Schwellung~A_TARGET_VIBE~2,Rötung~A_TARGET_VIBE~2,Fieber~A_TARGET_VIBE~2,Antibiotikum~A_TARGET_VIBE~3,Praxis~A_TARGET_VIBE~2"
Erbrechen,2,7,Wissenschaft & Medizin,5,"Übelkeit~A_TARGET_VIBE~2,Magen~A_TARGET_VIBE~2,Ingwer~A_TARGET_VIBE~3,Kreislauf~A_TARGET_VIBE~2,Flüssigkeit~A_TARGET_VIBE~2"
Ergebnis,2,7,Wissenschaft & Medizin,5,"Auswertung~A_TARGET_VIBE~2,Diagramm~A_TARGET_VIBE~3,Kontrolle~A_TARGET_VIBE~2,Messung~A_TARGET_VIBE~2,Befund~A_TARGET_VIBE~2"
Ernährung,2,7,Wissenschaft & Medizin,5,"Kalorien~A_TARGET_VIBE~2,Diätplan~A_TARGET_VIBE~3,Stoffwechsel~A_TARGET_VIBE~3,Protein~A_TARGET_VIBE~2,Vitamin~A_TARGET_VIBE~2"
Erythrozyt,4,7,Wissenschaft & Medizin,7,"Blutbild~A_TARGET_VIBE~3,Hämoglobin~A_TARGET_VIBE~3,Vene~A_TARGET_VIBE~3,Arterie~A_TARGET_VIBE~3,Probe~A_TARGET_VIBE~2,Labor~A_TARGET_VIBE~2,Praxis~A_TARGET_VIBE~2"
Experiment,2,7,Wissenschaft & Medizin,5,"Hypothese~A_TARGET_VIBE~2,Messung~A_TARGET_VIBE~2,Kontrolle~A_TARGET_VIBE~2,Protokoll~A_TARGET_VIBE~2,Diagramm~A_TARGET_VIBE~3"
Farbe,2,7,Wissenschaft & Medizin,5,"Spektrum~A_TARGET_VIBE~3,Prisma~A_TARGET_VIBE~3,Linse~A_TARGET_VIBE~3,Netzhaut~A_TARGET_VIBE~3,Lichtstrahl~A_TARGET_VIBE~3"
Faser,3,7,Wissenschaft & Medizin,6,"Sehne~A_TARGET_VIBE~3,Kontraktion~A_TARGET_VIBE~3,Training~A_TARGET_VIBE~2,Reha~A_TARGET_VIBE~2,Physio~A_TARGET_VIBE~2,Massage~A_TARGET_VIBE~2"
Fehler,2,7,Wissenschaft & Medizin,5,"Kontrolle~A_TARGET_VIBE~2,Auswertung~A_TARGET_VIBE~2,Parameter~A_TARGET_VIBE~3,Protokoll~A_TARGET_VIBE~2,Messung~A_TARGET_VIBE~2"
Ferne,2,7,Wissenschaft & Medizin,5,"Brille~A_TARGET_VIBE~2,Dioptrien~A_TARGET_VIBE~3,Sehtest~A_TARGET_VIBE~3,Kontaktlinse~A_TARGET_VIBE~3,Augenarzt~A_TARGET_VIBE~2"
Fett,2,1|7,Essen & Trinken|Wissenschaft & Medizin,5,"Kalorien~A_TARGET_VIBE~2,Ernährung~A_TARGET_VIBE~2,Stoffwechsel~A_TARGET_VIBE~3,Blutbild~A_TARGET_VIBE~3,Diätplan~A_TARGET_VIBE~3"
Fieber,1,7,Wissenschaft & Medizin,4,"Temperatur~A_TARGET_VIBE~2,Schüttelfrost~A_TARGET_VIBE~2,Infektion~A_TARGET_VIBE~3,Thermometer~A_TARGET_VIBE~2"
Fieberthermometer,2,0|7,Alltag & Gegenstände|Wissenschaft & Medizin,5,"Temperatur~A_TARGET_VIBE~2,Achsel~A_TARGET_VIBE~2,Fieber~A_TARGET_VIBE~2,Messen~A_TARGET_VIBE~2,Anzeige~A_TARGET_VIBE~2"
Flucht,3,7,Wissenschaft & Medizin,6,"Stress~A_TARGET_VIBE~2,Puls~A_TARGET_VIBE~2,Schweiß~A_TARGET_VIBE~2,Nervenkitzel~A_TARGET_VIBE~3,Reaktion~A_TARGET_VIBE~2,Adrenalin~A_TARGET_VIBE~3"
Formel,2,14,Höhere Mathematik,5,"Variable~A_TARGET_VIBE~3,Gleichung~A_TARGET_VIBE~3,Term~A_TARGET_VIBE~3,Umstellen~A_TARGET_VIBE~3,Beweis~A_TARGET_VIBE~3"
Fragebogen,2,7,Wissenschaft & Medizin,5,"Vorgeschichte~A_TARGET_VIBE~3,Gespräch~A_TARGET_VIBE~2,Notizen~A_TARGET_VIBE~2,Termin~A_TARGET_VIBE~2,Praxis~A_TARGET_VIBE~2"
Früherkennung,3,7,Wissenschaft & Medizin,6,"Termin~A_TARGET_VIBE~2,Kasse~A_TARGET_VIBE~2,Kontrolltermin~A_TARGET_VIBE~2,Ultraschall~A_TARGET_VIBE~3,Labor~A_TARGET_VIBE~2,Vorsorge~A_TARGET_VIBE~2"
Fruchtbarkeit,4,7,Wissenschaft & Medizin,7,"Zyklus~A_TARGET_VIBE~3,Hormon~A_TARGET_VIBE~3,Ultraschall~A_TARGET_VIBE~3,Termin~A_TARGET_VIBE~2,Praxis~A_TARGET_VIBE~2,Behandlung~A_TARGET_VIBE~3,Nachsorge~A_TARGET_VIBE~2"
Funktion,3,14,Höhere Mathematik,6,"Graph~A_TARGET_VIBE~3,Eingabe~A_TARGET_VIBE~2,Ausgabe~A_TARGET_VIBE~2,Kurve~A_TARGET_VIBE~3,Nullstelle~A_TARGET_VIBE~3,Steigung~A_TARGET_VIBE~3"
Galle,3,7,Wissenschaft & Medizin,6,"Verdauung~A_TARGET_VIBE~3,Leberwerte~A_TARGET_VIBE~3,Enzym~A_TARGET_VIBE~3,Bauch~A_TARGET_VIBE~2,Ultraschall~A_TARGET_VIBE~3,Praxis~A_TARGET_VIBE~2"
Gauß,4,14,Höhere Mathematik,7,"Zeilen~A_TARGET_VIBE~2,Spalten~A_TARGET_VIBE~2,Determinante~A_TARGET_VIBE~3,Vektor~A_TARGET_VIBE~3,Operator~A_TARGET_VIBE~3,Formel~A_TARGET_VIBE~2,Beweis~A_TARGET_VIBE~3"
Gehirn,2,7,Wissenschaft & Medizin,5,"Neuronen~A_TARGET_VIBE~3,Gedächtnis~A_TARGET_VIBE~3,Reflex~A_TARGET_VIBE~2,Synapse~A_TARGET_VIBE~3,Motorik~A_TARGET_VIBE~3"
Gelenk,2,7,Wissenschaft & Medizin,5,"Knorpel~A_TARGET_VIBE~3,Steifigkeit~A_TARGET_VIBE~3,Physio~A_TARGET_VIBE~2,Schwellung~A_TARGET_VIBE~3,Röntgen~A_TARGET_VIBE~3"
Gen,3,7,Wissenschaft & Medizin,6,"DNA~A_TARGET_VIBE~3,Mutation~A_TARGET_VIBE~3,Chromosom~A_TARGET_VIBE~3,Vererbung~A_TARGET_VIBE~3,Sequenz~A_TARGET_VIBE~3,PCR~A_TARGET_VIBE~3"
Genetik,3,7,Wissenschaft & Medizin,6,"DNA~A_TARGET_VIBE~3,Mutation~A_TARGET_VIBE~3,Chromosom~A_TARGET_VIBE~3,Vererbung~A_TARGET_VIBE~3,Sequenz~A_TARGET_VIBE~3,Genschere~A_TARGET_VIBE~3"
Genom,4,7,Wissenschaft & Medizin,7,"DNA~A_TARGET_VIBE~3,Sequenz~A_TARGET_VIBE~3,Chromosom~A_TARGET_VIBE~3,Mutation~A_TARGET_VIBE~3,PCR~A_TARGET_VIBE~3,Genschere~A_TARGET_VIBE~3,Labor~A_TARGET_VIBE~2"
Geräusch,2,7,Wissenschaft & Medizin,5,"Schall~A_TARGET_VIBE~2,Frequenz~A_TARGET_VIBE~3,Kopfhörer~A_TARGET_VIBE~2,Lautstärke~A_TARGET_VIBE~2,Dämmung~A_TARGET_VIBE~3"
Gerinnsel,4,7,Wissenschaft & Medizin,7,"Vene~A_TARGET_VIBE~3,Kompression~A_TARGET_VIBE~3,Heparin~A_TARGET_VIBE~3,Schwellung~A_TARGET_VIBE~3,Langstrecke~A_TARGET_VIBE~3,Bein~A_TARGET_VIBE~2,Praxis~A_TARGET_VIBE~2"
Gerinnung,3,7,Wissenschaft & Medizin,6,"Vene~A_TARGET_VIBE~3,Arterie~A_TARGET_VIBE~3,Hämoglobin~A_TARGET_VIBE~3,Blutbild~A_TARGET_VIBE~3,Probe~A_TARGET_VIBE~2,Labor~A_TARGET_VIBE~2"
Gesichtsfeld,3,7,Wissenschaft & Medizin,6,"Linse~A_TARGET_VIBE~3,Augentropfen~A_TARGET_VIBE~3,Netzhaut~A_TARGET_VIBE~3,Laser~A_TARGET_VIBE~3,Vorsorge~A_TARGET_VIBE~2,Praxis~A_TARGET_VIBE~2"
Gips,2,7,Wissenschaft & Medizin,5,"Bruch~A_TARGET_VIBE~2,Röntgen~A_TARGET_VIBE~3,Schiene~A_TARGET_VIBE~2,Reha~A_TARGET_VIBE~2,Orthopädie~A_TARGET_VIBE~3"
Glaukom,4,7,Wissenschaft & Medizin,7,"Augendruck~A_TARGET_VIBE~3,Sehnerv~A_TARGET_VIBE~3,Gesichtsfeld~A_TARGET_VIBE~3,Tropfen~A_TARGET_VIBE~3,Vorsorge~A_TARGET_VIBE~2,Laser~A_TARGET_VIBE~3,Praxis~A_TARGET_VIBE~2"
Gleichgewicht,2,7,Wissenschaft & Medizin,5,"Habitat~A_TARGET_VIBE~3,Nahrungskette~A_TARGET_VIBE~3,Population~A_TARGET_VIBE~3,Umwelt~A_TARGET_VIBE~2,Kreislauf~A_TARGET_VIBE~2"
Gleichung,3,14,Höhere Mathematik,6,"Unbekannte~A_TARGET_VIBE~3,Umstellen~A_TARGET_VIBE~3,Lösung~A_TARGET_VIBE~2,Formel~A_TARGET_VIBE~2,Term~A_TARGET_VIBE~3,Wurzel~A_TARGET_VIBE~3"
Gliederschmerz,3,7,Wissenschaft & Medizin,6,"Fieber~A_TARGET_VIBE~2,Husten~A_TARGET_VIBE~2,Taschentuch~A_TARGET_VIBE~2,Tröpfchen~A_TARGET_VIBE~3,Impfung~A_TARGET_VIBE~3,Quarantäne~A_TARGET_VIBE~3"
Graph,3,14,Höhere Mathematik,6,"Eingabe~A_TARGET_VIBE~2,Ausgabe~A_TARGET_VIBE~2,Koordinate~A_TARGET_VIBE~3,Diagramm~A_TARGET_VIBE~3,Variable~A_TARGET_VIBE~3,Nullstelle~A_TARGET_VIBE~3"
Grippe,1,7,Wissenschaft & Medizin,4,"Fieber~A_TARGET_VIBE~2,Husten~A_TARGET_VIBE~2,Taschentuch~A_TARGET_VIBE~2,Impfung~A_TARGET_VIBE~3"
Gynäkologie,4,7,Wissenschaft & Medizin,7,"Zyklus~A_TARGET_VIBE~3,Ultraschall~A_TARGET_VIBE~3,Untersuchung~A_TARGET_VIBE~3,Termin~A_TARGET_VIBE~2,Kreißsaal~A_TARGET_VIBE~3,Nachsorge~A_TARGET_VIBE~2,Praxis~A_TARGET_VIBE~2"
Habitat,3,2|7,Natur & Tiere|Wissenschaft & Medizin,6,"Nahrungskette~A_TARGET_VIBE~3,Artenvielfalt~A_TARGET_VIBE~3,Biotop~A_TARGET_VIBE~3,Population~A_TARGET_VIBE~3,Umwelt~A_TARGET_VIBE~2,Gleichgewicht~A_TARGET_VIBE~2"
Haarausfall,3,7,Wissenschaft & Medizin,6,"Zytostatika~A_TARGET_VIBE~3,Infusion~A_TARGET_VIBE~3,Onkologie~A_TARGET_VIBE~3,Nebenwirkung~A_TARGET_VIBE~3,Praxis~A_TARGET_VIBE~2,Termin~A_TARGET_VIBE~2"
Halbwertszeit,4,7,Wissenschaft & Medizin,7,"Zerfall~A_TARGET_VIBE~3,Isotop~A_TARGET_VIBE~3,Radioaktiv~A_TARGET_VIBE~3,Strahlung~A_TARGET_VIBE~3,Blei~A_TARGET_VIBE~2,Messzeit~A_TARGET_VIBE~3,Studie~A_TARGET_VIBE~2"
Hämoglobin,4,7,Wissenschaft & Medizin,7,"Blutbild~A_TARGET_VIBE~3,Vene~A_TARGET_VIBE~3,Arterie~A_TARGET_VIBE~3,Probe~A_TARGET_VIBE~2,Labor~A_TARGET_VIBE~2,Messung~A_TARGET_VIBE~2,Praxis~A_TARGET_VIBE~2"
Harnstoff,4,7,Wissenschaft & Medizin,7,"Urin~A_TARGET_VIBE~2,Labor~A_TARGET_VIBE~2,Niere~A_TARGET_VIBE~3,Blutbild~A_TARGET_VIBE~3,Messung~A_TARGET_VIBE~2,Probe~A_TARGET_VIBE~2,Praxis~A_TARGET_VIBE~2"
Harnweg,3,7,Wissenschaft & Medizin,6,"Urin~A_TARGET_VIBE~2,Blase~A_TARGET_VIBE~2,Katheter~A_TARGET_VIBE~3,Infektion~A_TARGET_VIBE~3,Probe~A_TARGET_VIBE~2,Labor~A_TARGET_VIBE~2"
Haut,1,7,Wissenschaft & Medizin,4,"Creme~A_TARGET_VIBE~2,Juckreiz~A_TARGET_VIBE~3,Rötung~A_TARGET_VIBE~3,Dermatologie~A_TARGET_VIBE~3"
Hautreiz,3,7,Wissenschaft & Medizin,6,"Creme~A_TARGET_VIBE~2,Salbe~A_TARGET_VIBE~2,Rötung~A_TARGET_VIBE~3,Juckreiz~A_TARGET_VIBE~3,Dermatologie~A_TARGET_VIBE~3,Nebenwirkung~A_TARGET_VIBE~3"
Hebamme,2,7|9,Wissenschaft & Medizin|Gesellschaft & Beruf,5,"Kreißsaal~A_TARGET_VIBE~3,Wehen~A_TARGET_VIBE~3,Ultraschall~A_TARGET_VIBE~3,Geburt~A_TARGET_VIBE~2,Nachsorge~A_TARGET_VIBE~2"
Heparin,4,7,Wissenschaft & Medizin,7,"Vene~A_TARGET_VIBE~3,Gerinnsel~A_TARGET_VIBE~3,Kompression~A_TARGET_VIBE~3,Schwellung~A_TARGET_VIBE~3,Langstrecke~A_TARGET_VIBE~3,Bein~A_TARGET_VIBE~2,Praxis~A_TARGET_VIBE~2"
Herz,1,7,Wissenschaft & Medizin,4,"Puls~A_TARGET_VIBE~2,EKG~A_TARGET_VIBE~3,Rhythmus~A_TARGET_VIBE~3,Herzschlag~A_TARGET_VIBE~3"
Herzinfarkt,4,7,Wissenschaft & Medizin,7,"Notruf~A_TARGET_VIBE~3,Brustschmerz~A_TARGET_VIBE~3,Stent~A_TARGET_VIBE~3,EKG~A_TARGET_VIBE~3,Puls~A_TARGET_VIBE~2,Reanimation~A_TARGET_VIBE~3,Praxis~A_TARGET_VIBE~2"
Herzklappe,4,7,Wissenschaft & Medizin,7,"Puls~A_TARGET_VIBE~2,Rhythmus~A_TARGET_VIBE~3,EKG~A_TARGET_VIBE~3,Brustkorb~A_TARGET_VIBE~2,Ultraschall~A_TARGET_VIBE~3,Befund~A_TARGET_VIBE~2,Praxis~A_TARGET_VIBE~2"
Herzschlag,2,7,Wissenschaft & Medizin,5,"Puls~A_TARGET_VIBE~2,Rhythmus~A_TARGET_VIBE~3,Ausdauer~A_TARGET_VIBE~2,EKG~A_TARGET_VIBE~3,Brustkorb~A_TARGET_VIBE~2"
Herzschrittmacher,4,0|7,Alltag & Gegenstände|Wissenschaft & Medizin,7,"Implantat~A_TARGET_VIBE~3,Elektrode~A_TARGET_VIBE~3,Batterie~A_TARGET_VIBE~2,EKG~A_TARGET_VIBE~3,Rhythmus~A_TARGET_VIBE~3,Kontrolle~A_TARGET_VIBE~2,Praxis~A_TARGET_VIBE~2"
Hepatitis,4,7,Wissenschaft & Medizin,7,"Leberwerte~A_TARGET_VIBE~3,Gelbsucht~A_TARGET_VIBE~3,Impfung~A_TARGET_VIBE~3,Transaminasen~A_TARGET_VIBE~3,Ansteckung~A_TARGET_VIBE~3,Virus~A_TARGET_VIBE~2,Praxis~A_TARGET_VIBE~2"
Hörgerät,3,0|7,Alltag & Gegenstände|Wissenschaft & Medizin,6,"Trommelfell~A_TARGET_VIBE~3,Hörtest~A_TARGET_VIBE~3,Tinnitus~A_TARGET_VIBE~3,Gehörgang~A_TARGET_VIBE~3,Lautstärke~A_TARGET_VIBE~2,Kopfhörer~A_TARGET_VIBE~2"
Hörtest,3,7,Wissenschaft & Medizin,6,"Trommelfell~A_TARGET_VIBE~3,Tinnitus~A_TARGET_VIBE~3,Gehörgang~A_TARGET_VIBE~3,Ohrstöpsel~A_TARGET_VIBE~2,Lautstärke~A_TARGET_VIBE~2,Kopfhörer~A_TARGET_VIBE~2"
Husten,1,7,Wissenschaft & Medizin,4,"Bronchien~A_TARGET_VIBE~3,Inhalation~A_TARGET_VIBE~3,Fieber~A_TARGET_VIBE~2,Taschentuch~A_TARGET_VIBE~2"
Hypothese,3,7,Wissenschaft & Medizin,6,"Studie~A_TARGET_VIBE~2,Messung~A_TARGET_VIBE~2,Protokoll~A_TARGET_VIBE~2,Kontrolle~A_TARGET_VIBE~2,Parameter~A_TARGET_VIBE~3,Diagramm~A_TARGET_VIBE~3"
Ibuprofen,3,7,Wissenschaft & Medizin,6,"Tablette~A_TARGET_VIBE~2,Beipackzettel~A_TARGET_VIBE~3,Nebenwirkung~A_TARGET_VIBE~3,Rezept~A_TARGET_VIBE~2,Linderung~A_TARGET_VIBE~2,Praxis~A_TARGET_VIBE~2"
Immunsystem,4,7,Wissenschaft & Medizin,7,"Impfpass~A_TARGET_VIBE~3,Booster~A_TARGET_VIBE~3,Nebenwirkung~A_TARGET_VIBE~3,Schutz~A_TARGET_VIBE~2,Stich~A_TARGET_VIBE~2,Impfstoff~A_TARGET_VIBE~3,Antikörper~A_TARGET_VIBE~3"
Immunität,4,7,Wissenschaft & Medizin,7,"Impfpass~A_TARGET_VIBE~3,Booster~A_TARGET_VIBE~3,Impfstoff~A_TARGET_VIBE~3,Antikörper~A_TARGET_VIBE~3,Schutz~A_TARGET_VIBE~2,Infektion~A_TARGET_VIBE~3,Praxis~A_TARGET_VIBE~2"
Immunisierung,4,7,Wissenschaft & Medizin,7,"Impfpass~A_TARGET_VIBE~3,Booster~A_TARGET_VIBE~3,Nebenwirkung~A_TARGET_VIBE~3,Schutz~A_TARGET_VIBE~2,Stich~A_TARGET_VIBE~2,Impfstoff~A_TARGET_VIBE~3,Antikörper~A_TARGET_VIBE~3"
Immunologie,4,7,Wissenschaft & Medizin,7,"Antikörper~A_TARGET_VIBE~3,Impfstoff~A_TARGET_VIBE~3,Infektion~A_TARGET_VIBE~3,Studie~A_TARGET_VIBE~2,Mikroskop~A_TARGET_VIBE~2,Labor~A_TARGET_VIBE~2,Praxis~A_TARGET_VIBE~2"
Impfpass,3,7,Wissenschaft & Medizin,6,"Booster~A_TARGET_VIBE~3,Nebenwirkung~A_TARGET_VIBE~3,Schutz~A_TARGET_VIBE~2,Stich~A_TARGET_VIBE~2,Impfstoff~A_TARGET_VIBE~3,Antikörper~A_TARGET_VIBE~3"
Impfschutz,3,7,Wissenschaft & Medizin,6,"Impfpass~A_TARGET_VIBE~3,Booster~A_TARGET_VIBE~3,Nebenwirkung~A_TARGET_VIBE~3,Schutz~A_TARGET_VIBE~2,Stich~A_TARGET_VIBE~2,Impfstoff~A_TARGET_VIBE~3"
Infektion,3,7,Wissenschaft & Medizin,6,"Ansteckung~A_TARGET_VIBE~3,Hygiene~A_TARGET_VIBE~2,Keim~A_TARGET_VIBE~2,Antibiotikum~A_TARGET_VIBE~3,Fieber~A_TARGET_VIBE~2,Praxis~A_TARGET_VIBE~2"
Infusion,3,7,Wissenschaft & Medizin,6,"Port~A_TARGET_VIBE~3,Onkologie~A_TARGET_VIBE~3,Nadel~A_TARGET_VIBE~3,Beutel~A_TARGET_VIBE~2,Rezept~A_TARGET_VIBE~2,Praxis~A_TARGET_VIBE~2"
Inhalation,3,7,Wissenschaft & Medizin,6,"Inhalator~A_TARGET_VIBE~3,Atemzug~A_TARGET_VIBE~3,Bronchien~A_TARGET_VIBE~3,Husten~A_TARGET_VIBE~2,Maske~A_TARGET_VIBE~2,Sauerstoff~A_TARGET_VIBE~3"
Inhalator,3,7,Wissenschaft & Medizin,6,"Atemnot~A_TARGET_VIBE~3,Bronchien~A_TARGET_VIBE~3,Spray~A_TARGET_VIBE~3,Peakflow~A_TARGET_VIBE~3,Husten~A_TARGET_VIBE~2,Maske~A_TARGET_VIBE~2"
Insulin,3,7,Wissenschaft & Medizin,6,"Blutzucker~A_TARGET_VIBE~3,Messgerät~A_TARGET_VIBE~3,HbA1c~A_TARGET_VIBE~3,Spritzplan~A_TARGET_VIBE~3,Traubenzucker~A_TARGET_VIBE~3,Kalorien~A_TARGET_VIBE~2"
Interferenz,4,7,Wissenschaft & Medizin,7,"Frequenz~A_TARGET_VIBE~3,Amplitude~A_TARGET_VIBE~3,Spektrum~A_TARGET_VIBE~3,Schwingung~A_TARGET_VIBE~3,Wellen~A_TARGET_VIBE~2,Messung~A_TARGET_VIBE~2,Diagramm~A_TARGET_VIBE~3"
Iris,3,7,Wissenschaft & Medizin,6,"Linse~A_TARGET_VIBE~3,Netzhaut~A_TARGET_VIBE~3,Sehkraft~A_TARGET_VIBE~3,Augentropfen~A_TARGET_VIBE~3,Gesichtsfeld~A_TARGET_VIBE~3,Blenden~A_TARGET_VIBE~2"
Isotop,4,7,Wissenschaft & Medizin,7,"Zerfall~A_TARGET_VIBE~3,Radioaktiv~A_TARGET_VIBE~3,Strahlung~A_TARGET_VIBE~3,Atomkern~A_TARGET_VIBE~3,Teilchen~A_TARGET_VIBE~3,Messzeit~A_TARGET_VIBE~3,Studie~A_TARGET_VIBE~2"
Iteration,3,6|14,Technik & Digitales|Höhere Mathematik,6,"Quelltext~A_TARGET_VIBE~2,Daten~A_TARGET_VIBE~2,Modell~A_TARGET_VIBE~3,Fehler~A_TARGET_VIBE~2,Rechenzeit~A_TARGET_VIBE~3,Parameter~A_TARGET_VIBE~3"
Jucken,2,7,Wissenschaft & Medizin,5,"Hygiene~A_TARGET_VIBE~2,Entwurmung~A_TARGET_VIBE~3,Eier~A_TARGET_VIBE~3,Creme~A_TARGET_VIBE~2,Rötung~A_TARGET_VIBE~3"
Kaiserschnitt,4,7,Wissenschaft & Medizin,7,"Kreißsaal~A_TARGET_VIBE~3,Wehen~A_TARGET_VIBE~3,Geburt~A_TARGET_VIBE~2,Ultraschall~A_TARGET_VIBE~3,Narkose~A_TARGET_VIBE~3,Narbe~A_TARGET_VIBE~2,Nachsorge~A_TARGET_VIBE~2"
Kalorie,2,1|7,Essen & Trinken|Wissenschaft & Medizin,5,"BMI~A_TARGET_VIBE~3,Ernährung~A_TARGET_VIBE~2,Stoffwechsel~A_TARGET_VIBE~3,Diätplan~A_TARGET_VIBE~3,Bewegung~A_TARGET_VIBE~2"
Kapillare,4,7,Wissenschaft & Medizin,7,"Sauerstoff~A_TARGET_VIBE~3,Atemzug~A_TARGET_VIBE~3,Lunge~A_TARGET_VIBE~2,Austausch~A_TARGET_VIBE~3,Ultraschall~A_TARGET_VIBE~3,Blutbild~A_TARGET_VIBE~3,Praxis~A_TARGET_VIBE~2"
Katheter,3,7,Wissenschaft & Medizin,6,"Urin~A_TARGET_VIBE~2,Blase~A_TARGET_VIBE~2,Harndrang~A_TARGET_VIBE~3,Hygiene~A_TARGET_VIBE~2,Infektion~A_TARGET_VIBE~3,Praxis~A_TARGET_VIBE~2"
Keim,2,7,Wissenschaft & Medizin,5,"Hygiene~A_TARGET_VIBE~2,Ansteckung~A_TARGET_VIBE~3,Infektion~A_TARGET_VIBE~3,Mikroskop~A_TARGET_VIBE~2,Antibiotikum~A_TARGET_VIBE~3"
Klinik,2,7,Wissenschaft & Medizin,5,"Wartezimmer~A_TARGET_VIBE~2,Station~A_TARGET_VIBE~2,Visite~A_TARGET_VIBE~2,Diagnose~A_TARGET_VIBE~3,Therapie~A_TARGET_VIBE~2"
Klopfen,2,7,Wissenschaft & Medizin,5,"Röhre~A_TARGET_VIBE~2,Magnet~A_TARGET_VIBE~3,Scanner~A_TARGET_VIBE~3,Bildgebung~A_TARGET_VIBE~3,Kontrastmittel~A_TARGET_VIBE~3"
Knochen,1,7,Wissenschaft & Medizin,4,"Röntgen~A_TARGET_VIBE~3,Gips~A_TARGET_VIBE~2,Bruch~A_TARGET_VIBE~2,Calcium~A_TARGET_VIBE~3"
Knochendichte,4,7,Wissenschaft & Medizin,7,"VitaminD~A_TARGET_VIBE~3,Calcium~A_TARGET_VIBE~3,Wirbel~A_TARGET_VIBE~3,Bruch~A_TARGET_VIBE~2,Röntgen~A_TARGET_VIBE~3,Messung~A_TARGET_VIBE~2,Praxis~A_TARGET_VIBE~2"
Knochenmark,4,7,Wissenschaft & Medizin,7,"Blutbild~A_TARGET_VIBE~3,Hämoglobin~A_TARGET_VIBE~3,Probe~A_TARGET_VIBE~2,Labor~A_TARGET_VIBE~2,Röntgen~A_TARGET_VIBE~3,Diagnose~A_TARGET_VIBE~3,Praxis~A_TARGET_VIBE~2"
Komplexität,4,6|14,Technik & Digitales|Höhere Mathematik,7,"Quelltext~A_TARGET_VIBE~2,Schleife~A_TARGET_VIBE~3,Sortieren~A_TARGET_VIBE~3,Iteration~A_TARGET_VIBE~3,Rechenzeit~A_TARGET_VIBE~3,Parameter~A_TARGET_VIBE~3,Beweis~A_TARGET_VIBE~3"
Kompression,3,7,Wissenschaft & Medizin,6,"Vene~A_TARGET_VIBE~3,Schwellung~A_TARGET_VIBE~3,Heparin~A_TARGET_VIBE~3,Bein~A_TARGET_VIBE~2,Reha~A_TARGET_VIBE~2,Praxis~A_TARGET_VIBE~2"
Kontrastmittel,4,7,Wissenschaft & Medizin,7,"Scanner~A_TARGET_VIBE~3,Schnittbild~A_TARGET_VIBE~3,Bildgebung~A_TARGET_VIBE~3,Strahlung~A_TARGET_VIBE~3,Befund~A_TARGET_VIBE~2,Dosis~A_TARGET_VIBE~3,Praxis~A_TARGET_VIBE~2"
Kontaktlinse,3,7,Wissenschaft & Medizin,6,"Brille~A_TARGET_VIBE~2,Dioptrien~A_TARGET_VIBE~3,Sehtest~A_TARGET_VIBE~3,Ferne~A_TARGET_VIBE~2,Augenarzt~A_TARGET_VIBE~2,Linse~A_TARGET_VIBE~3"
Kontrolle,2,7,Wissenschaft & Medizin,5,"Protokoll~A_TARGET_VIBE~2,Messung~A_TARGET_VIBE~2,Ergebnis~A_TARGET_VIBE~2,Termin~A_TARGET_VIBE~2,Praxis~A_TARGET_VIBE~2"
Kontrolltermin,2,7,Wissenschaft & Medizin,5,"Termin~A_TARGET_VIBE~2,Früherkennung~A_TARGET_VIBE~3,Kasse~A_TARGET_VIBE~2,Ultraschall~A_TARGET_VIBE~3,Labor~A_TARGET_VIBE~2"
Kopfschmerz,1,7|12,Wissenschaft & Medizin|Gefühle & Abstraktes,4,"Stirn~A_TARGET_VIBE~2,Licht~A_TARGET_VIBE~2,Wasser~A_TARGET_VIBE~2,Verspannung~A_TARGET_VIBE~3"
Korrelation,3,14,Höhere Mathematik,6,"Stichprobe~A_TARGET_VIBE~3,Signifikanz~A_TARGET_VIBE~3,Varianz~A_TARGET_VIBE~3,Diagramm~A_TARGET_VIBE~2,Mittelwert~A_TARGET_VIBE~3,Verteilung~A_TARGET_VIBE~3"
Krebs,3,7,Wissenschaft & Medizin,6,"Onkologie~A_TARGET_VIBE~3,Bestrahlung~A_TARGET_VIBE~3,Infusion~A_TARGET_VIBE~3,Befund~A_TARGET_VIBE~2,Nachsorge~A_TARGET_VIBE~2,Praxis~A_TARGET_VIBE~2"
Kreislauf,2,7,Wissenschaft & Medizin,5,"Puls~A_TARGET_VIBE~2,Schwindel~A_TARGET_VIBE~2,Ausdauer~A_TARGET_VIBE~2,Sauerstoff~A_TARGET_VIBE~3,Praxis~A_TARGET_VIBE~2"
Kreißsaal,3,7,Wissenschaft & Medizin,6,"Wehen~A_TARGET_VIBE~3,Ultraschall~A_TARGET_VIBE~3,Neugeboren~A_TARGET_VIBE~2,Geburtsplan~A_TARGET_VIBE~3,Nachsorge~A_TARGET_VIBE~2,Praxis~A_TARGET_VIBE~2"
Kurzsichtigkeit,3,7,Wissenschaft & Medizin,6,"Brille~A_TARGET_VIBE~2,Dioptrien~A_TARGET_VIBE~3,Ferne~A_TARGET_VIBE~2,Kontaktlinse~A_TARGET_VIBE~3,Sehtest~A_TARGET_VIBE~3,Augenarzt~A_TARGET_VIBE~2"
Kurve,3,14,Höhere Mathematik,6,"Graph~A_TARGET_VIBE~3,Koordinate~A_TARGET_VIBE~3,Diagramm~A_TARGET_VIBE~3,Steigung~A_TARGET_VIBE~3,Ableitung~A_TARGET_VIBE~3,Fläche~A_TARGET_VIBE~3"
Ladung,3,7,Wissenschaft & Medizin,6,"Atomkern~A_TARGET_VIBE~3,Teilchen~A_TARGET_VIBE~3,Orbital~A_TARGET_VIBE~3,Spin~A_TARGET_VIBE~3,Strom~A_TARGET_VIBE~2,Leiter~A_TARGET_VIBE~2"
Laser,3,7,Wissenschaft & Medizin,6,"Schnittbild~A_TARGET_VIBE~3,Bildgebung~A_TARGET_VIBE~3,Linse~A_TARGET_VIBE~3,Gesichtsfeld~A_TARGET_VIBE~3,Aufnahme~A_TARGET_VIBE~2,Praxis~A_TARGET_VIBE~2"
Lauge,3,7,Wissenschaft & Medizin,6,"pH~A_TARGET_VIBE~3,Säure~A_TARGET_VIBE~3,Reaktion~A_TARGET_VIBE~2,Lösung~A_TARGET_VIBE~2,Indikator~A_TARGET_VIBE~3,Puffer~A_TARGET_VIBE~3"
Leber,2,7,Wissenschaft & Medizin,5,"Alkohol~A_TARGET_VIBE~3,Leberwerte~A_TARGET_VIBE~3,Gelbsucht~A_TARGET_VIBE~3,Enzym~A_TARGET_VIBE~3,Ultraschall~A_TARGET_VIBE~3"
Leberwerte,4,7,Wissenschaft & Medizin,7,"Transaminasen~A_TARGET_VIBE~3,Gelbsucht~A_TARGET_VIBE~3,Ultraschall~A_TARGET_VIBE~3,Labor~A_TARGET_VIBE~2,Probe~A_TARGET_VIBE~2,Ergebnis~A_TARGET_VIBE~2,Praxis~A_TARGET_VIBE~2"
Leistung,3,7,Wissenschaft & Medizin,6,"Arbeit~A_TARGET_VIBE~3,Wirkungsgrad~A_TARGET_VIBE~3,Speicher~A_TARGET_VIBE~2,Messung~A_TARGET_VIBE~2,Diagramm~A_TARGET_VIBE~3,Parameter~A_TARGET_VIBE~3"
Leiter,2,7,Wissenschaft & Medizin,5,"Strom~A_TARGET_VIBE~2,Ladung~A_TARGET_VIBE~3,Teilchen~A_TARGET_VIBE~3,Messung~A_TARGET_VIBE~2,Diagramm~A_TARGET_VIBE~3"
Licht,1,7,Wissenschaft & Medizin,4,"Prisma~A_TARGET_VIBE~3,Spiegel~A_TARGET_VIBE~2,Netzhaut~A_TARGET_VIBE~3,Wellenlänge~A_TARGET_VIBE~3"
Lichtstrahl,3,7,Wissenschaft & Medizin,6,"Prisma~A_TARGET_VIBE~3,Linse~A_TARGET_VIBE~3,Spiegel~A_TARGET_VIBE~2,Brechzahl~A_TARGET_VIBE~3,Winkel~A_TARGET_VIBE~3,Reflexion~A_TARGET_VIBE~3"
Linearbeschleuniger,4,7,Wissenschaft & Medizin,7,"Bestrahlung~A_TARGET_VIBE~3,Onkologie~A_TARGET_VIBE~3,Fraktion~A_TARGET_VIBE~3,Tumor~A_TARGET_VIBE~3,Nebenwirkung~A_TARGET_VIBE~3,Praxis~A_TARGET_VIBE~2,Termin~A_TARGET_VIBE~2"
Linse,3,7,Wissenschaft & Medizin,6,"Netzhaut~A_TARGET_VIBE~3,Sehkraft~A_TARGET_VIBE~3,Augentropfen~A_TARGET_VIBE~3,Gesichtsfeld~A_TARGET_VIBE~3,Blenden~A_TARGET_VIBE~2,Laser~A_TARGET_VIBE~3"
Logopädie,3,7,Wissenschaft & Medizin,6,"Sprache~A_TARGET_VIBE~3,Schlaganfall~A_TARGET_VIBE~3,Gespräch~A_TARGET_VIBE~2,Therapie~A_TARGET_VIBE~2,Übungen~A_TARGET_VIBE~2,Praxis~A_TARGET_VIBE~2"
Lösungsmittel,3,7,Wissenschaft & Medizin,6,"Aceton~A_TARGET_VIBE~3,Verdünnen~A_TARGET_VIBE~3,Dämpfe~A_TARGET_VIBE~3,Lack~A_TARGET_VIBE~2,Reinigen~A_TARGET_VIBE~2,Lösemittel~A_TARGET_VIBE~3"
Lösung,2,14,Höhere Mathematik,5,"Umstellen~A_TARGET_VIBE~3,Unbekannte~A_TARGET_VIBE~3,Term~A_TARGET_VIBE~3,Formel~A_TARGET_VIBE~2,Beweis~A_TARGET_VIBE~3"
Lunge,2,7,Wissenschaft & Medizin,5,"Sauerstoff~A_TARGET_VIBE~3,Atemzug~A_TARGET_VIBE~3,Bronchien~A_TARGET_VIBE~3,Husten~A_TARGET_VIBE~2,Inhalator~A_TARGET_VIBE~3"
Lymphdrainage,4,7,Wissenschaft & Medizin,7,"Massage~A_TARGET_VIBE~2,Schwellung~A_TARGET_VIBE~3,Reha~A_TARGET_VIBE~2,Physio~A_TARGET_VIBE~2,Termin~A_TARGET_VIBE~2,Therapie~A_TARGET_VIBE~2,Praxis~A_TARGET_VIBE~2"
Magenschmerz,4,7,Wissenschaft & Medizin,7,"Sodbrennen~A_TARGET_VIBE~3,Pantoprazol~A_TARGET_VIBE~3,Schleimhaut~A_TARGET_VIBE~3,Helicobacter~A_TARGET_VIBE~3,Übelkeit~A_TARGET_VIBE~2,Verdauung~A_TARGET_VIBE~3,Praxis~A_TARGET_VIBE~2"
Magen,1,7,Wissenschaft & Medizin,4,"Sodbrennen~A_TARGET_VIBE~3,Übelkeit~A_TARGET_VIBE~2,Verdauung~A_TARGET_VIBE~3,Enzym~A_TARGET_VIBE~3"
Magnet,3,7,Wissenschaft & Medizin,6,"MRT~A_TARGET_VIBE~3,Spule~A_TARGET_VIBE~3,Röhre~A_TARGET_VIBE~2,Bildgebung~A_TARGET_VIBE~3,Messung~A_TARGET_VIBE~2,Studie~A_TARGET_VIBE~2"
Magnetresonanztomografie,4,7,Wissenschaft & Medizin,7,"MRT~A_TARGET_VIBE~3,Magnet~A_TARGET_VIBE~3,Spule~A_TARGET_VIBE~3,Röhre~A_TARGET_VIBE~2,Kontrastmittel~A_TARGET_VIBE~3,Bildgebung~A_TARGET_VIBE~3,Befund~A_TARGET_VIBE~2"
Manometer,4,7,Wissenschaft & Medizin,7,"Bar~A_TARGET_VIBE~3,Pascal~A_TARGET_VIBE~3,Kompression~A_TARGET_VIBE~3,Kolben~A_TARGET_VIBE~3,Hydraulik~A_TARGET_VIBE~3,Messung~A_TARGET_VIBE~2,Diagramm~A_TARGET_VIBE~3"
Maske,2,7,Wissenschaft & Medizin,5,"Sauerstoff~A_TARGET_VIBE~3,Atemzug~A_TARGET_VIBE~3,Husten~A_TARGET_VIBE~2,Inhalation~A_TARGET_VIBE~3,Hygiene~A_TARGET_VIBE~2"
Massage,2,7,Wissenschaft & Medizin,5,"Reha~A_TARGET_VIBE~2,Physio~A_TARGET_VIBE~2,Verspannung~A_TARGET_VIBE~3,Beweglichkeit~A_TARGET_VIBE~3,Übungen~A_TARGET_VIBE~2"
Matrix,3,14,Höhere Mathematik,6,"Zeilen~A_TARGET_VIBE~2,Spalten~A_TARGET_VIBE~2,Determinante~A_TARGET_VIBE~3,Vektor~A_TARGET_VIBE~3,Gauß~A_TARGET_VIBE~3,Operator~A_TARGET_VIBE~3"
Meiose,4,7,Wissenschaft & Medizin,7,"Zellkern~A_TARGET_VIBE~3,Teilung~A_TARGET_VIBE~3,Chromosom~A_TARGET_VIBE~3,DNA~A_TARGET_VIBE~3,Mutation~A_TARGET_VIBE~3,Mikroskop~A_TARGET_VIBE~2,Praxis~A_TARGET_VIBE~2"
Membran,3,7,Wissenschaft & Medizin,6,"Zellkern~A_TARGET_VIBE~3,Organell~A_TARGET_VIBE~3,Mikroskop~A_TARGET_VIBE~2,Teilung~A_TARGET_VIBE~3,Ribosom~A_TARGET_VIBE~3,Mitochondrium~A_TARGET_VIBE~3"
Messgerät,3,7,Wissenschaft & Medizin,6,"Oberarm~A_TARGET_VIBE~2,Manometer~A_TARGET_VIBE~3,Messung~A_TARGET_VIBE~2,Diagramm~A_TARGET_VIBE~3,Ergebnis~A_TARGET_VIBE~2,Praxis~A_TARGET_VIBE~2"
Messreihe,3,7,Wissenschaft & Medizin,6,"Tabelle~A_TARGET_VIBE~2,Spalte~A_TARGET_VIBE~2,Diagramm~A_TARGET_VIBE~3,Ausreißer~A_TARGET_VIBE~3,Bereinigung~A_TARGET_VIBE~3,Auswertung~A_TARGET_VIBE~2"
Messung,2,7,Wissenschaft & Medizin,5,"Protokoll~A_TARGET_VIBE~2,Diagramm~A_TARGET_VIBE~3,Ergebnis~A_TARGET_VIBE~2,Kontrolle~A_TARGET_VIBE~2,Parameter~A_TARGET_VIBE~3"
Metabolismus,4,7,Wissenschaft & Medizin,7,"Stoffwechsel~A_TARGET_VIBE~3,Kalorien~A_TARGET_VIBE~2,Ernährung~A_TARGET_VIBE~2,Enzym~A_TARGET_VIBE~3,Labor~A_TARGET_VIBE~2,Messung~A_TARGET_VIBE~2,Praxis~A_TARGET_VIBE~2"
Methode,2,7,Wissenschaft & Medizin,5,"Protokoll~A_TARGET_VIBE~2,Messung~A_TARGET_VIBE~2,Kontrolle~A_TARGET_VIBE~2,Auswertung~A_TARGET_VIBE~2,Studie~A_TARGET_VIBE~2"
Mikrobiologie,4,7,Wissenschaft & Medizin,7,"Mikroskop~A_TARGET_VIBE~2,Kultur~A_TARGET_VIBE~3,Antibiotikum~A_TARGET_VIBE~3,Ansteckung~A_TARGET_VIBE~3,Hygiene~A_TARGET_VIBE~2,Infektion~A_TARGET_VIBE~3,Praxis~A_TARGET_VIBE~2"
Mikrobiom,4,2|7,Natur & Tiere|Wissenschaft & Medizin,7,"Darmflora~A_TARGET_VIBE~3,Stuhlprobe~A_TARGET_VIBE~3,Mikroskop~A_TARGET_VIBE~2,Kultur~A_TARGET_VIBE~3,Hygiene~A_TARGET_VIBE~2,Umwelt~A_TARGET_VIBE~2,Gleichgewicht~A_TARGET_VIBE~2"
Mikroorganismus,4,2|7,Natur & Tiere|Wissenschaft & Medizin,7,"Mikroskop~A_TARGET_VIBE~2,Kultur~A_TARGET_VIBE~3,Antibiotikum~A_TARGET_VIBE~3,Ansteckung~A_TARGET_VIBE~3,Hygiene~A_TARGET_VIBE~2,Keim~A_TARGET_VIBE~2,Infektion~A_TARGET_VIBE~3"
Mikroskop,2,7,Wissenschaft & Medizin,5,"Kultur~A_TARGET_VIBE~3,Probe~A_TARGET_VIBE~2,Labor~A_TARGET_VIBE~2,Zellkern~A_TARGET_VIBE~3,Organell~A_TARGET_VIBE~3"
Mitochondrium,4,7,Wissenschaft & Medizin,7,"Zellkern~A_TARGET_VIBE~3,Membran~A_TARGET_VIBE~3,Organell~A_TARGET_VIBE~3,Mikroskop~A_TARGET_VIBE~2,Teilung~A_TARGET_VIBE~3,Ribosom~A_TARGET_VIBE~3,Praxis~A_TARGET_VIBE~2"
Mitose,4,7,Wissenschaft & Medizin,7,"Zellkern~A_TARGET_VIBE~3,Teilung~A_TARGET_VIBE~3,Chromosom~A_TARGET_VIBE~3,DNA~A_TARGET_VIBE~3,Mutation~A_TARGET_VIBE~3,Mikroskop~A_TARGET_VIBE~2,Praxis~A_TARGET_VIBE~2"
Mittelwert,3,14,Höhere Mathematik,6,"Stichprobe~A_TARGET_VIBE~3,Varianz~A_TARGET_VIBE~3,Diagramm~A_TARGET_VIBE~2,Signifikanz~A_TARGET_VIBE~3,Verteilung~A_TARGET_VIBE~3,Korrelation~A_TARGET_VIBE~3"
Modell,3,7,Wissenschaft & Medizin,6,"Parameter~A_TARGET_VIBE~3,Simulation~A_TARGET_VIBE~3,Auswertung~A_TARGET_VIBE~2,Messung~A_TARGET_VIBE~2,Diagramm~A_TARGET_VIBE~3,Studie~A_TARGET_VIBE~2"
Motorik,3,7,Wissenschaft & Medizin,6,"Neuronen~A_TARGET_VIBE~3,Reflex~A_TARGET_VIBE~2,Gedächtnis~A_TARGET_VIBE~3,EEG~A_TARGET_VIBE~3,Synapse~A_TARGET_VIBE~3,Therapie~A_TARGET_VIBE~2"
MRT,4,7,Wissenschaft & Medizin,7,"Magnet~A_TARGET_VIBE~3,Spule~A_TARGET_VIBE~3,Röhre~A_TARGET_VIBE~2,Kontrastmittel~A_TARGET_VIBE~3,Bildgebung~A_TARGET_VIBE~3,Befund~A_TARGET_VIBE~2,Praxis~A_TARGET_VIBE~2"
Muskel,2,7,Wissenschaft & Medizin,5,"Kontraktion~A_TARGET_VIBE~3,Sehne~A_TARGET_VIBE~3,Training~A_TARGET_VIBE~2,Physio~A_TARGET_VIBE~2,Reha~A_TARGET_VIBE~2"
Mutation,3,7,Wissenschaft & Medizin,6,"DNA~A_TARGET_VIBE~3,Chromosom~A_TARGET_VIBE~3,Vererbung~A_TARGET_VIBE~3,Sequenz~A_TARGET_VIBE~3,PCR~A_TARGET_VIBE~3,Genschere~A_TARGET_VIBE~3"
Nachsorge,2,7,Wissenschaft & Medizin,5,"Termin~A_TARGET_VIBE~2,Kontrolle~A_TARGET_VIBE~2,Therapie~A_TARGET_VIBE~2,Befund~A_TARGET_VIBE~2,Praxis~A_TARGET_VIBE~2"
Nadel,3,7,Wissenschaft & Medizin,6,"Spritze~A_TARGET_VIBE~2,Probe~A_TARGET_VIBE~2,Labor~A_TARGET_VIBE~2,Infusion~A_TARGET_VIBE~3,Rezept~A_TARGET_VIBE~2,Praxis~A_TARGET_VIBE~2"
Nahrungskette,3,2|7,Natur & Tiere|Wissenschaft & Medizin,6,"Habitat~A_TARGET_VIBE~3,Artenvielfalt~A_TARGET_VIBE~3,Biotop~A_TARGET_VIBE~3,Population~A_TARGET_VIBE~3,Umwelt~A_TARGET_VIBE~2,Gleichgewicht~A_TARGET_VIBE~2"
Narkose,4,7,Wissenschaft & Medizin,7,"Anästhesie~A_TARGET_VIBE~3,Beatmung~A_TARGET_VIBE~3,Aufwachraum~A_TARGET_VIBE~3,Maske~A_TARGET_VIBE~2,Operation~A_TARGET_VIBE~3,Nüchtern~A_TARGET_VIBE~3,Praxis~A_TARGET_VIBE~2"
Nasennebenhöhle,3,7,Wissenschaft & Medizin,6,"Druck~A_TARGET_VIBE~2,Sekret~A_TARGET_VIBE~2,Nasenspray~A_TARGET_VIBE~3,Stirn~A_TARGET_VIBE~2,Schnupfen~A_TARGET_VIBE~2,Inhalation~A_TARGET_VIBE~2"
Navigation,3,6|11,Technik & Digitales|Wetter & Himmel,6,"Umlaufbahn~A_TARGET_VIBE~3,Signal~A_TARGET_VIBE~2,Antenne~A_TARGET_VIBE~3,Bodenstation~A_TARGET_VIBE~3,Pixel~A_TARGET_VIBE~3,Kartendienst~A_TARGET_VIBE~3"
Nebennieren,4,7,Wissenschaft & Medizin,7,"Stress~A_TARGET_VIBE~2,Puls~A_TARGET_VIBE~2,Schweiß~A_TARGET_VIBE~2,Nervenkitzel~A_TARGET_VIBE~3,Flucht~A_TARGET_VIBE~3,Hormon~A_TARGET_VIBE~3,Praxis~A_TARGET_VIBE~2"
Nebenwirkung,3,7,Wissenschaft & Medizin,6,"Beipackzettel~A_TARGET_VIBE~3,Rezept~A_TARGET_VIBE~2,Tablette~A_TARGET_VIBE~2,Dosis~A_TARGET_VIBE~3,Kontrolle~A_TARGET_VIBE~2,Praxis~A_TARGET_VIBE~2"
Neugeboren,2,7,Wissenschaft & Medizin,5,"Kreißsaal~A_TARGET_VIBE~3,Wehen~A_TARGET_VIBE~3,Nachsorge~A_TARGET_VIBE~2,Geburt~A_TARGET_VIBE~2,Hebamme~A_TARGET_VIBE~3"
Neuronen,3,7,Wissenschaft & Medizin,6,"Synapse~A_TARGET_VIBE~3,Gedächtnis~A_TARGET_VIBE~3,Reflex~A_TARGET_VIBE~2,Motorik~A_TARGET_VIBE~3,EEG~A_TARGET_VIBE~3,Kognition~A_TARGET_VIBE~3"
Neutron,4,7,Wissenschaft & Medizin,7,"Atomkern~A_TARGET_VIBE~3,Isotop~A_TARGET_VIBE~3,Zerfall~A_TARGET_VIBE~3,Reaktor~A_TARGET_VIBE~3,Teilchen~A_TARGET_VIBE~3,Streuung~A_TARGET_VIBE~3,Studie~A_TARGET_VIBE~2"
Notaufnahme,4,7,Wissenschaft & Medizin,7,"Blaulicht~A_TARGET_VIBE~3,Trage~A_TARGET_VIBE~3,Sanitäter~A_TARGET_VIBE~3,Triage~A_TARGET_VIBE~3,Schock~A_TARGET_VIBE~3,Reanimation~A_TARGET_VIBE~3,Praxis~A_TARGET_VIBE~2"
Notfall,3,7,Wissenschaft & Medizin,6,"Blaulicht~A_TARGET_VIBE~3,Trage~A_TARGET_VIBE~3,Sanitäter~A_TARGET_VIBE~3,Schock~A_TARGET_VIBE~3,Reanimation~A_TARGET_VIBE~3,Praxis~A_TARGET_VIBE~2"
Notizen,2,7,Wissenschaft & Medizin,5,"Fragebogen~A_TARGET_VIBE~3,Gespräch~A_TARGET_VIBE~2,Vorgeschichte~A_TARGET_VIBE~3,Termin~A_TARGET_VIBE~2,Praxis~A_TARGET_VIBE~2"
Nullstelle,4,14,Höhere Mathematik,7,"Graph~A_TARGET_VIBE~3,Koordinate~A_TARGET_VIBE~3,Kurve~A_TARGET_VIBE~3,Steigung~A_TARGET_VIBE~3,Umstellen~A_TARGET_VIBE~3,Unbekannte~A_TARGET_VIBE~3,Beweis~A_TARGET_VIBE~3"
Nüchtern,3,7,Wissenschaft & Medizin,6,"Aufwachraum~A_TARGET_VIBE~3,Maske~A_TARGET_VIBE~2,Operation~A_TARGET_VIBE~3,Anästhesie~A_TARGET_VIBE~3,Termin~A_TARGET_VIBE~2,Praxis~A_TARGET_VIBE~2"
Oberarm,2,7,Wissenschaft & Medizin,5,"Systole~A_TARGET_VIBE~3,Diastole~A_TARGET_VIBE~3,Puls~A_TARGET_VIBE~2,Messgerät~A_TARGET_VIBE~3,Manometer~A_TARGET_VIBE~3"
Ökologie,3,2|7,Natur & Tiere|Wissenschaft & Medizin,6,"Nahrungskette~A_TARGET_VIBE~3,Habitat~A_TARGET_VIBE~3,Artenvielfalt~A_TARGET_VIBE~3,Biotop~A_TARGET_VIBE~3,Population~A_TARGET_VIBE~3,Umwelt~A_TARGET_VIBE~2"
Ökosystem,3,2|7,Natur & Tiere|Wissenschaft & Medizin,6,"Nahrungskette~A_TARGET_VIBE~3,Habitat~A_TARGET_VIBE~3,Artenvielfalt~A_TARGET_VIBE~3,Biotop~A_TARGET_VIBE~3,Population~A_TARGET_VIBE~3,Gleichgewicht~A_TARGET_VIBE~2"
Operation,3,7,Wissenschaft & Medizin,6,"Narkose~A_TARGET_VIBE~3,Aufwachraum~A_TARGET_VIBE~3,Maske~A_TARGET_VIBE~2,Schnitt~A_TARGET_VIBE~3,Nachsorge~A_TARGET_VIBE~2,Praxis~A_TARGET_VIBE~2"
Operator,4,14,Höhere Mathematik,7,"Zeilen~A_TARGET_VIBE~2,Spalten~A_TARGET_VIBE~2,Determinante~A_TARGET_VIBE~3,Vektor~A_TARGET_VIBE~3,Ableitung~A_TARGET_VIBE~3,Beweis~A_TARGET_VIBE~3,Formel~A_TARGET_VIBE~2"
Optik,3,7,Wissenschaft & Medizin,6,"Linse~A_TARGET_VIBE~3,Prisma~A_TARGET_VIBE~3,Winkel~A_TARGET_VIBE~3,Regenbogen~A_TARGET_VIBE~2,Spiegel~A_TARGET_VIBE~2,Brechzahl~A_TARGET_VIBE~3"
Orbital,4,7,Wissenschaft & Medizin,7,"Atomkern~A_TARGET_VIBE~3,Elektronenhülle~A_TARGET_VIBE~3,Ladung~A_TARGET_VIBE~3,Spin~A_TARGET_VIBE~3,Teilchen~A_TARGET_VIBE~3,Spektrum~A_TARGET_VIBE~3,Studie~A_TARGET_VIBE~2"
Orientierung,3,7|12,Wissenschaft & Medizin|Gefühle & Abstraktes,6,"Gedächtnis~A_TARGET_VIBE~3,Verwirrung~A_TARGET_VIBE~3,Alltag~A_TARGET_VIBE~2,Betreuung~A_TARGET_VIBE~2,Pflegeheim~A_TARGET_VIBE~3,Praxis~A_TARGET_VIBE~2"
Osteoporose,4,7,Wissenschaft & Medizin,7,"Knochendichte~A_TARGET_VIBE~3,VitaminD~A_TARGET_VIBE~3,Calcium~A_TARGET_VIBE~3,Bruch~A_TARGET_VIBE~2,Wirbel~A_TARGET_VIBE~3,Sturz~A_TARGET_VIBE~2,Praxis~A_TARGET_VIBE~2"
PCR,4,7,Wissenschaft & Medizin,7,"Wattestäbchen~A_TARGET_VIBE~3,Rachen~A_TARGET_VIBE~3,Labor~A_TARGET_VIBE~2,Probe~A_TARGET_VIBE~2,Positiv~A_TARGET_VIBE~3,Negativ~A_TARGET_VIBE~3,Praxis~A_TARGET_VIBE~2"
Peakflow,4,7,Wissenschaft & Medizin,7,"Inhalator~A_TARGET_VIBE~3,Atemnot~A_TARGET_VIBE~3,Spray~A_TARGET_VIBE~3,Bronchien~A_TARGET_VIBE~3,Pfeifen~A_TARGET_VIBE~3,Messgerät~A_TARGET_VIBE~3,Praxis~A_TARGET_VIBE~2"
Pfeil,2,14,Höhere Mathematik,5,"Richtung~A_TARGET_VIBE~3,Betrag~A_TARGET_VIBE~3,Koordinate~A_TARGET_VIBE~3,Vektorraum~A_TARGET_VIBE~3,Geometrie~A_TARGET_VIBE~3"
Pflegeheim,3,7|12,Wissenschaft & Medizin|Gefühle & Abstraktes,6,"Gedächtnis~A_TARGET_VIBE~3,Orientierung~A_TARGET_VIBE~3,Betreuung~A_TARGET_VIBE~2,Verwirrung~A_TARGET_VIBE~3,Alltag~A_TARGET_VIBE~2,Praxis~A_TARGET_VIBE~2"
Photosynthese,4,2|7,Natur & Tiere|Wissenschaft & Medizin,7,"Artenvielfalt~A_TARGET_VIBE~3,Umwelt~A_TARGET_VIBE~2,Kreislauf~A_TARGET_VIBE~2,Messung~A_TARGET_VIBE~2,Diagramm~A_TARGET_VIBE~3,Hypothese~A_TARGET_VIBE~2,Studie~A_TARGET_VIBE~2"
Physik,2,7,Wissenschaft & Medizin,5,"Messung~A_TARGET_VIBE~2,Diagramm~A_TARGET_VIBE~3,Hypothese~A_TARGET_VIBE~2,Studie~A_TARGET_VIBE~2,Parameter~A_TARGET_VIBE~3"
Physiotherapie,3,7,Wissenschaft & Medizin,6,"Übungen~A_TARGET_VIBE~2,Massage~A_TARGET_VIBE~2,Beweglichkeit~A_TARGET_VIBE~3,Reha~A_TARGET_VIBE~2,Physio~A_TARGET_VIBE~2,Termin~A_TARGET_VIBE~2"
Pinzette,2,0|7,Alltag & Gegenstände|Wissenschaft & Medizin,5,"Greifen~A_TARGET_VIBE~2,Feinmotorik~A_TARGET_VIBE~3,Splitter~A_TARGET_VIBE~2,Augenbraue~A_TARGET_VIBE~2,Edelstahl~A_TARGET_VIBE~2"
Placebo,4,7,Wissenschaft & Medizin,7,"Studie~A_TARGET_VIBE~2,Kontrolle~A_TARGET_VIBE~2,Tablette~A_TARGET_VIBE~2,Erwartung~A_TARGET_VIBE~3,Auswertung~A_TARGET_VIBE~2,Protokoll~A_TARGET_VIBE~2,Praxis~A_TARGET_VIBE~2"
Planck,4,7,Wissenschaft & Medizin,7,"Superposition~A_TARGET_VIBE~3,Unschärfe~A_TARGET_VIBE~3,Quanten~A_TARGET_VIBE~3,Wellenfunktion~A_TARGET_VIBE~3,Messung~A_TARGET_VIBE~2,Experiment~A_TARGET_VIBE~2,Studie~A_TARGET_VIBE~2"
Polymer,4,7,Wissenschaft & Medizin,7,"Plastik~A_TARGET_VIBE~2,Spritzguss~A_TARGET_VIBE~3,Recycling~A_TARGET_VIBE~3,Verpackung~A_TARGET_VIBE~2,Weichmacher~A_TARGET_VIBE~3,Lösung~A_TARGET_VIBE~2,Reaktion~A_TARGET_VIBE~2"
Population,3,2|7,Natur & Tiere|Wissenschaft & Medizin,6,"Nahrungskette~A_TARGET_VIBE~3,Habitat~A_TARGET_VIBE~3,Artenvielfalt~A_TARGET_VIBE~3,Biotop~A_TARGET_VIBE~3,Umwelt~A_TARGET_VIBE~2,Gleichgewicht~A_TARGET_VIBE~2"
Port,4,7,Wissenschaft & Medizin,7,"Infusion~A_TARGET_VIBE~3,Nadel~A_TARGET_VIBE~3,Onkologie~A_TARGET_VIBE~3,Beutel~A_TARGET_VIBE~2,Nebenwirkung~A_TARGET_VIBE~3,Kontrolle~A_TARGET_VIBE~2,Praxis~A_TARGET_VIBE~2"
Positiv,3,7,Wissenschaft & Medizin,6,"Streifen~A_TARGET_VIBE~2,Probe~A_TARGET_VIBE~2,Negativ~A_TARGET_VIBE~3,Ablesen~A_TARGET_VIBE~2,Labor~A_TARGET_VIBE~2,Testzentrum~A_TARGET_VIBE~3"
Praxis,1,7,Wissenschaft & Medizin,4,"Wartezimmer~A_TARGET_VIBE~2,Termin~A_TARGET_VIBE~2,Rezept~A_TARGET_VIBE~2,Ultraschall~A_TARGET_VIBE~3"
Präparat,3,7,Wissenschaft & Medizin,6,"Sezieren~A_TARGET_VIBE~3,Atlas~A_TARGET_VIBE~3,Vorlesung~A_TARGET_VIBE~2,Skelett~A_TARGET_VIBE~3,Struktur~A_TARGET_VIBE~2,Labor~A_TARGET_VIBE~2"
Pricktest,4,7,Wissenschaft & Medizin,7,"Quaddel~A_TARGET_VIBE~3,Pollen~A_TARGET_VIBE~2,Reaktion~A_TARGET_VIBE~2,Ablesen~A_TARGET_VIBE~2,Arztpraxis~A_TARGET_VIBE~2,Juckreiz~A_TARGET_VIBE~2,Praxis~A_TARGET_VIBE~2"
Probe,2,7,Wissenschaft & Medizin,5,"Labor~A_TARGET_VIBE~2,Auswertung~A_TARGET_VIBE~2,Ergebnis~A_TARGET_VIBE~2,Messung~A_TARGET_VIBE~2,Protokoll~A_TARGET_VIBE~2"
Prognose,4,7,Wissenschaft & Medizin,7,"Befund~A_TARGET_VIBE~2,Diagnose~A_TARGET_VIBE~3,Nachsorge~A_TARGET_VIBE~2,Termin~A_TARGET_VIBE~2,Studie~A_TARGET_VIBE~2,Kontrolle~A_TARGET_VIBE~2,Praxis~A_TARGET_VIBE~2"
Protein,2,1|7,Essen & Trinken|Wissenschaft & Medizin,5,"Aminosäure~A_TARGET_VIBE~3,Enzym~A_TARGET_VIBE~3,Stoffwechsel~A_TARGET_VIBE~3,Ernährung~A_TARGET_VIBE~2,Kalorien~A_TARGET_VIBE~2"
Protokoll,2,7,Wissenschaft & Medizin,5,"Messung~A_TARGET_VIBE~2,Kontrolle~A_TARGET_VIBE~2,Auswertung~A_TARGET_VIBE~2,Diagramm~A_TARGET_VIBE~3,Studie~A_TARGET_VIBE~2"
Proton,4,7,Wissenschaft & Medizin,7,"Atomkern~A_TARGET_VIBE~4,Ladung~A_TARGET_VIBE~3,Isotop~A_TARGET_VIBE~3,Teilchen~A_TARGET_VIBE~3,Beschleuniger~A_TARGET_VIBE~3,Streuung~A_TARGET_VIBE~3,Studie~A_TARGET_VIBE~2"
Prisma,3,7,Wissenschaft & Medizin,6,"Linse~A_TARGET_VIBE~3,Winkel~A_TARGET_VIBE~3,Regenbogen~A_TARGET_VIBE~2,Spiegel~A_TARGET_VIBE~2,Brechzahl~A_TARGET_VIBE~3,Lichtstrahl~A_TARGET_VIBE~3"
Puffer,4,7,Wissenschaft & Medizin,7,"pH~A_TARGET_VIBE~3,Lauge~A_TARGET_VIBE~3,Säure~A_TARGET_VIBE~3,Reaktion~A_TARGET_VIBE~2,Lösung~A_TARGET_VIBE~2,Indikator~A_TARGET_VIBE~3,Praxis~A_TARGET_VIBE~2"
Puls,1,7,Wissenschaft & Medizin,4,"EKG~A_TARGET_VIBE~3,Rhythmus~A_TARGET_VIBE~3,Ausdauer~A_TARGET_VIBE~2,Brustkorb~A_TARGET_VIBE~2"
Pupille,2,7,Wissenschaft & Medizin,5,"Linse~A_TARGET_VIBE~3,Netzhaut~A_TARGET_VIBE~3,Sehkraft~A_TARGET_VIBE~3,Augentropfen~A_TARGET_VIBE~3,Blenden~A_TARGET_VIBE~2"
Quaddel,3,7,Wissenschaft & Medizin,6,"Pricktest~A_TARGET_VIBE~3,Pollen~A_TARGET_VIBE~2,Reaktion~A_TARGET_VIBE~2,Juckreiz~A_TARGET_VIBE~2,Ablesen~A_TARGET_VIBE~2,Praxis~A_TARGET_VIBE~2"
Quanten,3,7,Wissenschaft & Medizin,6,"Superposition~A_TARGET_VIBE~3,Unschärfe~A_TARGET_VIBE~3,Planck~A_TARGET_VIBE~3,Wellenfunktion~A_TARGET_VIBE~3,Messung~A_TARGET_VIBE~2,Experiment~A_TARGET_VIBE~2"
Quantenphysik,4,7,Wissenschaft & Medizin,7,"Superposition~A_TARGET_VIBE~3,Unschärfe~A_TARGET_VIBE~3,Planck~A_TARGET_VIBE~3,Messung~A_TARGET_VIBE~2,Wellenfunktion~A_TARGET_VIBE~3,Experiment~A_TARGET_VIBE~2,Studie~A_TARGET_VIBE~2"
Quarantäne,3,7,Wissenschaft & Medizin,6,"Tröpfchen~A_TARGET_VIBE~3,Hygiene~A_TARGET_VIBE~2,Ansteckung~A_TARGET_VIBE~3,Fieber~A_TARGET_VIBE~2,Husten~A_TARGET_VIBE~2,Praxis~A_TARGET_VIBE~2"
Rachen,3,7,Wissenschaft & Medizin,6,"Wattestäbchen~A_TARGET_VIBE~3,PCR~A_TARGET_VIBE~3,Testzentrum~A_TARGET_VIBE~3,Husten~A_TARGET_VIBE~2,Schnupfen~A_TARGET_VIBE~2,Praxis~A_TARGET_VIBE~2"
Radioaktiv,4,7,Wissenschaft & Medizin,7,"Zerfall~A_TARGET_VIBE~3,Isotop~A_TARGET_VIBE~3,Strahlung~A_TARGET_VIBE~3,Blei~A_TARGET_VIBE~2,Messzeit~A_TARGET_VIBE~3,Studie~A_TARGET_VIBE~2,Praxis~A_TARGET_VIBE~2"
Rampe,2,0|7,Alltag & Gegenstände|Wissenschaft & Medizin,5,"Rollstuhl~A_TARGET_VIBE~2,Barrierefrei~A_TARGET_VIBE~3,Bremse~A_TARGET_VIBE~2,Schieben~A_TARGET_VIBE~2,Reha~A_TARGET_VIBE~2"
Reaktion,2,7,Wissenschaft & Medizin,5,"Indikator~A_TARGET_VIBE~3,Lösung~A_TARGET_VIBE~2,pH~A_TARGET_VIBE~3,Säure~A_TARGET_VIBE~3,Lauge~A_TARGET_VIBE~3"
Reanimation,4,7,Wissenschaft & Medizin,7,"AED~A_TARGET_VIBE~3,Schock~A_TARGET_VIBE~3,Elektrode~A_TARGET_VIBE~3,Notfall~A_TARGET_VIBE~3,Herzrhythmus~A_TARGET_VIBE~3,Blaulicht~A_TARGET_VIBE~3,Praxis~A_TARGET_VIBE~2"
Reaktor,4,7,Wissenschaft & Medizin,7,"Zerfall~A_TARGET_VIBE~3,Isotop~A_TARGET_VIBE~3,Radioaktiv~A_TARGET_VIBE~3,Strahlung~A_TARGET_VIBE~3,Blei~A_TARGET_VIBE~2,Messzeit~A_TARGET_VIBE~3,Studie~A_TARGET_VIBE~2"
Rechenzeit,3,6|14,Technik & Digitales|Höhere Mathematik,6,"Quelltext~A_TARGET_VIBE~2,Daten~A_TARGET_VIBE~2,Iteration~A_TARGET_VIBE~3,Fehler~A_TARGET_VIBE~2,Parameter~A_TARGET_VIBE~3,Komplexität~A_TARGET_VIBE~3"
Recycling,3,7,Wissenschaft & Medizin,6,"Plastik~A_TARGET_VIBE~2,Verpackung~A_TARGET_VIBE~2,Spritzguss~A_TARGET_VIBE~3,Weichmacher~A_TARGET_VIBE~3,Polymer~A_TARGET_VIBE~3,Umwelt~A_TARGET_VIBE~2"
Reha,2,7,Wissenschaft & Medizin,5,"Physio~A_TARGET_VIBE~2,Übungen~A_TARGET_VIBE~2,Massage~A_TARGET_VIBE~2,Beweglichkeit~A_TARGET_VIBE~3,Termin~A_TARGET_VIBE~2"
Reinigen,2,7,Wissenschaft & Medizin,5,"Aceton~A_TARGET_VIBE~3,Lack~A_TARGET_VIBE~2,Verdünnen~A_TARGET_VIBE~3,Dämpfe~A_TARGET_VIBE~3,Lösemittel~A_TARGET_VIBE~3"
Reiz,3,7,Wissenschaft & Medizin,6,"Rötung~A_TARGET_VIBE~3,Juckreiz~A_TARGET_VIBE~3,Creme~A_TARGET_VIBE~2,Nebenwirkung~A_TARGET_VIBE~3,Auslöser~A_TARGET_VIBE~3,Praxis~A_TARGET_VIBE~2"
Rezept,2,7,Wissenschaft & Medizin,5,"Apotheke~A_TARGET_VIBE~2,Tablette~A_TARGET_VIBE~2,Beratung~A_TARGET_VIBE~2,Beipackzettel~A_TARGET_VIBE~3,Praxis~A_TARGET_VIBE~2"
Reflex,2,7,Wissenschaft & Medizin,5,"Neuronen~A_TARGET_VIBE~3,Gedächtnis~A_TARGET_VIBE~3,Motorik~A_TARGET_VIBE~3,Synapse~A_TARGET_VIBE~3,Schädel~A_TARGET_VIBE~2"
Reflexion,4,7,Wissenschaft & Medizin,7,"Spiegel~A_TARGET_VIBE~2,Einfallswinkel~A_TARGET_VIBE~3,Glanz~A_TARGET_VIBE~2,Oberfläche~A_TARGET_VIBE~2,Linse~A_TARGET_VIBE~3,Lichtstrahl~A_TARGET_VIBE~3,Prisma~A_TARGET_VIBE~3"
Regenbogen,2,7,Wissenschaft & Medizin,5,"Prisma~A_TARGET_VIBE~3,Brechzahl~A_TARGET_VIBE~3,Lichtstrahl~A_TARGET_VIBE~3,Wellenlänge~A_TARGET_VIBE~3,Spiegel~A_TARGET_VIBE~2"
Reisebus,2,7|12,Wissenschaft & Medizin|Gefühle & Abstraktes,5,"Kreislauf~A_TARGET_VIBE~2,Schwindel~A_TARGET_VIBE~2,Ingwer~A_TARGET_VIBE~3,Antiemetikum~A_TARGET_VIBE~3,Magen~A_TARGET_VIBE~2"
Ribosom,4,7,Wissenschaft & Medizin,7,"Zellkern~A_TARGET_VIBE~3,Membran~A_TARGET_VIBE~3,Mitochondrium~A_TARGET_VIBE~3,Organell~A_TARGET_VIBE~3,Mikroskop~A_TARGET_VIBE~2,Teilung~A_TARGET_VIBE~3,Praxis~A_TARGET_VIBE~2"
Ring,2,7,Wissenschaft & Medizin,5,"CERN~A_TARGET_VIBE~3,Magnet~A_TARGET_VIBE~3,Vakuum~A_TARGET_VIBE~3,Detektor~A_TARGET_VIBE~3,Hochenergie~A_TARGET_VIBE~3"
Rollstuhl,3,0|7,Alltag & Gegenstände|Wissenschaft & Medizin,6,"Rampe~A_TARGET_VIBE~2,Bremse~A_TARGET_VIBE~2,Schieben~A_TARGET_VIBE~2,Sitzkissen~A_TARGET_VIBE~2,Barrierefrei~A_TARGET_VIBE~3,Reha~A_TARGET_VIBE~2"
Röntgen,3,7,Wissenschaft & Medizin,6,"Schnittbild~A_TARGET_VIBE~3,Strahlung~A_TARGET_VIBE~3,Befund~A_TARGET_VIBE~2,Bruch~A_TARGET_VIBE~2,Scanner~A_TARGET_VIBE~3,Praxis~A_TARGET_VIBE~2"
Rötung,2,7,Wissenschaft & Medizin,5,"Juckreiz~A_TARGET_VIBE~3,Creme~A_TARGET_VIBE~2,Salbe~A_TARGET_VIBE~2,Ekzem~A_TARGET_VIBE~3,Dermatologie~A_TARGET_VIBE~3"
Rückfall,3,7|12,Wissenschaft & Medizin|Gefühle & Abstraktes,6,"Entzug~A_TARGET_VIBE~3,Dosis~A_TARGET_VIBE~3,Therapiegruppe~A_TARGET_VIBE~3,Suchtdruck~A_TARGET_VIBE~3,Kontrolle~A_TARGET_VIBE~2,Auslöser~A_TARGET_VIBE~3"
Salbe,2,7,Wissenschaft & Medizin,5,"Creme~A_TARGET_VIBE~2,Juckreiz~A_TARGET_VIBE~3,Rötung~A_TARGET_VIBE~3,Dermatologie~A_TARGET_VIBE~3,Pore~A_TARGET_VIBE~3"
Salz,2,7,Wissenschaft & Medizin,5,"Systole~A_TARGET_VIBE~3,Diastole~A_TARGET_VIBE~3,Risiko~A_TARGET_VIBE~2,Ernährung~A_TARGET_VIBE~2,Messgerät~A_TARGET_VIBE~3"
Sanitäter,3,7,Wissenschaft & Medizin,6,"Blaulicht~A_TARGET_VIBE~3,Trage~A_TARGET_VIBE~3,Notaufnahme~A_TARGET_VIBE~3,Schock~A_TARGET_VIBE~3,Reanimation~A_TARGET_VIBE~3,Praxis~A_TARGET_VIBE~2"
Satellit,3,6|11,Technik & Digitales|Wetter & Himmel,6,"Umlaufbahn~A_TARGET_VIBE~3,Solarpanel~A_TARGET_VIBE~3,Signal~A_TARGET_VIBE~2,Bodenstation~A_TARGET_VIBE~3,Antenne~A_TARGET_VIBE~3,Navigation~A_TARGET_VIBE~3"
Satellitenbild,3,3|6,Orte & Reisen|Technik & Digitales,6,"Kartendienst~A_TARGET_VIBE~3,Auflösung~A_TARGET_VIBE~3,Pixel~A_TARGET_VIBE~3,Fernerkundung~A_TARGET_VIBE~3,Wolken~A_TARGET_VIBE~2,Zoom~A_TARGET_VIBE~2"
Scanner,3,7,Wissenschaft & Medizin,6,"Schnittbild~A_TARGET_VIBE~3,Kontrastmittel~A_TARGET_VIBE~3,Bildgebung~A_TARGET_VIBE~3,Befund~A_TARGET_VIBE~2,Röhre~A_TARGET_VIBE~3,Strahlung~A_TARGET_VIBE~3"
Schädel,2,7,Wissenschaft & Medizin,5,"Neuronen~A_TARGET_VIBE~3,Gedächtnis~A_TARGET_VIBE~3,Motorik~A_TARGET_VIBE~3,Reflex~A_TARGET_VIBE~2,Röntgen~A_TARGET_VIBE~3"
Schall,2,7,Wissenschaft & Medizin,5,"Echo~A_TARGET_VIBE~2,Frequenz~A_TARGET_VIBE~3,Mikrofon~A_TARGET_VIBE~2,Lautsprecher~A_TARGET_VIBE~2,Vibration~A_TARGET_VIBE~3"
Schäfe,2,7,Wissenschaft & Medizin,5,"Stirn~A_TARGET_VIBE~2,Licht~A_TARGET_VIBE~2,Verspannung~A_TARGET_VIBE~3,Wasser~A_TARGET_VIBE~2,Ibuprofen~A_TARGET_VIBE~3"
Schlaf,2,7,Wissenschaft & Medizin,5,"Müdigkeit~A_TARGET_VIBE~2,Stimmung~A_TARGET_VIBE~3,Antrieb~A_TARGET_VIBE~3,Stress~A_TARGET_VIBE~2,Praxis~A_TARGET_VIBE~2"
Schleife,3,6|14,Technik & Digitales|Höhere Mathematik,6,"Quelltext~A_TARGET_VIBE~2,Iteration~A_TARGET_VIBE~3,Fehler~A_TARGET_VIBE~2,Parameter~A_TARGET_VIBE~3,Rechenzeit~A_TARGET_VIBE~3,Komplexität~A_TARGET_VIBE~3"
Schleim,3,7,Wissenschaft & Medizin,6,"Husten~A_TARGET_VIBE~2,Inhalation~A_TARGET_VIBE~3,Bronchien~A_TARGET_VIBE~3,Fieber~A_TARGET_VIBE~2,Hausarzt~A_TARGET_VIBE~2,Praxis~A_TARGET_VIBE~2"
Schleimhaut,3,7,Wissenschaft & Medizin,6,"Sodbrennen~A_TARGET_VIBE~3,Pantoprazol~A_TARGET_VIBE~3,Helicobacter~A_TARGET_VIBE~3,Übelkeit~A_TARGET_VIBE~2,Verdauung~A_TARGET_VIBE~3,Praxis~A_TARGET_VIBE~2"
Schmerz,2,7|12,Wissenschaft & Medizin|Gefühle & Abstraktes,5,"Tablette~A_TARGET_VIBE~2,Schmerzskala~A_TARGET_VIBE~3,Ibuprofen~A_TARGET_VIBE~3,Linderung~A_TARGET_VIBE~2,Pochend~A_TARGET_VIBE~2"
Schmerzmittel,3,7,Wissenschaft & Medizin,6,"Tablette~A_TARGET_VIBE~2,Beipackzettel~A_TARGET_VIBE~3,Nebenwirkung~A_TARGET_VIBE~3,Rezept~A_TARGET_VIBE~2,Linderung~A_TARGET_VIBE~2,Praxis~A_TARGET_VIBE~2"
Schmerzskala,4,7|12,Wissenschaft & Medizin|Gefühle & Abstraktes,7,"Tablette~A_TARGET_VIBE~2,Ibuprofen~A_TARGET_VIBE~3,Linderung~A_TARGET_VIBE~2,Pochend~A_TARGET_VIBE~2,Entzündung~A_TARGET_VIBE~2,Protokoll~A_TARGET_VIBE~2,Praxis~A_TARGET_VIBE~2"
Schock,3,7,Wissenschaft & Medizin,6,"AED~A_TARGET_VIBE~3,Elektrode~A_TARGET_VIBE~3,Notfall~A_TARGET_VIBE~3,Reanimation~A_TARGET_VIBE~3,Herzrhythmus~A_TARGET_VIBE~3,Blaulicht~A_TARGET_VIBE~3"
Schule,2,7,Wissenschaft & Medizin,5,"Vorlesung~A_TARGET_VIBE~2,Atlas~A_TARGET_VIBE~3,Struktur~A_TARGET_VIBE~2,Studie~A_TARGET_VIBE~2,Diagramm~A_TARGET_VIBE~3"
Schwellung,2,7,Wissenschaft & Medizin,5,"Entzündung~A_TARGET_VIBE~2,Rötung~A_TARGET_VIBE~2,Juckreiz~A_TARGET_VIBE~3,Kompression~A_TARGET_VIBE~3,Praxis~A_TARGET_VIBE~2"
Schwindel,2,7|12,Wissenschaft & Medizin|Gefühle & Abstraktes,5,"Kreislauf~A_TARGET_VIBE~2,Ingwer~A_TARGET_VIBE~3,Reisebus~A_TARGET_VIBE~2,Antiemetikum~A_TARGET_VIBE~3,Magen~A_TARGET_VIBE~2"
Screening,3,7,Wissenschaft & Medizin,6,"Früherkennung~A_TARGET_VIBE~3,Termin~A_TARGET_VIBE~2,Kasse~A_TARGET_VIBE~2,Kontrolltermin~A_TARGET_VIBE~2,Ultraschall~A_TARGET_VIBE~3,Labor~A_TARGET_VIBE~2"
Sehne,3,7,Wissenschaft & Medizin,6,"Kontraktion~A_TARGET_VIBE~3,Faser~A_TARGET_VIBE~3,Training~A_TARGET_VIBE~2,Reha~A_TARGET_VIBE~2,Physio~A_TARGET_VIBE~2,Massage~A_TARGET_VIBE~2"
Sehkraft,3,7,Wissenschaft & Medizin,6,"Brille~A_TARGET_VIBE~2,Dioptrien~A_TARGET_VIBE~3,Sehtest~A_TARGET_VIBE~3,Kontaktlinse~A_TARGET_VIBE~3,Linse~A_TARGET_VIBE~3,Augenarzt~A_TARGET_VIBE~2"
Sehnerv,4,7,Wissenschaft & Medizin,7,"Augendruck~A_TARGET_VIBE~3,Gesichtsfeld~A_TARGET_VIBE~3,Tropfen~A_TARGET_VIBE~3,Vorsorge~A_TARGET_VIBE~2,Laser~A_TARGET_VIBE~3,Linse~A_TARGET_VIBE~3,Praxis~A_TARGET_VIBE~2"
Sehtest,3,7,Wissenschaft & Medizin,6,"Brille~A_TARGET_VIBE~2,Dioptrien~A_TARGET_VIBE~3,Kontaktlinse~A_TARGET_VIBE~3,Ferne~A_TARGET_VIBE~2,Augenarzt~A_TARGET_VIBE~2,Linse~A_TARGET_VIBE~3"
Sekret,2,7,Wissenschaft & Medizin,5,"Nasenspray~A_TARGET_VIBE~3,Schnupfen~A_TARGET_VIBE~2,Inhalation~A_TARGET_VIBE~2,Druck~A_TARGET_VIBE~2,Husten~A_TARGET_VIBE~2"
Sequenz,4,7,Wissenschaft & Medizin,7,"DNA~A_TARGET_VIBE~3,Mutation~A_TARGET_VIBE~3,Chromosom~A_TARGET_VIBE~3,Vererbung~A_TARGET_VIBE~3,PCR~A_TARGET_VIBE~3,Genschere~A_TARGET_VIBE~3,Labor~A_TARGET_VIBE~2"
Serotonin,4,7|12,Wissenschaft & Medizin|Gefühle & Abstraktes,7,"Antrieb~A_TARGET_VIBE~3,Schlaf~A_TARGET_VIBE~2,Gespräch~A_TARGET_VIBE~2,Antidepressivum~A_TARGET_VIBE~3,Stimmung~A_TARGET_VIBE~3,Therapie~A_TARGET_VIBE~2,Praxis~A_TARGET_VIBE~2"
Signifikanz,4,14,Höhere Mathematik,7,"Stichprobe~A_TARGET_VIBE~3,Mittelwert~A_TARGET_VIBE~3,Varianz~A_TARGET_VIBE~3,Diagramm~A_TARGET_VIBE~2,Korrelation~A_TARGET_VIBE~3,Verteilung~A_TARGET_VIBE~3,Beweis~A_TARGET_VIBE~3"
Simulation,3,6|14,Technik & Digitales|Höhere Mathematik,6,"Modell~A_TARGET_VIBE~3,Parameter~A_TARGET_VIBE~3,Zufall~A_TARGET_VIBE~2,Iteration~A_TARGET_VIBE~3,Szenario~A_TARGET_VIBE~3,Rechenzeit~A_TARGET_VIBE~3"
Solarpanel,3,6|11,Technik & Digitales|Wetter & Himmel,6,"Umlaufbahn~A_TARGET_VIBE~3,Signal~A_TARGET_VIBE~2,Antenne~A_TARGET_VIBE~3,Bodenstation~A_TARGET_VIBE~3,Navigation~A_TARGET_VIBE~3,Auflösung~A_TARGET_VIBE~3"
Sortieren,3,6|14,Technik & Digitales|Höhere Mathematik,6,"Quelltext~A_TARGET_VIBE~2,Daten~A_TARGET_VIBE~2,Schleife~A_TARGET_VIBE~3,Iteration~A_TARGET_VIBE~3,Komplexität~A_TARGET_VIBE~3,Rechenzeit~A_TARGET_VIBE~3"
Sodbrennen,3,7,Wissenschaft & Medizin,6,"Magenschmerz~A_TARGET_VIBE~3,Pantoprazol~A_TARGET_VIBE~3,Schleimhaut~A_TARGET_VIBE~3,Übelkeit~A_TARGET_VIBE~2,Verdauung~A_TARGET_VIBE~3,Praxis~A_TARGET_VIBE~2"
Speicheldrüse,4,7,Wissenschaft & Medizin,7,"Sekret~A_TARGET_VIBE~2,Ultraschall~A_TARGET_VIBE~3,Schwellung~A_TARGET_VIBE~3,Entzündung~A_TARGET_VIBE~2,Bauch~A_TARGET_VIBE~2,Praxis~A_TARGET_VIBE~2,Termin~A_TARGET_VIBE~2"
Speicher,2,7,Wissenschaft & Medizin,5,"Leistung~A_TARGET_VIBE~3,Wirkungsgrad~A_TARGET_VIBE~3,Messung~A_TARGET_VIBE~2,Diagramm~A_TARGET_VIBE~3,Parameter~A_TARGET_VIBE~3"
Spektrum,3,7,Wissenschaft & Medizin,6,"Wellenlänge~A_TARGET_VIBE~3,Farbe~A_TARGET_VIBE~2,Prisma~A_TARGET_VIBE~3,Interferenz~A_TARGET_VIBE~3,Messung~A_TARGET_VIBE~2,Diagramm~A_TARGET_VIBE~3"
Spin,4,7,Wissenschaft & Medizin,7,"Atomkern~A_TARGET_VIBE~3,Elektronenhülle~A_TARGET_VIBE~3,Ladung~A_TARGET_VIBE~3,Orbital~A_TARGET_VIBE~3,Teilchen~A_TARGET_VIBE~3,Spektrum~A_TARGET_VIBE~3,Studie~A_TARGET_VIBE~2"
Spiegel,2,7,Wissenschaft & Medizin,5,"Reflexion~A_TARGET_VIBE~3,Einfallswinkel~A_TARGET_VIBE~3,Lichtstrahl~A_TARGET_VIBE~3,Prisma~A_TARGET_VIBE~3,Linse~A_TARGET_VIBE~3"
Spirometrie,4,7,Wissenschaft & Medizin,7,"Sauerstoff~A_TARGET_VIBE~3,Inhalator~A_TARGET_VIBE~3,Atemzug~A_TARGET_VIBE~3,Bronchien~A_TARGET_VIBE~3,Husten~A_TARGET_VIBE~2,Maske~A_TARGET_VIBE~2,Praxis~A_TARGET_VIBE~2"
Spule,4,7,Wissenschaft & Medizin,7,"MRT~A_TARGET_VIBE~3,Magnet~A_TARGET_VIBE~3,Röhre~A_TARGET_VIBE~2,Kontrastmittel~A_TARGET_VIBE~3,Bildgebung~A_TARGET_VIBE~3,Befund~A_TARGET_VIBE~2,Praxis~A_TARGET_VIBE~2"
Spalte,2,6|14,Technik & Digitales|Höhere Mathematik,5,"Tabelle~A_TARGET_VIBE~2,CSV~A_TARGET_VIBE~3,Datensatz~A_TARGET_VIBE~3,Ausreißer~A_TARGET_VIBE~3,Bereinigung~A_TARGET_VIBE~3"
Spray,3,7,Wissenschaft & Medizin,6,"Inhalator~A_TARGET_VIBE~3,Atemnot~A_TARGET_VIBE~3,Peakflow~A_TARGET_VIBE~3,Bronchien~A_TARGET_VIBE~3,Husten~A_TARGET_VIBE~2,Praxis~A_TARGET_VIBE~2"
Spritze,2,7,Wissenschaft & Medizin,5,"Nadel~A_TARGET_VIBE~3,Rezept~A_TARGET_VIBE~2,Infusion~A_TARGET_VIBE~3,Probe~A_TARGET_VIBE~2,Praxis~A_TARGET_VIBE~2"
Spritzguss,4,7,Wissenschaft & Medizin,7,"Plastik~A_TARGET_VIBE~2,Recycling~A_TARGET_VIBE~3,Verpackung~A_TARGET_VIBE~2,Polymer~A_TARGET_VIBE~3,Weichmacher~A_TARGET_VIBE~3,Lösung~A_TARGET_VIBE~2,Reaktion~A_TARGET_VIBE~2"
Stammfunktion,4,14,Höhere Mathematik,7,"Fläche~A_TARGET_VIBE~3,Kurve~A_TARGET_VIBE~3,Grenzwert~A_TARGET_VIBE~3,Ableitung~A_TARGET_VIBE~3,Formel~A_TARGET_VIBE~2,Beweis~A_TARGET_VIBE~3,Koordinate~A_TARGET_VIBE~3"
Station,2,7,Wissenschaft & Medizin,5,"Visite~A_TARGET_VIBE~2,Wartezimmer~A_TARGET_VIBE~2,Diagnose~A_TARGET_VIBE~3,Therapie~A_TARGET_VIBE~2,Nachsorge~A_TARGET_VIBE~2"
Statistik,3,14,Höhere Mathematik,6,"Stichprobe~A_TARGET_VIBE~3,Mittelwert~A_TARGET_VIBE~3,Varianz~A_TARGET_VIBE~3,Signifikanz~A_TARGET_VIBE~3,Diagramm~A_TARGET_VIBE~2,Korrelation~A_TARGET_VIBE~3"
Steifigkeit,3,7,Wissenschaft & Medizin,6,"Knorpel~A_TARGET_VIBE~3,Verschleiß~A_TARGET_VIBE~3,Gelenk~A_TARGET_VIBE~2,Physio~A_TARGET_VIBE~2,Treppen~A_TARGET_VIBE~2,Praxis~A_TARGET_VIBE~2"
Steigung,3,14,Höhere Mathematik,6,"Graph~A_TARGET_VIBE~3,Koordinate~A_TARGET_VIBE~3,Nullstelle~A_TARGET_VIBE~3,Ableitung~A_TARGET_VIBE~3,Formel~A_TARGET_VIBE~2,Beweis~A_TARGET_VIBE~3"
Stent,4,7,Wissenschaft & Medizin,7,"Notruf~A_TARGET_VIBE~3,Brustschmerz~A_TARGET_VIBE~3,EKG~A_TARGET_VIBE~3,Puls~A_TARGET_VIBE~2,Rhythmus~A_TARGET_VIBE~3,Reanimation~A_TARGET_VIBE~3,Praxis~A_TARGET_VIBE~2"
Stethoskop,3,0|7,Alltag & Gegenstände|Wissenschaft & Medizin,6,"Abhören~A_TARGET_VIBE~3,Herzton~A_TARGET_VIBE~3,Brustkorb~A_TARGET_VIBE~2,Arztkittel~A_TARGET_VIBE~2,Lungen~A_TARGET_VIBE~2,Visite~A_TARGET_VIBE~2"
Stich,2,7,Wissenschaft & Medizin,5,"Impfpass~A_TARGET_VIBE~3,Booster~A_TARGET_VIBE~3,Schutz~A_TARGET_VIBE~2,Nebenwirkung~A_TARGET_VIBE~3,Impfstoff~A_TARGET_VIBE~3"
Stichprobe,3,14,Höhere Mathematik,6,"Mittelwert~A_TARGET_VIBE~3,Varianz~A_TARGET_VIBE~3,Diagramm~A_TARGET_VIBE~2,Signifikanz~A_TARGET_VIBE~3,Verteilung~A_TARGET_VIBE~3,Korrelation~A_TARGET_VIBE~3"
Stirn,2,7,Wissenschaft & Medizin,5,"Schläfe~A_TARGET_VIBE~2,Licht~A_TARGET_VIBE~2,Verspannung~A_TARGET_VIBE~3,Wasser~A_TARGET_VIBE~2,Ibuprofen~A_TARGET_VIBE~3"
Stoffwechsel,3,7,Wissenschaft & Medizin,6,"Kalorien~A_TARGET_VIBE~2,Ernährung~A_TARGET_VIBE~2,Enzym~A_TARGET_VIBE~3,Labor~A_TARGET_VIBE~2,Messung~A_TARGET_VIBE~2,Praxis~A_TARGET_VIBE~2"
Streuung,4,7,Wissenschaft & Medizin,7,"Atomkern~A_TARGET_VIBE~3,Ladung~A_TARGET_VIBE~3,Isotop~A_TARGET_VIBE~3,Teilchen~A_TARGET_VIBE~3,Beschleuniger~A_TARGET_VIBE~3,Detektor~A_TARGET_VIBE~3,Studie~A_TARGET_VIBE~2"
Strahlentherapie,4,7,Wissenschaft & Medizin,7,"Bestrahlung~A_TARGET_VIBE~3,Linearbeschleuniger~A_TARGET_VIBE~3,Fraktion~A_TARGET_VIBE~3,Onkologie~A_TARGET_VIBE~3,Tumor~A_TARGET_VIBE~3,Hautreiz~A_TARGET_VIBE~3,Praxis~A_TARGET_VIBE~2"
Strahlung,3,7,Wissenschaft & Medizin,6,"Dosis~A_TARGET_VIBE~3,Schnittbild~A_TARGET_VIBE~3,Kontrastmittel~A_TARGET_VIBE~3,Befund~A_TARGET_VIBE~2,Radioaktiv~A_TARGET_VIBE~3,Messzeit~A_TARGET_VIBE~3"
Studie,2,7,Wissenschaft & Medizin,5,"Hypothese~A_TARGET_VIBE~2,Protokoll~A_TARGET_VIBE~2,Kontrolle~A_TARGET_VIBE~2,Messung~A_TARGET_VIBE~2,Diagramm~A_TARGET_VIBE~3"
Superposition,4,7,Wissenschaft & Medizin,7,"Unschärfe~A_TARGET_VIBE~3,Quanten~A_TARGET_VIBE~3,Wellenfunktion~A_TARGET_VIBE~3,Planck~A_TARGET_VIBE~3,Messung~A_TARGET_VIBE~2,Experiment~A_TARGET_VIBE~2,Studie~A_TARGET_VIBE~2"
Systole,4,7,Wissenschaft & Medizin,7,"Diastole~A_TARGET_VIBE~3,Oberarm~A_TARGET_VIBE~2,Manometer~A_TARGET_VIBE~3,Puls~A_TARGET_VIBE~2,Messung~A_TARGET_VIBE~2,Salz~A_TARGET_VIBE~2,Risiko~A_TARGET_VIBE~2"
Tabelle,2,6|14,Technik & Digitales|Höhere Mathematik,5,"Spalte~A_TARGET_VIBE~2,CSV~A_TARGET_VIBE~3,Datensatz~A_TARGET_VIBE~3,Bereinigung~A_TARGET_VIBE~3,Ausreißer~A_TARGET_VIBE~3"
Tablette,1,7,Wissenschaft & Medizin,4,"Rezept~A_TARGET_VIBE~2,Beipackzettel~A_TARGET_VIBE~3,Nebenwirkung~A_TARGET_VIBE~3,Apotheke~A_TARGET_VIBE~2"
Taschentuch,2,7,Wissenschaft & Medizin,5,"Husten~A_TARGET_VIBE~2,Schnupfen~A_TARGET_VIBE~2,Tröpfchen~A_TARGET_VIBE~3,Fieber~A_TARGET_VIBE~2,Hygiene~A_TARGET_VIBE~2"
Teilchen,3,7,Wissenschaft & Medizin,6,"Atomkern~A_TARGET_VIBE~3,Ladung~A_TARGET_VIBE~3,Orbital~A_TARGET_VIBE~3,Spin~A_TARGET_VIBE~3,Elektronenhülle~A_TARGET_VIBE~3,Beschleunigung~A_TARGET_VIBE~3"
Teilchenbeschleuniger,4,7,Wissenschaft & Medizin,7,"CERN~A_TARGET_VIBE~3,Ring~A_TARGET_VIBE~2,Magnet~A_TARGET_VIBE~3,Vakuum~A_TARGET_VIBE~3,Detektor~A_TARGET_VIBE~3,Hochenergie~A_TARGET_VIBE~3,Studie~A_TARGET_VIBE~2"
Teilung,3,7,Wissenschaft & Medizin,6,"Zellkern~A_TARGET_VIBE~3,Membran~A_TARGET_VIBE~3,Mikroskop~A_TARGET_VIBE~2,Chromosom~A_TARGET_VIBE~3,DNA~A_TARGET_VIBE~3,Praxis~A_TARGET_VIBE~2"
Termin,1,7,Wissenschaft & Medizin,4,"Wartezimmer~A_TARGET_VIBE~2,Praxis~A_TARGET_VIBE~2,Kontrolle~A_TARGET_VIBE~2,Rezept~A_TARGET_VIBE~2"
Testzentrum,3,7,Wissenschaft & Medizin,6,"Wattestäbchen~A_TARGET_VIBE~3,PCR~A_TARGET_VIBE~3,Positiv~A_TARGET_VIBE~3,Negativ~A_TARGET_VIBE~3,Ablesen~A_TARGET_VIBE~2,Praxis~A_TARGET_VIBE~2"
Testset,3,7,Wissenschaft & Medizin,6,"Röhrchen~A_TARGET_VIBE~3,Labor~A_TARGET_VIBE~2,Keim~A_TARGET_VIBE~2,Früherkennung~A_TARGET_VIBE~3,Ablesen~A_TARGET_VIBE~2,Praxis~A_TARGET_VIBE~2"
Therapie,2,7,Wissenschaft & Medizin,5,"Behandlung~A_TARGET_VIBE~3,Nachsorge~A_TARGET_VIBE~2,Termin~A_TARGET_VIBE~2,Nebenwirkung~A_TARGET_VIBE~3,Praxis~A_TARGET_VIBE~2"
Thrombose,4,7,Wissenschaft & Medizin,7,"Vene~A_TARGET_VIBE~3,Gerinnsel~A_TARGET_VIBE~3,Kompression~A_TARGET_VIBE~3,Schwellung~A_TARGET_VIBE~3,Heparin~A_TARGET_VIBE~3,Langstrecke~A_TARGET_VIBE~3,Bein~A_TARGET_VIBE~2"
Tinnitus,4,7,Wissenschaft & Medizin,7,"Trommelfell~A_TARGET_VIBE~3,Hörtest~A_TARGET_VIBE~3,Gehörgang~A_TARGET_VIBE~3,Kopfhörer~A_TARGET_VIBE~2,Ohrstöpsel~A_TARGET_VIBE~2,Lautstärke~A_TARGET_VIBE~2,Praxis~A_TARGET_VIBE~2"
Tissue,4,7,Wissenschaft & Medizin,7,"Gewebe~A_TARGET_VIBE~3,Nadel~A_TARGET_VIBE~3,Labor~A_TARGET_VIBE~2,Befund~A_TARGET_VIBE~2,Ultraschall~A_TARGET_VIBE~3,Praxis~A_TARGET_VIBE~2,Termin~A_TARGET_VIBE~2"
Tomografie,4,7,Wissenschaft & Medizin,7,"Schnittbild~A_TARGET_VIBE~3,Scanner~A_TARGET_VIBE~3,Kontrastmittel~A_TARGET_VIBE~3,Aufnahme~A_TARGET_VIBE~2,Befund~A_TARGET_VIBE~2,Bildgebung~A_TARGET_VIBE~3,Praxis~A_TARGET_VIBE~2"
Triage,4,7,Wissenschaft & Medizin,7,"Notaufnahme~A_TARGET_VIBE~3,Blaulicht~A_TARGET_VIBE~3,Trage~A_TARGET_VIBE~3,Wartebereich~A_TARGET_VIBE~2,Schock~A_TARGET_VIBE~3,Reanimation~A_TARGET_VIBE~3,Praxis~A_TARGET_VIBE~2"
Tröpfchen,3,7,Wissenschaft & Medizin,6,"Ansteckung~A_TARGET_VIBE~3,Hygiene~A_TARGET_VIBE~2,Taschentuch~A_TARGET_VIBE~2,Husten~A_TARGET_VIBE~2,Quarantäne~A_TARGET_VIBE~3,Praxis~A_TARGET_VIBE~2"
Triptan,4,7,Wissenschaft & Medizin,7,"Aura~A_TARGET_VIBE~3,Licht~A_TARGET_VIBE~3,Pochend~A_TARGET_VIBE~3,Dunkelheit~A_TARGET_VIBE~2,Geräusch~A_TARGET_VIBE~2,Übelkeit~A_TARGET_VIBE~2,Praxis~A_TARGET_VIBE~2"
Tumor,3,7,Wissenschaft & Medizin,6,"Onkologie~A_TARGET_VIBE~3,Bestrahlung~A_TARGET_VIBE~3,Infusion~A_TARGET_VIBE~3,Befund~A_TARGET_VIBE~2,Nachsorge~A_TARGET_VIBE~2,Praxis~A_TARGET_VIBE~2"
Übelkeit,2,7|12,Wissenschaft & Medizin|Gefühle & Abstraktes,5,"Ingwer~A_TARGET_VIBE~3,Kreislauf~A_TARGET_VIBE~2,Schwindel~A_TARGET_VIBE~2,Reisebus~A_TARGET_VIBE~2,Antiemetikum~A_TARGET_VIBE~3"
Ultraschall,3,7,Wissenschaft & Medizin,6,"Befund~A_TARGET_VIBE~2,Bildgebung~A_TARGET_VIBE~3,Termin~A_TARGET_VIBE~2,Praxis~A_TARGET_VIBE~2,Probe~A_TARGET_VIBE~2,Messung~A_TARGET_VIBE~2"
Umlaufbahn,3,6|11,Technik & Digitales|Wetter & Himmel,6,"Signal~A_TARGET_VIBE~2,Solarpanel~A_TARGET_VIBE~3,Bodenstation~A_TARGET_VIBE~3,Antenne~A_TARGET_VIBE~3,Navigation~A_TARGET_VIBE~3,Auflösung~A_TARGET_VIBE~3"
Umstellen,3,14,Höhere Mathematik,6,"Unbekannte~A_TARGET_VIBE~3,Lösung~A_TARGET_VIBE~2,Formel~A_TARGET_VIBE~2,Term~A_TARGET_VIBE~3,Beweis~A_TARGET_VIBE~3,Gleichung~A_TARGET_VIBE~3"
Unbekannte,3,14,Höhere Mathematik,6,"Umstellen~A_TARGET_VIBE~3,Lösung~A_TARGET_VIBE~2,Formel~A_TARGET_VIBE~2,Term~A_TARGET_VIBE~3,Beweis~A_TARGET_VIBE~3,Gleichung~A_TARGET_VIBE~3"
Unschärfe,4,7,Wissenschaft & Medizin,7,"Superposition~A_TARGET_VIBE~3,Quanten~A_TARGET_VIBE~3,Wellenfunktion~A_TARGET_VIBE~3,Planck~A_TARGET_VIBE~3,Messung~A_TARGET_VIBE~2,Experiment~A_TARGET_VIBE~2,Studie~A_TARGET_VIBE~2"
Untersuchung,2,7,Wissenschaft & Medizin,5,"Befund~A_TARGET_VIBE~2,Termin~A_TARGET_VIBE~2,Ultraschall~A_TARGET_VIBE~3,Abtasten~A_TARGET_VIBE~3,Labor~A_TARGET_VIBE~2"
Urin,2,7,Wissenschaft & Medizin,5,"Blase~A_TARGET_VIBE~2,Katheter~A_TARGET_VIBE~3,Harndrang~A_TARGET_VIBE~3,Infektion~A_TARGET_VIBE~3,Labor~A_TARGET_VIBE~2"
Varianz,4,14,Höhere Mathematik,7,"Stichprobe~A_TARGET_VIBE~3,Mittelwert~A_TARGET_VIBE~3,Diagramm~A_TARGET_VIBE~2,Signifikanz~A_TARGET_VIBE~3,Korrelation~A_TARGET_VIBE~3,Verteilung~A_TARGET_VIBE~3,Beweis~A_TARGET_VIBE~3"
Vakuum,3,7,Wissenschaft & Medizin,6,"CERN~A_TARGET_VIBE~3,Ring~A_TARGET_VIBE~2,Magnet~A_TARGET_VIBE~3,Detektor~A_TARGET_VIBE~3,Hochenergie~A_TARGET_VIBE~3,Studie~A_TARGET_VIBE~2"
Variable,3,14,Höhere Mathematik,6,"Formel~A_TARGET_VIBE~2,Koordinate~A_TARGET_VIBE~3,Diagramm~A_TARGET_VIBE~3,Beweis~A_TARGET_VIBE~3,Umstellen~A_TARGET_VIBE~3,Term~A_TARGET_VIBE~3"
Vektor,3,14,Höhere Mathematik,6,"Richtung~A_TARGET_VIBE~3,Betrag~A_TARGET_VIBE~3,Koordinate~A_TARGET_VIBE~3,Pfeil~A_TARGET_VIBE~2,Skalarprodukt~A_TARGET_VIBE~3,Geometrie~A_TARGET_VIBE~3"
Verarbeitung,3,7,Wissenschaft & Medizin,6,"Gedächtnis~A_TARGET_VIBE~3,Kognition~A_TARGET_VIBE~3,Reiz~A_TARGET_VIBE~3,Struktur~A_TARGET_VIBE~2,Therapie~A_TARGET_VIBE~2,Praxis~A_TARGET_VIBE~2"
Verbrauch,2,7,Wissenschaft & Medizin,5,"Kalorien~A_TARGET_VIBE~2,Stoffwechsel~A_TARGET_VIBE~3,Leistung~A_TARGET_VIBE~3,Messung~A_TARGET_VIBE~2,Diagramm~A_TARGET_VIBE~3"
Vererbung,3,7,Wissenschaft & Medizin,6,"DNA~A_TARGET_VIBE~3,Mutation~A_TARGET_VIBE~3,Chromosom~A_TARGET_VIBE~3,Sequenz~A_TARGET_VIBE~3,Genschere~A_TARGET_VIBE~3,Genetik~A_TARGET_VIBE~3"
Verhalten,3,7|12,Wissenschaft & Medizin|Gefühle & Abstraktes,6,"Reiz~A_TARGET_VIBE~3,Auslöser~A_TARGET_VIBE~3,Alltag~A_TARGET_VIBE~2,Struktur~A_TARGET_VIBE~2,Therapie~A_TARGET_VIBE~2,Praxis~A_TARGET_VIBE~2"
Verlauf,2,7,Wissenschaft & Medizin,5,"Prognose~A_TARGET_VIBE~3,Nachsorge~A_TARGET_VIBE~2,Kontrolle~A_TARGET_VIBE~2,Termin~A_TARGET_VIBE~2,Praxis~A_TARGET_VIBE~2"
Vermeidung,3,7|12,Wissenschaft & Medizin|Gefühle & Abstraktes,6,"Panik~A_TARGET_VIBE~3,Herzrasen~A_TARGET_VIBE~3,Auslöser~A_TARGET_VIBE~3,Atemtechnik~A_TARGET_VIBE~3,Therapie~A_TARGET_VIBE~2,Praxis~A_TARGET_VIBE~2"
Verpackung,2,7,Wissenschaft & Medizin,5,"Plastik~A_TARGET_VIBE~2,Recycling~A_TARGET_VIBE~3,Spritzguss~A_TARGET_VIBE~3,Weichmacher~A_TARGET_VIBE~3,Polymer~A_TARGET_VIBE~3"
Verspannung,3,7,Wissenschaft & Medizin,6,"Massage~A_TARGET_VIBE~2,Übungen~A_TARGET_VIBE~2,Reha~A_TARGET_VIBE~2,Physio~A_TARGET_VIBE~2,Schläfe~A_TARGET_VIBE~2,Praxis~A_TARGET_VIBE~2"
Versuch,2,7,Wissenschaft & Medizin,5,"Hypothese~A_TARGET_VIBE~2,Messung~A_TARGET_VIBE~2,Kontrolle~A_TARGET_VIBE~2,Protokoll~A_TARGET_VIBE~2,Diagramm~A_TARGET_VIBE~3"
Version,2,6|14,Technik & Digitales|Höhere Mathematik,5,"Versionsnummer~A_TARGET_VIBE~2,Quelltext~A_TARGET_VIBE~2,Daten~A_TARGET_VIBE~2,Fehler~A_TARGET_VIBE~2,Iteration~A_TARGET_VIBE~3"
Versionsnummer,2,6|14,Technik & Digitales|Höhere Mathematik,5,"Quelltext~A_TARGET_VIBE~2,Daten~A_TARGET_VIBE~2,Fehler~A_TARGET_VIBE~2,Iteration~A_TARGET_VIBE~3,Parameter~A_TARGET_VIBE~3"
Verschleiß,3,7,Wissenschaft & Medizin,6,"Knorpel~A_TARGET_VIBE~3,Gelenk~A_TARGET_VIBE~2,Steifigkeit~A_TARGET_VIBE~3,Physio~A_TARGET_VIBE~2,Treppen~A_TARGET_VIBE~2,Praxis~A_TARGET_VIBE~2"
Visite,2,7,Wissenschaft & Medizin,5,"Station~A_TARGET_VIBE~2,Arztkittel~A_TARGET_VIBE~2,Stethoskop~A_TARGET_VIBE~3,Befund~A_TARGET_VIBE~2,Nachsorge~A_TARGET_VIBE~2"
Vitamin,2,1|7,Essen & Trinken|Wissenschaft & Medizin,5,"Calcium~A_TARGET_VIBE~3,Ernährung~A_TARGET_VIBE~2,Stoffwechsel~A_TARGET_VIBE~3,Diätplan~A_TARGET_VIBE~3,Labor~A_TARGET_VIBE~2"
Vorgeschichte,3,7,Wissenschaft & Medizin,6,"Anamnese~A_TARGET_VIBE~3,Fragebogen~A_TARGET_VIBE~3,Gespräch~A_TARGET_VIBE~2,Notizen~A_TARGET_VIBE~2,Termin~A_TARGET_VIBE~2,Praxis~A_TARGET_VIBE~2"
Vorsorge,2,7,Wissenschaft & Medizin,5,"Früherkennung~A_TARGET_VIBE~3,Termin~A_TARGET_VIBE~2,Kasse~A_TARGET_VIBE~2,Kontrolltermin~A_TARGET_VIBE~2,Ultraschall~A_TARGET_VIBE~3"
Vorsorgeuntersuchung,4,7,Wissenschaft & Medizin,7,"Früherkennung~A_TARGET_VIBE~3,Termin~A_TARGET_VIBE~2,Kontrolltermin~A_TARGET_VIBE~2,Ultraschall~A_TARGET_VIBE~3,Labor~A_TARGET_VIBE~2,Einladung~A_TARGET_VIBE~2,Kasse~A_TARGET_VIBE~2"
Wahrscheinlichkeit,4,7|12,Wissenschaft & Medizin|Gefühle & Abstraktes,7,"Zufall~A_TARGET_VIBE~2,Würfel~A_TARGET_VIBE~2,Chance~A_TARGET_VIBE~2,Verteilung~A_TARGET_VIBE~3,Risiko~A_TARGET_VIBE~2,Stichprobe~A_TARGET_VIBE~3,Diagramm~A_TARGET_VIBE~3"
Waldweg,2,7,Wissenschaft & Medizin,5,"Zecke~A_TARGET_VIBE~3,Stich~A_TARGET_VIBE~2,Wanderröte~A_TARGET_VIBE~3,Gelenk~A_TARGET_VIBE~2,Fieber~A_TARGET_VIBE~2"
Wanderröte,4,7,Wissenschaft & Medizin,7,"Zecke~A_TARGET_VIBE~3,Doxycyclin~A_TARGET_VIBE~3,Stich~A_TARGET_VIBE~2,Waldweg~A_TARGET_VIBE~2,Gelenk~A_TARGET_VIBE~2,Fieber~A_TARGET_VIBE~2,Praxis~A_TARGET_VIBE~2"
Wartebereich,2,7,Wissenschaft & Medizin,5,"Wartezimmer~A_TARGET_VIBE~2,Termin~A_TARGET_VIBE~2,Notaufnahme~A_TARGET_VIBE~3,Triage~A_TARGET_VIBE~3,Praxis~A_TARGET_VIBE~2"
Wartezimmer,1,7,Wissenschaft & Medizin,4,"Termin~A_TARGET_VIBE~2,Praxis~A_TARGET_VIBE~2,Rezept~A_TARGET_VIBE~2,Checkliste~A_TARGET_VIBE~2"
Wasser,2,7,Wissenschaft & Medizin,5,"Kreislauf~A_TARGET_VIBE~2,Schwindel~A_TARGET_VIBE~2,Übelkeit~A_TARGET_VIBE~2,Flüssigkeit~A_TARGET_VIBE~2,Praxis~A_TARGET_VIBE~2"
Wattestäbchen,4,7,Wissenschaft & Medizin,7,"Rachen~A_TARGET_VIBE~3,PCR~A_TARGET_VIBE~3,Labor~A_TARGET_VIBE~2,Testzentrum~A_TARGET_VIBE~3,Positiv~A_TARGET_VIBE~3,Negativ~A_TARGET_VIBE~3,Praxis~A_TARGET_VIBE~2"
Wehen,3,7,Wissenschaft & Medizin,6,"Kreißsaal~A_TARGET_VIBE~3,Ultraschall~A_TARGET_VIBE~3,Neugeboren~A_TARGET_VIBE~2,Geburtsplan~A_TARGET_VIBE~3,Nachsorge~A_TARGET_VIBE~2,Hebamme~A_TARGET_VIBE~3"
Weichmacher,4,7,Wissenschaft & Medizin,7,"Plastik~A_TARGET_VIBE~2,Spritzguss~A_TARGET_VIBE~3,Recycling~A_TARGET_VIBE~3,Verpackung~A_TARGET_VIBE~2,Polymer~A_TARGET_VIBE~3,Lösung~A_TARGET_VIBE~2,Reaktion~A_TARGET_VIBE~2"
Wellen,2,7,Wissenschaft & Medizin,5,"Frequenz~A_TARGET_VIBE~3,Amplitude~A_TARGET_VIBE~3,Spektrum~A_TARGET_VIBE~3,Schwingung~A_TARGET_VIBE~3,Interferenz~A_TARGET_VIBE~3"
Wellenfunktion,4,7,Wissenschaft & Medizin,7,"Superposition~A_TARGET_VIBE~3,Unschärfe~A_TARGET_VIBE~3,Quanten~A_TARGET_VIBE~3,Planck~A_TARGET_VIBE~3,Messung~A_TARGET_VIBE~2,Experiment~A_TARGET_VIBE~2,Studie~A_TARGET_VIBE~2"
Wellenlänge,4,7,Wissenschaft & Medizin,7,"Spektrum~A_TARGET_VIBE~3,Farbe~A_TARGET_VIBE~2,Laser~A_TARGET_VIBE~3,Frequenz~A_TARGET_VIBE~3,Interferenz~A_TARGET_VIBE~3,Prisma~A_TARGET_VIBE~2,Studie~A_TARGET_VIBE~2"
Wickeln,2,0|7,Alltag & Gegenstände|Wissenschaft & Medizin,5,"Gaze~A_TARGET_VIBE~3,Kompression~A_TARGET_VIBE~3,Wunde~A_TARGET_VIBE~2,Fixieren~A_TARGET_VIBE~2,Sportverletzung~A_TARGET_VIBE~3"
Winkel,3,7,Wissenschaft & Medizin,6,"Prisma~A_TARGET_VIBE~3,Linse~A_TARGET_VIBE~3,Spiegel~A_TARGET_VIBE~2,Brechzahl~A_TARGET_VIBE~3,Lichtstrahl~A_TARGET_VIBE~3,Reflexion~A_TARGET_VIBE~3"
Wirkungsgrad,4,7,Wissenschaft & Medizin,7,"Leistung~A_TARGET_VIBE~3,Arbeit~A_TARGET_VIBE~3,Messung~A_TARGET_VIBE~2,Diagramm~A_TARGET_VIBE~3,Parameter~A_TARGET_VIBE~3,Speicher~A_TARGET_VIBE~2,Studie~A_TARGET_VIBE~2"
Wirbel,3,7,Wissenschaft & Medizin,6,"Bruch~A_TARGET_VIBE~2,Gips~A_TARGET_VIBE~2,Knochenmark~A_TARGET_VIBE~3,Calcium~A_TARGET_VIBE~3,Dichte~A_TARGET_VIBE~3,Röntgen~A_TARGET_VIBE~3"
Würfel,2,7|12,Wissenschaft & Medizin|Gefühle & Abstraktes,5,"Zufall~A_TARGET_VIBE~2,Chance~A_TARGET_VIBE~2,Verteilung~A_TARGET_VIBE~3,Risiko~A_TARGET_VIBE~2,Stichprobe~A_TARGET_VIBE~3"
Wurzel,3,14,Höhere Mathematik,6,"Umstellen~A_TARGET_VIBE~3,Unbekannte~A_TARGET_VIBE~3,Lösung~A_TARGET_VIBE~2,Formel~A_TARGET_VIBE~2,Term~A_TARGET_VIBE~3,Beweis~A_TARGET_VIBE~3"
Zecke,4,7,Wissenschaft & Medizin,7,"Wanderröte~A_TARGET_VIBE~3,Doxycyclin~A_TARGET_VIBE~3,Stich~A_TARGET_VIBE~2,Waldweg~A_TARGET_VIBE~2,Gelenk~A_TARGET_VIBE~2,Fieber~A_TARGET_VIBE~2,Praxis~A_TARGET_VIBE~2"
Zeilen,2,14,Höhere Mathematik,5,"Spalten~A_TARGET_VIBE~2,Matrix~A_TARGET_VIBE~3,Determinante~A_TARGET_VIBE~3,Vektor~A_TARGET_VIBE~3,Operator~A_TARGET_VIBE~3"
Zellkern,3,7,Wissenschaft & Medizin,6,"Membran~A_TARGET_VIBE~3,Mitochondrium~A_TARGET_VIBE~3,Organell~A_TARGET_VIBE~3,Mikroskop~A_TARGET_VIBE~2,Teilung~A_TARGET_VIBE~3,Ribosom~A_TARGET_VIBE~3"
Zellteilung,3,7,Wissenschaft & Medizin,6,"Zellkern~A_TARGET_VIBE~3,Chromosom~A_TARGET_VIBE~3,DNA~A_TARGET_VIBE~3,Mutation~A_TARGET_VIBE~3,Mikroskop~A_TARGET_VIBE~2,Praxis~A_TARGET_VIBE~2"
Zerfall,3,7,Wissenschaft & Medizin,6,"Isotop~A_TARGET_VIBE~3,Radioaktiv~A_TARGET_VIBE~3,Strahlung~A_TARGET_VIBE~3,Blei~A_TARGET_VIBE~2,Messzeit~A_TARGET_VIBE~3,Studie~A_TARGET_VIBE~2"
Zucker,2,1|7,Essen & Trinken|Wissenschaft & Medizin,5,"Blutzucker~A_TARGET_VIBE~3,Insulin~A_TARGET_VIBE~3,Messgerät~A_TARGET_VIBE~3,Traubenzucker~A_TARGET_VIBE~3,Kalorien~A_TARGET_VIBE~2"
Zufall,2,7|12,Wissenschaft & Medizin|Gefühle & Abstraktes,5,"Würfel~A_TARGET_VIBE~2,Chance~A_TARGET_VIBE~2,Verteilung~A_TARGET_VIBE~3,Risiko~A_TARGET_VIBE~2,Stichprobe~A_TARGET_VIBE~3"
Zyklus,3,7,Wissenschaft & Medizin,6,"Hormon~A_TARGET_VIBE~3,Ultraschall~A_TARGET_VIBE~3,Termin~A_TARGET_VIBE~2,Praxis~A_TARGET_VIBE~2,Untersuchung~A_TARGET_VIBE~3,Nachsorge~A_TARGET_VIBE~2"
Zytoplasma,4,7,Wissenschaft & Medizin,7,"Zellkern~A_TARGET_VIBE~3,Membran~A_TARGET_VIBE~3,Mitochondrium~A_TARGET_VIBE~3,Organell~A_TARGET_VIBE~3,Mikroskop~A_TARGET_VIBE~2,Teilung~A_TARGET_VIBE~3,Praxis~A_TARGET_VIBE~2"
Zytostatika,4,7,Wissenschaft & Medizin,7,"Infusion~A_TARGET_VIBE~3,Port~A_TARGET_VIBE~3,Onkologie~A_TARGET_VIBE~3,Haarausfall~A_TARGET_VIBE~3,Übelkeit~A_TARGET_VIBE~2,Nebenwirkung~A_TARGET_VIBE~3,Praxis~A_TARGET_VIBE~2"
Zwerchfell,3,7,Wissenschaft & Medizin,6,"Atemzug~A_TARGET_VIBE~3,Sauerstoff~A_TARGET_VIBE~3,Bronchien~A_TARGET_VIBE~3,Kontraktion~A_TARGET_VIBE~3,Maske~A_TARGET_VIBE~2,Reha~A_TARGET_VIBE~2"
Ansteckung,4,7,Wissenschaft & Medizin,6,"Händewaschen~A_TARGET_VIBE~3,Inkubation~A_TARGET_VIBE~4,Maske~A_TARGET_VIBE~3,Tröpfchen~A_TARGET_VIBE~3,Kontakt~A_TARGET_VIBE~3,Quarantäne~A_TARGET_VIBE~3"
Antigen,4,7,Wissenschaft & Medizin,7,"Immunreaktion~A_TARGET_VIBE~3,Zellmembran~A_TARGET_VIBE~4,Nachweis~A_TARGET_VIBE~3,Antikörper~A_TARGET_VIBE~3,Teststreifen~A_TARGET_VIBE~3,Schnelltest~A_TARGET_VIBE~3,Bindung~A_TARGET_VIBE~3"
Arznei,4,7,Wissenschaft & Medizin,6,"Dosierung~A_TARGET_VIBE~3,Nebenwirkung~A_TARGET_VIBE~4,Einnahme~A_TARGET_VIBE~3,Wechselwirkung~A_TARGET_VIBE~3,Rezept~A_TARGET_VIBE~3,Apotheke~A_TARGET_VIBE~3"
Astronaut,4,3|7,Orte & Reisen|Wissenschaft & Medizin,7,"Mission~A_TARGET_VIBE~3,All~A_TARGET_VIBE~4,Raumanzug~A_TARGET_VIBE~3,Training~A_TARGET_VIBE~3,Schwerelos~A_TARGET_VIBE~3,Kapsel~A_TARGET_VIBE~3,Start~A_TARGET_VIBE~3"
Astronomie,4,7,Wissenschaft & Medizin,7,"Galaxie~A_TARGET_VIBE~3,Observatorium~A_TARGET_VIBE~4,Lichtjahr~A_TARGET_VIBE~3,Spektrum~A_TARGET_VIBE~3,Teleskop~A_TARGET_VIBE~3,Umlaufbahn~A_TARGET_VIBE~3,Stern~A_TARGET_VIBE~3"
Atom,4,7,Wissenschaft & Medizin,7,"Isotop~A_TARGET_VIBE~3,Hülle~A_TARGET_VIBE~4,Teilchen~A_TARGET_VIBE~3,Kern~A_TARGET_VIBE~3,Elektron~A_TARGET_VIBE~3,Proton~A_TARGET_VIBE~3,Neutron~A_TARGET_VIBE~3"
Atemschutz,4,0|7,Alltag & Gegenstände|Wissenschaft & Medizin,7,"Band~A_TARGET_VIBE~3,Dichtsitz~A_TARGET_VIBE~4,Ventil~A_TARGET_VIBE~3,Maske~A_TARGET_VIBE~3,FFP2~A_TARGET_VIBE~3,Filter~A_TARGET_VIBE~3,Aerosol~A_TARGET_VIBE~3"
Atemweg,4,7,Wissenschaft & Medizin,7,"Entzündung~A_TARGET_VIBE~3,Sekret~A_TARGET_VIBE~4,Bronchie~A_TARGET_VIBE~3,Luftröhre~A_TARGET_VIBE~3,Schleim~A_TARGET_VIBE~3,Husten~A_TARGET_VIBE~3,Inhalator~A_TARGET_VIBE~3"
Auge,4,7,Wissenschaft & Medizin,6,"Pupille~A_TARGET_VIBE~3,Linse~A_TARGET_VIBE~4,Netzhaut~A_TARGET_VIBE~3,Blinzeln~A_TARGET_VIBE~3,Träne~A_TARGET_VIBE~3,Sehtest~A_TARGET_VIBE~3"
Bänderriss,4,7,Wissenschaft & Medizin,7,"Stabilität~A_TARGET_VIBE~3,MRT~A_TARGET_VIBE~4,Tape~A_TARGET_VIBE~3,Schiene~A_TARGET_VIBE~3,Krücke~A_TARGET_VIBE~3,Schwellung~A_TARGET_VIBE~3,Sprunggelenk~A_TARGET_VIBE~3"
Blutabnahme,4,7,Wissenschaft & Medizin,7,"Vene~A_TARGET_VIBE~3,Nadel~A_TARGET_VIBE~4,Röhrchen~A_TARGET_VIBE~3,Stauschlauch~A_TARGET_VIBE~3,Pflaster~A_TARGET_VIBE~3,Labor~A_TARGET_VIBE~3,Etikett~A_TARGET_VIBE~3"
Blutgruppe,4,7,Wissenschaft & Medizin,7,"Rhesus~A_TARGET_VIBE~3,Spender~A_TARGET_VIBE~4,Ausweis~A_TARGET_VIBE~3,Transfusion~A_TARGET_VIBE~3,Kreuzprobe~A_TARGET_VIBE~3,Notfall~A_TARGET_VIBE~3,AB0~A_TARGET_VIBE~3"
Blutplasma,4,7,Wissenschaft & Medizin,7,"Zentrifuge~A_TARGET_VIBE~3,Beutel~A_TARGET_VIBE~4,Gerinnungsfaktor~A_TARGET_VIBE~3,Spende~A_TARGET_VIBE~3,Serum~A_TARGET_VIBE~3,Protein~A_TARGET_VIBE~3,Transport~A_TARGET_VIBE~3"
Blutprobe,4,7,Wissenschaft & Medizin,7,"Röhrchen~A_TARGET_VIBE~3,Etikett~A_TARGET_VIBE~4,Labor~A_TARGET_VIBE~3,Analyse~A_TARGET_VIBE~3,Zentrifuge~A_TARGET_VIBE~3,Nadel~A_TARGET_VIBE~3,Befund~A_TARGET_VIBE~3"
Blutverlust,4,7,Wissenschaft & Medizin,7,"Schock~A_TARGET_VIBE~3,Druckverband~A_TARGET_VIBE~4,Transfusion~A_TARGET_VIBE~3,Kreislauf~A_TARGET_VIBE~3,Blässe~A_TARGET_VIBE~3,Puls~A_TARGET_VIBE~3,Schwindel~A_TARGET_VIBE~3"
Botanik,4,2|7,Natur & Tiere|Wissenschaft & Medizin,7,"Bestimmung~A_TARGET_VIBE~3,Gewächshaus~A_TARGET_VIBE~4,Wurzel~A_TARGET_VIBE~3,Blatt~A_TARGET_VIBE~3,Samen~A_TARGET_VIBE~3,Mikroskop~A_TARGET_VIBE~3,Herbarium~A_TARGET_VIBE~3"
Botenstoff,4,7,Wissenschaft & Medizin,7,"Synapse~A_TARGET_VIBE~3,Vesikel~A_TARGET_VIBE~4,Freisetzung~A_TARGET_VIBE~3,Signal~A_TARGET_VIBE~3,Rezeptor~A_TARGET_VIBE~3,Abbau~A_TARGET_VIBE~3,Spalt~A_TARGET_VIBE~3"
Brechung,4,7,Wissenschaft & Medizin,7,"Optik~A_TARGET_VIBE~3,Prisma~A_TARGET_VIBE~4,Linse~A_TARGET_VIBE~3,Winkel~A_TARGET_VIBE~3,Regenbogen~A_TARGET_VIBE~3,Glas~A_TARGET_VIBE~3,Wasser~A_TARGET_VIBE~3"
Brille,4,0|7,Alltag & Gegenstände|Wissenschaft & Medizin,7,"Etui~A_TARGET_VIBE~3,Gestell~A_TARGET_VIBE~4,Bügel~A_TARGET_VIBE~3,Nasenpad~A_TARGET_VIBE~3,Optiker~A_TARGET_VIBE~3,Putztuch~A_TARGET_VIBE~3,Sehstärke~A_TARGET_VIBE~3"
Bronchie,4,7,Wissenschaft & Medizin,7,"Pfeifen~A_TARGET_VIBE~3,Atemnot~A_TARGET_VIBE~4,Entzündung~A_TARGET_VIBE~3,Sekret~A_TARGET_VIBE~3,Schleim~A_TARGET_VIBE~3,Husten~A_TARGET_VIBE~3,Inhalator~A_TARGET_VIBE~3"
Brustkorb,4,7,Wissenschaft & Medizin,7,"Rippe~A_TARGET_VIBE~3,Sternum~A_TARGET_VIBE~4,Atembewegung~A_TARGET_VIBE~3,Lunge~A_TARGET_VIBE~3,Herz~A_TARGET_VIBE~3,Prellung~A_TARGET_VIBE~3,Gürtel~A_TARGET_VIBE~3"
Chirurg,4,7|9,Wissenschaft & Medizin|Gesellschaft & Beruf,7,"Steril~A_TARGET_VIBE~3,Saal~A_TARGET_VIBE~4,OP~A_TARGET_VIBE~3,Skalpell~A_TARGET_VIBE~3,Naht~A_TARGET_VIBE~3,Handschuh~A_TARGET_VIBE~3,Assistenz~A_TARGET_VIBE~3"
Chirurgie,4,7,Wissenschaft & Medizin,7,"Naht~A_TARGET_VIBE~3,Instrument~A_TARGET_VIBE~4,Aufwachraum~A_TARGET_VIBE~3,Operationssaal~A_TARGET_VIBE~3,Steril~A_TARGET_VIBE~3,Skalpell~A_TARGET_VIBE~3,Assistenz~A_TARGET_VIBE~3"
Chlor,4,7,Wissenschaft & Medizin,6,"Schwimmbad~A_TARGET_VIBE~3,Bleichmittel~A_TARGET_VIBE~4,Geruch~A_TARGET_VIBE~3,Gas~A_TARGET_VIBE~3,Desinfektion~A_TARGET_VIBE~3,Pool~A_TARGET_VIBE~3"
Chlorophyll,4,7,Wissenschaft & Medizin,6,"Sonnenlicht~A_TARGET_VIBE~3,Photosynthese~A_TARGET_VIBE~4,Blatt~A_TARGET_VIBE~3,Grün~A_TARGET_VIBE~3,Farbstoff~A_TARGET_VIBE~3,Herbst~A_TARGET_VIBE~3"
Cholesterin,4,7,Wissenschaft & Medizin,7,"Gefäß~A_TARGET_VIBE~3,Ernährung~A_TARGET_VIBE~4,Statin~A_TARGET_VIBE~3,Kontrolle~A_TARGET_VIBE~3,LDL~A_TARGET_VIBE~3,HDL~A_TARGET_VIBE~3,Blutwert~A_TARGET_VIBE~3"
Datenbank,4,6,Technik & Digitales,7,"Index~A_TARGET_VIBE~3,Server~A_TARGET_VIBE~4,Backup~A_TARGET_VIBE~3,Tabelle~A_TARGET_VIBE~3,Schlüssel~A_TARGET_VIBE~3,Datensatz~A_TARGET_VIBE~3,SQL~A_TARGET_VIBE~3"
Dehydrierung,4,7,Wissenschaft & Medizin,7,"Mundtrocken~A_TARGET_VIBE~3,Durst~A_TARGET_VIBE~4,Elektrolyt~A_TARGET_VIBE~3,Hautfalte~A_TARGET_VIBE~3,Infusion~A_TARGET_VIBE~3,Kreislauf~A_TARGET_VIBE~3,Schwindel~A_TARGET_VIBE~3"
Dermatologie,4,7,Wissenschaft & Medizin,7,"Juckreiz~A_TARGET_VIBE~3,Salbe~A_TARGET_VIBE~4,Ekzem~A_TARGET_VIBE~3,Muttermal~A_TARGET_VIBE~3,Akne~A_TARGET_VIBE~3,Hautarzt~A_TARGET_VIBE~3,Sprechstunde~A_TARGET_VIBE~3"
Desinfektion,4,7|10,Wissenschaft & Medizin|Haushalt & Wohnen,7,"Sprühflasche~A_TARGET_VIBE~3,Einwirkzeit~A_TARGET_VIBE~4,Alkohol~A_TARGET_VIBE~3,Händewaschen~A_TARGET_VIBE~3,Oberfläche~A_TARGET_VIBE~3,Keimzahl~A_TARGET_VIBE~3,Geruch~A_TARGET_VIBE~3"
Destillation,4,7,Wissenschaft & Medizin,7,"Siedepunkt~A_TARGET_VIBE~3,Reinheit~A_TARGET_VIBE~4,Labor~A_TARGET_VIBE~3,Destillat~A_TARGET_VIBE~3,Kolben~A_TARGET_VIBE~3,Dampf~A_TARGET_VIBE~3,Kondensator~A_TARGET_VIBE~3"
Dialyse,4,7,Wissenschaft & Medizin,7,"Maschine~A_TARGET_VIBE~3,Uremie~A_TARGET_VIBE~4,Niere~A_TARGET_VIBE~3,Shunt~A_TARGET_VIBE~3,Dialysator~A_TARGET_VIBE~3,Sitzung~A_TARGET_VIBE~3,Filter~A_TARGET_VIBE~3"
Diagramm,4,7|14,Wissenschaft & Medizin|Höhere Mathematik,7,"Balken~A_TARGET_VIBE~3,Legende~A_TARGET_VIBE~4,Auswertung~A_TARGET_VIBE~3,Streuung~A_TARGET_VIBE~3,Punktwolke~A_TARGET_VIBE~3,Achse~A_TARGET_VIBE~3,Skala~A_TARGET_VIBE~3"
Doktor,4,7|9,Wissenschaft & Medizin|Gesellschaft & Beruf,7,"Dissertation~A_TARGET_VIBE~3,Titel~A_TARGET_VIBE~4,Stempel~A_TARGET_VIBE~3,Sprechstunde~A_TARGET_VIBE~3,Visite~A_TARGET_VIBE~3,Doktorhut~A_TARGET_VIBE~3,Promotion~A_TARGET_VIBE~3"
Dopamin,4,7,Wissenschaft & Medizin,7,"Parkinson~A_TARGET_VIBE~3,Gehirn~A_TARGET_VIBE~4,Belohnung~A_TARGET_VIBE~3,Motivation~A_TARGET_VIBE~3,Synapse~A_TARGET_VIBE~3,Botenstoff~A_TARGET_VIBE~3,Rezeptor~A_TARGET_VIBE~3"
Eierstock,4,7,Wissenschaft & Medizin,7,"Hormon~A_TARGET_VIBE~3,Fruchtbarkeit~A_TARGET_VIBE~4,Ultraschall~A_TARGET_VIBE~3,Gebärmutter~A_TARGET_VIBE~3,Zyklus~A_TARGET_VIBE~3,Eizelle~A_TARGET_VIBE~3,Eisprung~A_TARGET_VIBE~3"
Eisen,4,7,Wissenschaft & Medizin,7,"Mangel~A_TARGET_VIBE~3,Blutwert~A_TARGET_VIBE~4,Supplement~A_TARGET_VIBE~3,Spinat~A_TARGET_VIBE~3,Hämoglobin~A_TARGET_VIBE~3,Tablette~A_TARGET_VIBE~3,Ferritin~A_TARGET_VIBE~3"
Elektrizität,4,6|7,Technik & Digitales|Wissenschaft & Medizin,7,"Leiter~A_TARGET_VIBE~3,Sicherung~A_TARGET_VIBE~4,Steckdose~A_TARGET_VIBE~3,Kurzschluss~A_TARGET_VIBE~3,Spannung~A_TARGET_VIBE~3,Strom~A_TARGET_VIBE~3,Batterie~A_TARGET_VIBE~3"
Element,4,7,Wissenschaft & Medizin,7,"Periode~A_TARGET_VIBE~3,Metall~A_TARGET_VIBE~4,Nichtmetall~A_TARGET_VIBE~3,Valenz~A_TARGET_VIBE~3,Symbol~A_TARGET_VIBE~3,Ordnungszahl~A_TARGET_VIBE~3,Gruppe~A_TARGET_VIBE~3"
Ellenbogen,4,7,Wissenschaft & Medizin,7,"Tennisarm~A_TARGET_VIBE~3,Bandage~A_TARGET_VIBE~4,Gelenk~A_TARGET_VIBE~3,Beugen~A_TARGET_VIBE~3,Stoß~A_TARGET_VIBE~3,Prellung~A_TARGET_VIBE~3,Schiene~A_TARGET_VIBE~3"
Endoskop,4,6|7,Technik & Digitales|Wissenschaft & Medizin,7,"Magen~A_TARGET_VIBE~3,Darm~A_TARGET_VIBE~4,Biopsie~A_TARGET_VIBE~3,Monitor~A_TARGET_VIBE~3,Kamera~A_TARGET_VIBE~3,Schlauch~A_TARGET_VIBE~3,Sedierung~A_TARGET_VIBE~3"
Epidemie,4,7|9,Wissenschaft & Medizin|Gesellschaft & Beruf,7,"Quarantäne~A_TARGET_VIBE~3,Inzidenz~A_TARGET_VIBE~4,Kontakt~A_TARGET_VIBE~3,Ausbruch~A_TARGET_VIBE~3,Cluster~A_TARGET_VIBE~3,Meldepflicht~A_TARGET_VIBE~3,Welle~A_TARGET_VIBE~3"
Epilepsie,4,7,Wissenschaft & Medizin,7,"Krampfen~A_TARGET_VIBE~3,Trigger~A_TARGET_VIBE~4,Anfall~A_TARGET_VIBE~3,EEG~A_TARGET_VIBE~3,Aura~A_TARGET_VIBE~3,Notarzt~A_TARGET_VIBE~3,Medikation~A_TARGET_VIBE~3"
Erbkrankheit,4,7,Wissenschaft & Medizin,7,"Familie~A_TARGET_VIBE~3,Stammbaum~A_TARGET_VIBE~4,Gentest~A_TARGET_VIBE~3,Vererbung~A_TARGET_VIBE~3,Risiko~A_TARGET_VIBE~3,Mutation~A_TARGET_VIBE~3,Chromosom~A_TARGET_VIBE~3"
Erdbeben,4,2|7,Natur & Tiere|Wissenschaft & Medizin,7,"Riss~A_TARGET_VIBE~3,Schutt~A_TARGET_VIBE~4,Beben~A_TARGET_VIBE~3,Epizentrum~A_TARGET_VIBE~3,Nachbeben~A_TARGET_VIBE~3,Richterskala~A_TARGET_VIBE~3,Seismograf~A_TARGET_VIBE~3"
Erkältung,4,7,Wissenschaft & Medizin,7,"Nasenspray~A_TARGET_VIBE~3,Halsweh~A_TARGET_VIBE~4,Tee~A_TARGET_VIBE~3,Fieber~A_TARGET_VIBE~3,Taschentuch~A_TARGET_VIBE~3,Husten~A_TARGET_VIBE~3,Niesen~A_TARGET_VIBE~3"
Erreger,4,7,Wissenschaft & Medizin,7,"Kontakt~A_TARGET_VIBE~3,Tröpfchen~A_TARGET_VIBE~4,Test~A_TARGET_VIBE~3,Übertragung~A_TARGET_VIBE~3,Keim~A_TARGET_VIBE~3,Nachweis~A_TARGET_VIBE~3,Inkubation~A_TARGET_VIBE~3"
Erschöpfung,4,7|12,Wissenschaft & Medizin|Gefühle & Abstraktes,7,"Kreislauf~A_TARGET_VIBE~3,Pausen~A_TARGET_VIBE~4,Schwäche~A_TARGET_VIBE~3,Müdigkeit~A_TARGET_VIBE~3,Überlastung~A_TARGET_VIBE~3,Schlaf~A_TARGET_VIBE~3,Konzentration~A_TARGET_VIBE~3"
Erstversorgung,4,7|9,Wissenschaft & Medizin|Gesellschaft & Beruf,7,"Rettungswagen~A_TARGET_VIBE~3,Schiene~A_TARGET_VIBE~4,Wunde~A_TARGET_VIBE~3,Ersthelfer~A_TARGET_VIBE~3,Druckverband~A_TARGET_VIBE~3,Stabilseitenlage~A_TARGET_VIBE~3,Notruf~A_TARGET_VIBE~3"
Evolution,4,2|7,Natur & Tiere|Wissenschaft & Medizin,7,"Fossil~A_TARGET_VIBE~3,Darwin~A_TARGET_VIBE~4,Verwandtschaft~A_TARGET_VIBE~3,Genpool~A_TARGET_VIBE~3,Selektion~A_TARGET_VIBE~3,Anpassung~A_TARGET_VIBE~3,Mutation~A_TARGET_VIBE~3"
Facharzt,4,7|9,Wissenschaft & Medizin|Gesellschaft & Beruf,7,"Praxis~A_TARGET_VIBE~3,Befund~A_TARGET_VIBE~4,Zusatzbezeichnung~A_TARGET_VIBE~3,Sprechstunde~A_TARGET_VIBE~3,Überweisung~A_TARGET_VIBE~3,Termin~A_TARGET_VIBE~3,Wartezeit~A_TARGET_VIBE~3"
Ferse,4,7,Wissenschaft & Medizin,7,"Blase~A_TARGET_VIBE~3,Druckstelle~A_TARGET_VIBE~4,Prellung~A_TARGET_VIBE~3,Laufen~A_TARGET_VIBE~3,Fersebein~A_TARGET_VIBE~3,Achillessehne~A_TARGET_VIBE~3,Schuh~A_TARGET_VIBE~3"
Filter,4,0|6|7,Alltag & Gegenstände|Technik & Digitales|Wissenschaft & Medizin,7,"Aerosol~A_TARGET_VIBE~3,Reinigung~A_TARGET_VIBE~4,Feinstaub~A_TARGET_VIBE~3,Poren~A_TARGET_VIBE~3,Membran~A_TARGET_VIBE~3,Partikel~A_TARGET_VIBE~3,Durchfluss~A_TARGET_VIBE~3"
Finger,4,7,Wissenschaft & Medizin,7,"Ring~A_TARGET_VIBE~3,Gips~A_TARGET_VIBE~4,Fingerkuppe~A_TARGET_VIBE~3,Gelenk~A_TARGET_VIBE~3,Nagel~A_TARGET_VIBE~3,Greifen~A_TARGET_VIBE~3,Handschuh~A_TARGET_VIBE~3"
Forschung,4,7,Wissenschaft & Medizin,7,"Institut~A_TARGET_VIBE~3,Konferenz~A_TARGET_VIBE~4,Publikation~A_TARGET_VIBE~3,Experiment~A_TARGET_VIBE~3,Auswertung~A_TARGET_VIBE~3,Projekt~A_TARGET_VIBE~3,Förderung~A_TARGET_VIBE~3"
Fossil,4,2|8,Natur & Tiere|Geschichte & Mythos,7,"Museum~A_TARGET_VIBE~3,Urzeit~A_TARGET_VIBE~4,Gestein~A_TARGET_VIBE~3,Skelett~A_TARGET_VIBE~3,Versteinerung~A_TARGET_VIBE~3,Abdruck~A_TARGET_VIBE~3,Ausgrabung~A_TARGET_VIBE~3"
Fruchtwasser,4,7,Wissenschaft & Medizin,7,"Geburt~A_TARGET_VIBE~3,Gebärmutter~A_TARGET_VIBE~4,Schwangerschaft~A_TARGET_VIBE~3,Punktion~A_TARGET_VIBE~3,Schutz~A_TARGET_VIBE~3,Ultraschall~A_TARGET_VIBE~3,Fruchtblase~A_TARGET_VIBE~3"
Frühgeburt,4,7,Wissenschaft & Medizin,7,"Frühchen~A_TARGET_VIBE~3,Station~A_TARGET_VIBE~4,Gewicht~A_TARGET_VIBE~3,Vorsorge~A_TARGET_VIBE~3,Inkubator~A_TARGET_VIBE~3,Neonatal~A_TARGET_VIBE~3,Lunge~A_TARGET_VIBE~3"
Galaxie,4,7,Wissenschaft & Medizin,7,"Rotverschiebung~A_TARGET_VIBE~3,Teleskop~A_TARGET_VIBE~4,Nebel~A_TARGET_VIBE~3,Zentrum~A_TARGET_VIBE~3,Milchstraße~A_TARGET_VIBE~3,Spirale~A_TARGET_VIBE~3,Sternhaufen~A_TARGET_VIBE~3"
Gallenblase,4,7,Wissenschaft & Medizin,7,"Kolik~A_TARGET_VIBE~3,Ultraschall~A_TARGET_VIBE~4,Bauch~A_TARGET_VIBE~3,Operation~A_TARGET_VIBE~3,Galle~A_TARGET_VIBE~3,Fett~A_TARGET_VIBE~3,Stein~A_TARGET_VIBE~3"
Gastritis,4,7,Wissenschaft & Medizin,7,"Reflux~A_TARGET_VIBE~3,Endoskop~A_TARGET_VIBE~4,Schonkost~A_TARGET_VIBE~3,Bakterium~A_TARGET_VIBE~3,Magenschmerz~A_TARGET_VIBE~3,Sodbrennen~A_TARGET_VIBE~3,Übelkeit~A_TARGET_VIBE~3"
Geburt,4,7,Wissenschaft & Medizin,7,"Kreißsaal~A_TARGET_VIBE~3,Hebamme~A_TARGET_VIBE~4,Wehen~A_TARGET_VIBE~3,Schrei~A_TARGET_VIBE~3,Nabelschnur~A_TARGET_VIBE~3,Gebärmutter~A_TARGET_VIBE~3,Mutterpass~A_TARGET_VIBE~3"
Gebärmutter,4,7,Wissenschaft & Medizin,7,"Ultraschall~A_TARGET_VIBE~3,Geburt~A_TARGET_VIBE~4,Schleimhaut~A_TARGET_VIBE~3,Einnistung~A_TARGET_VIBE~3,Zyklus~A_TARGET_VIBE~3,Schwangerschaft~A_TARGET_VIBE~3,Krampf~A_TARGET_VIBE~3"
Gemisch,4,7,Wissenschaft & Medizin,7,"Filtration~A_TARGET_VIBE~3,Destillation~A_TARGET_VIBE~4,Suspension~A_TARGET_VIBE~3,Partikel~A_TARGET_VIBE~3,Homogen~A_TARGET_VIBE~3,Lösung~A_TARGET_VIBE~3,Trennung~A_TARGET_VIBE~3"
Genpool,4,2|7,Natur & Tiere|Wissenschaft & Medizin,7,"Mutation~A_TARGET_VIBE~3,Selektion~A_TARGET_VIBE~4,Vererbung~A_TARGET_VIBE~3,DNA~A_TARGET_VIBE~3,Population~A_TARGET_VIBE~3,Diversität~A_TARGET_VIBE~3,Allele~A_TARGET_VIBE~3"
Gesundheit,4,7|12,Wissenschaft & Medizin|Gefühle & Abstraktes,7,"Schlaf~A_TARGET_VIBE~3,Stress~A_TARGET_VIBE~4,Checkup~A_TARGET_VIBE~3,Immunsystem~A_TARGET_VIBE~3,Vorsorge~A_TARGET_VIBE~3,Bewegung~A_TARGET_VIBE~3,Ernährung~A_TARGET_VIBE~3"
Gewebe,4,7,Wissenschaft & Medizin,7,"Mikroskop~A_TARGET_VIBE~3,Biopsie~A_TARGET_VIBE~4,Organ~A_TARGET_VIBE~3,Färbung~A_TARGET_VIBE~3,Zellen~A_TARGET_VIBE~3,Entzündung~A_TARGET_VIBE~3,Schnitt~A_TARGET_VIBE~3"
Gewebeprobe,4,7,Wissenschaft & Medizin,7,"Befund~A_TARGET_VIBE~3,Färbung~A_TARGET_VIBE~4,Pathologie~A_TARGET_VIBE~3,Schnitt~A_TARGET_VIBE~3,Biopsie~A_TARGET_VIBE~3,Fixierung~A_TARGET_VIBE~3,Mikroskop~A_TARGET_VIBE~3"
Glas,4,0|10,Alltag & Gegenstände|Haushalt & Wohnen,7,"Fenster~A_TARGET_VIBE~3,Schmelze~A_TARGET_VIBE~4,Splittern~A_TARGET_VIBE~3,Scheibe~A_TARGET_VIBE~3,Bruch~A_TARGET_VIBE~3,Transparent~A_TARGET_VIBE~3,Becher~A_TARGET_VIBE~3"
Gravitation,4,7,Wissenschaft & Medizin,7,"Masse~A_TARGET_VIBE~3,Newton~A_TARGET_VIBE~4,Tide~A_TARGET_VIBE~3,Schwerkraft~A_TARGET_VIBE~3,Anziehung~A_TARGET_VIBE~3,Orbit~A_TARGET_VIBE~3,Fall~A_TARGET_VIBE~3"
Hals,4,7,Wissenschaft & Medizin,7,"Lymphknoten~A_TARGET_VIBE~3,Kehlkopf~A_TARGET_VIBE~4,Schnupfen~A_TARGET_VIBE~3,Husten~A_TARGET_VIBE~3,Schlucken~A_TARGET_VIBE~3,Heiserkeit~A_TARGET_VIBE~3,Halsweh~A_TARGET_VIBE~3"
Handschuh,4,0|7,Alltag & Gegenstände|Wissenschaft & Medizin,7,"Puder~A_TARGET_VIBE~3,OP~A_TARGET_VIBE~4,Griff~A_TARGET_VIBE~3,Desinfektion~A_TARGET_VIBE~3,Latex~A_TARGET_VIBE~3,Nitril~A_TARGET_VIBE~3,Steril~A_TARGET_VIBE~3"
Harnblase,4,7,Wissenschaft & Medizin,7,"Infekt~A_TARGET_VIBE~3,Becken~A_TARGET_VIBE~4,Ultraschall~A_TARGET_VIBE~3,Druck~A_TARGET_VIBE~3,Urin~A_TARGET_VIBE~3,Harndrang~A_TARGET_VIBE~3,Katheter~A_TARGET_VIBE~3"
Hausarzt,4,7|9,Wissenschaft & Medizin|Gesellschaft & Beruf,7,"Überweisung~A_TARGET_VIBE~3,Impfung~A_TARGET_VIBE~4,Wartezimmer~A_TARGET_VIBE~3,Sprechstunde~A_TARGET_VIBE~3,Stethoskop~A_TARGET_VIBE~3,Praxis~A_TARGET_VIBE~3,Krankschreibung~A_TARGET_VIBE~3"
Heilung,4,7|12,Wissenschaft & Medizin|Gefühle & Abstraktes,7,"Geduld~A_TARGET_VIBE~3,Verband~A_TARGET_VIBE~4,Heilprozess~A_TARGET_VIBE~3,Schorf~A_TARGET_VIBE~3,Narben~A_TARGET_VIBE~3,Regeneration~A_TARGET_VIBE~3,Entzündung~A_TARGET_VIBE~3"
Helium,4,7,Wissenschaft & Medizin,7,"Piepsstimme~A_TARGET_VIBE~3,Gasflasche~A_TARGET_VIBE~4,Leck~A_TARGET_VIBE~3,Kühlung~A_TARGET_VIBE~3,Ballon~A_TARGET_VIBE~3,Edelgas~A_TARGET_VIBE~3,Tieftemperatur~A_TARGET_VIBE~3"
Hitzschlag,4,7,Wissenschaft & Medizin,7,"Schweiß~A_TARGET_VIBE~3,Fieber~A_TARGET_VIBE~4,Notarzt~A_TARGET_VIBE~3,Schatten~A_TARGET_VIBE~3,Dehydrierung~A_TARGET_VIBE~3,Kollaps~A_TARGET_VIBE~3,Kühlung~A_TARGET_VIBE~3"
Hoden,4,7,Wissenschaft & Medizin,7,"Ultraschall~A_TARGET_VIBE~3,Leiste~A_TARGET_VIBE~4,Temperatur~A_TARGET_VIBE~3,Pubertät~A_TARGET_VIBE~3,Hormon~A_TARGET_VIBE~3,Fruchtbarkeit~A_TARGET_VIBE~3,Schmerz~A_TARGET_VIBE~3"
Hormon,4,7,Wissenschaft & Medizin,7,"Rezeptor~A_TARGET_VIBE~3,Regulation~A_TARGET_VIBE~4,Drüse~A_TARGET_VIBE~3,Botenstoff~A_TARGET_VIBE~3,Zyklus~A_TARGET_VIBE~3,Schilddrüse~A_TARGET_VIBE~3,Blutwert~A_TARGET_VIBE~3"
Hormontest,4,7,Wissenschaft & Medizin,7,"Zyklus~A_TARGET_VIBE~3,Schilddrüse~A_TARGET_VIBE~4,Stempel~A_TARGET_VIBE~3,Nüchtern~A_TARGET_VIBE~3,Blutprobe~A_TARGET_VIBE~3,Laborwert~A_TARGET_VIBE~3,Referenzbereich~A_TARGET_VIBE~3"
Hornhaut,4,7,Wissenschaft & Medizin,7,"Augentropfen~A_TARGET_VIBE~3,Hornhautverletzung~A_TARGET_VIBE~4,Sehtest~A_TARGET_VIBE~3,Kontaktlinse~A_TARGET_VIBE~3,Kratzung~A_TARGET_VIBE~3,Träne~A_TARGET_VIBE~3,Blendung~A_TARGET_VIBE~3"
Hygiene,4,7|10,Wissenschaft & Medizin|Haushalt & Wohnen,7,"Keimzahl~A_TARGET_VIBE~3,Sauberkeit~A_TARGET_VIBE~4,Toilette~A_TARGET_VIBE~3,Reinlichkeit~A_TARGET_VIBE~3,Händewaschen~A_TARGET_VIBE~3,Desinfektion~A_TARGET_VIBE~3,Seife~A_TARGET_VIBE~3"
Impfausweis,4,7|9,Wissenschaft & Medizin|Gesellschaft & Beruf,7,"Chargennummer~A_TARGET_VIBE~3,Nachweis~A_TARGET_VIBE~4,Heft~A_TARGET_VIBE~3,Aufkleber~A_TARGET_VIBE~3,Termin~A_TARGET_VIBE~3,Stempel~A_TARGET_VIBE~3,Eintrag~A_TARGET_VIBE~3"
Impfreaktion,4,7,Wissenschaft & Medizin,7,"Fieber~A_TARGET_VIBE~3,Müdigkeit~A_TARGET_VIBE~4,Arm~A_TARGET_VIBE~3,Auffrischung~A_TARGET_VIBE~3,Rötung~A_TARGET_VIBE~3,Schmerz~A_TARGET_VIBE~3,Schwellung~A_TARGET_VIBE~3"
Impfstoff,4,7,Wissenschaft & Medizin,7,"Dosis~A_TARGET_VIBE~3,Spritze~A_TARGET_VIBE~4,Lagerung~A_TARGET_VIBE~3,Transport~A_TARGET_VIBE~3,Ampulle~A_TARGET_VIBE~3,Kühlkette~A_TARGET_VIBE~3,Chargennummer~A_TARGET_VIBE~3"
Impfung,4,7,Wissenschaft & Medizin,7,"Arztpraxis~A_TARGET_VIBE~3,Nebenwirkung~A_TARGET_VIBE~4,Kühlkette~A_TARGET_VIBE~3,Nachweis~A_TARGET_VIBE~3,Stich~A_TARGET_VIBE~3,Auffrischung~A_TARGET_VIBE~3,Termin~A_TARGET_VIBE~3"
Integral,4,14,Höhere Mathematik,7,"Grenze~A_TARGET_VIBE~3,Ableitung~A_TARGET_VIBE~4,Stammfunktion~A_TARGET_VIBE~3,Summenzeichen~A_TARGET_VIBE~3,Rechteck~A_TARGET_VIBE~3,Fläche~A_TARGET_VIBE~3,Kurve~A_TARGET_VIBE~3"
Intubation,4,7,Wissenschaft & Medizin,7,"Kehlkopf~A_TARGET_VIBE~3,Notarzt~A_TARGET_VIBE~4,Narkose~A_TARGET_VIBE~3,Sauerstoff~A_TARGET_VIBE~3,Tubus~A_TARGET_VIBE~3,Beatmung~A_TARGET_VIBE~3,Luftröhre~A_TARGET_VIBE~3"
Kalium,4,7,Wissenschaft & Medizin,7,"Niere~A_TARGET_VIBE~3,Infusion~A_TARGET_VIBE~4,Mangel~A_TARGET_VIBE~3,Tablette~A_TARGET_VIBE~3,Elektrolyt~A_TARGET_VIBE~3,Herzrhythmus~A_TARGET_VIBE~3,Laborwert~A_TARGET_VIBE~3"
Kapsel,4,7,Wissenschaft & Medizin,7,"Dosierung~A_TARGET_VIBE~3,Wirkstoff~A_TARGET_VIBE~4,Apotheke~A_TARGET_VIBE~3,Einnahme~A_TARGET_VIBE~3,Wasser~A_TARGET_VIBE~3,Gelatine~A_TARGET_VIBE~3,Schlucken~A_TARGET_VIBE~3"
Kardiologie,4,7,Wissenschaft & Medizin,7,"Blutdruck~A_TARGET_VIBE~3,Sprechstunde~A_TARGET_VIBE~4,EKG~A_TARGET_VIBE~3,Rhythmus~A_TARGET_VIBE~3,Ultraschall~A_TARGET_VIBE~3,Belastungstest~A_TARGET_VIBE~3,Herzkatheter~A_TARGET_VIBE~3"
Katarakt,4,7,Wissenschaft & Medizin,7,"OP~A_TARGET_VIBE~3,Sehtest~A_TARGET_VIBE~4,Augentropfen~A_TARGET_VIBE~3,Alter~A_TARGET_VIBE~3,Scheinwerfer~A_TARGET_VIBE~3,Blendung~A_TARGET_VIBE~3,Trübung~A_TARGET_VIBE~3"
Kehlkopf,4,7,Wissenschaft & Medizin,7,"Stimme~A_TARGET_VIBE~3,Heiserkeit~A_TARGET_VIBE~4,Stimmband~A_TARGET_VIBE~3,Schlucken~A_TARGET_VIBE~3,Halsweh~A_TARGET_VIBE~3,Husten~A_TARGET_VIBE~3,Endoskop~A_TARGET_VIBE~3"
Kernfusion,4,7,Wissenschaft & Medizin,7,"Tokamak~A_TARGET_VIBE~3,Wasserstoff~A_TARGET_VIBE~4,Temperatur~A_TARGET_VIBE~3,Energie~A_TARGET_VIBE~3,Magnetfeld~A_TARGET_VIBE~3,Sonne~A_TARGET_VIBE~3,Plasma~A_TARGET_VIBE~3"
Kernspaltung,4,7,Wissenschaft & Medizin,7,"Kettenreaktion~A_TARGET_VIBE~3,Brennstab~A_TARGET_VIBE~4,Energie~A_TARGET_VIBE~3,Abschirmung~A_TARGET_VIBE~3,Reaktor~A_TARGET_VIBE~3,Neutron~A_TARGET_VIBE~3,Uran~A_TARGET_VIBE~3"
Kiefer,4,7,Wissenschaft & Medizin,7,"Gelenk~A_TARGET_VIBE~3,Nagel~A_TARGET_VIBE~4,Kribbeln~A_TARGET_VIBE~3,Biss~A_TARGET_VIBE~3,Schiene~A_TARGET_VIBE~3,Röntgen~A_TARGET_VIBE~3,Kauen~A_TARGET_VIBE~3"
Knie,4,7,Wissenschaft & Medizin,7,"Bandage~A_TARGET_VIBE~3,Drehung~A_TARGET_VIBE~4,Meniskus~A_TARGET_VIBE~3,Kniescheibe~A_TARGET_VIBE~3,Treppe~A_TARGET_VIBE~3,Sport~A_TARGET_VIBE~3,Schwellung~A_TARGET_VIBE~3"
Kohlenhydrat,4,1|7,Essen & Trinken|Wissenschaft & Medizin,7,"Blutzucker~A_TARGET_VIBE~3,Insulin~A_TARGET_VIBE~4,Diät~A_TARGET_VIBE~3,Sättigung~A_TARGET_VIBE~3,Stärke~A_TARGET_VIBE~3,Brot~A_TARGET_VIBE~3,Pasta~A_TARGET_VIBE~3"
Kohlendioxid,4,7,Wissenschaft & Medizin,6,"Sprudel~A_TARGET_VIBE~3,Atemluft~A_TARGET_VIBE~4,Gärung~A_TARGET_VIBE~3,Treibhauseffekt~A_TARGET_VIBE~3,Gas~A_TARGET_VIBE~3,Messgerät~A_TARGET_VIBE~3"
Komet,4,7,Wissenschaft & Medizin,7,"Perihel~A_TARGET_VIBE~3,Staub~A_TARGET_VIBE~4,Licht~A_TARGET_VIBE~3,Schweif~A_TARGET_VIBE~3,Eis~A_TARGET_VIBE~3,Bahn~A_TARGET_VIBE~3,Sternwarte~A_TARGET_VIBE~3"
Krampfadern,4,7,Wissenschaft & Medizin,7,"Experiment~A_TARGET_VIBE~3,Hypothese~A_TARGET_VIBE~4,Studie~A_TARGET_VIBE~3,Messung~A_TARGET_VIBE~3,Publikation~A_TARGET_VIBE~3,Labor~A_TARGET_VIBE~3,Daten~A_TARGET_VIBE~3"
Krampf,4,7,Wissenschaft & Medizin,7,"Wade~A_TARGET_VIBE~3,Magnesium~A_TARGET_VIBE~4,Dehnung~A_TARGET_VIBE~3,Schmerz~A_TARGET_VIBE~3,Nacht~A_TARGET_VIBE~3,Muskel~A_TARGET_VIBE~3,Zittern~A_TARGET_VIBE~3"
Krankenhaus,4,7|9,Wissenschaft & Medizin|Gesellschaft & Beruf,7,"Notaufnahme~A_TARGET_VIBE~3,Bett~A_TARGET_VIBE~4,Pflegekraft~A_TARGET_VIBE~3,OP~A_TARGET_VIBE~3,Schichtdienst~A_TARGET_VIBE~3,Station~A_TARGET_VIBE~3,Visite~A_TARGET_VIBE~3"
Krankenkasse,4,9,Gesellschaft & Beruf,7,"Formular~A_TARGET_VIBE~3,Sachbearbeiter~A_TARGET_VIBE~4,Gesundheitskarte~A_TARGET_VIBE~3,Hotline~A_TARGET_VIBE~3,Beitrag~A_TARGET_VIBE~3,Zuzahlung~A_TARGET_VIBE~3,Erstattung~A_TARGET_VIBE~3"
Krankheit,4,7,Wissenschaft & Medizin,7,"Therapie~A_TARGET_VIBE~3,Fieber~A_TARGET_VIBE~4,Arztbesuch~A_TARGET_VIBE~3,Krankschreibung~A_TARGET_VIBE~3,Verlauf~A_TARGET_VIBE~3,Symptom~A_TARGET_VIBE~3,Diagnose~A_TARGET_VIBE~3"
Kristall,4,0|7,Alltag & Gegenstände|Wissenschaft & Medizin,6,"Quarz~A_TARGET_VIBE~3,Glanz~A_TARGET_VIBE~4,Schmuck~A_TARGET_VIBE~3,Spaltfläche~A_TARGET_VIBE~3,Klarheit~A_TARGET_VIBE~3,Prisma~A_TARGET_VIBE~3"
Krücke,4,0|7,Alltag & Gegenstände|Wissenschaft & Medizin,7,"Bänderriss~A_TARGET_VIBE~3,Rehabilitation~A_TARGET_VIBE~4,Schiene~A_TARGET_VIBE~3,Gehhilfe~A_TARGET_VIBE~3,Unterarm~A_TARGET_VIBE~3,Gummipuffer~A_TARGET_VIBE~3,Treppen~A_TARGET_VIBE~3"
Kupfer,4,7,Wissenschaft & Medizin,6,"Draht~A_TARGET_VIBE~3,Leiter~A_TARGET_VIBE~4,Münze~A_TARGET_VIBE~3,Patina~A_TARGET_VIBE~3,Rohr~A_TARGET_VIBE~3,Stromkreis~A_TARGET_VIBE~3"
Labor,4,7,Wissenschaft & Medizin,7,"Kittel~A_TARGET_VIBE~3,Schutzbrille~A_TARGET_VIBE~4,Abzug~A_TARGET_VIBE~3,Reagenzglas~A_TARGET_VIBE~3,Pipette~A_TARGET_VIBE~3,Zentrifuge~A_TARGET_VIBE~3,Protokoll~A_TARGET_VIBE~3"
Laborbericht,4,7,Wissenschaft & Medizin,7,"Referenzbereich~A_TARGET_VIBE~3,Stempel~A_TARGET_VIBE~4,Unterschrift~A_TARGET_VIBE~3,Laborwert~A_TARGET_VIBE~3,PDF~A_TARGET_VIBE~3,Arztbrief~A_TARGET_VIBE~3,Befund~A_TARGET_VIBE~3"
Laborwert,4,7,Wissenschaft & Medizin,7,"Kontrolle~A_TARGET_VIBE~3,Trend~A_TARGET_VIBE~4,Blutprobe~A_TARGET_VIBE~3,Urinprobe~A_TARGET_VIBE~3,Einheit~A_TARGET_VIBE~3,Referenzbereich~A_TARGET_VIBE~3,Nüchternwert~A_TARGET_VIBE~3"
Luftröhre,4,7,Wissenschaft & Medizin,7,"Hustenreiz~A_TARGET_VIBE~3,Schleim~A_TARGET_VIBE~4,Bronchie~A_TARGET_VIBE~3,Atemweg~A_TARGET_VIBE~3,Kehlkopf~A_TARGET_VIBE~3,Knorpelring~A_TARGET_VIBE~3,Intubation~A_TARGET_VIBE~3"
Lymphe,4,7,Wissenschaft & Medizin,7,"Gewebsflüssigkeit~A_TARGET_VIBE~3,Schwellung~A_TARGET_VIBE~4,Transport~A_TARGET_VIBE~3,Ödem~A_TARGET_VIBE~3,Abfluss~A_TARGET_VIBE~3,Drainage~A_TARGET_VIBE~3,Lymphknoten~A_TARGET_VIBE~3"
Lymphknoten,4,7,Wissenschaft & Medizin,7,"Entzündung~A_TARGET_VIBE~3,Biopsie~A_TARGET_VIBE~4,Fieber~A_TARGET_VIBE~3,Achsel~A_TARGET_VIBE~3,Hals~A_TARGET_VIBE~3,Schwellung~A_TARGET_VIBE~3,Tastbefund~A_TARGET_VIBE~3"
Magnetfeld,4,7,Wissenschaft & Medizin,7,"Nordpol~A_TARGET_VIBE~3,Feldlinie~A_TARGET_VIBE~4,Anziehung~A_TARGET_VIBE~3,Magnetkarte~A_TARGET_VIBE~3,Kompass~A_TARGET_VIBE~3,Spule~A_TARGET_VIBE~3,Eisen~A_TARGET_VIBE~3"
Magnetismus,4,7,Wissenschaft & Medizin,7,"Induktion~A_TARGET_VIBE~3,Nordpol~A_TARGET_VIBE~4,Feldlinie~A_TARGET_VIBE~3,Anziehung~A_TARGET_VIBE~3,Magnetkarte~A_TARGET_VIBE~3,Kompass~A_TARGET_VIBE~3,Spule~A_TARGET_VIBE~3"
Masse,4,7,Wissenschaft & Medizin,7,"Gewicht~A_TARGET_VIBE~3,Newton~A_TARGET_VIBE~4,Kilogramm~A_TARGET_VIBE~3,Waage~A_TARGET_VIBE~3,Trägheit~A_TARGET_VIBE~3,Gravitation~A_TARGET_VIBE~3,Dichte~A_TARGET_VIBE~3"
Mathematik,4,14,Höhere Mathematik,7,"Integral~A_TARGET_VIBE~3,Ableitung~A_TARGET_VIBE~4,Geometrie~A_TARGET_VIBE~3,Matrix~A_TARGET_VIBE~3,Funktion~A_TARGET_VIBE~3,Gleichung~A_TARGET_VIBE~3,Beweis~A_TARGET_VIBE~3"
Mechanik,4,7,Wissenschaft & Medizin,7,"Getriebe~A_TARGET_VIBE~3,Stoß~A_TARGET_VIBE~4,Hebel~A_TARGET_VIBE~3,Reibung~A_TARGET_VIBE~3,Feder~A_TARGET_VIBE~3,Drehmoment~A_TARGET_VIBE~3,Kraft~A_TARGET_VIBE~3"
Medikament,4,7,Wissenschaft & Medizin,7,"Tablette~A_TARGET_VIBE~3,Kapsel~A_TARGET_VIBE~4,Einnahmeplan~A_TARGET_VIBE~3,Wirkstoff~A_TARGET_VIBE~3,Wechselwirkung~A_TARGET_VIBE~3,Beipackzettel~A_TARGET_VIBE~3,Rezept~A_TARGET_VIBE~3"
Medizin,4,7,Wissenschaft & Medizin,7,"Diagnose~A_TARGET_VIBE~3,Rezept~A_TARGET_VIBE~4,Klinik~A_TARGET_VIBE~3,Studium~A_TARGET_VIBE~3,Befund~A_TARGET_VIBE~3,Praxis~A_TARGET_VIBE~3,Therapie~A_TARGET_VIBE~3"
Meniskus,4,7,Wissenschaft & Medizin,7,"Arthroskopie~A_TARGET_VIBE~3,Schwellung~A_TARGET_VIBE~4,Physio~A_TARGET_VIBE~3,Knacken~A_TARGET_VIBE~3,Knieschmerz~A_TARGET_VIBE~3,Drehung~A_TARGET_VIBE~3,Blockade~A_TARGET_VIBE~3"
Menstruation,4,7,Wissenschaft & Medizin,7,"Hormone~A_TARGET_VIBE~3,Blutung~A_TARGET_VIBE~4,Kalender~A_TARGET_VIBE~3,Zyklus~A_TARGET_VIBE~3,Krampf~A_TARGET_VIBE~3,Tampon~A_TARGET_VIBE~3,Binde~A_TARGET_VIBE~3"
Meteorit,4,2|7,Natur & Tiere|Wissenschaft & Medizin,7,"Fundstück~A_TARGET_VIBE~3,Gestein~A_TARGET_VIBE~4,Eisen~A_TARGET_VIBE~3,Aufschlag~A_TARGET_VIBE~3,Atmosphäre~A_TARGET_VIBE~3,Feuerball~A_TARGET_VIBE~3,Krater~A_TARGET_VIBE~3"
Migräne,4,7|12,Wissenschaft & Medizin|Gefühle & Abstraktes,7,"Attacke~A_TARGET_VIBE~3,Dunkelheit~A_TARGET_VIBE~4,Trigger~A_TARGET_VIBE~3,Triptan~A_TARGET_VIBE~3,Lichtempfindlich~A_TARGET_VIBE~3,Schläfe~A_TARGET_VIBE~3,Übelkeit~A_TARGET_VIBE~3"
Milz,4,7,Wissenschaft & Medizin,7,"Infekt~A_TARGET_VIBE~3,Trauma~A_TARGET_VIBE~4,Riss~A_TARGET_VIBE~3,Schmerz~A_TARGET_VIBE~3,Bauch~A_TARGET_VIBE~3,Ultraschall~A_TARGET_VIBE~3,Blutbild~A_TARGET_VIBE~3"
Mineralstoff,4,7,Wissenschaft & Medizin,7,"Blutwert~A_TARGET_VIBE~3,Ernährung~A_TARGET_VIBE~4,Tablette~A_TARGET_VIBE~3,Aufnahme~A_TARGET_VIBE~3,Mangel~A_TARGET_VIBE~3,Supplement~A_TARGET_VIBE~3,Elektrolyt~A_TARGET_VIBE~3"
Mikrobe,4,2|7,Natur & Tiere|Wissenschaft & Medizin,7,"Keimzahl~A_TARGET_VIBE~3,Desinfektion~A_TARGET_VIBE~4,Kolonie~A_TARGET_VIBE~3,Abstrich~A_TARGET_VIBE~3,Petrischale~A_TARGET_VIBE~3,Mikroskop~A_TARGET_VIBE~3,Nährboden~A_TARGET_VIBE~3"
Modellierung,4,7|14,Wissenschaft & Medizin|Höhere Mathematik,7,"Gleichung~A_TARGET_VIBE~3,Kalibrierung~A_TARGET_VIBE~4,Diagramm~A_TARGET_VIBE~3,Szenario~A_TARGET_VIBE~3,Simulation~A_TARGET_VIBE~3,Parameter~A_TARGET_VIBE~3,Annahme~A_TARGET_VIBE~3"
Molekül,4,7,Wissenschaft & Medizin,7,"Formel~A_TARGET_VIBE~3,Kugelstabmodell~A_TARGET_VIBE~4,Atome~A_TARGET_VIBE~3,Reaktion~A_TARGET_VIBE~3,Bindung~A_TARGET_VIBE~3,Struktur~A_TARGET_VIBE~3,Modell~A_TARGET_VIBE~3"
Muskelkater,4,5|7,Sport & Freizeit|Wissenschaft & Medizin,7,"Dehnen~A_TARGET_VIBE~3,Ruhetag~A_TARGET_VIBE~4,Schmerz~A_TARGET_VIBE~3,Hantel~A_TARGET_VIBE~3,Training~A_TARGET_VIBE~3,Treppen~A_TARGET_VIBE~3,Steifigkeit~A_TARGET_VIBE~3"
Nabelschnur,4,7,Wissenschaft & Medizin,7,"Nabel~A_TARGET_VIBE~3,Klemme~A_TARGET_VIBE~4,Neugeboren~A_TARGET_VIBE~3,Plazenta~A_TARGET_VIBE~3,Mutterpass~A_TARGET_VIBE~3,Geburt~A_TARGET_VIBE~3,Kreißsaal~A_TARGET_VIBE~3"
Nase,4,7,Wissenschaft & Medizin,7,"Nebenhöhle~A_TARGET_VIBE~3,Schnupfen~A_TARGET_VIBE~4,Maske~A_TARGET_VIBE~3,Nasenspray~A_TARGET_VIBE~3,Niesen~A_TARGET_VIBE~3,Taschentuch~A_TARGET_VIBE~3,Geruch~A_TARGET_VIBE~3"
Natrium,4,7,Wissenschaft & Medizin,6,"Elektrolyt~A_TARGET_VIBE~3,Salz~A_TARGET_VIBE~4,Flammenfärbung~A_TARGET_VIBE~3,Reaktion~A_TARGET_VIBE~3,Lauge~A_TARGET_VIBE~3,Ionen~A_TARGET_VIBE~3"
Netzhaut,4,7,Wissenschaft & Medizin,7,"Laser~A_TARGET_VIBE~3,Augenarzt~A_TARGET_VIBE~4,Ader~A_TARGET_VIBE~3,Gesichtsfeld~A_TARGET_VIBE~3,Sehnerv~A_TARGET_VIBE~3,Blitzlicht~A_TARGET_VIBE~3,Schatten~A_TARGET_VIBE~3"
Neurologie,4,7,Wissenschaft & Medizin,7,"Schlaganfall~A_TARGET_VIBE~3,Migräne~A_TARGET_VIBE~4,Sprechstunde~A_TARGET_VIBE~3,Diagnostik~A_TARGET_VIBE~3,Reflex~A_TARGET_VIBE~3,Nervenbahn~A_TARGET_VIBE~3,MRT~A_TARGET_VIBE~3"
Nerv,4,7,Wissenschaft & Medizin,7,"Kribbeln~A_TARGET_VIBE~3,Wirbelsäule~A_TARGET_VIBE~4,Taubheit~A_TARGET_VIBE~3,Reizleitung~A_TARGET_VIBE~3,Reflex~A_TARGET_VIBE~3,Schmerz~A_TARGET_VIBE~3,Nervenbahn~A_TARGET_VIBE~3"
Neuron,4,7,Wissenschaft & Medizin,7,"Netzwerk~A_TARGET_VIBE~3,Gehirn~A_TARGET_VIBE~4,Reiz~A_TARGET_VIBE~3,Axon~A_TARGET_VIBE~3,Dendrit~A_TARGET_VIBE~3,Impuls~A_TARGET_VIBE~3,Synapse~A_TARGET_VIBE~3"
Niere,4,7,Wissenschaft & Medizin,7,"Blutdruck~A_TARGET_VIBE~3,Elektrolyt~A_TARGET_VIBE~4,Laborwert~A_TARGET_VIBE~3,Urin~A_TARGET_VIBE~3,Filtration~A_TARGET_VIBE~3,Dialyse~A_TARGET_VIBE~3,Flanke~A_TARGET_VIBE~3"
Nierenstein,4,7,Wissenschaft & Medizin,7,"Ultraschall~A_TARGET_VIBE~3,Urin~A_TARGET_VIBE~4,Schmerz~A_TARGET_VIBE~3,Notaufnahme~A_TARGET_VIBE~3,Kolik~A_TARGET_VIBE~3,Flanke~A_TARGET_VIBE~3,Trinken~A_TARGET_VIBE~3"
Notarzt,4,7|9,Wissenschaft & Medizin|Gesellschaft & Beruf,7,"Rettungswagen~A_TARGET_VIBE~3,Notaufnahme~A_TARGET_VIBE~4,Triage~A_TARGET_VIBE~3,Adrenalin~A_TARGET_VIBE~3,Einsatz~A_TARGET_VIBE~3,Blaulicht~A_TARGET_VIBE~3,Intubation~A_TARGET_VIBE~3"
Notruf,4,7|9,Wissenschaft & Medizin|Gesellschaft & Beruf,7,"Rettungswagen~A_TARGET_VIBE~3,Durchstellen~A_TARGET_VIBE~4,Sirenenton~A_TARGET_VIBE~3,112~A_TARGET_VIBE~3,Leitstelle~A_TARGET_VIBE~3,Standort~A_TARGET_VIBE~3,Disponent~A_TARGET_VIBE~3"
Ohnmacht,4,7|12,Wissenschaft & Medizin|Gefühle & Abstraktes,7,"Hinfallen~A_TARGET_VIBE~3,Hitze~A_TARGET_VIBE~4,Notruf~A_TARGET_VIBE~3,Blässe~A_TARGET_VIBE~3,Kreislauf~A_TARGET_VIBE~3,Blutdruck~A_TARGET_VIBE~3,Schwindel~A_TARGET_VIBE~3"
Ohr,4,7,Wissenschaft & Medizin,7,"Kopfhörer~A_TARGET_VIBE~3,Hörtest~A_TARGET_VIBE~4,Druckausgleich~A_TARGET_VIBE~3,Tinnitus~A_TARGET_VIBE~3,Trommelfell~A_TARGET_VIBE~3,Hörgang~A_TARGET_VIBE~3,Ohrstöpsel~A_TARGET_VIBE~3"
Onkologie,4,7,Wissenschaft & Medizin,7,"Tumorboard~A_TARGET_VIBE~3,Nachsorge~A_TARGET_VIBE~4,Station~A_TARGET_VIBE~3,Port~A_TARGET_VIBE~3,Biopsie~A_TARGET_VIBE~3,Infusion~A_TARGET_VIBE~3,Bestrahlung~A_TARGET_VIBE~3"
Organ,4,7,Wissenschaft & Medizin,7,"Gewebe~A_TARGET_VIBE~3,Funktion~A_TARGET_VIBE~4,Ultraschall~A_TARGET_VIBE~3,Blutversorgung~A_TARGET_VIBE~3,Chirurgie~A_TARGET_VIBE~3,Transplantation~A_TARGET_VIBE~3,Diagnose~A_TARGET_VIBE~3"
Organismus,4,2|7,Natur & Tiere|Wissenschaft & Medizin,7,"Umwelt~A_TARGET_VIBE~3,Zellen~A_TARGET_VIBE~4,Anpassung~A_TARGET_VIBE~3,Stoffwechsel~A_TARGET_VIBE~3,Wachstum~A_TARGET_VIBE~3,Reiz~A_TARGET_VIBE~3,Fortpflanzung~A_TARGET_VIBE~3"
Orthopädie,4,7,Wissenschaft & Medizin,7,"Rehabilitation~A_TARGET_VIBE~3,Bänderriss~A_TARGET_VIBE~4,Gelenk~A_TARGET_VIBE~3,Röntgen~A_TARGET_VIBE~3,Prothese~A_TARGET_VIBE~3,Krücke~A_TARGET_VIBE~3,Schiene~A_TARGET_VIBE~3"
Pandemie,4,7|9,Wissenschaft & Medizin|Gesellschaft & Beruf,7,"Lockdown~A_TARGET_VIBE~3,Inzidenz~A_TARGET_VIBE~4,Welle~A_TARGET_VIBE~3,Quarantäne~A_TARGET_VIBE~3,Maske~A_TARGET_VIBE~3,Impfkampagne~A_TARGET_VIBE~3,Kontaktbeschränkung~A_TARGET_VIBE~3"
Parasit,4,2|7,Natur & Tiere|Wissenschaft & Medizin,7,"Entwurmung~A_TARGET_VIBE~3,Infektion~A_TARGET_VIBE~4,Wirt~A_TARGET_VIBE~3,Larve~A_TARGET_VIBE~3,Jucken~A_TARGET_VIBE~3,Stich~A_TARGET_VIBE~3,Darm~A_TARGET_VIBE~3"
Pathologie,4,7,Wissenschaft & Medizin,7,"Laborbericht~A_TARGET_VIBE~3,Diagnose~A_TARGET_VIBE~4,Färbung~A_TARGET_VIBE~3,Gewebeprobe~A_TARGET_VIBE~3,Mikroskop~A_TARGET_VIBE~3,Schnittpräparat~A_TARGET_VIBE~3,Befund~A_TARGET_VIBE~3"
Patient,4,7|9,Wissenschaft & Medizin|Gesellschaft & Beruf,7,"Gesundheitskarte~A_TARGET_VIBE~3,Aufklärung~A_TARGET_VIBE~4,Termin~A_TARGET_VIBE~3,Wartezimmer~A_TARGET_VIBE~3,Anamnese~A_TARGET_VIBE~3,Befund~A_TARGET_VIBE~3,Behandlung~A_TARGET_VIBE~3"
Pflanze,4,2,Natur & Tiere,7,"Dünger~A_TARGET_VIBE~3,Fensterbank~A_TARGET_VIBE~4,Samen~A_TARGET_VIBE~3,Gießen~A_TARGET_VIBE~3,Topf~A_TARGET_VIBE~3,Wurzel~A_TARGET_VIBE~3,Blatt~A_TARGET_VIBE~3"
Pflaster,4,0|7,Alltag & Gegenstände|Wissenschaft & Medizin,7,"Klebestreifen~A_TARGET_VIBE~3,Saugpad~A_TARGET_VIBE~4,Wunde~A_TARGET_VIBE~3,Desinfektion~A_TARGET_VIBE~3,Blase~A_TARGET_VIBE~3,Mull~A_TARGET_VIBE~3,Abziehen~A_TARGET_VIBE~3"
Pflege,4,7|9,Wissenschaft & Medizin|Gesellschaft & Beruf,7,"Schichtdienst~A_TARGET_VIBE~3,Betreuung~A_TARGET_VIBE~4,Hygiene~A_TARGET_VIBE~3,Dienstplan~A_TARGET_VIBE~3,Station~A_TARGET_VIBE~3,Dokumentation~A_TARGET_VIBE~3,Waschen~A_TARGET_VIBE~3"
Pflegekraft,4,7|9,Wissenschaft & Medizin|Gesellschaft & Beruf,7,"Hygiene~A_TARGET_VIBE~3,Verbandswechsel~A_TARGET_VIBE~4,Station~A_TARGET_VIBE~3,Pausenraum~A_TARGET_VIBE~3,Schichtdienst~A_TARGET_VIBE~3,Dienstplan~A_TARGET_VIBE~3,Betreuung~A_TARGET_VIBE~3"
Pilz,4,2,Natur & Tiere,7,"Petrischale~A_TARGET_VIBE~3,Nährboden~A_TARGET_VIBE~4,Feuchte~A_TARGET_VIBE~3,Wald~A_TARGET_VIBE~3,Myzel~A_TARGET_VIBE~3,Spore~A_TARGET_VIBE~3,Schimmel~A_TARGET_VIBE~3"
Pipette,4,7,Wissenschaft & Medizin,7,"Kalibrierung~A_TARGET_VIBE~3,Tropfen~A_TARGET_VIBE~4,Labor~A_TARGET_VIBE~3,Probe~A_TARGET_VIBE~3,Handschuh~A_TARGET_VIBE~3,Spitze~A_TARGET_VIBE~3,Volumen~A_TARGET_VIBE~3"
Planet,4,7,Wissenschaft & Medizin,7,"Umlaufbahn~A_TARGET_VIBE~3,Rotation~A_TARGET_VIBE~4,Atmosphäre~A_TARGET_VIBE~3,Mond~A_TARGET_VIBE~3,Teleskop~A_TARGET_VIBE~3,Gravitation~A_TARGET_VIBE~3,Tag~A_TARGET_VIBE~3"
Pneumonie,4,7,Wissenschaft & Medizin,7,"Antibiotikum~A_TARGET_VIBE~3,Husten~A_TARGET_VIBE~4,Lunge~A_TARGET_VIBE~3,Station~A_TARGET_VIBE~3,Fieber~A_TARGET_VIBE~3,Röntgen~A_TARGET_VIBE~3,Atemnot~A_TARGET_VIBE~3"
Prellung,4,7,Wissenschaft & Medizin,7,"Schwellung~A_TARGET_VIBE~3,Schonung~A_TARGET_VIBE~4,Sport~A_TARGET_VIBE~3,Druck~A_TARGET_VIBE~3,Bluterguss~A_TARGET_VIBE~3,Kühlpack~A_TARGET_VIBE~3,Schmerz~A_TARGET_VIBE~3"
Programmierung,4,6,Technik & Digitales,7,"Variable~A_TARGET_VIBE~3,Schleife~A_TARGET_VIBE~4,Repository~A_TARGET_VIBE~3,Version~A_TARGET_VIBE~3,Quelltext~A_TARGET_VIBE~3,Debuggen~A_TARGET_VIBE~3,Compiler~A_TARGET_VIBE~3"
Prothese,4,7,Wissenschaft & Medizin,7,"Rehabilitation~A_TARGET_VIBE~3,Orthopädie~A_TARGET_VIBE~4,Gelenk~A_TARGET_VIBE~3,Prothesenpass~A_TARGET_VIBE~3,Implantat~A_TARGET_VIBE~3,Anpassung~A_TARGET_VIBE~3,Schaft~A_TARGET_VIBE~3"
Psychiatrie,4,7|12,Wissenschaft & Medizin|Gefühle & Abstraktes,7,"Medikament~A_TARGET_VIBE~3,Diagnose~A_TARGET_VIBE~4,Sucht~A_TARGET_VIBE~3,Therapie~A_TARGET_VIBE~3,Station~A_TARGET_VIBE~3,Krise~A_TARGET_VIBE~3,Aufnahme~A_TARGET_VIBE~3"
Psychologie,4,7|12,Wissenschaft & Medizin|Gefühle & Abstraktes,7,"Wahrnehmung~A_TARGET_VIBE~3,Diagnose~A_TARGET_VIBE~4,Therapie~A_TARGET_VIBE~3,Antrieb~A_TARGET_VIBE~3,Gespräch~A_TARGET_VIBE~3,Testbogen~A_TARGET_VIBE~3,Verhalten~A_TARGET_VIBE~3"
Pulsuhr,4,5|6,Sport & Freizeit|Technik & Digitales,7,"Bluetooth~A_TARGET_VIBE~3,Herzfrequenz~A_TARGET_VIBE~4,Akku~A_TARGET_VIBE~3,Anzeige~A_TARGET_VIBE~3,Handgelenk~A_TARGET_VIBE~3,Sensor~A_TARGET_VIBE~3,Training~A_TARGET_VIBE~3"
Radioaktivität,4,7,Wissenschaft & Medizin,7,"Isotop~A_TARGET_VIBE~3,Halbwertszeit~A_TARGET_VIBE~4,Abschirmung~A_TARGET_VIBE~3,Uran~A_TARGET_VIBE~3,Warnschild~A_TARGET_VIBE~3,Strahlung~A_TARGET_VIBE~3,Geigerzähler~A_TARGET_VIBE~3"
Rakete,4,3|6,Orte & Reisen|Technik & Digitales,7,"Orbit~A_TARGET_VIBE~3,Nutzlast~A_TARGET_VIBE~4,Start~A_TARGET_VIBE~3,Schub~A_TARGET_VIBE~3,Stufe~A_TARGET_VIBE~3,Treibstoff~A_TARGET_VIBE~3,Rampe~A_TARGET_VIBE~3"
Raumsonde,4,3|6|7,Orte & Reisen|Technik & Digitales|Wissenschaft & Medizin,7,"Navigation~A_TARGET_VIBE~3,Solarpanel~A_TARGET_VIBE~4,Orbit~A_TARGET_VIBE~3,Signal~A_TARGET_VIBE~3,Antenne~A_TARGET_VIBE~3,Kamera~A_TARGET_VIBE~3,Mission~A_TARGET_VIBE~3"
Reagenzglas,4,7,Wissenschaft & Medizin,7,"Pipette~A_TARGET_VIBE~3,Labor~A_TARGET_VIBE~4,Etikett~A_TARGET_VIBE~3,Schütteln~A_TARGET_VIBE~3,Kittel~A_TARGET_VIBE~3,Ständer~A_TARGET_VIBE~3,Probe~A_TARGET_VIBE~3"
Reinstoff,4,7,Wissenschaft & Medizin,7,"Schmelzpunkt~A_TARGET_VIBE~3,Destillation~A_TARGET_VIBE~4,Filtration~A_TARGET_VIBE~3,Probe~A_TARGET_VIBE~3,Analyse~A_TARGET_VIBE~3,Reinheit~A_TARGET_VIBE~3,Verunreinigung~A_TARGET_VIBE~3"
Relativität,4,7,Wissenschaft & Medizin,7,"Beobachter~A_TARGET_VIBE~3,Gravitation~A_TARGET_VIBE~4,Zwillingsparadoxon~A_TARGET_VIBE~3,Raumzeit~A_TARGET_VIBE~3,Einstein~A_TARGET_VIBE~3,Zeitdilatation~A_TARGET_VIBE~3,Lichtgeschwindigkeit~A_TARGET_VIBE~3"
Resistenz,4,7,Wissenschaft & Medizin,7,"Dosierung~A_TARGET_VIBE~3,Keim~A_TARGET_VIBE~4,Krankenhauskeim~A_TARGET_VIBE~3,Wechsel~A_TARGET_VIBE~3,Wirkstoff~A_TARGET_VIBE~3,Therapie~A_TARGET_VIBE~3,Mutation~A_TARGET_VIBE~3"
Resonanz,4,4|7,Kultur & Kunst|Wissenschaft & Medizin,7,"Frequenz~A_TARGET_VIBE~3,Schwingung~A_TARGET_VIBE~4,Verstärkung~A_TARGET_VIBE~3,Eigenfrequenz~A_TARGET_VIBE~3,Lautsprecher~A_TARGET_VIBE~3,Glocke~A_TARGET_VIBE~3,Mitschwingen~A_TARGET_VIBE~3"
Rettungswagen,4,7|9,Wissenschaft & Medizin|Gesellschaft & Beruf,7,"Sanitäter~A_TARGET_VIBE~3,Leitstelle~A_TARGET_VIBE~4,Notaufnahme~A_TARGET_VIBE~3,Blaulicht~A_TARGET_VIBE~3,Sirene~A_TARGET_VIBE~3,Trage~A_TARGET_VIBE~3,Einsatz~A_TARGET_VIBE~3"
Rezeptor,4,7,Wissenschaft & Medizin,7,"Membran~A_TARGET_VIBE~3,Blocker~A_TARGET_VIBE~4,Botenstoff~A_TARGET_VIBE~3,Aktivierung~A_TARGET_VIBE~3,Andockstelle~A_TARGET_VIBE~3,Bindung~A_TARGET_VIBE~3,Signalweg~A_TARGET_VIBE~3"
Rehabilitation,4,7,Wissenschaft & Medizin,7,"Gangschule~A_TARGET_VIBE~3,Krücke~A_TARGET_VIBE~4,Training~A_TARGET_VIBE~3,Massage~A_TARGET_VIBE~3,Übungsraum~A_TARGET_VIBE~3,Ergometer~A_TARGET_VIBE~3,Therapieplan~A_TARGET_VIBE~3"
Rippe,4,7,Wissenschaft & Medizin,7,"Prellung~A_TARGET_VIBE~3,Schmerz~A_TARGET_VIBE~4,Gürtel~A_TARGET_VIBE~3,Röntgen~A_TARGET_VIBE~3,Brustkorb~A_TARGET_VIBE~3,Atmen~A_TARGET_VIBE~3,Husten~A_TARGET_VIBE~3"
Rückenmark,4,7,Wissenschaft & Medizin,7,"Nervenbahn~A_TARGET_VIBE~3,Querschnitt~A_TARGET_VIBE~4,Liquor~A_TARGET_VIBE~3,Trauma~A_TARGET_VIBE~3,Wirbelsäule~A_TARGET_VIBE~3,Lähmung~A_TARGET_VIBE~3,Reflex~A_TARGET_VIBE~3"
Sauberkeit,4,7|10,Wissenschaft & Medizin|Haushalt & Wohnen,7,"Desinfektion~A_TARGET_VIBE~3,Reinlichkeit~A_TARGET_VIBE~4,Geruch~A_TARGET_VIBE~3,Ordnung~A_TARGET_VIBE~3,Seife~A_TARGET_VIBE~3,Händewaschen~A_TARGET_VIBE~3,Wischlappen~A_TARGET_VIBE~3"
Sauerstoff,4,7,Wissenschaft & Medizin,7,"Pulsoximeter~A_TARGET_VIBE~3,Flasche~A_TARGET_VIBE~4,Notfall~A_TARGET_VIBE~3,Beatmung~A_TARGET_VIBE~3,Atmung~A_TARGET_VIBE~3,Maske~A_TARGET_VIBE~3,Sättigung~A_TARGET_VIBE~3"
Schlaganfall,4,7,Wissenschaft & Medizin,7,"Zeitfenster~A_TARGET_VIBE~3,Notruf~A_TARGET_VIBE~4,Reha~A_TARGET_VIBE~3,Gesichtslähmung~A_TARGET_VIBE~3,Lähmung~A_TARGET_VIBE~3,Sprachverlust~A_TARGET_VIBE~3,Rettungswagen~A_TARGET_VIBE~3"
Schilddrüse,4,7,Wissenschaft & Medizin,7,"Kropf~A_TARGET_VIBE~3,Ultraschall~A_TARGET_VIBE~4,Hormon~A_TARGET_VIBE~3,Tablette~A_TARGET_VIBE~3,Stoffwechsel~A_TARGET_VIBE~3,TSH~A_TARGET_VIBE~3,Jod~A_TARGET_VIBE~3"
Schulter,4,7,Wissenschaft & Medizin,7,"Prellung~A_TARGET_VIBE~3,Physio~A_TARGET_VIBE~4,Schmerz~A_TARGET_VIBE~3,Rucksack~A_TARGET_VIBE~3,Sehne~A_TARGET_VIBE~3,Drehung~A_TARGET_VIBE~3,Tragen~A_TARGET_VIBE~3"
Schutzimpfung,4,7,Wissenschaft & Medizin,7,"Nebenwirkung~A_TARGET_VIBE~3,Auffrischung~A_TARGET_VIBE~4,Termin~A_TARGET_VIBE~3,Schutz~A_TARGET_VIBE~3,Kampagne~A_TARGET_VIBE~3,Impfpass~A_TARGET_VIBE~3,Booster~A_TARGET_VIBE~3"
Schwangerschaft,4,7,Wissenschaft & Medizin,7,"Hebamme~A_TARGET_VIBE~3,Vorsorge~A_TARGET_VIBE~4,Kicks~A_TARGET_VIBE~3,Übelkeit~A_TARGET_VIBE~3,Geburt~A_TARGET_VIBE~3,Ultraschall~A_TARGET_VIBE~3,Mutterpass~A_TARGET_VIBE~3"
Schwarzesloch,4,7,Wissenschaft & Medizin,7,"Strahlung~A_TARGET_VIBE~3,Galaxie~A_TARGET_VIBE~4,Singularität~A_TARGET_VIBE~3,Eventhorizont~A_TARGET_VIBE~3,Akkretionsscheibe~A_TARGET_VIBE~3,Gravitation~A_TARGET_VIBE~3,Loch~B_PART_VIBE~2"
Schnupfen,4,7,Wissenschaft & Medizin,7,"Tröpfchen~A_TARGET_VIBE~3,Fieber~A_TARGET_VIBE~4,Taschentuch~A_TARGET_VIBE~3,Nasenspray~A_TARGET_VIBE~3,Niesen~A_TARGET_VIBE~3,Halskratzen~A_TARGET_VIBE~3,Ansteckung~A_TARGET_VIBE~3"
Sedierung,4,7,Wissenschaft & Medizin,7,"Sauerstoff~A_TARGET_VIBE~3,Aufwachraum~A_TARGET_VIBE~4,Infusion~A_TARGET_VIBE~3,Puls~A_TARGET_VIBE~3,Beruhigung~A_TARGET_VIBE~3,Dosis~A_TARGET_VIBE~3,Überwachung~A_TARGET_VIBE~3"
Sehstärke,4,7,Wissenschaft & Medizin,7,"Brille~A_TARGET_VIBE~3,Kontaktlinse~A_TARGET_VIBE~4,Nah~A_TARGET_VIBE~3,Fern~A_TARGET_VIBE~3,Dioptrien~A_TARGET_VIBE~3,Sehtest~A_TARGET_VIBE~3,Optiker~A_TARGET_VIBE~3"
Seismograf,4,2|7,Natur & Tiere|Wissenschaft & Medizin,7,"Messstation~A_TARGET_VIBE~3,Amplitude~A_TARGET_VIBE~4,Boden~A_TARGET_VIBE~3,Vulkan~A_TARGET_VIBE~3,Erdbeben~A_TARGET_VIBE~3,Nadel~A_TARGET_VIBE~3,Kurve~A_TARGET_VIBE~3"
Serum,4,7,Wissenschaft & Medizin,7,"Antikörper~A_TARGET_VIBE~3,Labor~A_TARGET_VIBE~4,Probe~A_TARGET_VIBE~3,Gerinnung~A_TARGET_VIBE~3,Blutwert~A_TARGET_VIBE~3,Zentrifuge~A_TARGET_VIBE~3,Röhrchen~A_TARGET_VIBE~3"
Skalpell,4,0|7,Alltag & Gegenstände|Wissenschaft & Medizin,7,"Pinzette~A_TARGET_VIBE~3,Naht~A_TARGET_VIBE~4,OP~A_TARGET_VIBE~3,Tablett~A_TARGET_VIBE~3,Klinge~A_TARGET_VIBE~3,Steril~A_TARGET_VIBE~3,Schnitt~A_TARGET_VIBE~3"
Skelett,4,2|7,Natur & Tiere|Wissenschaft & Medizin,7,"Rippe~A_TARGET_VIBE~3,Wirbelsäule~A_TARGET_VIBE~4,Anatomie~A_TARGET_VIBE~3,Präparat~A_TARGET_VIBE~3,Knochen~A_TARGET_VIBE~3,Gelenk~A_TARGET_VIBE~3,Schädel~A_TARGET_VIBE~3"
Sonnenstich,4,7,Wissenschaft & Medizin,7,"Schatten~A_TARGET_VIBE~3,Nacken~A_TARGET_VIBE~4,Kopfschmerz~A_TARGET_VIBE~3,Übelkeit~A_TARGET_VIBE~3,Sonnenhut~A_TARGET_VIBE~3,Wasser~A_TARGET_VIBE~3,Hitze~A_TARGET_VIBE~3"
Speiseröhre,4,7,Wissenschaft & Medizin,7,"Brustbein~A_TARGET_VIBE~3,Magen~A_TARGET_VIBE~4,Endoskop~A_TARGET_VIBE~3,Engstelle~A_TARGET_VIBE~3,Schlucken~A_TARGET_VIBE~3,Sodbrennen~A_TARGET_VIBE~3,Reflux~A_TARGET_VIBE~3"
Spore,4,2|7,Natur & Tiere|Wissenschaft & Medizin,7,"Mikroskop~A_TARGET_VIBE~3,Luft~A_TARGET_VIBE~4,Schimmel~A_TARGET_VIBE~3,Nährboden~A_TARGET_VIBE~3,Keimung~A_TARGET_VIBE~3,Myzel~A_TARGET_VIBE~3,Sporenpulver~A_TARGET_VIBE~3"
Sprechstunde,4,7|9,Wissenschaft & Medizin|Gesellschaft & Beruf,7,"Überweisung~A_TARGET_VIBE~3,Sprechzimmer~A_TARGET_VIBE~4,Arztbrief~A_TARGET_VIBE~3,Praxis~A_TARGET_VIBE~3,Anmeldung~A_TARGET_VIBE~3,Termin~A_TARGET_VIBE~3,Wartezimmer~A_TARGET_VIBE~3"
Stern,4,7|11,Wissenschaft & Medizin|Wetter & Himmel,7,"Helligkeit~A_TARGET_VIBE~3,Fernrohr~A_TARGET_VIBE~4,Nacht~A_TARGET_VIBE~3,Kernfusion~A_TARGET_VIBE~3,Leuchten~A_TARGET_VIBE~3,Spektrum~A_TARGET_VIBE~3,Temperatur~A_TARGET_VIBE~3"
Sternbild,4,7|11,Wissenschaft & Medizin|Wetter & Himmel,7,"Mythos~A_TARGET_VIBE~3,Fernrohr~A_TARGET_VIBE~4,Himmelsatlas~A_TARGET_VIBE~3,Linie~A_TARGET_VIBE~3,Sternkarte~A_TARGET_VIBE~3,Nacht~A_TARGET_VIBE~3,Orientierung~A_TARGET_VIBE~3"
Stickstoff,4,7,Wissenschaft & Medizin,6,"Luft~A_TARGET_VIBE~3,Druckgas~A_TARGET_VIBE~4,Kühlung~A_TARGET_VIBE~3,Flüssigstickstoff~A_TARGET_VIBE~3,Düngung~A_TARGET_VIBE~3,Reifen~A_TARGET_VIBE~3"
Stillen,4,7,Wissenschaft & Medizin,7,"Saugreflex~A_TARGET_VIBE~3,Hebamme~A_TARGET_VIBE~4,Ernährung~A_TARGET_VIBE~3,Bonding~A_TARGET_VIBE~3,Stillkissen~A_TARGET_VIBE~3,Milchpumpe~A_TARGET_VIBE~3,Brust~A_TARGET_VIBE~3"
Stromkreis,4,6|7,Technik & Digitales|Wissenschaft & Medizin,7,"Widerstand~A_TARGET_VIBE~3,Lampe~A_TARGET_VIBE~4,Kurzschluss~A_TARGET_VIBE~3,Sicherung~A_TARGET_VIBE~3,Batterie~A_TARGET_VIBE~3,Schalter~A_TARGET_VIBE~3,Kabel~A_TARGET_VIBE~3"
Stuhlprobe,4,7,Wissenschaft & Medizin,7,"Nachweis~A_TARGET_VIBE~3,Darm~A_TARGET_VIBE~4,Abstrich~A_TARGET_VIBE~3,Analyse~A_TARGET_VIBE~3,Becher~A_TARGET_VIBE~3,Labor~A_TARGET_VIBE~3,Kultur~A_TARGET_VIBE~3"
Supernova,4,7,Wissenschaft & Medizin,7,"Teleskop~A_TARGET_VIBE~3,Rest~A_TARGET_VIBE~4,Kernkollaps~A_TARGET_VIBE~3,Explosion~A_TARGET_VIBE~3,Helligkeit~A_TARGET_VIBE~3,Nebel~A_TARGET_VIBE~3,Spektrum~A_TARGET_VIBE~3"
Sucht,4,7|12,Wissenschaft & Medizin|Gefühle & Abstraktes,7,"Therapie~A_TARGET_VIBE~3,Beratung~A_TARGET_VIBE~4,Klinik~A_TARGET_VIBE~3,Selbsthilfe~A_TARGET_VIBE~3,Entzug~A_TARGET_VIBE~3,Verlangen~A_TARGET_VIBE~3,Rückfall~A_TARGET_VIBE~3"
Symptom,4,7|12,Wissenschaft & Medizin|Gefühle & Abstraktes,7,"Ausschlag~A_TARGET_VIBE~3,Anamnese~A_TARGET_VIBE~4,Befund~A_TARGET_VIBE~3,Anzeichen~A_TARGET_VIBE~3,Fieber~A_TARGET_VIBE~3,Schmerz~A_TARGET_VIBE~3,Husten~A_TARGET_VIBE~3"
Synapse,4,7,Wissenschaft & Medizin,7,"Rezeptor~A_TARGET_VIBE~3,Impuls~A_TARGET_VIBE~4,Abbau~A_TARGET_VIBE~3,Signal~A_TARGET_VIBE~3,Vesikel~A_TARGET_VIBE~3,Spalt~A_TARGET_VIBE~3,Botenstoff~A_TARGET_VIBE~3"
Teleskop,4,6|7,Technik & Digitales|Wissenschaft & Medizin,7,"Okular~A_TARGET_VIBE~3,Stativ~A_TARGET_VIBE~4,Vergrößerung~A_TARGET_VIBE~3,Sternwarte~A_TARGET_VIBE~3,Fokussieren~A_TARGET_VIBE~3,Linsen~A_TARGET_VIBE~3,Nacht~A_TARGET_VIBE~3"
Temperatur,4,7,Wissenschaft & Medizin,7,"Thermometer~A_TARGET_VIBE~3,Messung~A_TARGET_VIBE~4,Schüttelfrost~A_TARGET_VIBE~3,Grad~A_TARGET_VIBE~3,Fieber~A_TARGET_VIBE~3,Kälte~A_TARGET_VIBE~3,Hitze~A_TARGET_VIBE~3"
Tetanus,4,7,Wissenschaft & Medizin,7,"Muskelkrampf~A_TARGET_VIBE~3,Stich~A_TARGET_VIBE~4,Notfall~A_TARGET_VIBE~3,Wunde~A_TARGET_VIBE~3,Auffrischung~A_TARGET_VIBE~3,Impfpass~A_TARGET_VIBE~3,Gartenarbeit~A_TARGET_VIBE~3"
Theorie,4,7|14,Wissenschaft & Medizin|Höhere Mathematik,7,"Experiment~A_TARGET_VIBE~3,Modell~A_TARGET_VIBE~4,Formel~A_TARGET_VIBE~3,Widerspruch~A_TARGET_VIBE~3,Axiom~A_TARGET_VIBE~3,Hypothese~A_TARGET_VIBE~3,Annahme~A_TARGET_VIBE~3"
Thermometer,4,0|7,Alltag & Gegenstände|Wissenschaft & Medizin,7,"Batterie~A_TARGET_VIBE~3,Anzeige~A_TARGET_VIBE~4,Messspitze~A_TARGET_VIBE~3,Digital~A_TARGET_VIBE~3,Ohr~A_TARGET_VIBE~3,Achsel~A_TARGET_VIBE~3,Fieber~A_TARGET_VIBE~3"
Tier,4,2,Natur & Tiere,7,"Futter~A_TARGET_VIBE~3,Leine~A_TARGET_VIBE~4,Pfote~A_TARGET_VIBE~3,Fell~A_TARGET_VIBE~3,Stall~A_TARGET_VIBE~3,Zoo~A_TARGET_VIBE~3,Käfig~A_TARGET_VIBE~3"
Transfusion,4,7,Wissenschaft & Medizin,7,"Spender~A_TARGET_VIBE~3,Ausweis~A_TARGET_VIBE~4,Transfusion~A_TARGET_VIBE~3,Monitor~A_TARGET_VIBE~3,Beutel~A_TARGET_VIBE~3,Kreuzprobe~A_TARGET_VIBE~3,Blutgruppe~A_TARGET_VIBE~3"
Transplantation,4,7,Wissenschaft & Medizin,7,"Warteliste~A_TARGET_VIBE~3,Abstoßung~A_TARGET_VIBE~4,Immunsuppression~A_TARGET_VIBE~3,OP~A_TARGET_VIBE~3,Organ~A_TARGET_VIBE~3,Nachsorge~A_TARGET_VIBE~3,Spender~A_TARGET_VIBE~3"
Treibstoff,4,7,Wissenschaft & Medizin,6,"Tank~A_TARGET_VIBE~3,Zapfsäule~A_TARGET_VIBE~4,Schub~A_TARGET_VIBE~3,Verbrennung~A_TARGET_VIBE~3,Auspuff~A_TARGET_VIBE~3,Kanister~A_TARGET_VIBE~3"
Trommelfell,4,7,Wissenschaft & Medizin,7,"Ohrentzündung~A_TARGET_VIBE~3,Hörtest~A_TARGET_VIBE~4,Watte~A_TARGET_VIBE~3,Knacken~A_TARGET_VIBE~3,Kopfhörer~A_TARGET_VIBE~3,Hörgang~A_TARGET_VIBE~3,Druckausgleich~A_TARGET_VIBE~3"
Tropfen,4,0|7,Alltag & Gegenstände|Wissenschaft & Medizin,7,"Augentropfen~A_TARGET_VIBE~3,Träne~A_TARGET_VIBE~4,Regentropfen~A_TARGET_VIBE~3,Nase~A_TARGET_VIBE~3,Pipette~A_TARGET_VIBE~3,Fläschchen~A_TARGET_VIBE~3,Dosierung~A_TARGET_VIBE~3"
Unterkühlung,4,7,Wissenschaft & Medizin,7,"Kälte~A_TARGET_VIBE~3,Thermometer~A_TARGET_VIBE~4,Schläfrigkeit~A_TARGET_VIBE~3,Heizdecke~A_TARGET_VIBE~3,Zittern~A_TARGET_VIBE~3,Rettungsdecke~A_TARGET_VIBE~3,Nässe~A_TARGET_VIBE~3"
Universum,4,7,Wissenschaft & Medizin,7,"Expansion~A_TARGET_VIBE~3,Hubble~A_TARGET_VIBE~4,Dunkelmaterie~A_TARGET_VIBE~3,Raumzeit~A_TARGET_VIBE~3,Galaxie~A_TARGET_VIBE~3,Kosmos~A_TARGET_VIBE~3,Lichtjahr~A_TARGET_VIBE~3"
Uran,4,7,Wissenschaft & Medizin,6,"Kernspaltung~A_TARGET_VIBE~3,Radioaktivität~A_TARGET_VIBE~4,Erz~A_TARGET_VIBE~3,Reaktor~A_TARGET_VIBE~3,Warnschild~A_TARGET_VIBE~3,Halbwertszeit~A_TARGET_VIBE~3"
Urinprobe,4,7,Wissenschaft & Medizin,7,"Labor~A_TARGET_VIBE~3,Streifen~A_TARGET_VIBE~4,Nüchtern~A_TARGET_VIBE~3,Mittelstrahl~A_TARGET_VIBE~3,Analyse~A_TARGET_VIBE~3,Becher~A_TARGET_VIBE~3,Etikett~A_TARGET_VIBE~3"
Verdauung,4,7,Wissenschaft & Medizin,7,"Sodbrennen~A_TARGET_VIBE~3,Nährstoffe~A_TARGET_VIBE~4,Magen~A_TARGET_VIBE~3,Darm~A_TARGET_VIBE~3,Enzym~A_TARGET_VIBE~3,Bauch~A_TARGET_VIBE~3,Stuhl~A_TARGET_VIBE~3"
Verband,4,0|7,Alltag & Gegenstände|Wissenschaft & Medizin,7,"Klebestreifen~A_TARGET_VIBE~3,Wunde~A_TARGET_VIBE~4,Kompression~A_TARGET_VIBE~3,Mull~A_TARGET_VIBE~3,Fixierung~A_TARGET_VIBE~3,Wickeln~A_TARGET_VIBE~3,Druckverband~A_TARGET_VIBE~3"
Verbrennung,4,7,Wissenschaft & Medizin,7,"Rauch~A_TARGET_VIBE~3,Schmerz~A_TARGET_VIBE~4,Schorf~A_TARGET_VIBE~3,Blase~A_TARGET_VIBE~3,Kühlung~A_TARGET_VIBE~3,Salbe~A_TARGET_VIBE~3,Verband~A_TARGET_VIBE~3"
Vergiftung,4,7,Wissenschaft & Medizin,7,"Erbrechen~A_TARGET_VIBE~3,Notruf~A_TARGET_VIBE~4,Bewusstlos~A_TARGET_VIBE~3,Gegengift~A_TARGET_VIBE~3,Übelkeit~A_TARGET_VIBE~3,Giftzentrale~A_TARGET_VIBE~3,Aktivkohle~A_TARGET_VIBE~3"
Verhütung,4,7,Wissenschaft & Medizin,7,"Zyklus~A_TARGET_VIBE~3,Hormone~A_TARGET_VIBE~4,Beratung~A_TARGET_VIBE~3,Rezept~A_TARGET_VIBE~3,Pille~A_TARGET_VIBE~3,Kondom~A_TARGET_VIBE~3,Spirale~A_TARGET_VIBE~3"
Verstauchung,4,7,Wissenschaft & Medizin,7,"Gelenk~A_TARGET_VIBE~3,Schonung~A_TARGET_VIBE~4,Bandage~A_TARGET_VIBE~3,Tape~A_TARGET_VIBE~3,Schwellung~A_TARGET_VIBE~3,Kühlpack~A_TARGET_VIBE~3,Hochlagern~A_TARGET_VIBE~3"
Vene,4,7,Wissenschaft & Medizin,7,"Katheter~A_TARGET_VIBE~3,Stauschlauch~A_TARGET_VIBE~4,Blau~A_TARGET_VIBE~3,Druck~A_TARGET_VIBE~3,Blutabnahme~A_TARGET_VIBE~3,Nadel~A_TARGET_VIBE~3,Infusion~A_TARGET_VIBE~3"
Virus,4,7,Wissenschaft & Medizin,7,"Zellkultur~A_TARGET_VIBE~3,PCR~A_TARGET_VIBE~4,RNA~A_TARGET_VIBE~3,Mutation~A_TARGET_VIBE~3,Kapsid~A_TARGET_VIBE~3,Inkubation~A_TARGET_VIBE~3,Tröpfchen~A_TARGET_VIBE~3"
Virologie,4,7,Wissenschaft & Medizin,7,"Antigen~A_TARGET_VIBE~3,Reagenzglas~A_TARGET_VIBE~4,Mikroskop~A_TARGET_VIBE~3,Auswertung~A_TARGET_VIBE~3,Zellkultur~A_TARGET_VIBE~3,PCR~A_TARGET_VIBE~3,Sequenz~A_TARGET_VIBE~3"
Vulkan,4,2|7,Natur & Tiere|Wissenschaft & Medizin,7,"Eruption~A_TARGET_VIBE~3,Magma~A_TARGET_VIBE~4,Seismograf~A_TARGET_VIBE~3,Berg~A_TARGET_VIBE~3,Lava~A_TARGET_VIBE~3,Asche~A_TARGET_VIBE~3,Krater~A_TARGET_VIBE~3"
Waage,4,7,Wissenschaft & Medizin,6,"Experiment~A_TARGET_VIBE~3,Hypothese~A_TARGET_VIBE~4,Studie~A_TARGET_VIBE~3,Messung~A_TARGET_VIBE~3,Publikation~A_TARGET_VIBE~3,Labor~A_TARGET_VIBE~3"
Wasserstoff,4,7,Wissenschaft & Medizin,6,"Knallgas~A_TARGET_VIBE~3,Brennstoffzelle~A_TARGET_VIBE~4,Ballon~A_TARGET_VIBE~3,Explosion~A_TARGET_VIBE~3,Fusion~A_TARGET_VIBE~3,Tank~A_TARGET_VIBE~3"
Weitsichtigkeit,4,7,Wissenschaft & Medizin,7,"Optiker~A_TARGET_VIBE~3,Kontaktlinse~A_TARGET_VIBE~4,Buchstabentafel~A_TARGET_VIBE~3,Lesebrille~A_TARGET_VIBE~3,Nah~A_TARGET_VIBE~3,Dioptrien~A_TARGET_VIBE~3,Sehtest~A_TARGET_VIBE~3"
Wirkung,4,7|12,Wissenschaft & Medizin|Gefühle & Abstraktes,7,"Dosis~A_TARGET_VIBE~3,Nebenwirkung~A_TARGET_VIBE~4,Wechselwirkung~A_TARGET_VIBE~3,Placebo~A_TARGET_VIBE~3,Eintritt~A_TARGET_VIBE~3,Linderung~A_TARGET_VIBE~3,Rezeptor~A_TARGET_VIBE~3"
Wirbelsäule,4,7,Wissenschaft & Medizin,7,"Wirbel~A_TARGET_VIBE~3,Rückenmark~A_TARGET_VIBE~4,Orthopädie~A_TARGET_VIBE~3,Physio~A_TARGET_VIBE~3,Bandscheibe~A_TARGET_VIBE~3,Haltung~A_TARGET_VIBE~3,Verspannung~A_TARGET_VIBE~3"
Wissenschaft,4,7,Wissenschaft & Medizin,7,"Messung~A_TARGET_VIBE~3,Publikation~A_TARGET_VIBE~4,Labor~A_TARGET_VIBE~3,Daten~A_TARGET_VIBE~3,Experiment~A_TARGET_VIBE~3,Hypothese~A_TARGET_VIBE~3,Studie~A_TARGET_VIBE~3"
Wunde,4,7,Wissenschaft & Medizin,6,"Pflaster~A_TARGET_VIBE~3,Verband~A_TARGET_VIBE~4,Desinfektion~A_TARGET_VIBE~3,Blut~A_TARGET_VIBE~3,Naht~A_TARGET_VIBE~3,Schorf~A_TARGET_VIBE~3"
Zahn,4,7,Wissenschaft & Medizin,7,"Füllung~A_TARGET_VIBE~3,Bohrer~A_TARGET_VIBE~4,Zahnarzt~A_TARGET_VIBE~3,Zahnseide~A_TARGET_VIBE~3,Biss~A_TARGET_VIBE~3,Zahnbürste~A_TARGET_VIBE~3,Karies~A_TARGET_VIBE~3"
Zahnfleisch,4,7,Wissenschaft & Medizin,7,"Zahnbürste~A_TARGET_VIBE~3,Mundspülung~A_TARGET_VIBE~4,Zahnarzt~A_TARGET_VIBE~3,Schwellung~A_TARGET_VIBE~3,Zahnseide~A_TARGET_VIBE~3,Bluten~A_TARGET_VIBE~3,Entzündung~A_TARGET_VIBE~3"
Zahnmedizin,4,7,Wissenschaft & Medizin,7,"Röntgen~A_TARGET_VIBE~3,Prophylaxe~A_TARGET_VIBE~4,Zahnarzt~A_TARGET_VIBE~3,Zahnstein~A_TARGET_VIBE~3,Behandlung~A_TARGET_VIBE~3,Bohrer~A_TARGET_VIBE~3,Füllung~A_TARGET_VIBE~3"
Zeh,4,7,Wissenschaft & Medizin,7,"Pflaster~A_TARGET_VIBE~3,Kälte~A_TARGET_VIBE~4,Stoß~A_TARGET_VIBE~3,Schwellung~A_TARGET_VIBE~3,Nagel~A_TARGET_VIBE~3,Schuh~A_TARGET_VIBE~3,Prellung~A_TARGET_VIBE~3"
Zelle,4,7,Wissenschaft & Medizin,7,"Membran~A_TARGET_VIBE~3,Gewebe~A_TARGET_VIBE~4,Kultur~A_TARGET_VIBE~3,Zellkern~A_TARGET_VIBE~3,Teilung~A_TARGET_VIBE~3,Mikroskop~A_TARGET_VIBE~3,DNA~A_TARGET_VIBE~3"
Zellwand,4,2|7,Natur & Tiere|Wissenschaft & Medizin,7,"Mikroskop~A_TARGET_VIBE~3,Membran~A_TARGET_VIBE~4,Form~A_TARGET_VIBE~3,Cellulose~A_TARGET_VIBE~3,Stabilität~A_TARGET_VIBE~3,Poren~A_TARGET_VIBE~3,Druck~A_TARGET_VIBE~3"
Zentrifuge,4,6|7,Technik & Digitales|Wissenschaft & Medizin,7,"Drehzahl~A_TARGET_VIBE~3,Unwucht~A_TARGET_VIBE~4,Trennung~A_TARGET_VIBE~3,Labor~A_TARGET_VIBE~3,Deckel~A_TARGET_VIBE~3,Rotor~A_TARGET_VIBE~3,Röhrchen~A_TARGET_VIBE~3"
Zoologie,4,2|7,Natur & Tiere|Wissenschaft & Medizin,7,"Artenschutz~A_TARGET_VIBE~3,Spurensuche~A_TARGET_VIBE~4,Verhalten~A_TARGET_VIBE~3,Zoo~A_TARGET_VIBE~3,Feldstudie~A_TARGET_VIBE~3,Präparat~A_TARGET_VIBE~3,Skelett~A_TARGET_VIBE~3"
Zunge,4,7,Wissenschaft & Medizin,7,"Belag~A_TARGET_VIBE~3,Zähne~A_TARGET_VIBE~4,Mund~A_TARGET_VIBE~3,Brennen~A_TARGET_VIBE~3,Geschmack~A_TARGET_VIBE~3,Sprechen~A_TARGET_VIBE~3,Schlucken~A_TARGET_VIBE~3"
Quecksilber,4,7,Wissenschaft & Medizin,6,"Thermometer~A_TARGET_VIBE~3,Schwermetall~A_TARGET_VIBE~4,Dampf~A_TARGET_VIBE~3,Gift~A_TARGET_VIBE~3,Metall~A_TARGET_VIBE~3,Spiegel~A_TARGET_VIBE~3"
Säure,4,7,Wissenschaft & Medizin,6,"pH~A_TARGET_VIBE~3,Indikator~A_TARGET_VIBE~4,ätzend~A_TARGET_VIBE~3,Neutralisation~A_TARGET_VIBE~3,Reagenzglas~A_TARGET_VIBE~3,Lauge~A_TARGET_VIBE~3"
Katalysator,4,7,Wissenschaft & Medizin,6,"Auspuff~A_TARGET_VIBE~3,Abgas~A_TARGET_VIBE~4,Umwandlung~A_TARGET_VIBE~3,Platin~A_TARGET_VIBE~3,Reaktion~A_TARGET_VIBE~3,Geruch~A_TARGET_VIBE~3"
Keramik,4,0|7,Alltag & Gegenstände|Wissenschaft & Medizin,6,"Brennofen~A_TARGET_VIBE~3,Ton~A_TARGET_VIBE~4,Glasur~A_TARGET_VIBE~3,Fliese~A_TARGET_VIBE~3,Porzellan~A_TARGET_VIBE~3,Tasse~A_TARGET_VIBE~3"
Kunststoff,4,0|7,Alltag & Gegenstände|Wissenschaft & Medizin,6,"Plastik~A_TARGET_VIBE~3,Spritzguss~A_TARGET_VIBE~4,Recycling~A_TARGET_VIBE~3,Weichmacher~A_TARGET_VIBE~3,Verpackung~A_TARGET_VIBE~3,Polymer~A_TARGET_VIBE~3"
Periodensystem,4,7,Wissenschaft & Medizin,7,"Tabelle~A_TARGET_VIBE~3,Symbol~A_TARGET_VIBE~4,Ordnungszahl~A_TARGET_VIBE~3,Gruppe~A_TARGET_VIBE~3,Periode~A_TARGET_VIBE~3,Spalte~A_TARGET_VIBE~3,Valenz~A_TARGET_VIBE~3"
Spurenelement,4,7,Wissenschaft & Medizin,7,"Mangel~A_TARGET_VIBE~3,Supplement~A_TARGET_VIBE~4,Blutwert~A_TARGET_VIBE~3,Aufnahme~A_TARGET_VIBE~3,Zink~A_TARGET_VIBE~3,Selen~A_TARGET_VIBE~3,Eisen~A_TARGET_VIBE~3"
Schulterblatt,4,7,Wissenschaft & Medizin,7,"Experiment~A_TARGET_VIBE~3,Hypothese~A_TARGET_VIBE~4,Studie~A_TARGET_VIBE~3,Messung~A_TARGET_VIBE~3,Publikation~A_TARGET_VIBE~3,Labor~A_TARGET_VIBE~3,Daten~A_TARGET_VIBE~3"
Schwarzes,4,7,Wissenschaft & Medizin,7,"Experiment~A_TARGET_VIBE~3,Hypothese~A_TARGET_VIBE~4,Studie~A_TARGET_VIBE~3,Messung~A_TARGET_VIBE~3,Publikation~A_TARGET_VIBE~3,Labor~A_TARGET_VIBE~3,Daten~A_TARGET_VIBE~3"
Geologie,3,7,Wissenschaft & Medizin,7,"Gestein~A_TARGET_VIBE~2,Schicht~A_TARGET_VIBE~2,Sediment~A_TARGET_VIBE~3,Tektonik~A_TARGET_VIBE~3,Bohrkern~A_TARGET_VIBE~3,Erosion~A_TARGET_VIBE~2,Vulkanismus~A_TARGET_VIBE~3"
Kleinhirn,4,7,Wissenschaft & Medizin,7,"Gleichgewicht~A_TARGET_VIBE~3,Koordination~A_TARGET_VIBE~3,Feinmotorik~A_TARGET_VIBE~3,Ataxie~A_TARGET_VIBE~4,Gangbild~A_TARGET_VIBE~3,Nervenbahn~A_TARGET_VIBE~3,Hirnstamm~A_TARGET_VIBE~3"
Messfehler,3,7,Wissenschaft & Medizin,8,"Kalibrierung~A_TARGET_VIBE~3,Eichung~A_TARGET_VIBE~3,Toleranz~A_TARGET_VIBE~2,Nullpunkt~A_TARGET_VIBE~3,Rauschen~A_TARGET_VIBE~3,Messreihe~A_TARGET_VIBE~3,Skalenstrich~A_TARGET_VIBE~3,messen~B_PART_VIBE~2"
Penicillin,3,7,Wissenschaft & Medizin,7,"Schimmel~A_TARGET_VIBE~3,Bakterium~A_TARGET_VIBE~3,Infektion~A_TARGET_VIBE~2,Allergie~A_TARGET_VIBE~3,Resistenz~A_TARGET_VIBE~3,Rezept~A_TARGET_VIBE~2,Fleming~A_TARGET_VIBE~3"
Pädiatrie,4,7|9,Wissenschaft & Medizin|Gesellschaft & Beruf,7,"Vorsorge~A_TARGET_VIBE~3,Impfpass~A_TARGET_VIBE~3,Wachstum~A_TARGET_VIBE~3,Entwicklung~A_TARGET_VIBE~3,Wartezimmer~A_TARGET_VIBE~2,Stethoskop~A_TARGET_VIBE~3,Fieber~A_TARGET_VIBE~2"
Risiko,2,9|12,Gesellschaft & Beruf|Gefühle & Abstraktes,7,"Wahrscheinlichkeit~A_TARGET_VIBE~2,Absicherung~A_TARGET_VIBE~3,Verlust~A_TARGET_VIBE~3,Rendite~A_TARGET_VIBE~3,Spekulation~A_TARGET_VIBE~3,Prämie~A_TARGET_VIBE~3,Sicherheitsabstand~A_TARGET_VIBE~2"