word,difficulty,genre_ids,genre_names,hint_count,hints
Abgabe,2,9|12,Gesellschaft & Beruf|Gefühle & Abstraktes,5,"Frist~A_TARGET_VIBE~2,Formular~A_TARGET_VIBE~2,Gebühr~A_TARGET_VIBE~2,Kasse~A_TARGET_VIBE~3,Quittung~A_TARGET_VIBE~3"
Ablass,4,4|8,Kultur & Kunst|Geschichte & Mythos,7,"Sünde~A_TARGET_VIBE~3,Beichte~A_TARGET_VIBE~3,Buße~A_TARGET_VIBE~3,Predigt~A_TARGET_VIBE~3,Wallfahrt~A_TARGET_VIBE~4,Ablassbrief~A_TARGET_VIBE~4,Sühne~A_TARGET_VIBE~4"
Abtei,3,3|4|8,Orte & Reisen|Kultur & Kunst|Geschichte & Mythos,6,"Abt~A_TARGET_VIBE~2,Mönch~A_TARGET_VIBE~2,Glocke~A_TARGET_VIBE~2,Kreuzgang~A_TARGET_VIBE~3,Klausur~A_TARGET_VIBE~3,Chor~A_TARGET_VIBE~3"
Adel,3,8|9,Geschichte & Mythos|Gesellschaft & Beruf,6,"Wappen~A_TARGET_VIBE~2,Erbe~A_TARGET_VIBE~2,Stand~A_TARGET_VIBE~2,Titel~A_TARGET_VIBE~3,Lehen~A_TARGET_VIBE~3,Hof~A_TARGET_VIBE~3"
Adelshaus,3,8|9,Geschichte & Mythos|Gesellschaft & Beruf,7,"Wappen~A_TARGET_VIBE~2,Stammbaum~A_TARGET_VIBE~2,Erbe~A_TARGET_VIBE~2,Schloss~A_TARGET_VIBE~3,Titel~A_TARGET_VIBE~3,Hof~A_TARGET_VIBE~3,Haus~B_PART_VIBE~2"
Ahne,2,8|9,Geschichte & Mythos|Gesellschaft & Beruf,5,"Vorfahr~A_TARGET_VIBE~2,Stammbaum~A_TARGET_VIBE~2,Erbe~A_TARGET_VIBE~2,Nachlass~A_TARGET_VIBE~2,Wappen~A_TARGET_VIBE~3"
Ahnengalerie,3,8|9,Geschichte & Mythos|Gesellschaft & Beruf,7,"Portrait~A_TARGET_VIBE~2,Rahmen~A_TARGET_VIBE~2,Stammbaum~A_TARGET_VIBE~2,Schloss~A_TARGET_VIBE~3,Vorfahr~A_TARGET_VIBE~3,Wappen~A_TARGET_VIBE~3,Galerie~B_PART_VIBE~2"
Ahnenkult,4,8|9,Geschichte & Mythos|Gesellschaft & Beruf,7,"Ritual~A_TARGET_VIBE~3,Opfergabe~A_TARGET_VIBE~3,Schrein~A_TARGET_VIBE~3,Vorfahr~A_TARGET_VIBE~3,Totem~A_TARGET_VIBE~4,Grabhügel~A_TARGET_VIBE~4,Kult~B_PART_VIBE~3"
Ahnentafel,3,8|9,Geschichte & Mythos|Gesellschaft & Beruf,7,"Stammbaum~A_TARGET_VIBE~2,Archiv~A_TARGET_VIBE~2,Wappen~A_TARGET_VIBE~2,Vorfahr~A_TARGET_VIBE~3,Siegel~A_TARGET_VIBE~3,Nachlass~A_TARGET_VIBE~3,Tafel~B_PART_VIBE~2"
Alchemie,5,8|12,Geschichte & Mythos|Gefühle & Abstraktes,8,"Retorte~A_TARGET_VIBE~3,Elixier~A_TARGET_VIBE~3,Destillation~A_TARGET_VIBE~3,Quecksilber~A_TARGET_VIBE~3,Labor~A_TARGET_VIBE~4,Philosophenstein~A_TARGET_VIBE~4,Schmelze~A_TARGET_VIBE~4,Rune~A_TARGET_VIBE~4"
Alraune,4,2|8,Natur & Tiere|Geschichte & Mythos,7,"Wurzel~A_TARGET_VIBE~3,Trank~A_TARGET_VIBE~3,Amulett~A_TARGET_VIBE~3,Hexe~A_TARGET_VIBE~3,Kräuter~A_TARGET_VIBE~4,Schrei~A_TARGET_VIBE~4,Aberglaube~A_TARGET_VIBE~4"
Altar,2,4|8,Kultur & Kunst|Geschichte & Mythos,5,"Kerze~A_TARGET_VIBE~2,Weihrauch~A_TARGET_VIBE~2,Kapelle~A_TARGET_VIBE~2,Gebet~A_TARGET_VIBE~2,Messe~A_TARGET_VIBE~3"
Altartuch,3,4|8,Kultur & Kunst|Geschichte & Mythos,7,"Stoff~A_TARGET_VIBE~2,Stickerei~A_TARGET_VIBE~2,Kerze~A_TARGET_VIBE~2,Weihrauch~A_TARGET_VIBE~3,Kapelle~A_TARGET_VIBE~3,Messe~A_TARGET_VIBE~3,Tuch~B_PART_VIBE~2"
Altertum,3,8|12,Geschichte & Mythos|Gefühle & Abstraktes,6,"Antike~A_TARGET_VIBE~2,Ausgrabung~A_TARGET_VIBE~2,Relikt~A_TARGET_VIBE~2,Museum~A_TARGET_VIBE~3,Epoche~A_TARGET_VIBE~3,Jahrhundert~A_TARGET_VIBE~3"
Amnestie,3,8|9|12,Geschichte & Mythos|Gesellschaft & Beruf|Gefühle & Abstraktes,6,"Begnadigung~A_TARGET_VIBE~2,Urteil~A_TARGET_VIBE~2,Dekret~A_TARGET_VIBE~2,Aufstand~A_TARGET_VIBE~3,Verhandlung~A_TARGET_VIBE~3,Freilassung~A_TARGET_VIBE~3"
Amphore,3,0|8,Alltag & Gegenstände|Geschichte & Mythos,6,"Ton~A_TARGET_VIBE~2,Henkel~A_TARGET_VIBE~2,Keramik~A_TARGET_VIBE~2,Antike~A_TARGET_VIBE~3,Olivenöl~A_TARGET_VIBE~3,Wein~A_TARGET_VIBE~3"
Anarchie,3,8|12,Geschichte & Mythos|Gefühle & Abstraktes,6,"Aufstand~A_TARGET_VIBE~2,Chaos~A_TARGET_VIBE~2,Machtvakuum~A_TARGET_VIBE~2,Barikade~A_TARGET_VIBE~3,Parole~A_TARGET_VIBE~3,Unordnung~A_TARGET_VIBE~3"
Anbetung,2,4|8,Kultur & Kunst|Geschichte & Mythos,5,"Gebet~A_TARGET_VIBE~2,Kerze~A_TARGET_VIBE~2,Weihrauch~A_TARGET_VIBE~2,Kapelle~A_TARGET_VIBE~2,Chor~A_TARGET_VIBE~3"
Anklage,2,8|9,Geschichte & Mythos|Gesellschaft & Beruf,5,"Gericht~A_TARGET_VIBE~2,Zeuge~A_TARGET_VIBE~2,Urteil~A_TARGET_VIBE~2,Akte~A_TARGET_VIBE~2,Verhör~A_TARGET_VIBE~3"
Annalen,4,4|8,Kultur & Kunst|Geschichte & Mythos,7,"Jahreszahl~A_TARGET_VIBE~3,Schreiber~A_TARGET_VIBE~3,Pergament~A_TARGET_VIBE~3,Archiv~A_TARGET_VIBE~3,Siegel~A_TARGET_VIBE~4,Randnotiz~A_TARGET_VIBE~4,Abschrift~A_TARGET_VIBE~4"
Antike,2,8|12,Geschichte & Mythos|Gefühle & Abstraktes,5,"Marmor~A_TARGET_VIBE~2,Forum~A_TARGET_VIBE~2,Amphore~A_TARGET_VIBE~2,Tempel~A_TARGET_VIBE~2,Legende~A_TARGET_VIBE~3"
Apokalypse,4,8|12,Geschichte & Mythos|Gefühle & Abstraktes,7,"Omen~A_TARGET_VIBE~3,Prophet~A_TARGET_VIBE~3,Feuer~A_TARGET_VIBE~3,Asche~A_TARGET_VIBE~3,Trompete~A_TARGET_VIBE~4,Untergang~A_TARGET_VIBE~4,Vision~A_TARGET_VIBE~4"
Archäologe,3,8|9,Geschichte & Mythos|Gesellschaft & Beruf,6,"Ausgrabung~A_TARGET_VIBE~2,Relikt~A_TARGET_VIBE~2,Fundstück~A_TARGET_VIBE~2,Pinsel~A_TARGET_VIBE~3,Museum~A_TARGET_VIBE~3,Datierung~A_TARGET_VIBE~3"
Archiv,2,4|8,Kultur & Kunst|Geschichte & Mythos,5,"Pergament~A_TARGET_VIBE~2,Akten~A_TARGET_VIBE~2,Regal~A_TARGET_VIBE~2,Siegel~A_TARGET_VIBE~2,Staub~A_TARGET_VIBE~3"
Asket,4,8|12,Geschichte & Mythos|Gefühle & Abstraktes,7,"Verzicht~A_TARGET_VIBE~3,Fasten~A_TARGET_VIBE~3,Gelübde~A_TARGET_VIBE~3,Klausur~A_TARGET_VIBE~3,Stille~A_TARGET_VIBE~4,Kloster~A_TARGET_VIBE~4,Disziplin~A_TARGET_VIBE~4"
Auge,1,0,Alltag & Gegenstände,4,"Blick~A_TARGET_VIBE~2,Träne~A_TARGET_VIBE~2,Lid~A_TARGET_VIBE~2,Sehen~A_TARGET_VIBE~2"
Ausgrabung,2,8|9,Geschichte & Mythos|Gesellschaft & Beruf,5,"Fundstück~A_TARGET_VIBE~2,Schaufel~A_TARGET_VIBE~2,Relikt~A_TARGET_VIBE~2,Schicht~A_TARGET_VIBE~2,Datierung~A_TARGET_VIBE~3"
Ausweisung,3,9|12,Gesellschaft & Beruf|Gefühle & Abstraktes,6,"Grenze~A_TARGET_VIBE~2,Dekret~A_TARGET_VIBE~2,Befehl~A_TARGET_VIBE~2,Wache~A_TARGET_VIBE~3,Siegel~A_TARGET_VIBE~3,Verbannung~A_TARGET_VIBE~3"
Axt,1,0,Alltag & Gegenstände,4,"Stiel~A_TARGET_VIBE~2,Hieb~A_TARGET_VIBE~2,Schmiede~A_TARGET_VIBE~2,Schärfen~A_TARGET_VIBE~2"
Bann,3,8|12,Geschichte & Mythos|Gefühle & Abstraktes,6,"Fluch~A_TARGET_VIBE~2,Siegel~A_TARGET_VIBE~2,Verbot~A_TARGET_VIBE~2,Ritual~A_TARGET_VIBE~3,Beschwörung~A_TARGET_VIBE~3,Kreis~A_TARGET_VIBE~3"
Barde,3,4|8,Kultur & Kunst|Geschichte & Mythos,6,"Laute~A_TARGET_VIBE~2,Ballade~A_TARGET_VIBE~2,Hof~A_TARGET_VIBE~2,Reim~A_TARGET_VIBE~3,Gaukler~A_TARGET_VIBE~3,Sage~A_TARGET_VIBE~3"
Basilika,3,3|4|8,Orte & Reisen|Kultur & Kunst|Geschichte & Mythos,6,"Säule~A_TARGET_VIBE~2,Weihrauch~A_TARGET_VIBE~2,Kapelle~A_TARGET_VIBE~2,Chor~A_TARGET_VIBE~3,Gewölbe~A_TARGET_VIBE~3,Kerze~A_TARGET_VIBE~3"
Bastion,3,3|8,Orte & Reisen|Geschichte & Mythos,6,"Mauer~A_TARGET_VIBE~2,Graben~A_TARGET_VIBE~2,Kanone~A_TARGET_VIBE~2,Wache~A_TARGET_VIBE~3,Schießscharte~A_TARGET_VIBE~3,Belagerung~A_TARGET_VIBE~3"
Belagerung,3,8|9,Geschichte & Mythos|Gesellschaft & Beruf,6,"Mauer~A_TARGET_VIBE~2,Ramme~A_TARGET_VIBE~2,Heer~A_TARGET_VIBE~2,Hunger~A_TARGET_VIBE~3,Tor~A_TARGET_VIBE~3,Banner~A_TARGET_VIBE~3"
Bischof,3,4|8,Kultur & Kunst|Geschichte & Mythos,6,"Mitras~A_TARGET_VIBE~2,Weihrauch~A_TARGET_VIBE~2,Kanzel~A_TARGET_VIBE~2,Dom~A_TARGET_VIBE~3,Segen~A_TARGET_VIBE~3,Gewand~A_TARGET_VIBE~3"
Bogen,2,0|8,Alltag & Gegenstände|Geschichte & Mythos,5,"Sehne~A_TARGET_VIBE~2,Pfeil~A_TARGET_VIBE~2,Ziel~A_TARGET_VIBE~2,Holz~A_TARGET_VIBE~2,Spannen~A_TARGET_VIBE~3"
Bogenschütze,3,8|9,Geschichte & Mythos|Gesellschaft & Beruf,6,"Pfeil~A_TARGET_VIBE~2,Ziel~A_TARGET_VIBE~2,Sehne~A_TARGET_VIBE~2,Wall~A_TARGET_VIBE~3,Banner~A_TARGET_VIBE~3,Parieren~A_TARGET_VIBE~3"
Bote,2,8|9,Geschichte & Mythos|Gesellschaft & Beruf,5,"Siegel~A_TARGET_VIBE~2,Brief~A_TARGET_VIBE~2,Route~A_TARGET_VIBE~2,Pferd~A_TARGET_VIBE~2,Nachricht~A_TARGET_VIBE~3"
Botschafter,3,8|9,Geschichte & Mythos|Gesellschaft & Beruf,6,"Gesandter~A_TARGET_VIBE~2,Verhandlung~A_TARGET_VIBE~2,Siegel~A_TARGET_VIBE~2,Hof~A_TARGET_VIBE~3,Bündnis~A_TARGET_VIBE~3,Audiienz~A_TARGET_VIBE~3"
Bronzezeit,4,8|12,Geschichte & Mythos|Gefühle & Abstraktes,7,"Kupfer~A_TARGET_VIBE~3,Zinn~A_TARGET_VIBE~3,Guss~A_TARGET_VIBE~3,Schmelze~A_TARGET_VIBE~3,Axt~A_TARGET_VIBE~4,Ausgrabung~A_TARGET_VIBE~4,Epoche~A_TARGET_VIBE~4"
Burg,2,3|8,Orte & Reisen|Geschichte & Mythos,5,"Mauer~A_TARGET_VIBE~2,Zinne~A_TARGET_VIBE~2,Burggraben~A_TARGET_VIBE~2,Tor~A_TARGET_VIBE~2,Ritter~A_TARGET_VIBE~3"
Buße,3,4|8,Kultur & Kunst|Geschichte & Mythos,6,"Beichte~A_TARGET_VIBE~2,Sünde~A_TARGET_VIBE~2,Gelübde~A_TARGET_VIBE~2,Pilger~A_TARGET_VIBE~3,Sühne~A_TARGET_VIBE~3,Predigt~A_TARGET_VIBE~3"
Bündnis,2,9|12,Gesellschaft & Beruf|Gefühle & Abstraktes,5,"Vertrag~A_TARGET_VIBE~2,Siegel~A_TARGET_VIBE~2,Gesandter~A_TARGET_VIBE~2,Schwur~A_TARGET_VIBE~2,Verhandlung~A_TARGET_VIBE~3"
Chaos,3,8|12,Geschichte & Mythos|Gefühle & Abstraktes,6,"Unordnung~A_TARGET_VIBE~2,Wirbel~A_TARGET_VIBE~2,Aufruhr~A_TARGET_VIBE~2,Zerfall~A_TARGET_VIBE~3,Sturm~A_TARGET_VIBE~3,Durcheinander~A_TARGET_VIBE~3"
Chimäre,4,2|8,Natur & Tiere|Geschichte & Mythos,7,"Mischwesen~A_TARGET_VIBE~3,Löwe~A_TARGET_VIBE~3,Ziege~A_TARGET_VIBE~3,Schlange~A_TARGET_VIBE~3,Fabel~A_TARGET_VIBE~4,Sage~A_TARGET_VIBE~4,Albtraum~A_TARGET_VIBE~4"
Chronik,3,4|8,Kultur & Kunst|Geschichte & Mythos,6,"Pergament~A_TARGET_VIBE~2,Jahreszahl~A_TARGET_VIBE~2,Schreiber~A_TARGET_VIBE~2,Annalen~A_TARGET_VIBE~3,Archiv~A_TARGET_VIBE~3,Siegel~A_TARGET_VIBE~3"
Chronist,4,4|8,Kultur & Kunst|Geschichte & Mythos,7,"Schreiber~A_TARGET_VIBE~3,Tinte~A_TARGET_VIBE~3,Pergament~A_TARGET_VIBE~3,Zeuge~A_TARGET_VIBE~3,Archiv~A_TARGET_VIBE~4,Jahreszahl~A_TARGET_VIBE~4,Randnotiz~A_TARGET_VIBE~4"
Chronologie,4,4|8,Kultur & Kunst|Geschichte & Mythos,7,"Zeitlinie~A_TARGET_VIBE~3,Abfolge~A_TARGET_VIBE~3,Jahrhundert~A_TARGET_VIBE~3,Ereignis~A_TARGET_VIBE~3,Datierung~A_TARGET_VIBE~4,Kalender~A_TARGET_VIBE~4,Ordnung~A_TARGET_VIBE~4"
Dekret,3,4|8,Kultur & Kunst|Geschichte & Mythos,6,"Siegel~A_TARGET_VIBE~2,Urkunde~A_TARGET_VIBE~2,Verordnung~A_TARGET_VIBE~2,Bote~A_TARGET_VIBE~3,Kanzlei~A_TARGET_VIBE~3,Aushang~A_TARGET_VIBE~3"
Demokratie,4,8|9|12,Geschichte & Mythos|Gesellschaft & Beruf|Gefühle & Abstraktes,7,"Wahl~A_TARGET_VIBE~3,Parlament~A_TARGET_VIBE~3,Mehrheit~A_TARGET_VIBE~3,Debatte~A_TARGET_VIBE~3,Stimme~A_TARGET_VIBE~4,Verfassung~A_TARGET_VIBE~4,Abstimmung~A_TARGET_VIBE~4"
Denkmal,3,4|8,Kultur & Kunst|Geschichte & Mythos,6,"Stein~A_TARGET_VIBE~2,Inschrift~A_TARGET_VIBE~2,Gedenken~A_TARGET_VIBE~2,Platz~A_TARGET_VIBE~3,Statue~A_TARGET_VIBE~3,Kranz~A_TARGET_VIBE~3"
Diadem,3,0|8,Alltag & Gegenstände|Geschichte & Mythos,6,"Juwel~A_TARGET_VIBE~2,Gold~A_TARGET_VIBE~2,Hof~A_TARGET_VIBE~2,Krönung~A_TARGET_VIBE~3,Stirn~A_TARGET_VIBE~3,Prunk~A_TARGET_VIBE~3"
Diktator,4,8|9|12,Geschichte & Mythos|Gesellschaft & Beruf|Gefühle & Abstraktes,7,"Willkür~A_TARGET_VIBE~3,Dekret~A_TARGET_VIBE~3,Aufstand~A_TARGET_VIBE~3,Angst~A_TARGET_VIBE~3,Geheimpolizei~A_TARGET_VIBE~4,Propaganda~A_TARGET_VIBE~4,Thron~A_TARGET_VIBE~4"
Diplomatie,3,8|9,Geschichte & Mythos|Gesellschaft & Beruf,6,"Gesandter~A_TARGET_VIBE~2,Verhandlung~A_TARGET_VIBE~2,Siegel~A_TARGET_VIBE~2,Bündnis~A_TARGET_VIBE~3,Hof~A_TARGET_VIBE~3,Protokoll~A_TARGET_VIBE~3"
Dolch,2,0|8,Alltag & Gegenstände|Geschichte & Mythos,5,"Klinge~A_TARGET_VIBE~2,Scheide~A_TARGET_VIBE~2,Stich~A_TARGET_VIBE~2,Mantel~A_TARGET_VIBE~2,Meucheln~A_TARGET_VIBE~3"
Dolmen,4,8|12,Geschichte & Mythos|Gefühle & Abstraktes,7,"Steinplatte~A_TARGET_VIBE~3,Grabhügel~A_TARGET_VIBE~3,Megalith~A_TARGET_VIBE~3,Ausgrabung~A_TARGET_VIBE~3,Kreis~A_TARGET_VIBE~4,Hügel~A_TARGET_VIBE~4,Skelett~A_TARGET_VIBE~4"
Dom,3,3|4|8,Orte & Reisen|Kultur & Kunst|Geschichte & Mythos,6,"Gewölbe~A_TARGET_VIBE~2,Glocke~A_TARGET_VIBE~2,Weihrauch~A_TARGET_VIBE~2,Chor~A_TARGET_VIBE~3,Kanzel~A_TARGET_VIBE~3,Säule~A_TARGET_VIBE~3"
Drache,3,2|8,Natur & Tiere|Geschichte & Mythos,6,"Schuppen~A_TARGET_VIBE~2,Feueratem~A_TARGET_VIBE~2,Höhle~A_TARGET_VIBE~2,Schatz~A_TARGET_VIBE~3,Flügel~A_TARGET_VIBE~3,Klaue~A_TARGET_VIBE~3"
Druide,4,8|12,Geschichte & Mythos|Gefühle & Abstraktes,7,"Eiche~A_TARGET_VIBE~3,Ritual~A_TARGET_VIBE~3,Sichel~A_TARGET_VIBE~3,Steinkreis~A_TARGET_VIBE~3,Trank~A_TARGET_VIBE~4,Orakel~A_TARGET_VIBE~4,Sage~A_TARGET_VIBE~4"
Dryade,4,2|8,Natur & Tiere|Geschichte & Mythos,7,"Baumgeist~A_TARGET_VIBE~3,Wald~A_TARGET_VIBE~3,Rinde~A_TARGET_VIBE~3,Nymphe~A_TARGET_VIBE~3,Laub~A_TARGET_VIBE~4,Sage~A_TARGET_VIBE~4,Flüstern~A_TARGET_VIBE~4"
Dynastie,4,8|9,Geschichte & Mythos|Gesellschaft & Beruf,7,"Thronfolge~A_TARGET_VIBE~3,Blutlinie~A_TARGET_VIBE~3,Herrscher~A_TARGET_VIBE~3,Erbe~A_TARGET_VIBE~3,Krönung~A_TARGET_VIBE~4,Palast~A_TARGET_VIBE~4,Wappen~A_TARGET_VIBE~4"
Dämon,3,2|8,Natur & Tiere|Geschichte & Mythos,6,"Beschwörung~A_TARGET_VIBE~2,Schwefel~A_TARGET_VIBE~2,Rauch~A_TARGET_VIBE~2,Pentagramm~A_TARGET_VIBE~3,Fluch~A_TARGET_VIBE~3,Schatten~A_TARGET_VIBE~3"
Dämonenfürst,5,2|8,Natur & Tiere|Geschichte & Mythos,8,"Unterwelt~A_TARGET_VIBE~3,Thron~A_TARGET_VIBE~3,Schwefel~A_TARGET_VIBE~3,Beschwörung~A_TARGET_VIBE~3,Kult~A_TARGET_VIBE~4,Schatten~A_TARGET_VIBE~4,Pakt~A_TARGET_VIBE~4,Fürst~B_PART_VIBE~3"
Edikt,3,4|8,Kultur & Kunst|Geschichte & Mythos,6,"Siegel~A_TARGET_VIBE~2,Schriftstück~A_TARGET_VIBE~2,Verordnung~A_TARGET_VIBE~2,Bote~A_TARGET_VIBE~3,Aushang~A_TARGET_VIBE~3,Kanzlei~A_TARGET_VIBE~3"
Ehre,2,8|12,Geschichte & Mythos|Gefühle & Abstraktes,5,"Schwur~A_TARGET_VIBE~2,Stand~A_TARGET_VIBE~2,Duell~A_TARGET_VIBE~2,Ruf~A_TARGET_VIBE~2,Schande~A_TARGET_VIBE~3"
Einhorn,3,2|8,Natur & Tiere|Geschichte & Mythos,6,"Horn~A_TARGET_VIBE~2,Wald~A_TARGET_VIBE~2,Jungfrau~A_TARGET_VIBE~2,Silber~A_TARGET_VIBE~3,Fabel~A_TARGET_VIBE~3,Huf~A_TARGET_VIBE~3"
Erbe,2,8|9,Geschichte & Mythos|Gesellschaft & Beruf,5,"Nachlass~A_TARGET_VIBE~2,Testament~A_TARGET_VIBE~2,Siegel~A_TARGET_VIBE~2,Stammbaum~A_TARGET_VIBE~2,Anspruch~A_TARGET_VIBE~3"
Erzengel,4,8|12,Geschichte & Mythos|Gefühle & Abstraktes,7,"Flügel~A_TARGET_VIBE~3,Schwert~A_TARGET_VIBE~3,Trompete~A_TARGET_VIBE~3,Bote~A_TARGET_VIBE~3,Kapelle~A_TARGET_VIBE~4,Glanz~A_TARGET_VIBE~4,Siegel~A_TARGET_VIBE~4"
Eroberer,3,8|9,Geschichte & Mythos|Gesellschaft & Beruf,6,"Heer~A_TARGET_VIBE~2,Banner~A_TARGET_VIBE~2,Belagerung~A_TARGET_VIBE~2,Tribut~A_TARGET_VIBE~3,Krone~A_TARGET_VIBE~3,Plündern~A_TARGET_VIBE~3"
Epos,3,4|8,Kultur & Kunst|Geschichte & Mythos,6,"Vers~A_TARGET_VIBE~2,Sage~A_TARGET_VIBE~2,Held~A_TARGET_VIBE~2,Ballade~A_TARGET_VIBE~3,Reim~A_TARGET_VIBE~3,Chronik~A_TARGET_VIBE~3"
Fabel,2,4|8,Kultur & Kunst|Geschichte & Mythos,5,"Moral~A_TARGET_VIBE~2,Tierfabel~A_TARGET_VIBE~2,Erzählung~A_TARGET_VIBE~2,Gleichnis~A_TARGET_VIBE~2,Lehre~A_TARGET_VIBE~3"
Feldzug,3,8|9,Geschichte & Mythos|Gesellschaft & Beruf,6,"Heer~A_TARGET_VIBE~2,Banner~A_TARGET_VIBE~2,Marsch~A_TARGET_VIBE~2,Belagerung~A_TARGET_VIBE~3,Rüstung~A_TARGET_VIBE~3,Beute~A_TARGET_VIBE~3"
Feuervogel,4,2|8,Natur & Tiere|Geschichte & Mythos,7,"Asche~A_TARGET_VIBE~3,Glut~A_TARGET_VIBE~3,Federn~A_TARGET_VIBE~3,Wiedergeburt~A_TARGET_VIBE~3,Flamme~A_TARGET_VIBE~4,Schimmer~A_TARGET_VIBE~4,Sage~A_TARGET_VIBE~4"
Fibel,3,4|8,Kultur & Kunst|Geschichte & Mythos,6,"Lehrbuch~A_TARGET_VIBE~2,Abbildung~A_TARGET_VIBE~2,Kapitel~A_TARGET_VIBE~2,Schulstube~A_TARGET_VIBE~3,Buchrücken~A_TARGET_VIBE~3,Übung~A_TARGET_VIBE~3"
Flotte,3,3|8|9,Orte & Reisen|Geschichte & Mythos|Gesellschaft & Beruf,6,"Schiff~A_TARGET_VIBE~2,Admiral~A_TARGET_VIBE~2,Hafen~A_TARGET_VIBE~2,Segel~A_TARGET_VIBE~3,Deck~A_TARGET_VIBE~3,Seeschlacht~A_TARGET_VIBE~3"
Fluch,3,8|12,Geschichte & Mythos|Gefühle & Abstraktes,6,"Beschwörung~A_TARGET_VIBE~2,Siegel~A_TARGET_VIBE~2,Ritual~A_TARGET_VIBE~2,Schatten~A_TARGET_VIBE~3,Pakt~A_TARGET_VIBE~3,Omen~A_TARGET_VIBE~3"
Forum,2,3|8,Orte & Reisen|Geschichte & Mythos,5,"Säule~A_TARGET_VIBE~2,Rede~A_TARGET_VIBE~2,Markt~A_TARGET_VIBE~2,Platz~A_TARGET_VIBE~2,Debatte~A_TARGET_VIBE~3"
Fresko,4,4|8,Kultur & Kunst|Geschichte & Mythos,7,"Wand~A_TARGET_VIBE~3,Pigment~A_TARGET_VIBE~3,Putz~A_TARGET_VIBE~3,Kirche~A_TARGET_VIBE~3,Kapelle~A_TARGET_VIBE~4,Restaurierung~A_TARGET_VIBE~4,Szene~A_TARGET_VIBE~4"
Frieden,2,8|12,Geschichte & Mythos|Gefühle & Abstraktes,5,"Waffenstillstand~A_TARGET_VIBE~2,Vertrag~A_TARGET_VIBE~2,Siegel~A_TARGET_VIBE~2,Versöhnung~A_TARGET_VIBE~2,Verhandlung~A_TARGET_VIBE~3"
Friedensschluss,4,8|12,Geschichte & Mythos|Gefühle & Abstraktes,7,"Vertrag~A_TARGET_VIBE~3,Unterzeichnung~A_TARGET_VIBE~3,Siegel~A_TARGET_VIBE~3,Waffenstillstand~A_TARGET_VIBE~3,Verhandlung~A_TARGET_VIBE~4,Bote~A_TARGET_VIBE~4,Schluss~B_PART_VIBE~3"
Fundstück,2,8|12,Geschichte & Mythos|Gefühle & Abstraktes,5,"Ausgrabung~A_TARGET_VIBE~2,Relikt~A_TARGET_VIBE~2,Bruchstück~A_TARGET_VIBE~2,Staub~A_TARGET_VIBE~2,Museum~A_TARGET_VIBE~3"
Furie,4,2|8,Natur & Tiere|Geschichte & Mythos,7,"Rache~A_TARGET_VIBE~3,Schrei~A_TARGET_VIBE~3,Zorn~A_TARGET_VIBE~3,Flügel~A_TARGET_VIBE~3,Sage~A_TARGET_VIBE~4,Unterwelt~A_TARGET_VIBE~4,Verfolgung~A_TARGET_VIBE~4"
Galeere,4,3|8|9,Orte & Reisen|Geschichte & Mythos|Gesellschaft & Beruf,7,"Ruder~A_TARGET_VIBE~3,Sklave~A_TARGET_VIBE~3,Bug~A_TARGET_VIBE~3,Hafen~A_TARGET_VIBE~3,Seil~A_TARGET_VIBE~4,Segel~A_TARGET_VIBE~4,Enterhaken~A_TARGET_VIBE~4"
Garnison,4,3|8,Orte & Reisen|Geschichte & Mythos,7,"Kaserne~A_TARGET_VIBE~3,Wache~A_TARGET_VIBE~3,Befehl~A_TARGET_VIBE~3,Mauer~A_TARGET_VIBE~3,Alarm~A_TARGET_VIBE~4,Sold~A_TARGET_VIBE~4,Patrouille~A_TARGET_VIBE~4"
Gebet,2,4|8,Kultur & Kunst|Geschichte & Mythos,5,"Kerze~A_TARGET_VIBE~2,Weihrauch~A_TARGET_VIBE~2,Kapelle~A_TARGET_VIBE~2,Segen~A_TARGET_VIBE~2,Stille~A_TARGET_VIBE~3"
Gedenktag,3,8|9|13,Geschichte & Mythos|Gesellschaft & Beruf|Feste & Jahreszeiten,6,"Kranz~A_TARGET_VIBE~2,Kerze~A_TARGET_VIBE~2,Datum~A_TARGET_VIBE~2,Feier~A_TARGET_VIBE~3,Gedenken~A_TARGET_VIBE~3,Stille~A_TARGET_VIBE~3"
Gefolgsmann,3,8|9,Geschichte & Mythos|Gesellschaft & Beruf,7,"Treue~A_TARGET_VIBE~2,Herr~A_TARGET_VIBE~2,Banner~A_TARGET_VIBE~2,Hof~A_TARGET_VIBE~3,Rüstung~A_TARGET_VIBE~3,Lehen~A_TARGET_VIBE~3,Mann~B_PART_VIBE~2"
Geist,2,8|12,Geschichte & Mythos|Gefühle & Abstraktes,5,"Spuk~A_TARGET_VIBE~2,Nebel~A_TARGET_VIBE~2,Kälte~A_TARGET_VIBE~2,Mitternacht~A_TARGET_VIBE~2,Kerze~A_TARGET_VIBE~3"
Genealogie,4,8|9,Geschichte & Mythos|Gesellschaft & Beruf,7,"Stammbaum~A_TARGET_VIBE~3,Vorfahr~A_TARGET_VIBE~3,Archiv~A_TARGET_VIBE~3,Wappen~A_TARGET_VIBE~3,Nachlass~A_TARGET_VIBE~4,Blutlinie~A_TARGET_VIBE~4,Siegel~A_TARGET_VIBE~4"
General,3,8|9,Geschichte & Mythos|Gesellschaft & Beruf,6,"Befehl~A_TARGET_VIBE~2,Heer~A_TARGET_VIBE~2,Banner~A_TARGET_VIBE~2,Lager~A_TARGET_VIBE~3,Front~A_TARGET_VIBE~3,Strategie~A_TARGET_VIBE~3"
Gericht,2,8|9,Geschichte & Mythos|Gesellschaft & Beruf,5,"Richter~A_TARGET_VIBE~2,Urteil~A_TARGET_VIBE~2,Anklage~A_TARGET_VIBE~2,Zeuge~A_TARGET_VIBE~2,Akte~A_TARGET_VIBE~3"
Gesandter,3,8|9,Geschichte & Mythos|Gesellschaft & Beruf,6,"Siegel~A_TARGET_VIBE~2,Verhandlung~A_TARGET_VIBE~2,Bündnis~A_TARGET_VIBE~2,Hof~A_TARGET_VIBE~3,Protokoll~A_TARGET_VIBE~3,Route~A_TARGET_VIBE~3"
Geschichte,2,4|8,Kultur & Kunst|Geschichte & Mythos,5,"Chronik~A_TARGET_VIBE~2,Erzählung~A_TARGET_VIBE~2,Archiv~A_TARGET_VIBE~2,Jahrhundert~A_TARGET_VIBE~2,Überlieferung~A_TARGET_VIBE~3"
Gesetz,2,8|9,Geschichte & Mythos|Gesellschaft & Beruf,5,"Paragraf~A_TARGET_VIBE~2,Siegel~A_TARGET_VIBE~2,Urteil~A_TARGET_VIBE~2,Kanzlei~A_TARGET_VIBE~2,Verbot~A_TARGET_VIBE~3"
Gespenst,3,8|12,Geschichte & Mythos|Gefühle & Abstraktes,6,"Spuk~A_TARGET_VIBE~2,Nebel~A_TARGET_VIBE~2,Mitternacht~A_TARGET_VIBE~2,Kerze~A_TARGET_VIBE~3,Kälte~A_TARGET_VIBE~3,Schritt~A_TARGET_VIBE~3"
Gestaltwandel,4,8|12,Geschichte & Mythos|Gefühle & Abstraktes,7,"Verwandlung~A_TARGET_VIBE~3,Vollmond~A_TARGET_VIBE~3,Fell~A_TARGET_VIBE~3,Schatten~A_TARGET_VIBE~3,Maske~A_TARGET_VIBE~4,Fluch~A_TARGET_VIBE~4,Gestalt~B_PART_VIBE~3"
Gilde,3,8|9,Geschichte & Mythos|Gesellschaft & Beruf,6,"Zunft~A_TARGET_VIBE~2,Meister~A_TARGET_VIBE~2,Siegel~A_TARGET_VIBE~2,Lehrling~A_TARGET_VIBE~3,Regel~A_TARGET_VIBE~3,Markt~A_TARGET_VIBE~3"
Gladiator,4,8|9,Geschichte & Mythos|Gesellschaft & Beruf,7,"Arena~A_TARGET_VIBE~3,Sand~A_TARGET_VIBE~3,Schwert~A_TARGET_VIBE~3,Schild~A_TARGET_VIBE~3,Publikum~A_TARGET_VIBE~4,Rüstung~A_TARGET_VIBE~4,Blut~A_TARGET_VIBE~4"
Golem,4,2|8,Natur & Tiere|Geschichte & Mythos,7,"Lehm~A_TARGET_VIBE~3,Rune~A_TARGET_VIBE~3,Befehl~A_TARGET_VIBE~3,Stirn~A_TARGET_VIBE~3,Schutz~A_TARGET_VIBE~4,Synagoge~A_TARGET_VIBE~4,Stumm~A_TARGET_VIBE~4"
Gorgone,5,2|8,Natur & Tiere|Geschichte & Mythos,8,"Schlangenhaar~A_TARGET_VIBE~3,Blick~A_TARGET_VIBE~3,Versteinerung~A_TARGET_VIBE~3,Sage~A_TARGET_VIBE~3,Schild~A_TARGET_VIBE~4,Maske~A_TARGET_VIBE~4,Fluch~A_TARGET_VIBE~4,Gestein~A_TARGET_VIBE~4"
Gottheit,3,4|8,Kultur & Kunst|Geschichte & Mythos,6,"Tempel~A_TARGET_VIBE~2,Opfer~A_TARGET_VIBE~2,Pantheon~A_TARGET_VIBE~2,Ikone~A_TARGET_VIBE~3,Ritus~A_TARGET_VIBE~3,Weihrauch~A_TARGET_VIBE~3"
Grabbeigabe,4,8|12,Geschichte & Mythos|Gefühle & Abstraktes,7,"Sarg~A_TARGET_VIBE~3,Gold~A_TARGET_VIBE~3,Amphore~A_TARGET_VIBE~3,Relikt~A_TARGET_VIBE~3,Grabhügel~A_TARGET_VIBE~4,Ausgrabung~A_TARGET_VIBE~4,Beigabe~B_PART_VIBE~3"
Graben,2,3|8,Orte & Reisen|Geschichte & Mythos,5,"Schaufel~A_TARGET_VIBE~2,Mauer~A_TARGET_VIBE~2,Wasser~A_TARGET_VIBE~2,Belagerung~A_TARGET_VIBE~2,Wall~A_TARGET_VIBE~3"
Grabhügel,3,8|12,Geschichte & Mythos|Gefühle & Abstraktes,6,"Hügel~A_TARGET_VIBE~2,Ausgrabung~A_TARGET_VIBE~2,Steinplatte~A_TARGET_VIBE~2,Relikt~A_TARGET_VIBE~3,Skelett~A_TARGET_VIBE~3,Moos~A_TARGET_VIBE~3"
Grau,1,12,Gefühle & Abstraktes,4,"Nebel~A_TARGET_VIBE~2,Staub~A_TARGET_VIBE~2,Asche~A_TARGET_VIBE~2,Dämmerung~A_TARGET_VIBE~2"
Grenze,2,3|9,Orte & Reisen|Gesellschaft & Beruf,5,"Wache~A_TARGET_VIBE~2,Pass~A_TARGET_VIBE~2,Zaun~A_TARGET_VIBE~2,Linie~A_TARGET_VIBE~2,Kontrolle~A_TARGET_VIBE~3"
Gunst,3,8|12,Geschichte & Mythos|Gefühle & Abstraktes,6,"Hof~A_TARGET_VIBE~2,Geschenk~A_TARGET_VIBE~2,Bitte~A_TARGET_VIBE~2,Gnade~A_TARGET_VIBE~3,Laune~A_TARGET_VIBE~3,Versprechen~A_TARGET_VIBE~3"
Hafen,2,3|8,Orte & Reisen|Geschichte & Mythos,5,"Mast~A_TARGET_VIBE~2,Seil~A_TARGET_VIBE~2,Küste~A_TARGET_VIBE~2,Deck~A_TARGET_VIBE~2,Schiff~A_TARGET_VIBE~3"
Halle,1,3,Orte & Reisen,4,"Säule~A_TARGET_VIBE~2,Gewölbe~A_TARGET_VIBE~2,Tor~A_TARGET_VIBE~2,Echo~A_TARGET_VIBE~2"
Held,2,4|8,Kultur & Kunst|Geschichte & Mythos,5,"Sage~A_TARGET_VIBE~2,Tat~A_TARGET_VIBE~2,Ruhm~A_TARGET_VIBE~2,Schwert~A_TARGET_VIBE~2,Legende~A_TARGET_VIBE~3"
Heldensage,4,4|8,Kultur & Kunst|Geschichte & Mythos,7,"Sage~A_TARGET_VIBE~3,Held~A_TARGET_VIBE~3,Vers~A_TARGET_VIBE~3,Ballade~A_TARGET_VIBE~3,Ruhm~A_TARGET_VIBE~4,Chronik~A_TARGET_VIBE~4,Sage~B_PART_VIBE~3"
Helm,2,0|8,Alltag & Gegenstände|Geschichte & Mythos,5,"Rüstung~A_TARGET_VIBE~2,Visier~A_TARGET_VIBE~2,Schmiede~A_TARGET_VIBE~2,Kopf~A_TARGET_VIBE~2,Schlacht~A_TARGET_VIBE~3"
Herold,3,8|9,Geschichte & Mythos|Gesellschaft & Beruf,6,"Trompete~A_TARGET_VIBE~2,Banner~A_TARGET_VIBE~2,Wappen~A_TARGET_VIBE~2,Bote~A_TARGET_VIBE~3,Hof~A_TARGET_VIBE~3,Ankündigung~A_TARGET_VIBE~3"
Herrschaft,3,8|9,Geschichte & Mythos|Gesellschaft & Beruf,6,"Thron~A_TARGET_VIBE~2,Macht~A_TARGET_VIBE~2,Hofstaat~A_TARGET_VIBE~2,Dekret~A_TARGET_VIBE~3,Siegel~A_TARGET_VIBE~3,Untertan~A_TARGET_VIBE~3"
Herrscher,3,8|9,Geschichte & Mythos|Gesellschaft & Beruf,6,"Thron~A_TARGET_VIBE~2,Krone~A_TARGET_VIBE~2,Siegel~A_TARGET_VIBE~2,Hofstaat~A_TARGET_VIBE~3,Dekret~A_TARGET_VIBE~3,Tribut~A_TARGET_VIBE~3"
Herzog,3,8|9,Geschichte & Mythos|Gesellschaft & Beruf,6,"Lehen~A_TARGET_VIBE~2,Wappen~A_TARGET_VIBE~2,Hof~A_TARGET_VIBE~2,Siegel~A_TARGET_VIBE~3,Burg~A_TARGET_VIBE~3,Krönung~A_TARGET_VIBE~3"
Hexe,3,8|12,Geschichte & Mythos|Gefühle & Abstraktes,6,"Besen~A_TARGET_VIBE~2,Kessel~A_TARGET_VIBE~2,Kräuter~A_TARGET_VIBE~2,Fluch~A_TARGET_VIBE~3,Ritual~A_TARGET_VIBE~3,Amulett~A_TARGET_VIBE~3"
Hexenprozess,4,8|9,Geschichte & Mythos|Gesellschaft & Beruf,7,"Anklage~A_TARGET_VIBE~3,Verhör~A_TARGET_VIBE~3,Geständnis~A_TARGET_VIBE~3,Scheiterhaufen~A_TARGET_VIBE~3,Richter~A_TARGET_VIBE~4,Zeuge~A_TARGET_VIBE~4,Prozess~B_PART_VIBE~3"
Hieroglyphe,4,4|8,Kultur & Kunst|Geschichte & Mythos,7,"Papyrus~A_TARGET_VIBE~3,Tempel~A_TARGET_VIBE~3,Pharao~A_TARGET_VIBE~3,Inschrift~A_TARGET_VIBE~3,Kartusche~A_TARGET_VIBE~4,Stein~A_TARGET_VIBE~4,Bildzeichen~A_TARGET_VIBE~4"
Himmel,2,11|12,Wetter & Himmel|Gefühle & Abstraktes,5,"Wolken~A_TARGET_VIBE~2,Blau~A_TARGET_VIBE~2,Sterne~A_TARGET_VIBE~2,Weite~A_TARGET_VIBE~2,Horizont~A_TARGET_VIBE~3"
Hinrichtung,3,8|9,Geschichte & Mythos|Gesellschaft & Beruf,6,"Urteil~A_TARGET_VIBE~2,Henker~A_TARGET_VIBE~2,Menge~A_TARGET_VIBE~2,Schafott~A_TARGET_VIBE~3,Fackel~A_TARGET_VIBE~3,Strafe~A_TARGET_VIBE~3"
Historiker,4,8|9,Geschichte & Mythos|Gesellschaft & Beruf,7,"Archiv~A_TARGET_VIBE~3,Chronik~A_TARGET_VIBE~3,Datierung~A_TARGET_VIBE~3,Pergament~A_TARGET_VIBE~3,Quelle~A_TARGET_VIBE~4,Anmerkung~A_TARGET_VIBE~4,Jahrhundert~A_TARGET_VIBE~4"
Hof,2,3|8,Orte & Reisen|Geschichte & Mythos,5,"Palast~A_TARGET_VIBE~2,Hofstaat~A_TARGET_VIBE~2,Wappen~A_TARGET_VIBE~2,Audiienz~A_TARGET_VIBE~2,Intrige~A_TARGET_VIBE~3"
Hofnarr,3,4|8,Kultur & Kunst|Geschichte & Mythos,7,"Schelle~A_TARGET_VIBE~2,Mütze~A_TARGET_VIBE~2,Spott~A_TARGET_VIBE~2,Hof~A_TARGET_VIBE~3,Gaukler~A_TARGET_VIBE~3,Lachen~A_TARGET_VIBE~3,Narr~B_PART_VIBE~2"
Hofstaat,4,8|9,Geschichte & Mythos|Gesellschaft & Beruf,7,"Kammerherr~A_TARGET_VIBE~3,Diener~A_TARGET_VIBE~3,Palast~A_TARGET_VIBE~3,Audiienz~A_TARGET_VIBE~3,Etikette~A_TARGET_VIBE~4,Wappen~A_TARGET_VIBE~4,Staat~B_PART_VIBE~3"
Horoskop,3,8|11|12,Geschichte & Mythos|Wetter & Himmel|Gefühle & Abstraktes,6,"Stern~A_TARGET_VIBE~2,Geburt~A_TARGET_VIBE~2,Deutung~A_TARGET_VIBE~2,Konstellation~A_TARGET_VIBE~3,Astrologe~A_TARGET_VIBE~3,Voraussage~A_TARGET_VIBE~3"
Hungersnot,3,8|12,Geschichte & Mythos|Gefühle & Abstraktes,6,"Ernte~A_TARGET_VIBE~2,Brot~A_TARGET_VIBE~2,Hunger~A_TARGET_VIBE~2,Krankheit~A_TARGET_VIBE~3,Flucht~A_TARGET_VIBE~3,Mangel~A_TARGET_VIBE~3"
Hydra,4,2|8,Natur & Tiere|Geschichte & Mythos,7,"Köpfe~A_TARGET_VIBE~3,Hals~A_TARGET_VIBE~3,Held~A_TARGET_VIBE~3,Gift~A_TARGET_VIBE~3,Sumpf~A_TARGET_VIBE~4,Sage~A_TARGET_VIBE~4,Schwert~A_TARGET_VIBE~4"
Häuptling,3,8|9,Geschichte & Mythos|Gesellschaft & Beruf,6,"Stamm~A_TARGET_VIBE~2,Rat~A_TARGET_VIBE~2,Trommel~A_TARGET_VIBE~2,Feder~A_TARGET_VIBE~3,Totem~A_TARGET_VIBE~3,Kriegspfad~A_TARGET_VIBE~3"
Hölle,3,8|12,Geschichte & Mythos|Gefühle & Abstraktes,6,"Unterwelt~A_TARGET_VIBE~2,Schwefel~A_TARGET_VIBE~2,Feuer~A_TARGET_VIBE~2,Qual~A_TARGET_VIBE~3,Dämon~A_TARGET_VIBE~3,Abgrund~A_TARGET_VIBE~3"
Höllenhund,4,2|8,Natur & Tiere|Geschichte & Mythos,7,"Kette~A_TARGET_VIBE~3,Unterwelt~A_TARGET_VIBE~3,Heulen~A_TARGET_VIBE~3,Schwefel~A_TARGET_VIBE~3,Wächter~A_TARGET_VIBE~4,Tor~A_TARGET_VIBE~4,Hund~B_PART_VIBE~3"
Ikone,3,4|8,Kultur & Kunst|Geschichte & Mythos,6,"Goldgrund~A_TARGET_VIBE~2,Heilig~A_TARGET_VIBE~2,Tafel~A_TARGET_VIBE~2,Kerze~A_TARGET_VIBE~3,Weihrauch~A_TARGET_VIBE~3,Kapelle~A_TARGET_VIBE~3"
Illusion,3,8|12,Geschichte & Mythos|Gefühle & Abstraktes,6,"Trugbild~A_TARGET_VIBE~2,Spiegel~A_TARGET_VIBE~2,Nebel~A_TARGET_VIBE~2,Täuschung~A_TARGET_VIBE~3,Schatten~A_TARGET_VIBE~3,Blick~A_TARGET_VIBE~3"
Imperium,4,8|9|12,Geschichte & Mythos|Gesellschaft & Beruf|Gefühle & Abstraktes,7,"Legion~A_TARGET_VIBE~3,Tribut~A_TARGET_VIBE~3,Provinz~A_TARGET_VIBE~3,Palast~A_TARGET_VIBE~3,Siegel~A_TARGET_VIBE~4,Senat~A_TARGET_VIBE~4,Eroberung~A_TARGET_VIBE~4"
Inquisition,4,4|8,Kultur & Kunst|Geschichte & Mythos,7,"Verhör~A_TARGET_VIBE~3,Ketzer~A_TARGET_VIBE~3,Scheiterhaufen~A_TARGET_VIBE~3,Kirche~A_TARGET_VIBE~3,Anklage~A_TARGET_VIBE~4,Gestäntnis~A_TARGET_VIBE~4,Richter~A_TARGET_VIBE~4"
Inschrift,3,4|8,Kultur & Kunst|Geschichte & Mythos,6,"Stein~A_TARGET_VIBE~2,Rune~A_TARGET_VIBE~2,Meißel~A_TARGET_VIBE~2,Tempel~A_TARGET_VIBE~3,Grab~A_TARGET_VIBE~3,Buchstabe~A_TARGET_VIBE~3"
Invasion,4,8|9,Geschichte & Mythos|Gesellschaft & Beruf,7,"Heer~A_TARGET_VIBE~3,Marsch~A_TARGET_VIBE~3,Grenze~A_TARGET_VIBE~3,Banner~A_TARGET_VIBE~3,Belagerung~A_TARGET_VIBE~4,Plündern~A_TARGET_VIBE~4,Flucht~A_TARGET_VIBE~4"
Irrlicht,3,2|8,Natur & Tiere|Geschichte & Mythos,6,"Sumpf~A_TARGET_VIBE~2,Nebel~A_TARGET_VIBE~2,Flackern~A_TARGET_VIBE~2,Nacht~A_TARGET_VIBE~3,Verirren~A_TARGET_VIBE~3,Leuchten~A_TARGET_VIBE~3"
Jahreszahl,2,8|12,Geschichte & Mythos|Gefühle & Abstraktes,5,"Datum~A_TARGET_VIBE~2,Chronik~A_TARGET_VIBE~2,Kalender~A_TARGET_VIBE~2,Inschrift~A_TARGET_VIBE~2,Ziffer~A_TARGET_VIBE~3"
Jahrhundert,2,8|12,Geschichte & Mythos|Gefühle & Abstraktes,5,"Epoche~A_TARGET_VIBE~2,Chronik~A_TARGET_VIBE~2,Zeitleiste~A_TARGET_VIBE~2,Datierung~A_TARGET_VIBE~2,Annalen~A_TARGET_VIBE~3"
Jahrmarkt,2,9|13,Gesellschaft & Beruf|Feste & Jahreszeiten,5,"Bude~A_TARGET_VIBE~2,Gaukler~A_TARGET_VIBE~2,Karussell~A_TARGET_VIBE~2,Süßkram~A_TARGET_VIBE~2,Gedränge~A_TARGET_VIBE~3"
Jenseits,3,8|12,Geschichte & Mythos|Gefühle & Abstraktes,6,"Seele~A_TARGET_VIBE~2,Pforte~A_TARGET_VIBE~2,Nebel~A_TARGET_VIBE~2,Urteil~A_TARGET_VIBE~3,Grab~A_TARGET_VIBE~3,Ewigkeit~A_TARGET_VIBE~3"
Kammer,1,3,Orte & Reisen,4,"Tür~A_TARGET_VIBE~2,Gang~A_TARGET_VIBE~2,Schlüssel~A_TARGET_VIBE~2,Stille~A_TARGET_VIBE~2"
Kapelle,2,3|4|8,Orte & Reisen|Kultur & Kunst|Geschichte & Mythos,5,"Kerze~A_TARGET_VIBE~2,Weihrauch~A_TARGET_VIBE~2,Glocke~A_TARGET_VIBE~2,Chor~A_TARGET_VIBE~2,Gebet~A_TARGET_VIBE~3"
Karte,1,3,Orte & Reisen,4,"Kompass~A_TARGET_VIBE~2,Route~A_TARGET_VIBE~2,Maßstab~A_TARGET_VIBE~2,Rand~A_TARGET_VIBE~2"
Kerker,3,8|9,Geschichte & Mythos|Gesellschaft & Beruf,6,"Gitter~A_TARGET_VIBE~2,Schlüssel~A_TARGET_VIBE~2,Verhör~A_TARGET_VIBE~2,Feuchtigkeit~A_TARGET_VIBE~3,Wache~A_TARGET_VIBE~3,Urteil~A_TARGET_VIBE~3"
Ketzer,4,4|8,Kultur & Kunst|Geschichte & Mythos,7,"Inquisition~A_TARGET_VIBE~3,Predigt~A_TARGET_VIBE~3,Verhör~A_TARGET_VIBE~3,Anklage~A_TARGET_VIBE~3,Kirche~A_TARGET_VIBE~4,Urteil~A_TARGET_VIBE~4,Scheiterhaufen~A_TARGET_VIBE~4"
Klage,2,12,Gefühle & Abstraktes,5,"Träne~A_TARGET_VIBE~2,Schmerz~A_TARGET_VIBE~2,Ruf~A_TARGET_VIBE~2,Trauer~A_TARGET_VIBE~2,Seufzer~A_TARGET_VIBE~3"
Kloster,2,3|4|8,Orte & Reisen|Kultur & Kunst|Geschichte & Mythos,5,"Mönch~A_TARGET_VIBE~2,Klausur~A_TARGET_VIBE~2,Glocke~A_TARGET_VIBE~2,Gelübde~A_TARGET_VIBE~2,Kreuzgang~A_TARGET_VIBE~3"
Kopf,1,0,Alltag & Gegenstände,4,"Blick~A_TARGET_VIBE~2,Hut~A_TARGET_VIBE~2,Stirn~A_TARGET_VIBE~2,Gedanke~A_TARGET_VIBE~2"
Kreuz,2,4|8,Kultur & Kunst|Geschichte & Mythos,5,"Kerze~A_TARGET_VIBE~2,Weihrauch~A_TARGET_VIBE~2,Kapelle~A_TARGET_VIBE~2,Prozession~A_TARGET_VIBE~2,Ritus~A_TARGET_VIBE~3"
Kreuzzug,4,8|9,Geschichte & Mythos|Gesellschaft & Beruf,7,"Banner~A_TARGET_VIBE~3,Ritter~A_TARGET_VIBE~3,Feldzug~A_TARGET_VIBE~3,Pilger~A_TARGET_VIBE~3,Belagerung~A_TARGET_VIBE~4,Heilig~A_TARGET_VIBE~4,Gelübde~A_TARGET_VIBE~4"
Krieg,2,8|9,Geschichte & Mythos|Gesellschaft & Beruf,5,"Schlacht~A_TARGET_VIBE~2,Heer~A_TARGET_VIBE~2,Banner~A_TARGET_VIBE~2,Belagerung~A_TARGET_VIBE~2,Front~A_TARGET_VIBE~3"
Krieger,2,8|9,Geschichte & Mythos|Gesellschaft & Beruf,5,"Rüstung~A_TARGET_VIBE~2,Schwert~A_TARGET_VIBE~2,Schild~A_TARGET_VIBE~2,Heer~A_TARGET_VIBE~2,Schlacht~A_TARGET_VIBE~3"
Kriegsbeute,3,8|9,Geschichte & Mythos|Gesellschaft & Beruf,7,"Gold~A_TARGET_VIBE~2,Plündern~A_TARGET_VIBE~2,Sack~A_TARGET_VIBE~2,Sieger~A_TARGET_VIBE~3,Schlacht~A_TARGET_VIBE~3,Truhe~A_TARGET_VIBE~3,Beute~B_PART_VIBE~2"
Krone,2,0|8,Alltag & Gegenstände|Geschichte & Mythos,5,"Gold~A_TARGET_VIBE~2,Thron~A_TARGET_VIBE~2,Krönung~A_TARGET_VIBE~2,Wappen~A_TARGET_VIBE~2,Prunk~A_TARGET_VIBE~3"
Krypta,3,3|4|8,Orte & Reisen|Kultur & Kunst|Geschichte & Mythos,6,"Gewölbe~A_TARGET_VIBE~2,Sarg~A_TARGET_VIBE~2,Kerze~A_TARGET_VIBE~2,Kälte~A_TARGET_VIBE~3,Kathedrale~A_TARGET_VIBE~3,Grab~A_TARGET_VIBE~3"
Krönung,3,8|9,Geschichte & Mythos|Gesellschaft & Beruf,7,"Thron~A_TARGET_VIBE~2,Krone~A_TARGET_VIBE~2,Wappen~A_TARGET_VIBE~2,Siegel~A_TARGET_VIBE~3,Palast~A_TARGET_VIBE~3,Hofstaat~A_TARGET_VIBE~3,Krönung~B_PART_VIBE~2"
Kult,3,8|12,Geschichte & Mythos|Gefühle & Abstraktes,6,"Ritual~A_TARGET_VIBE~2,Schrein~A_TARGET_VIBE~2,Opfergabe~A_TARGET_VIBE~2,Priester~A_TARGET_VIBE~3,Totem~A_TARGET_VIBE~3,Weihrauch~A_TARGET_VIBE~3"
Kultbild,4,4|8,Kultur & Kunst|Geschichte & Mythos,7,"Schrein~A_TARGET_VIBE~3,Weihrauch~A_TARGET_VIBE~3,Opfergabe~A_TARGET_VIBE~3,Tempel~A_TARGET_VIBE~3,Ikone~A_TARGET_VIBE~4,Ritus~A_TARGET_VIBE~4,Bild~B_PART_VIBE~3"
Kultfigur,4,4|8,Kultur & Kunst|Geschichte & Mythos,7,"Schrein~A_TARGET_VIBE~3,Opfergabe~A_TARGET_VIBE~3,Ritus~A_TARGET_VIBE~3,Tempel~A_TARGET_VIBE~3,Ikone~A_TARGET_VIBE~4,Weihrauch~A_TARGET_VIBE~4,Figur~B_PART_VIBE~3"
Kultstätte,4,3|4|8,Orte & Reisen|Kultur & Kunst|Geschichte & Mythos,7,"Tempel~A_TARGET_VIBE~3,Schrein~A_TARGET_VIBE~3,Ritual~A_TARGET_VIBE~3,Weihrauch~A_TARGET_VIBE~3,Opfergabe~A_TARGET_VIBE~4,Priester~A_TARGET_VIBE~4,Stätte~B_PART_VIBE~3"
Kurier,3,8|9,Geschichte & Mythos|Gesellschaft & Beruf,6,"Pferd~A_TARGET_VIBE~2,Route~A_TARGET_VIBE~2,Siegel~A_TARGET_VIBE~2,Nachricht~A_TARGET_VIBE~3,Bote~A_TARGET_VIBE~3,Frist~A_TARGET_VIBE~3"
König,2,8|9,Geschichte & Mythos|Gesellschaft & Beruf,5,"Thron~A_TARGET_VIBE~2,Krone~A_TARGET_VIBE~2,Palast~A_TARGET_VIBE~2,Wappen~A_TARGET_VIBE~2,Hofstaat~A_TARGET_VIBE~3"
Königin,3,8|9,Geschichte & Mythos|Gesellschaft & Beruf,6,"Thron~A_TARGET_VIBE~2,Krone~A_TARGET_VIBE~2,Palast~A_TARGET_VIBE~2,Hofstaat~A_TARGET_VIBE~3,Diadem~A_TARGET_VIBE~3,Intrige~A_TARGET_VIBE~3"
Labyrinth,3,3|8,Orte & Reisen|Geschichte & Mythos,6,"Gang~A_TARGET_VIBE~2,Irrweg~A_TARGET_VIBE~2,Faden~A_TARGET_VIBE~2,Mauer~A_TARGET_VIBE~3,Minotaurus~A_TARGET_VIBE~3,Karte~A_TARGET_VIBE~3"
Landkarte,3,3|4|8,Orte & Reisen|Kultur & Kunst|Geschichte & Mythos,6,"Pergament~A_TARGET_VIBE~2,Kompass~A_TARGET_VIBE~2,Rand~A_TARGET_VIBE~2,Küste~A_TARGET_VIBE~3,Skizze~A_TARGET_VIBE~3,Maßstab~A_TARGET_VIBE~3"
Lanze,2,0|8,Alltag & Gegenstände|Geschichte & Mythos,5,"Spitze~A_TARGET_VIBE~2,Stich~A_TARGET_VIBE~2,Ritter~A_TARGET_VIBE~2,Turnier~A_TARGET_VIBE~2,Schaft~A_TARGET_VIBE~3"
Legende,2,4|8,Kultur & Kunst|Geschichte & Mythos,5,"Sage~A_TARGET_VIBE~2,Erzählung~A_TARGET_VIBE~2,Held~A_TARGET_VIBE~2,Fabel~A_TARGET_VIBE~2,Überlieferung~A_TARGET_VIBE~3"
Legion,3,8|9,Geschichte & Mythos|Gesellschaft & Beruf,6,"Banner~A_TARGET_VIBE~2,Disziplin~A_TARGET_VIBE~2,Rüstung~A_TARGET_VIBE~2,Marsch~A_TARGET_VIBE~3,Adler~A_TARGET_VIBE~3,Befehl~A_TARGET_VIBE~3"
Legionär,3,8|9,Geschichte & Mythos|Gesellschaft & Beruf,6,"Rüstung~A_TARGET_VIBE~2,Marsch~A_TARGET_VIBE~2,Schild~A_TARGET_VIBE~2,Disziplin~A_TARGET_VIBE~3,Adler~A_TARGET_VIBE~3,Banner~A_TARGET_VIBE~3"
Lehen,3,8|9,Geschichte & Mythos|Gesellschaft & Beruf,6,"Vasall~A_TARGET_VIBE~2,Lehnsherr~A_TARGET_VIBE~2,Treue~A_TARGET_VIBE~2,Siegel~A_TARGET_VIBE~3,Länderei~A_TARGET_VIBE~3,Abgabe~A_TARGET_VIBE~3"
Lehnsherr,4,8|9,Geschichte & Mythos|Gesellschaft & Beruf,7,"Vasall~A_TARGET_VIBE~3,Lehen~A_TARGET_VIBE~3,Siegel~A_TARGET_VIBE~3,Treue~A_TARGET_VIBE~3,Huldigung~A_TARGET_VIBE~4,Hof~A_TARGET_VIBE~4,Herr~B_PART_VIBE~3"
Leibeigener,4,8|9,Geschichte & Mythos|Gesellschaft & Beruf,7,"Frondienst~A_TARGET_VIBE~3,Herr~A_TARGET_VIBE~3,Hof~A_TARGET_VIBE~3,Abgabe~A_TARGET_VIBE~3,Schulden~A_TARGET_VIBE~4,Unfreiheit~A_TARGET_VIBE~4,Acker~A_TARGET_VIBE~4"
Lindwurm,4,2|8,Natur & Tiere|Geschichte & Mythos,7,"Schuppen~A_TARGET_VIBE~3,Gift~A_TARGET_VIBE~3,Höhle~A_TARGET_VIBE~3,Berg~A_TARGET_VIBE~3,Ritter~A_TARGET_VIBE~4,Klaue~A_TARGET_VIBE~4,Wurm~B_PART_VIBE~3"
Liturgie,4,4|8,Kultur & Kunst|Geschichte & Mythos,7,"Messe~A_TARGET_VIBE~3,Gesang~A_TARGET_VIBE~3,Ritus~A_TARGET_VIBE~3,Gebet~A_TARGET_VIBE~3,Kanzel~A_TARGET_VIBE~4,Chor~A_TARGET_VIBE~4,Gewand~A_TARGET_VIBE~4"
Magie,3,8|12,Geschichte & Mythos|Gefühle & Abstraktes,6,"Ritual~A_TARGET_VIBE~2,Rune~A_TARGET_VIBE~2,Amulett~A_TARGET_VIBE~2,Beschwörung~A_TARGET_VIBE~3,Fluch~A_TARGET_VIBE~3,Zauberkreis~A_TARGET_VIBE~3"
Manuskript,4,4|8,Kultur & Kunst|Geschichte & Mythos,7,"Pergament~A_TARGET_VIBE~3,Tinte~A_TARGET_VIBE~3,Feder~A_TARGET_VIBE~3,Abschrift~A_TARGET_VIBE~3,Siegel~A_TARGET_VIBE~4,Archiv~A_TARGET_VIBE~4,Randnotiz~A_TARGET_VIBE~4"
Markt,1,9,Gesellschaft & Beruf,4,"Händler~A_TARGET_VIBE~2,Münzen~A_TARGET_VIBE~2,Stand~A_TARGET_VIBE~2,Feilschen~A_TARGET_VIBE~2"
Meerjungfrau,4,2|8,Natur & Tiere|Geschichte & Mythos,7,"Gesang~A_TARGET_VIBE~3,Muschel~A_TARGET_VIBE~3,Küste~A_TARGET_VIBE~3,Fischschwanz~A_TARGET_VIBE~3,Felsen~A_TARGET_VIBE~4,Lockruf~A_TARGET_VIBE~4,Kamm~A_TARGET_VIBE~4"
Megalith,4,8|12,Geschichte & Mythos|Gefühle & Abstraktes,7,"Steinblock~A_TARGET_VIBE~3,Kreis~A_TARGET_VIBE~3,Dolmen~A_TARGET_VIBE~3,Menhir~A_TARGET_VIBE~3,Ausgrabung~A_TARGET_VIBE~4,Moos~A_TARGET_VIBE~4,Relikt~A_TARGET_VIBE~4"
Mönch,2,4|8,Kultur & Kunst|Geschichte & Mythos,5,"Klausur~A_TARGET_VIBE~2,Gelübde~A_TARGET_VIBE~2,Glocke~A_TARGET_VIBE~2,Gebet~A_TARGET_VIBE~2,Abt~A_TARGET_VIBE~3"
Münze,1,0,Alltag & Gegenstände,4,"Kasse~A_TARGET_VIBE~2,Geld~A_TARGET_VIBE~2,Beutel~A_TARGET_VIBE~2,Prägung~A_TARGET_VIBE~2"
Nachtwache,3,8|9,Geschichte & Mythos|Gesellschaft & Beruf,7,"Laterne~A_TARGET_VIBE~2,Patrouille~A_TARGET_VIBE~2,Tor~A_TARGET_VIBE~2,Mauer~A_TARGET_VIBE~3,Schlüssel~A_TARGET_VIBE~3,Stille~A_TARGET_VIBE~3,Wache~B_PART_VIBE~2"
Obelisk,4,4|8,Kultur & Kunst|Geschichte & Mythos,7,"Stele~A_TARGET_VIBE~3,Spitze~A_TARGET_VIBE~3,Granit~A_TARGET_VIBE~3,Tempel~A_TARGET_VIBE~3,Pharao~A_TARGET_VIBE~4,Schatten~A_TARGET_VIBE~4,Platz~A_TARGET_VIBE~4"
Oger,3,2|8,Natur & Tiere|Geschichte & Mythos,6,"Keule~A_TARGET_VIBE~2,Hütte~A_TARGET_VIBE~2,Riese~A_TARGET_VIBE~2,Märchen~A_TARGET_VIBE~3,Wald~A_TARGET_VIBE~3,Grobian~A_TARGET_VIBE~3"
Opfer,2,4|8,Kultur & Kunst|Geschichte & Mythos,5,"Ritual~A_TARGET_VIBE~2,Weihrauch~A_TARGET_VIBE~2,Tempel~A_TARGET_VIBE~2,Priester~A_TARGET_VIBE~2,Blut~A_TARGET_VIBE~3"
Opfergabe,3,4|8,Kultur & Kunst|Geschichte & Mythos,7,"Ritual~A_TARGET_VIBE~2,Tempel~A_TARGET_VIBE~2,Weihrauch~A_TARGET_VIBE~2,Priester~A_TARGET_VIBE~3,Schrein~A_TARGET_VIBE~3,Altarschale~A_TARGET_VIBE~3,Gabe~B_PART_VIBE~2"
Opfermesser,4,0|8,Alltag & Gegenstände|Geschichte & Mythos,7,"Klinge~A_TARGET_VIBE~3,Ritual~A_TARGET_VIBE~3,Blut~A_TARGET_VIBE~3,Tempel~A_TARGET_VIBE~3,Priester~A_TARGET_VIBE~4,Weihrauch~A_TARGET_VIBE~4,Messer~B_PART_VIBE~3"
Opferstein,4,3|8,Orte & Reisen|Geschichte & Mythos,7,"Ritual~A_TARGET_VIBE~3,Weihrauch~A_TARGET_VIBE~3,Tempel~A_TARGET_VIBE~3,Blut~A_TARGET_VIBE~3,Schrein~A_TARGET_VIBE~4,Priester~A_TARGET_VIBE~4,Stein~B_PART_VIBE~3"
Orakel,3,8|12,Geschichte & Mythos|Gefühle & Abstraktes,6,"Omen~A_TARGET_VIBE~2,Deutung~A_TARGET_VIBE~2,Tempel~A_TARGET_VIBE~2,Trance~A_TARGET_VIBE~3,Los~A_TARGET_VIBE~3,Sibylle~A_TARGET_VIBE~3"
Orakelspruch,4,8|12,Geschichte & Mythos|Gefühle & Abstraktes,7,"Omen~A_TARGET_VIBE~3,Deutung~A_TARGET_VIBE~3,Rätsel~A_TARGET_VIBE~3,Tempel~A_TARGET_VIBE~3,Sibylle~A_TARGET_VIBE~4,Vision~A_TARGET_VIBE~4,Spruch~B_PART_VIBE~3"
Orden,3,8|9,Geschichte & Mythos|Gesellschaft & Beruf,6,"Gelübde~A_TARGET_VIBE~2,Regel~A_TARGET_VIBE~2,Kreuz~A_TARGET_VIBE~2,Rang~A_TARGET_VIBE~3,Bruderschaft~A_TARGET_VIBE~3,Siegel~A_TARGET_VIBE~3"
Pagode,3,3|4|8,Orte & Reisen|Kultur & Kunst|Geschichte & Mythos,6,"Dach~A_TARGET_VIBE~2,Stufe~A_TARGET_VIBE~2,Tempel~A_TARGET_VIBE~2,Glocke~A_TARGET_VIBE~3,Weihrauch~A_TARGET_VIBE~3,Säule~A_TARGET_VIBE~3"
Palast,2,3|8,Orte & Reisen|Geschichte & Mythos,5,"Hofstaat~A_TARGET_VIBE~2,Säule~A_TARGET_VIBE~2,Thron~A_TARGET_VIBE~2,Prunk~A_TARGET_VIBE~2,Wache~A_TARGET_VIBE~3"
Palisade,3,3|8,Orte & Reisen|Geschichte & Mythos,6,"Pfahl~A_TARGET_VIBE~2,Wall~A_TARGET_VIBE~2,Tor~A_TARGET_VIBE~2,Wache~A_TARGET_VIBE~3,Belagerung~A_TARGET_VIBE~3,Graben~A_TARGET_VIBE~3"
Pantheon,3,3|4|8,Orte & Reisen|Kultur & Kunst|Geschichte & Mythos,6,"Säule~A_TARGET_VIBE~2,Tempel~A_TARGET_VIBE~2,Kuppel~A_TARGET_VIBE~2,Gottheit~A_TARGET_VIBE~3,Weihrauch~A_TARGET_VIBE~3,Opfer~A_TARGET_VIBE~3"
Papst,3,4|8,Kultur & Kunst|Geschichte & Mythos,6,"Tiara~A_TARGET_VIBE~2,Dom~A_TARGET_VIBE~2,Segen~A_TARGET_VIBE~2,Weihrauch~A_TARGET_VIBE~3,Bulle~A_TARGET_VIBE~3,Kanzlei~A_TARGET_VIBE~3"
Papyrus,3,4|8,Kultur & Kunst|Geschichte & Mythos,6,"Rolle~A_TARGET_VIBE~2,Tinte~A_TARGET_VIBE~2,Schreiber~A_TARGET_VIBE~2,Tempel~A_TARGET_VIBE~3,Hieroglyphe~A_TARGET_VIBE~3,Siegel~A_TARGET_VIBE~3"
Paradies,3,8|12,Geschichte & Mythos|Gefühle & Abstraktes,6,"Garten~A_TARGET_VIBE~2,Licht~A_TARGET_VIBE~2,Seele~A_TARGET_VIBE~2,Verheißung~A_TARGET_VIBE~3,Jenseits~A_TARGET_VIBE~3,Frieden~A_TARGET_VIBE~3"
Patriarch,4,4|8,Kultur & Kunst|Geschichte & Mythos,7,"Segen~A_TARGET_VIBE~3,Gewand~A_TARGET_VIBE~3,Dom~A_TARGET_VIBE~3,Kanzel~A_TARGET_VIBE~3,Weihrauch~A_TARGET_VIBE~4,Hierarchie~A_TARGET_VIBE~4,Stab~A_TARGET_VIBE~4"
Pergament,3,4|8,Kultur & Kunst|Geschichte & Mythos,6,"Tinte~A_TARGET_VIBE~2,Feder~A_TARGET_VIBE~2,Abschrift~A_TARGET_VIBE~2,Siegel~A_TARGET_VIBE~3,Archiv~A_TARGET_VIBE~3,Randnotiz~A_TARGET_VIBE~3"
Pest,4,7|8,Wissenschaft & Medizin|Geschichte & Mythos,7,"Seuche~A_TARGET_VIBE~3,Ratte~A_TARGET_VIBE~3,Maske~A_TARGET_VIBE~3,Quarantäne~A_TARGET_VIBE~3,Beule~A_TARGET_VIBE~4,Glocke~A_TARGET_VIBE~4,Tod~A_TARGET_VIBE~4"
Pfeil,1,0|8,Alltag & Gegenstände|Geschichte & Mythos,4,"Spitze~A_TARGET_VIBE~2,Sehne~A_TARGET_VIBE~2,Ziel~A_TARGET_VIBE~2,Köcher~A_TARGET_VIBE~2"
Pharao,3,8|9,Geschichte & Mythos|Gesellschaft & Beruf,6,"Pyramide~A_TARGET_VIBE~2,Tempel~A_TARGET_VIBE~2,Hieroglyphe~A_TARGET_VIBE~2,Sarkophag~A_TARGET_VIBE~3,Gold~A_TARGET_VIBE~3,Nilstrom~A_TARGET_VIBE~3"
Pilger,2,4|8,Kultur & Kunst|Geschichte & Mythos,5,"Muschel~A_TARGET_VIBE~2,Stab~A_TARGET_VIBE~2,Weg~A_TARGET_VIBE~2,Herberge~A_TARGET_VIBE~2,Gelübde~A_TARGET_VIBE~3"
Pilgerfahrt,4,4|8,Kultur & Kunst|Geschichte & Mythos,7,"Wallfahrt~A_TARGET_VIBE~3,Weg~A_TARGET_VIBE~3,Reliquie~A_TARGET_VIBE~3,Gelübde~A_TARGET_VIBE~3,Herberge~A_TARGET_VIBE~4,Muschel~A_TARGET_VIBE~4,Heilig~A_TARGET_VIBE~4"
Pilgerstab,3,4|8,Kultur & Kunst|Geschichte & Mythos,7,"Holz~A_TARGET_VIBE~2,Weg~A_TARGET_VIBE~2,Herberge~A_TARGET_VIBE~2,Muschel~A_TARGET_VIBE~3,Gelübde~A_TARGET_VIBE~3,Pilger~A_TARGET_VIBE~3,Stab~B_PART_VIBE~2"
Pirat,3,3|8,Orte & Reisen|Geschichte & Mythos,6,"Enterhaken~A_TARGET_VIBE~2,Küste~A_TARGET_VIBE~2,Beute~A_TARGET_VIBE~2,Deck~A_TARGET_VIBE~3,Schiff~A_TARGET_VIBE~3,Hafen~A_TARGET_VIBE~3"
Priester,2,4|8,Kultur & Kunst|Geschichte & Mythos,5,"Weihrauch~A_TARGET_VIBE~2,Gewand~A_TARGET_VIBE~2,Tempel~A_TARGET_VIBE~2,Ritual~A_TARGET_VIBE~2,Gebet~A_TARGET_VIBE~3"
Priesterin,3,4|8,Kultur & Kunst|Geschichte & Mythos,6,"Gewand~A_TARGET_VIBE~2,Ritual~A_TARGET_VIBE~2,Weihrauch~A_TARGET_VIBE~2,Tempel~A_TARGET_VIBE~3,Orakel~A_TARGET_VIBE~3,Opfer~A_TARGET_VIBE~3"
Prophet,3,8|12,Geschichte & Mythos|Gefühle & Abstraktes,6,"Omen~A_TARGET_VIBE~2,Vision~A_TARGET_VIBE~2,Warnung~A_TARGET_VIBE~2,Predigt~A_TARGET_VIBE~3,Schriftrolle~A_TARGET_VIBE~3,Vorzeichen~A_TARGET_VIBE~3"
Prophetenwort,4,8|12,Geschichte & Mythos|Gefühle & Abstraktes,7,"Omen~A_TARGET_VIBE~3,Vision~A_TARGET_VIBE~3,Warnung~A_TARGET_VIBE~3,Predigt~A_TARGET_VIBE~3,Vorzeichen~A_TARGET_VIBE~4,Schriftrolle~A_TARGET_VIBE~4,Wort~B_PART_VIBE~3"
Prophezeiung,4,8|12,Geschichte & Mythos|Gefühle & Abstraktes,7,"Omen~A_TARGET_VIBE~3,Vision~A_TARGET_VIBE~3,Vorzeichen~A_TARGET_VIBE~3,Schicksal~A_TARGET_VIBE~3,Rätsel~A_TARGET_VIBE~4,Seher~A_TARGET_VIBE~4,Warnung~A_TARGET_VIBE~4"
Prozess,3,8|9,Geschichte & Mythos|Gesellschaft & Beruf,6,"Anklage~A_TARGET_VIBE~2,Zeuge~A_TARGET_VIBE~2,Urteil~A_TARGET_VIBE~2,Akte~A_TARGET_VIBE~3,Richter~A_TARGET_VIBE~3,Geständnis~A_TARGET_VIBE~3"
Prozession,3,4|8,Kultur & Kunst|Geschichte & Mythos,7,"Kerze~A_TARGET_VIBE~2,Gesang~A_TARGET_VIBE~2,Weihrauch~A_TARGET_VIBE~2,Kreuz~A_TARGET_VIBE~3,Menge~A_TARGET_VIBE~3,Kapelle~A_TARGET_VIBE~3,Prozession~B_PART_VIBE~2"
Psalter,4,4|8,Kultur & Kunst|Geschichte & Mythos,7,"Gesang~A_TARGET_VIBE~3,Pergament~A_TARGET_VIBE~3,Chor~A_TARGET_VIBE~3,Kerze~A_TARGET_VIBE~3,Abt~A_TARGET_VIBE~4,Kapitel~A_TARGET_VIBE~4,Tinte~A_TARGET_VIBE~4"
Ratgeber,2,12,Gefühle & Abstraktes,5,"Hinweis~A_TARGET_VIBE~2,Erfahrung~A_TARGET_VIBE~2,Warnung~A_TARGET_VIBE~2,Weg~A_TARGET_VIBE~2,Empfehlung~A_TARGET_VIBE~3"
Räuber,2,8|9,Geschichte & Mythos|Gesellschaft & Beruf,5,"Überfall~A_TARGET_VIBE~2,Beute~A_TARGET_VIBE~2,Mantel~A_TARGET_VIBE~2,Dolch~A_TARGET_VIBE~2,Flucht~A_TARGET_VIBE~3"
Sakrament,4,4|8,Kultur & Kunst|Geschichte & Mythos,7,"Ritus~A_TARGET_VIBE~3,Messe~A_TARGET_VIBE~3,Weihrauch~A_TARGET_VIBE~3,Gebet~A_TARGET_VIBE~3,Chor~A_TARGET_VIBE~4,Kerze~A_TARGET_VIBE~4,Segen~A_TARGET_VIBE~4"
Sakristei,4,3|4|8,Orte & Reisen|Kultur & Kunst|Geschichte & Mythos,7,"Gewand~A_TARGET_VIBE~3,Schlüssel~A_TARGET_VIBE~3,Kerze~A_TARGET_VIBE~3,Weihrauch~A_TARGET_VIBE~3,Chor~A_TARGET_VIBE~4,Glocke~A_TARGET_VIBE~4,Säule~A_TARGET_VIBE~4"
Sarkophag,4,4|8,Kultur & Kunst|Geschichte & Mythos,7,"Stein~A_TARGET_VIBE~3,Deckel~A_TARGET_VIBE~3,Mumie~A_TARGET_VIBE~3,Inschrift~A_TARGET_VIBE~3,Grabkammer~A_TARGET_VIBE~4,Relief~A_TARGET_VIBE~4,Krypta~A_TARGET_VIBE~4"
Satyr,3,2|8,Natur & Tiere|Geschichte & Mythos,6,"Hufe~A_TARGET_VIBE~2,Ziege~A_TARGET_VIBE~2,Flöte~A_TARGET_VIBE~2,Reigen~A_TARGET_VIBE~3,Rausch~A_TARGET_VIBE~3,Wald~A_TARGET_VIBE~3"
Schamane,4,8|12,Geschichte & Mythos|Gefühle & Abstraktes,7,"Trance~A_TARGET_VIBE~3,Trommel~A_TARGET_VIBE~3,Rauch~A_TARGET_VIBE~3,Ritual~A_TARGET_VIBE~3,Totem~A_TARGET_VIBE~4,Geist~A_TARGET_VIBE~4,Vision~A_TARGET_VIBE~4"
Schamanismus,5,8|12,Geschichte & Mythos|Gefühle & Abstraktes,8,"Trance~A_TARGET_VIBE~3,Ritual~A_TARGET_VIBE~3,Trommel~A_TARGET_VIBE~3,Totem~A_TARGET_VIBE~3,Rauch~A_TARGET_VIBE~4,Geist~A_TARGET_VIBE~4,Vision~A_TARGET_VIBE~4,Kult~A_TARGET_VIBE~4"
Schattenwelt,4,8|12,Geschichte & Mythos|Gefühle & Abstraktes,7,"Nebel~A_TARGET_VIBE~3,Spuk~A_TARGET_VIBE~3,Mitternacht~A_TARGET_VIBE~3,Kälte~A_TARGET_VIBE~3,Portal~A_TARGET_VIBE~4,Flüstern~A_TARGET_VIBE~4,Welt~B_PART_VIBE~3"
Schattenwesen,4,2|8,Natur & Tiere|Geschichte & Mythos,7,"Schatten~A_TARGET_VIBE~3,Nebel~A_TARGET_VIBE~3,Spuk~A_TARGET_VIBE~3,Flüstern~A_TARGET_VIBE~3,Mitternacht~A_TARGET_VIBE~4,Kälte~A_TARGET_VIBE~4,Wesen~B_PART_VIBE~3"
Schatz,2,8|12,Geschichte & Mythos|Gefühle & Abstraktes,5,"Gold~A_TARGET_VIBE~2,Truhe~A_TARGET_VIBE~2,Versteck~A_TARGET_VIBE~2,Karte~A_TARGET_VIBE~2,Höhle~A_TARGET_VIBE~3"
Schatzfund,3,8|12,Geschichte & Mythos|Gefühle & Abstraktes,7,"Gold~A_TARGET_VIBE~2,Ausgrabung~A_TARGET_VIBE~2,Truhe~A_TARGET_VIBE~2,Relikt~A_TARGET_VIBE~3,Karte~A_TARGET_VIBE~3,Staub~A_TARGET_VIBE~3,Fund~B_PART_VIBE~2"
Schatztruhe,3,8|12,Geschichte & Mythos|Gefühle & Abstraktes,7,"Gold~A_TARGET_VIBE~2,Schloss~A_TARGET_VIBE~2,Versteck~A_TARGET_VIBE~2,Karte~A_TARGET_VIBE~3,Beute~A_TARGET_VIBE~3,Kiste~A_TARGET_VIBE~3,Truhe~B_PART_VIBE~2"
Scheiterhaufen,4,8|9,Geschichte & Mythos|Gesellschaft & Beruf,7,"Holz~A_TARGET_VIBE~3,Funken~A_TARGET_VIBE~3,Rauch~A_TARGET_VIBE~3,Urteil~A_TARGET_VIBE~3,Menge~A_TARGET_VIBE~4,Fackel~A_TARGET_VIBE~4,Schreie~A_TARGET_VIBE~4"
Schicksal,3,8|12,Geschichte & Mythos|Gefühle & Abstraktes,6,"Faden~A_TARGET_VIBE~2,Omen~A_TARGET_VIBE~2,Los~A_TARGET_VIBE~2,Wendung~A_TARGET_VIBE~3,Vorsehung~A_TARGET_VIBE~3,Tragödie~A_TARGET_VIBE~3"
Schicksalsfaden,5,8|12,Geschichte & Mythos|Gefühle & Abstraktes,8,"Spindel~A_TARGET_VIBE~3,Schere~A_TARGET_VIBE~3,Webstuhl~A_TARGET_VIBE~3,Schicksal~A_TARGET_VIBE~3,Moira~A_TARGET_VIBE~4,Faden~A_TARGET_VIBE~4,Knoten~A_TARGET_VIBE~4,Faden~B_PART_VIBE~3"
Schicksalsrad,5,8|12,Geschichte & Mythos|Gefühle & Abstraktes,8,"Wendung~A_TARGET_VIBE~3,Speiche~A_TARGET_VIBE~3,Glück~A_TARGET_VIBE~3,Sturz~A_TARGET_VIBE~3,Fortuna~A_TARGET_VIBE~4,Drehung~A_TARGET_VIBE~4,Macht~A_TARGET_VIBE~4,Rad~B_PART_VIBE~3"
Schiff,2,3|8|9,Orte & Reisen|Geschichte & Mythos|Gesellschaft & Beruf,5,"Mast~A_TARGET_VIBE~2,Seil~A_TARGET_VIBE~2,Deck~A_TARGET_VIBE~2,Hafen~A_TARGET_VIBE~2,Segel~A_TARGET_VIBE~3"
Schild,2,0|8,Alltag & Gegenstände|Geschichte & Mythos,5,"Wappen~A_TARGET_VIBE~2,Parieren~A_TARGET_VIBE~2,Holz~A_TARGET_VIBE~2,Rüstung~A_TARGET_VIBE~2,Schlacht~A_TARGET_VIBE~3"
Schildmaid,4,8|9,Geschichte & Mythos|Gesellschaft & Beruf,7,"Schild~A_TARGET_VIBE~3,Schwert~A_TARGET_VIBE~3,Rüstung~A_TARGET_VIBE~3,Banner~A_TARGET_VIBE~3,Saga~A_TARGET_VIBE~4,Kampf~A_TARGET_VIBE~4,Maid~B_PART_VIBE~3"
Schlacht,2,8|9,Geschichte & Mythos|Gesellschaft & Beruf,5,"Heer~A_TARGET_VIBE~2,Banner~A_TARGET_VIBE~2,Front~A_TARGET_VIBE~2,Rüstung~A_TARGET_VIBE~2,Blut~A_TARGET_VIBE~3"
Schmuckstück,3,0|8,Alltag & Gegenstände|Geschichte & Mythos,7,"Gold~A_TARGET_VIBE~2,Juwel~A_TARGET_VIBE~2,Kette~A_TARGET_VIBE~2,Prunk~A_TARGET_VIBE~3,Truhe~A_TARGET_VIBE~3,Gravur~A_TARGET_VIBE~3,Stück~B_PART_VIBE~2"
Schreiber,3,4|8,Kultur & Kunst|Geschichte & Mythos,6,"Tinte~A_TARGET_VIBE~2,Feder~A_TARGET_VIBE~2,Pergament~A_TARGET_VIBE~2,Siegel~A_TARGET_VIBE~3,Archiv~A_TARGET_VIBE~3,Akte~A_TARGET_VIBE~3"
Schreibstube,4,4|8,Kultur & Kunst|Geschichte & Mythos,7,"Tinte~A_TARGET_VIBE~3,Feder~A_TARGET_VIBE~3,Pergament~A_TARGET_VIBE~3,Siegel~A_TARGET_VIBE~3,Kanzlei~A_TARGET_VIBE~4,Akten~A_TARGET_VIBE~4,Stube~B_PART_VIBE~3"
Schrein,3,3|4|8,Orte & Reisen|Kultur & Kunst|Geschichte & Mythos,6,"Weihrauch~A_TARGET_VIBE~2,Kerze~A_TARGET_VIBE~2,Ritual~A_TARGET_VIBE~2,Opfergabe~A_TARGET_VIBE~3,Tempel~A_TARGET_VIBE~3,Ikone~A_TARGET_VIBE~3"
Schrift,2,4|8,Kultur & Kunst|Geschichte & Mythos,5,"Tinte~A_TARGET_VIBE~2,Feder~A_TARGET_VIBE~2,Buchstabe~A_TARGET_VIBE~2,Pergament~A_TARGET_VIBE~2,Siegel~A_TARGET_VIBE~3"
Schriftrolle,3,4|8,Kultur & Kunst|Geschichte & Mythos,7,"Papyrus~A_TARGET_VIBE~2,Band~A_TARGET_VIBE~2,Siegel~A_TARGET_VIBE~2,Tinte~A_TARGET_VIBE~3,Archiv~A_TARGET_VIBE~3,Bote~A_TARGET_VIBE~3,Rolle~B_PART_VIBE~2"
Schwert,2,0|8,Alltag & Gegenstände|Geschichte & Mythos,5,"Klinge~A_TARGET_VIBE~2,Schmiede~A_TARGET_VIBE~2,Scheide~A_TARGET_VIBE~2,Hieb~A_TARGET_VIBE~2,Parieren~A_TARGET_VIBE~3"
Schädel,3,8|12,Geschichte & Mythos|Gefühle & Abstraktes,6,"Knochen~A_TARGET_VIBE~2,Grab~A_TARGET_VIBE~2,Maske~A_TARGET_VIBE~2,Staub~A_TARGET_VIBE~3,Kerze~A_TARGET_VIBE~3,Trophäe~A_TARGET_VIBE~3"
Schöpfung,3,8|12,Geschichte & Mythos|Gefühle & Abstraktes,6,"Mythos~A_TARGET_VIBE~2,Ursprung~A_TARGET_VIBE~2,Gottheit~A_TARGET_VIBE~2,Weltenbaum~A_TARGET_VIBE~3,Chaos~A_TARGET_VIBE~3,Genesis~A_TARGET_VIBE~3"
Seefahrt,3,3|8|9,Orte & Reisen|Geschichte & Mythos|Gesellschaft & Beruf,6,"Hafen~A_TARGET_VIBE~2,Küste~A_TARGET_VIBE~2,Segel~A_TARGET_VIBE~2,Strömung~A_TARGET_VIBE~3,Karte~A_TARGET_VIBE~3,Mast~A_TARGET_VIBE~3"
Seeschlacht,4,3|8|9,Orte & Reisen|Geschichte & Mythos|Gesellschaft & Beruf,7,"Deck~A_TARGET_VIBE~3,Kanone~A_TARGET_VIBE~3,Admiral~A_TARGET_VIBE~3,Strudel~A_TARGET_VIBE~3,Enterhaken~A_TARGET_VIBE~4,Bug~A_TARGET_VIBE~4,Banner~A_TARGET_VIBE~4"
Segel,1,3|8|9,Orte & Reisen|Geschichte & Mythos|Gesellschaft & Beruf,4,"Mast~A_TARGET_VIBE~2,Seil~A_TARGET_VIBE~2,Hafen~A_TARGET_VIBE~2,Wind~A_TARGET_VIBE~2"
Seher,3,8|12,Geschichte & Mythos|Gefühle & Abstraktes,6,"Trance~A_TARGET_VIBE~2,Omen~A_TARGET_VIBE~2,Vision~A_TARGET_VIBE~2,Warnung~A_TARGET_VIBE~3,Deutung~A_TARGET_VIBE~3,Orakel~A_TARGET_VIBE~3"
Sekte,3,8|12,Geschichte & Mythos|Gefühle & Abstraktes,6,"Gelübde~A_TARGET_VIBE~2,Geheim~A_TARGET_VIBE~2,Ritual~A_TARGET_VIBE~2,Predigt~A_TARGET_VIBE~3,Schwur~A_TARGET_VIBE~3,Kult~A_TARGET_VIBE~3"
Sklave,3,8|9,Geschichte & Mythos|Gesellschaft & Beruf,6,"Kette~A_TARGET_VIBE~2,Markt~A_TARGET_VIBE~2,Ruder~A_TARGET_VIBE~2,Herr~A_TARGET_VIBE~3,Unfreiheit~A_TARGET_VIBE~3,Peitsche~A_TARGET_VIBE~3"
Sonnenuhr,3,8|12,Geschichte & Mythos|Gefühle & Abstraktes,7,"Schatten~A_TARGET_VIBE~2,Zeiger~A_TARGET_VIBE~2,Stein~A_TARGET_VIBE~2,Mittag~A_TARGET_VIBE~3,Platz~A_TARGET_VIBE~3,Zeit~A_TARGET_VIBE~3,Uhr~B_PART_VIBE~2"
Sternbild,3,8|11,Geschichte & Mythos|Wetter & Himmel,6,"Stern~A_TARGET_VIBE~2,Nacht~A_TARGET_VIBE~2,Konstellation~A_TARGET_VIBE~2,Zeichen~A_TARGET_VIBE~3,Karte~A_TARGET_VIBE~3,Deutung~A_TARGET_VIBE~3"
Sternkarte,4,8|11,Geschichte & Mythos|Wetter & Himmel,7,"Stern~A_TARGET_VIBE~3,Nacht~A_TARGET_VIBE~3,Konstellation~A_TARGET_VIBE~3,Zeichen~A_TARGET_VIBE~3,Mond~A_TARGET_VIBE~4,Planet~A_TARGET_VIBE~4,Karte~B_PART_VIBE~3"
Sternschnuppe,3,8|11,Geschichte & Mythos|Wetter & Himmel,6,"Wunsch~A_TARGET_VIBE~2,Schweif~A_TARGET_VIBE~2,Nacht~A_TARGET_VIBE~2,Leuchten~A_TARGET_VIBE~3,Meteor~A_TARGET_VIBE~3,Blick~A_TARGET_VIBE~3"
Sternzeichen,4,8|11|12,Geschichte & Mythos|Wetter & Himmel|Gefühle & Abstraktes,7,"Geburt~A_TARGET_VIBE~3,Deutung~A_TARGET_VIBE~3,Zodiak~A_TARGET_VIBE~3,Zeichen~A_TARGET_VIBE~3,Stern~A_TARGET_VIBE~4,Monat~A_TARGET_VIBE~4,Charakter~A_TARGET_VIBE~4"
Steuer,2,9|12,Gesellschaft & Beruf|Gefühle & Abstraktes,5,"Gebühr~A_TARGET_VIBE~2,Kasse~A_TARGET_VIBE~2,Quittung~A_TARGET_VIBE~2,Abzug~A_TARGET_VIBE~2,Frist~A_TARGET_VIBE~3"
Synagoge,4,3|4|8,Orte & Reisen|Kultur & Kunst|Geschichte & Mythos,7,"Gewölbe~A_TARGET_VIBE~3,Kerze~A_TARGET_VIBE~3,Rolle~A_TARGET_VIBE~3,Lehm~A_TARGET_VIBE~3,Weihrauch~A_TARGET_VIBE~4,Schrein~A_TARGET_VIBE~4,Säule~A_TARGET_VIBE~4"
Säule,2,3|4|8,Orte & Reisen|Kultur & Kunst|Geschichte & Mythos,5,"Stein~A_TARGET_VIBE~2,Kapitell~A_TARGET_VIBE~2,Tempel~A_TARGET_VIBE~2,Tragwerk~A_TARGET_VIBE~2,Hall~A_TARGET_VIBE~3"
Söldner,3,8|9,Geschichte & Mythos|Gesellschaft & Beruf,6,"Sold~A_TARGET_VIBE~2,Banner~A_TARGET_VIBE~2,Rüstung~A_TARGET_VIBE~2,Beute~A_TARGET_VIBE~3,Auftrag~A_TARGET_VIBE~3,Schlacht~A_TARGET_VIBE~3"
Sühne,4,4|8,Kultur & Kunst|Geschichte & Mythos,7,"Buße~A_TARGET_VIBE~3,Beichte~A_TARGET_VIBE~3,Sünde~A_TARGET_VIBE~3,Gelübde~A_TARGET_VIBE~3,Pilger~A_TARGET_VIBE~4,Strafe~A_TARGET_VIBE~4,Versöhnung~A_TARGET_VIBE~4"
Talisman,3,8|12,Geschichte & Mythos|Gefühle & Abstraktes,6,"Amulett~A_TARGET_VIBE~2,Rune~A_TARGET_VIBE~2,Kette~A_TARGET_VIBE~2,Siegel~A_TARGET_VIBE~3,Glück~A_TARGET_VIBE~3,Schimmer~A_TARGET_VIBE~3"
Tempel,3,3|4|8,Orte & Reisen|Kultur & Kunst|Geschichte & Mythos,6,"Säule~A_TARGET_VIBE~2,Rauch~A_TARGET_VIBE~2,Priester~A_TARGET_VIBE~2,Opfer~A_TARGET_VIBE~3,Glocke~A_TARGET_VIBE~3,Schrein~A_TARGET_VIBE~3"
Tempeldienst,4,3|4|8,Orte & Reisen|Kultur & Kunst|Geschichte & Mythos,7,"Pflicht~A_TARGET_VIBE~3,Ritus~A_TARGET_VIBE~3,Priester~A_TARGET_VIBE~3,Opfer~A_TARGET_VIBE~3,Weihrauch~A_TARGET_VIBE~4,Glocke~A_TARGET_VIBE~4,Dienst~B_PART_VIBE~3"
Tempelruine,4,3|4|8,Orte & Reisen|Kultur & Kunst|Geschichte & Mythos,7,"Säule~A_TARGET_VIBE~3,Moos~A_TARGET_VIBE~3,Stein~A_TARGET_VIBE~3,Verfall~A_TARGET_VIBE~3,Dschungel~A_TARGET_VIBE~4,Relikt~A_TARGET_VIBE~4,Ruine~B_PART_VIBE~3"
Thron,2,8|9,Geschichte & Mythos|Gesellschaft & Beruf,5,"Palast~A_TARGET_VIBE~2,Krone~A_TARGET_VIBE~2,Siegel~A_TARGET_VIBE~2,Audiienz~A_TARGET_VIBE~2,Macht~A_TARGET_VIBE~3"
Thronfolger,4,8|9,Geschichte & Mythos|Gesellschaft & Beruf,7,"Erbe~A_TARGET_VIBE~3,Krönung~A_TARGET_VIBE~3,Hofstaat~A_TARGET_VIBE~3,Palast~A_TARGET_VIBE~3,Siegel~A_TARGET_VIBE~4,Dynastie~A_TARGET_VIBE~4,Folger~B_PART_VIBE~3"
Tierkreis,4,8|11|12,Geschichte & Mythos|Wetter & Himmel|Gefühle & Abstraktes,7,"Zodiak~A_TARGET_VIBE~3,Zeichen~A_TARGET_VIBE~3,Konstellation~A_TARGET_VIBE~3,Monat~A_TARGET_VIBE~3,Deutung~A_TARGET_VIBE~4,Kreis~A_TARGET_VIBE~4,Stern~A_TARGET_VIBE~4"
Tintenfass,3,0|4|8,Alltag & Gegenstände|Kultur & Kunst|Geschichte & Mythos,7,"Tinte~A_TARGET_VIBE~2,Feder~A_TARGET_VIBE~2,Pergament~A_TARGET_VIBE~2,Schreiber~A_TARGET_VIBE~3,Siegel~A_TARGET_VIBE~3,Archiv~A_TARGET_VIBE~3,Fass~B_PART_VIBE~2"
Titan,4,2|8,Natur & Tiere|Geschichte & Mythos,7,"Olymp~A_TARGET_VIBE~3,Gigant~A_TARGET_VIBE~3,Urzeit~A_TARGET_VIBE~3,Götterkrieg~A_TARGET_VIBE~3,Gebirge~A_TARGET_VIBE~4,Sage~A_TARGET_VIBE~4,Macht~A_TARGET_VIBE~4"
Toga,3,0|8,Alltag & Gegenstände|Geschichte & Mythos,6,"Stoff~A_TARGET_VIBE~2,Falte~A_TARGET_VIBE~2,Senat~A_TARGET_VIBE~2,Forum~A_TARGET_VIBE~3,Rand~A_TARGET_VIBE~3,Prunk~A_TARGET_VIBE~3"
Tongefäß,3,0|8,Alltag & Gegenstände|Geschichte & Mythos,7,"Ton~A_TARGET_VIBE~2,Keramik~A_TARGET_VIBE~2,Scherbe~A_TARGET_VIBE~2,Henkel~A_TARGET_VIBE~3,Ausgrabung~A_TARGET_VIBE~3,Amphore~A_TARGET_VIBE~3,Gefäß~B_PART_VIBE~2"
Totem,3,8|12,Geschichte & Mythos|Gefühle & Abstraktes,6,"Stamm~A_TARGET_VIBE~2,Schnitzerei~A_TARGET_VIBE~2,Ritual~A_TARGET_VIBE~2,Trommel~A_TARGET_VIBE~3,Geist~A_TARGET_VIBE~3,Zeichen~A_TARGET_VIBE~3"
Totenkopf,3,8|12,Geschichte & Mythos|Gefühle & Abstraktes,7,"Schädel~A_TARGET_VIBE~2,Knochen~A_TARGET_VIBE~2,Trophäe~A_TARGET_VIBE~2,Staub~A_TARGET_VIBE~3,Kerze~A_TARGET_VIBE~3,Grab~A_TARGET_VIBE~3,Kopf~B_PART_VIBE~2"
Totenkult,4,8|12,Geschichte & Mythos|Gefühle & Abstraktes,7,"Ritual~A_TARGET_VIBE~3,Grab~A_TARGET_VIBE~3,Schrein~A_TARGET_VIBE~3,Opfergabe~A_TARGET_VIBE~3,Kerze~A_TARGET_VIBE~4,Ahne~A_TARGET_VIBE~4,Kult~B_PART_VIBE~3"
Totenmaske,4,8|12,Geschichte & Mythos|Gefühle & Abstraktes,7,"Gips~A_TARGET_VIBE~3,Gesicht~A_TARGET_VIBE~3,Grab~A_TARGET_VIBE~3,Schrein~A_TARGET_VIBE~3,Kerze~A_TARGET_VIBE~4,Porträt~A_TARGET_VIBE~4,Maske~B_PART_VIBE~3"
Trank,3,1|8|12,Essen & Trinken|Geschichte & Mythos|Gefühle & Abstraktes,6,"Kessel~A_TARGET_VIBE~2,Kräuter~A_TARGET_VIBE~2,Ritual~A_TARGET_VIBE~2,Schimmer~A_TARGET_VIBE~3,Fluch~A_TARGET_VIBE~3,Becher~A_TARGET_VIBE~3"
Tribut,4,8|9|12,Geschichte & Mythos|Gesellschaft & Beruf|Gefühle & Abstraktes,7,"Abgabe~A_TARGET_VIBE~3,Eroberer~A_TARGET_VIBE~3,Münzen~A_TARGET_VIBE~3,Vasall~A_TARGET_VIBE~3,Kasse~A_TARGET_VIBE~4,Forderung~A_TARGET_VIBE~4,Schutzgeld~A_TARGET_VIBE~4"
Triumph,3,8|12,Geschichte & Mythos|Gefühle & Abstraktes,6,"Siegeszug~A_TARGET_VIBE~2,Kranz~A_TARGET_VIBE~2,Fanfare~A_TARGET_VIBE~2,Menge~A_TARGET_VIBE~3,Bogen~A_TARGET_VIBE~3,Ruhm~A_TARGET_VIBE~3"
Triumphbogen,4,3|4|8,Orte & Reisen|Kultur & Kunst|Geschichte & Mythos,7,"Stein~A_TARGET_VIBE~3,Bogen~A_TARGET_VIBE~3,Inschrift~A_TARGET_VIBE~3,Kranz~A_TARGET_VIBE~3,Platz~A_TARGET_VIBE~4,Säule~A_TARGET_VIBE~4,Bogen~B_PART_VIBE~3"
Troll,3,2|8,Natur & Tiere|Geschichte & Mythos,6,"Brücke~A_TARGET_VIBE~2,Höhle~A_TARGET_VIBE~2,Keule~A_TARGET_VIBE~2,Märchen~A_TARGET_VIBE~3,Stein~A_TARGET_VIBE~3,Dunkel~A_TARGET_VIBE~3"
Tunika,2,0|8,Alltag & Gegenstände|Geschichte & Mythos,5,"Stoff~A_TARGET_VIBE~2,Naht~A_TARGET_VIBE~2,Gürtel~A_TARGET_VIBE~2,Rand~A_TARGET_VIBE~2,Falte~A_TARGET_VIBE~3"
Turnier,3,8|9|13,Geschichte & Mythos|Gesellschaft & Beruf|Feste & Jahreszeiten,6,"Lanze~A_TARGET_VIBE~2,Ritter~A_TARGET_VIBE~2,Schild~A_TARGET_VIBE~2,Tribüne~A_TARGET_VIBE~3,Banner~A_TARGET_VIBE~3,Kranz~A_TARGET_VIBE~3"
Tyrannei,4,8|9|12,Geschichte & Mythos|Gesellschaft & Beruf|Gefühle & Abstraktes,7,"Unterdrückung~A_TARGET_VIBE~3,Willkür~A_TARGET_VIBE~3,Aufstand~A_TARGET_VIBE~3,Angst~A_TARGET_VIBE~3,Dekret~A_TARGET_VIBE~4,Geheimpolizei~A_TARGET_VIBE~4,Herrscher~A_TARGET_VIBE~4"
Vasall,3,8|9,Geschichte & Mythos|Gesellschaft & Beruf,6,"Lehen~A_TARGET_VIBE~2,Treue~A_TARGET_VIBE~2,Huldigung~A_TARGET_VIBE~2,Siegel~A_TARGET_VIBE~3,Herr~A_TARGET_VIBE~3,Abgabe~A_TARGET_VIBE~3"
Verlies,3,8|9,Geschichte & Mythos|Gesellschaft & Beruf,6,"Kerker~A_TARGET_VIBE~2,Gitter~A_TARGET_VIBE~2,Feuchtigkeit~A_TARGET_VIBE~2,Schlüssel~A_TARGET_VIBE~3,Wache~A_TARGET_VIBE~3,Stille~A_TARGET_VIBE~3"
Wappen,2,8|9,Geschichte & Mythos|Gesellschaft & Beruf,5,"Schild~A_TARGET_VIBE~2,Siegel~A_TARGET_VIBE~2,Herold~A_TARGET_VIBE~2,Farben~A_TARGET_VIBE~2,Hof~A_TARGET_VIBE~3"
Weltenbaum,4,2|8,Natur & Tiere|Geschichte & Mythos,7,"Wurzel~A_TARGET_VIBE~3,Krone~A_TARGET_VIBE~3,Mythos~A_TARGET_VIBE~3,Weltschöpfung~A_TARGET_VIBE~3,Schlange~A_TARGET_VIBE~4,Himmelspforte~A_TARGET_VIBE~4,Baum~B_PART_VIBE~3"
Weltschöpfung,4,8|12,Geschichte & Mythos|Gefühle & Abstraktes,7,"Ursprung~A_TARGET_VIBE~3,Mythos~A_TARGET_VIBE~3,Gottheit~A_TARGET_VIBE~3,Chaos~A_TARGET_VIBE~3,Weltenbaum~A_TARGET_VIBE~4,Genesis~A_TARGET_VIBE~4,Schöpfung~A_TARGET_VIBE~4"
Werwolf,4,2|8,Natur & Tiere|Geschichte & Mythos,7,"Vollmond~A_TARGET_VIBE~3,Heulen~A_TARGET_VIBE~3,Fell~A_TARGET_VIBE~3,Klaue~A_TARGET_VIBE~3,Verwandlung~A_TARGET_VIBE~4,Silber~A_TARGET_VIBE~4,Dorf~A_TARGET_VIBE~4"
Wiedergeburt,4,8|12,Geschichte & Mythos|Gefühle & Abstraktes,7,"Asche~A_TARGET_VIBE~3,Kreis~A_TARGET_VIBE~3,Seele~A_TARGET_VIBE~3,Phönix~A_TARGET_VIBE~3,Verwandlung~A_TARGET_VIBE~4,Neuanfang~A_TARGET_VIBE~4,Trance~A_TARGET_VIBE~4"
Wiedergänger,4,2|8,Natur & Tiere|Geschichte & Mythos,7,"Spuk~A_TARGET_VIBE~3,Grab~A_TARGET_VIBE~3,Nebel~A_TARGET_VIBE~3,Kälte~A_TARGET_VIBE~3,Mitternacht~A_TARGET_VIBE~4,Schritt~A_TARGET_VIBE~4,Kerze~A_TARGET_VIBE~4"
Wunder,3,8|12,Geschichte & Mythos|Gefühle & Abstraktes,6,"Staunen~A_TARGET_VIBE~2,Gebet~A_TARGET_VIBE~2,Zeichen~A_TARGET_VIBE~2,Reliquie~A_TARGET_VIBE~3,Heilung~A_TARGET_VIBE~3,Verheißung~A_TARGET_VIBE~3"
Wunderheilung,5,7|8|12,Wissenschaft & Medizin|Geschichte & Mythos|Gefühle & Abstraktes,8,"Gebet~A_TARGET_VIBE~3,Reliquie~A_TARGET_VIBE~3,Pilger~A_TARGET_VIBE~3,Berührung~A_TARGET_VIBE~3,Staunen~A_TARGET_VIBE~4,Kapelle~A_TARGET_VIBE~4,Segen~A_TARGET_VIBE~4,Heilung~B_PART_VIBE~3"
Wunsch,2,8|12,Geschichte & Mythos|Gefühle & Abstraktes,5,"Sternschnuppe~A_TARGET_VIBE~2,Flüstern~A_TARGET_VIBE~2,Bitte~A_TARGET_VIBE~2,Hoffnung~A_TARGET_VIBE~2,Versprechen~A_TARGET_VIBE~3"
Zauber,2,8|12,Geschichte & Mythos|Gefühle & Abstraktes,5,"Ritual~A_TARGET_VIBE~2,Rune~A_TARGET_VIBE~2,Spruch~A_TARGET_VIBE~2,Amulett~A_TARGET_VIBE~2,Beschwörung~A_TARGET_VIBE~3"
Zauberbuch,3,8|12,Geschichte & Mythos|Gefühle & Abstraktes,7,"Rune~A_TARGET_VIBE~2,Seiten~A_TARGET_VIBE~2,Tinte~A_TARGET_VIBE~2,Beschwörung~A_TARGET_VIBE~3,Siegel~A_TARGET_VIBE~3,Verboten~A_TARGET_VIBE~3,Buch~B_PART_VIBE~2"
Zauberer,3,8|12,Geschichte & Mythos|Gefühle & Abstraktes,6,"Robe~A_TARGET_VIBE~2,Rune~A_TARGET_VIBE~2,Beschwörung~A_TARGET_VIBE~2,Stab~A_TARGET_VIBE~3,Spruch~A_TARGET_VIBE~3,Kreis~A_TARGET_VIBE~3"
Zauberin,3,8|12,Geschichte & Mythos|Gefühle & Abstraktes,6,"Robe~A_TARGET_VIBE~2,Rune~A_TARGET_VIBE~2,Beschwörung~A_TARGET_VIBE~2,Kessel~A_TARGET_VIBE~3,Spruch~A_TARGET_VIBE~3,Amulett~A_TARGET_VIBE~3"
Zauberkessel,4,8|12,Geschichte & Mythos|Gefühle & Abstraktes,7,"Kräuter~A_TARGET_VIBE~3,Brodeln~A_TARGET_VIBE~3,Rauch~A_TARGET_VIBE~3,Trank~A_TARGET_VIBE~3,Ritual~A_TARGET_VIBE~4,Funken~A_TARGET_VIBE~4,Kessel~B_PART_VIBE~3"
Zaubermittel,4,8|12,Geschichte & Mythos|Gefühle & Abstraktes,7,"Trank~A_TARGET_VIBE~3,Kräuter~A_TARGET_VIBE~3,Amulett~A_TARGET_VIBE~3,Ritual~A_TARGET_VIBE~3,Fluch~A_TARGET_VIBE~4,Siegel~A_TARGET_VIBE~4,Mittel~B_PART_VIBE~3"
Zauberring,4,8|12,Geschichte & Mythos|Gefühle & Abstraktes,7,"Siegel~A_TARGET_VIBE~3,Gold~A_TARGET_VIBE~3,Finger~A_TARGET_VIBE~3,Rune~A_TARGET_VIBE~3,Pakt~A_TARGET_VIBE~4,Glanz~A_TARGET_VIBE~4,Ring~B_PART_VIBE~3"
Zauberspiegel,4,8|12,Geschichte & Mythos|Gefühle & Abstraktes,7,"Glas~A_TARGET_VIBE~3,Reflex~A_TARGET_VIBE~3,Portal~A_TARGET_VIBE~3,Bild~A_TARGET_VIBE~3,Schimmer~A_TARGET_VIBE~4,Fluch~A_TARGET_VIBE~4,Spiegel~B_PART_VIBE~3"
Zauberspruch,4,8|12,Geschichte & Mythos|Gefühle & Abstraktes,7,"Rune~A_TARGET_VIBE~3,Formel~A_TARGET_VIBE~3,Flüstern~A_TARGET_VIBE~3,Ritual~A_TARGET_VIBE~3,Beschwörung~A_TARGET_VIBE~4,Kreis~A_TARGET_VIBE~4,Spruch~B_PART_VIBE~3"
Zauberstab,4,8|12,Geschichte & Mythos|Gefühle & Abstraktes,7,"Holz~A_TARGET_VIBE~3,Spitze~A_TARGET_VIBE~3,Funken~A_TARGET_VIBE~3,Geste~A_TARGET_VIBE~3,Rune~A_TARGET_VIBE~4,Spruch~A_TARGET_VIBE~4,Stab~B_PART_VIBE~3"
Zaubertrick,3,8|12,Geschichte & Mythos|Gefühle & Abstraktes,7,"Ablenkung~A_TARGET_VIBE~2,Hand~A_TARGET_VIBE~2,Gaukler~A_TARGET_VIBE~2,Staunen~A_TARGET_VIBE~3,Spiegel~A_TARGET_VIBE~3,Flüstern~A_TARGET_VIBE~3,Trick~B_PART_VIBE~2"
Zehnt,3,9|12,Gesellschaft & Beruf|Gefühle & Abstraktes,6,"Abgabe~A_TARGET_VIBE~2,Korn~A_TARGET_VIBE~2,Kasse~A_TARGET_VIBE~2,Priester~A_TARGET_VIBE~3,Siegel~A_TARGET_VIBE~3,Frist~A_TARGET_VIBE~3"
Zeitlinie,4,8|12,Geschichte & Mythos|Gefühle & Abstraktes,7,"Abfolge~A_TARGET_VIBE~3,Datierung~A_TARGET_VIBE~3,Chronik~A_TARGET_VIBE~3,Ereignis~A_TARGET_VIBE~3,Kalender~A_TARGET_VIBE~4,Ordnung~A_TARGET_VIBE~4,Linie~B_PART_VIBE~3"
Zeitrechnung,4,8|12,Geschichte & Mythos|Gefühle & Abstraktes,7,"Kalender~A_TARGET_VIBE~3,Datierung~A_TARGET_VIBE~3,Jahreszahl~A_TARGET_VIBE~3,Epochen~A_TARGET_VIBE~3,Chronik~A_TARGET_VIBE~4,Ordnung~A_TARGET_VIBE~4,Rechnung~B_PART_VIBE~3"
Zeitzeuge,3,8|12,Geschichte & Mythos|Gefühle & Abstraktes,6,"Erinnerung~A_TARGET_VIBE~2,Aussage~A_TARGET_VIBE~2,Gericht~A_TARGET_VIBE~2,Chronik~A_TARGET_VIBE~3,Zeuge~A_TARGET_VIBE~3,Schilderung~A_TARGET_VIBE~3"
Zentaur,3,2|8,Natur & Tiere|Geschichte & Mythos,6,"Huf~A_TARGET_VIBE~2,Galopp~A_TARGET_VIBE~2,Bogen~A_TARGET_VIBE~2,Wildnis~A_TARGET_VIBE~3,Lanze~A_TARGET_VIBE~3,Mischwesen~A_TARGET_VIBE~3"
Zenturie,4,8|9,Geschichte & Mythos|Gesellschaft & Beruf,7,"Legion~A_TARGET_VIBE~3,Banner~A_TARGET_VIBE~3,Befehl~A_TARGET_VIBE~3,Disziplin~A_TARGET_VIBE~3,Marsch~A_TARGET_VIBE~4,Rüstung~A_TARGET_VIBE~4,Einheit~A_TARGET_VIBE~4"
Zepter,3,0|8,Alltag & Gegenstände|Geschichte & Mythos,6,"Stab~A_TARGET_VIBE~2,Gold~A_TARGET_VIBE~2,Siegel~A_TARGET_VIBE~2,Thron~A_TARGET_VIBE~3,Prunk~A_TARGET_VIBE~3,Macht~A_TARGET_VIBE~3"
Zinne,3,3|8,Orte & Reisen|Geschichte & Mythos,6,"Mauer~A_TARGET_VIBE~2,Tor~A_TARGET_VIBE~2,Wache~A_TARGET_VIBE~2,Burg~A_TARGET_VIBE~3,Schießscharte~A_TARGET_VIBE~3,Stein~A_TARGET_VIBE~3"
Zins,2,9|12,Gesellschaft & Beruf|Gefühle & Abstraktes,5,"Schuld~A_TARGET_VIBE~2,Kasse~A_TARGET_VIBE~2,Frist~A_TARGET_VIBE~2,Vertrag~A_TARGET_VIBE~2,Forderung~A_TARGET_VIBE~3"
Zunft,3,8|9,Geschichte & Mythos|Gesellschaft & Beruf,6,"Meister~A_TARGET_VIBE~2,Lehrling~A_TARGET_VIBE~2,Siegel~A_TARGET_VIBE~2,Regel~A_TARGET_VIBE~3,Werkstatt~A_TARGET_VIBE~3,Markt~A_TARGET_VIBE~3"
Zwerg,2,2|8,Natur & Tiere|Geschichte & Mythos,5,"Bergwerk~A_TARGET_VIBE~2,Bart~A_TARGET_VIBE~2,Schmiede~A_TARGET_VIBE~2,Erz~A_TARGET_VIBE~2,Laterne~A_TARGET_VIBE~3"
Zyklop,3,2|8,Natur & Tiere|Geschichte & Mythos,6,"einäugig~A_TARGET_VIBE~2,Keule~A_TARGET_VIBE~2,Höhle~A_TARGET_VIBE~2,Riese~A_TARGET_VIBE~3,Odysseus~A_TARGET_VIBE~3,Felsen~A_TARGET_VIBE~3"
Zölibat,3,8|12,Geschichte & Mythos|Gefühle & Abstraktes,6,"Gelübde~A_TARGET_VIBE~2,Keuschheit~A_TARGET_VIBE~2,Klerus~A_TARGET_VIBE~2,Kloster~A_TARGET_VIBE~3,Verzicht~A_TARGET_VIBE~3,Ordensregel~A_TARGET_VIBE~3"
Überlieferung,3,4|8,Kultur & Kunst|Geschichte & Mythos,6,"Erzählung~A_TARGET_VIBE~2,Tradition~A_TARGET_VIBE~2,Chronik~A_TARGET_VIBE~2,Mündlich~A_TARGET_VIBE~3,Sage~A_TARGET_VIBE~3,Handschrift~A_TARGET_VIBE~3"
Überrest,3,8|12,Geschichte & Mythos|Gefühle & Abstraktes,6,"Bruchstück~A_TARGET_VIBE~2,Relikt~A_TARGET_VIBE~2,Trümmer~A_TARGET_VIBE~2,Fragment~A_TARGET_VIBE~3,Fundstück~A_TARGET_VIBE~3,Staub~A_TARGET_VIBE~3"
Zauberring,3,8,Geschichte & Mythos,6,"Runen~A_TARGET_VIBE~3,Fluch~A_TARGET_VIBE~2,Juwel~A_TARGET_VIBE~2,Finger~A_TARGET_VIBE~2,Schmied~A_TARGET_VIBE~3,Unsichtbarkeit~A_TARGET_VIBE~3"
Zauberspiegel,3,8,Geschichte & Mythos,6,"Glas~A_TARGET_VIBE~2,Rahmen~A_TARGET_VIBE~2,Orakel~A_TARGET_VIBE~3,Vision~A_TARGET_VIBE~3,Portal~A_TARGET_VIBE~3,Trugbild~A_TARGET_VIBE~3"
Zauberspruch,2,8,Geschichte & Mythos,6,"Formel~A_TARGET_VIBE~2,Silbe~A_TARGET_VIBE~2,Latein~A_TARGET_VIBE~2,Buchrolle~A_TARGET_VIBE~3,Flüstern~A_TARGET_VIBE~2,Beschwörung~A_TARGET_VIBE~3"
Zauberstab,2,8,Geschichte & Mythos,6,"Holz~A_TARGET_VIBE~2,Spitze~A_TARGET_VIBE~2,Funke~A_TARGET_VIBE~2,Lehrling~A_TARGET_VIBE~2,Robe~A_TARGET_VIBE~2,Duell~A_TARGET_VIBE~3"
Zaubertrick,2,4|5,Kultur & Kunst|Sport & Freizeit,6,"Bühne~A_TARGET_VIBE~2,Applaus~A_TARGET_VIBE~2,Karte~A_TARGET_VIBE~2,Münze~A_TARGET_VIBE~2,Ärmel~A_TARGET_VIBE~2,Täuschung~A_TARGET_VIBE~3"
Zehnt,4,8|9,Geschichte & Mythos|Gesellschaft & Beruf,6,"Ernte~A_TARGET_VIBE~3,Scheune~A_TARGET_VIBE~3,Pacht~A_TARGET_VIBE~3,Lehen~A_TARGET_VIBE~3,Pfarrer~A_TARGET_VIBE~3,Fron~A_TARGET_VIBE~3"
Zeitlinie,2,8|12,Geschichte & Mythos|Gefühle & Abstraktes,6,"Chronik~A_TARGET_VIBE~2,Pfeil~A_TARGET_VIBE~2,Datum~A_TARGET_VIBE~2,Ereignis~A_TARGET_VIBE~2,Achse~A_TARGET_VIBE~3,Übersicht~A_TARGET_VIBE~2"
Zeitrechnung,3,8|12,Geschichte & Mythos|Gefühle & Abstraktes,6,"Kalender~A_TARGET_VIBE~2,Schaltjahr~A_TARGET_VIBE~3,Sonnenuhr~A_TARGET_VIBE~3,Jahreszahl~A_TARGET_VIBE~2,Ära~A_TARGET_VIBE~3,Nullpunkt~A_TARGET_VIBE~3"
Zeitzeuge,3,8|9,Geschichte & Mythos|Gesellschaft & Beruf,6,"Aussage~A_TARGET_VIBE~3,Interview~A_TARGET_VIBE~3,Erinnerung~A_TARGET_VIBE~2,Gerichtssaal~A_TARGET_VIBE~3,Protokoll~A_TARGET_VIBE~3,Archiv~A_TARGET_VIBE~2"
Zentaur,4,8,Geschichte & Mythos,6,"Hufe~A_TARGET_VIBE~2,Bogen~A_TARGET_VIBE~3,Lanze~A_TARGET_VIBE~3,Wald~A_TARGET_VIBE~2,Stall~A_TARGET_VIBE~2,Sage~A_TARGET_VIBE~2"
Zenturie,4,8|9,Geschichte & Mythos|Gesellschaft & Beruf,6,"Legion~A_TARGET_VIBE~3,Centurio~A_TARGET_VIBE~4,Formation~A_TARGET_VIBE~3,Schildwall~A_TARGET_VIBE~3,Adler~A_TARGET_VIBE~3,Marsch~A_TARGET_VIBE~2"
Zepter,3,8,Geschichte & Mythos,6,"Thron~A_TARGET_VIBE~3,Krone~A_TARGET_VIBE~3,Hof~A_TARGET_VIBE~2,Juwel~A_TARGET_VIBE~2,Macht~A_TARGET_VIBE~2,Zeremonie~A_TARGET_VIBE~3"
Zinne,3,3|8,Orte & Reisen|Geschichte & Mythos,6,"Mauer~A_TARGET_VIBE~2,Wehrgang~A_TARGET_VIBE~3,Schießscharte~A_TARGET_VIBE~3,Wachturm~A_TARGET_VIBE~2,Stein~A_TARGET_VIBE~2,Belagerung~A_TARGET_VIBE~3"
Zins,3,9,Gesellschaft & Beruf,6,"Kredit~A_TARGET_VIBE~2,Schuld~A_TARGET_VIBE~2,Prozent~A_TARGET_VIBE~2,Sparen~A_TARGET_VIBE~2,Rendite~A_TARGET_VIBE~3,Bank~A_TARGET_VIBE~2"
Zunft,4,8|9,Geschichte & Mythos|Gesellschaft & Beruf,6,"Meister~A_TARGET_VIBE~3,Lehrling~A_TARGET_VIBE~3,Satzung~A_TARGET_VIBE~3,Siegel~A_TARGET_VIBE~2,Werkstatt~A_TARGET_VIBE~2,Gasse~A_TARGET_VIBE~2"
Zwerg,2,8,Geschichte & Mythos,6,"Bart~A_TARGET_VIBE~2,Berg~A_TARGET_VIBE~2,Stollen~A_TARGET_VIBE~3,Axt~A_TARGET_VIBE~2,Schatz~A_TARGET_VIBE~2,Sage~A_TARGET_VIBE~2"
Zyklop,3,8,Geschichte & Mythos,6,"Auge~A_TARGET_VIBE~3,Höhle~A_TARGET_VIBE~2,Fels~A_TARGET_VIBE~2,Hirte~A_TARGET_VIBE~3,Küste~A_TARGET_VIBE~2,Riese~A_TARGET_VIBE~2"
Zölibat,3,8|9,Geschichte & Mythos|Gesellschaft & Beruf,6,"Gelübde~A_TARGET_VIBE~3,Priester~A_TARGET_VIBE~3,Kloster~A_TARGET_VIBE~2,Ordensregel~A_TARGET_VIBE~3,Keuschheit~A_TARGET_VIBE~3,Beichte~A_TARGET_VIBE~2"
Überlieferung,3,4|8,Kultur & Kunst|Geschichte & Mythos,6,"Erzählung~A_TARGET_VIBE~2,Quelle~A_TARGET_VIBE~2,Manuskript~A_TARGET_VIBE~3,Tradition~A_TARGET_VIBE~2,Legende~A_TARGET_VIBE~3,Weitergabe~A_TARGET_VIBE~2"
Überrest,3,0|8,Alltag & Gegenstände|Geschichte & Mythos,6,"Scherbe~A_TARGET_VIBE~3,Bruchstück~A_TARGET_VIBE~3,Fund~A_TARGET_VIBE~2,Ausgrabung~A_TARGET_VIBE~3,Spur~A_TARGET_VIBE~2,Ruine~A_TARGET_VIBE~3"
Amulett,3,0|8,Alltag & Gegenstände|Geschichte & Mythos,6,"Anhänger~A_TARGET_VIBE~2,Kordel~A_TARGET_VIBE~2,Rune~A_TARGET_VIBE~3,Aberglaube~A_TARGET_VIBE~3,Lederband~A_TARGET_VIBE~2,Schutz~A_TARGET_VIBE~2"
Annexion,4,8|9,Geschichte & Mythos|Gesellschaft & Beruf,6,"Grenze~A_TARGET_VIBE~3,Ultimatum~A_TARGET_VIBE~3,Besatzung~A_TARGET_VIBE~3,Provinz~A_TARGET_VIBE~3,Dekret~A_TARGET_VIBE~3,Vertrag~A_TARGET_VIBE~3"
Archäologie,4,7|8,Wissenschaft & Medizin|Geschichte & Mythos,6,"Ausgrabung~A_TARGET_VIBE~3,Fundstück~A_TARGET_VIBE~3,Datierung~A_TARGET_VIBE~3,Schicht~A_TARGET_VIBE~3,Pinsel~A_TARGET_VIBE~3,Keramik~A_TARGET_VIBE~3"
Armbrust,3,0|8,Alltag & Gegenstände|Geschichte & Mythos,6,"Bolzen~A_TARGET_VIBE~2,Sehne~A_TARGET_VIBE~2,Spannen~A_TARGET_VIBE~2,Zielscheibe~A_TARGET_VIBE~3,Jagd~A_TARGET_VIBE~2,Holzschaft~A_TARGET_VIBE~3"
Artefakt,3,4|8,Kultur & Kunst|Geschichte & Mythos,6,"Patina~A_TARGET_VIBE~2,Vitrine~A_TARGET_VIBE~2,Museum~A_TARGET_VIBE~2,Fundstück~A_TARGET_VIBE~3,Bruchstück~A_TARGET_VIBE~3,Datierung~A_TARGET_VIBE~3"
Astrologie,4,8|11|12,Geschichte & Mythos|Wetter & Himmel|Gefühle & Abstraktes,6,"Horoskop~A_TARGET_VIBE~3,Sternzeichen~A_TARGET_VIBE~3,Zodiak~A_TARGET_VIBE~3,Konstellation~A_TARGET_VIBE~3,Deutung~A_TARGET_VIBE~3,Geburt~A_TARGET_VIBE~3"
Aufruhr,3,9|12,Gesellschaft & Beruf|Gefühle & Abstraktes,6,"Tumult~A_TARGET_VIBE~2,Menge~A_TARGET_VIBE~2,Parole~A_TARGET_VIBE~3,Barrikade~A_TARGET_VIBE~3,Sirene~A_TARGET_VIBE~2,Krawall~A_TARGET_VIBE~2"
Aufstand,2,8|9,Geschichte & Mythos|Gesellschaft & Beruf,6,"Barrikade~A_TARGET_VIBE~2,Flugblatt~A_TARGET_VIBE~2,Parole~A_TARGET_VIBE~2,Verhaftung~A_TARGET_VIBE~3,Menge~A_TARGET_VIBE~2,Straße~A_TARGET_VIBE~2"
Aufzeichnung,2,0|4,Alltag & Gegenstände|Kultur & Kunst,6,"Notiz~A_TARGET_VIBE~2,Protokoll~A_TARGET_VIBE~2,Heft~A_TARGET_VIBE~2,Tinte~A_TARGET_VIBE~2,Randnotiz~A_TARGET_VIBE~3,Archiv~A_TARGET_VIBE~3"
Auslegung,2,4|12,Kultur & Kunst|Gefühle & Abstraktes,6,"Kommentar~A_TARGET_VIBE~2,Textstelle~A_TARGET_VIBE~2,Predigt~A_TARGET_VIBE~3,Fußnote~A_TARGET_VIBE~2,Deutung~A_TARGET_VIBE~2,Streit~A_TARGET_VIBE~2"
Ballade,3,4,Kultur & Kunst,6,"Strophe~A_TARGET_VIBE~2,Reim~A_TARGET_VIBE~2,Melodie~A_TARGET_VIBE~2,Laute~A_TARGET_VIBE~3,Vortrag~A_TARGET_VIBE~2,Barde~A_TARGET_VIBE~3"
Banner,2,8|9,Geschichte & Mythos|Gesellschaft & Beruf,6,"Wappen~A_TARGET_VIBE~2,Stoff~A_TARGET_VIBE~2,Mast~A_TARGET_VIBE~2,Herold~A_TARGET_VIBE~3,Feldzug~A_TARGET_VIBE~3,Lager~A_TARGET_VIBE~2"
Bannspruch,3,8|12,Geschichte & Mythos|Gefühle & Abstraktes,6,"Formel~A_TARGET_VIBE~2,Beschwörung~A_TARGET_VIBE~3,Siegel~A_TARGET_VIBE~3,Fluch~A_TARGET_VIBE~3,Kreis~A_TARGET_VIBE~2,Rune~A_TARGET_VIBE~3"
Baron,3,8|9,Geschichte & Mythos|Gesellschaft & Beruf,6,"Titel~A_TARGET_VIBE~2,Wappen~A_TARGET_VIBE~2,Siegel~A_TARGET_VIBE~2,Lehen~A_TARGET_VIBE~3,Gutshof~A_TARGET_VIBE~3,Hof~A_TARGET_VIBE~3"
Basilisk,4,2|8,Natur & Tiere|Geschichte & Mythos,7,"Versteinerung~A_TARGET_VIBE~4,Blick~A_TARGET_VIBE~3,Gift~A_TARGET_VIBE~3,Schuppen~A_TARGET_VIBE~3,Hahnenkamm~A_TARGET_VIBE~4,Höhle~A_TARGET_VIBE~3,Sage~A_TARGET_VIBE~3"
Bauernkrieg,3,8|9,Geschichte & Mythos|Gesellschaft & Beruf,7,"Sense~A_TARGET_VIBE~3,Tribut~A_TARGET_VIBE~3,Fron~A_TARGET_VIBE~3,Bauernhaufen~A_TARGET_VIBE~4,Fürst~A_TARGET_VIBE~3,Plünderung~A_TARGET_VIBE~3,Schlacht~A_TARGET_VIBE~3"
Beschwörung,3,8|12,Geschichte & Mythos|Gefühle & Abstraktes,6,"Ritual~A_TARGET_VIBE~2,Formel~A_TARGET_VIBE~2,Rauch~A_TARGET_VIBE~2,Kerze~A_TARGET_VIBE~2,Kreis~A_TARGET_VIBE~2,Siegel~A_TARGET_VIBE~3"
Beschützer,2,12,Gefühle & Abstraktes,6,"Hüter~A_TARGET_VIBE~2,Wache~A_TARGET_VIBE~2,Schild~A_TARGET_VIBE~2,Treue~A_TARGET_VIBE~2,Begleiter~A_TARGET_VIBE~2,Schutz~A_TARGET_VIBE~2"
Bibel,2,4|8,Kultur & Kunst|Geschichte & Mythos,6,"Kapitel~A_TARGET_VIBE~2,Psalm~A_TARGET_VIBE~3,Evangelium~A_TARGET_VIBE~3,Pergament~A_TARGET_VIBE~2,Kanzel~A_TARGET_VIBE~2,Lesung~A_TARGET_VIBE~2"
Einsiedler,3,8|12,Geschichte & Mythos|Gefühle & Abstraktes,6,"Hütte~A_TARGET_VIBE~2,Wald~A_TARGET_VIBE~2,Stille~A_TARGET_VIBE~2,Gelübde~A_TARGET_VIBE~3,Klause~A_TARGET_VIBE~3,Askese~A_TARGET_VIBE~3"
Eisenzeit,3,8|12,Geschichte & Mythos|Gefühle & Abstraktes,6,"Erz~A_TARGET_VIBE~3,Schmiede~A_TARGET_VIBE~3,Schmelze~A_TARGET_VIBE~3,Klinge~A_TARGET_VIBE~3,Hügelgrab~A_TARGET_VIBE~3,Epoche~A_TARGET_VIBE~2"
Elf,2,2|8,Natur & Tiere|Geschichte & Mythos,6,"Spitzohren~A_TARGET_VIBE~3,Wald~A_TARGET_VIBE~2,Bogen~A_TARGET_VIBE~2,Mondlicht~A_TARGET_VIBE~2,Reigen~A_TARGET_VIBE~2,Rune~A_TARGET_VIBE~3"
Elixier,3,1|8,Essen & Trinken|Geschichte & Mythos,6,"Trank~A_TARGET_VIBE~2,Kessel~A_TARGET_VIBE~3,Kräuter~A_TARGET_VIBE~2,Fläschchen~A_TARGET_VIBE~2,Destillat~A_TARGET_VIBE~3,Tropfen~A_TARGET_VIBE~2"
Entdeckung,2,7|12,Wissenschaft & Medizin|Gefühle & Abstraktes,6,"Expedition~A_TARGET_VIBE~3,Fund~A_TARGET_VIBE~2,Durchbruch~A_TARGET_VIBE~3,Neugier~A_TARGET_VIBE~2,Karte~A_TARGET_VIBE~2,Labor~A_TARGET_VIBE~2"
Epitaph,4,4|8,Kultur & Kunst|Geschichte & Mythos,6,"Inschrift~A_TARGET_VIBE~3,Meißel~A_TARGET_VIBE~3,Datum~A_TARGET_VIBE~3,Latein~A_TARGET_VIBE~3,Grabstein~A_TARGET_VIBE~3,Spruch~A_TARGET_VIBE~2"
Epoche,2,8|12,Geschichte & Mythos|Gefühle & Abstraktes,6,"Jahrhundert~A_TARGET_VIBE~2,Ära~A_TARGET_VIBE~2,Zeitlinie~A_TARGET_VIBE~2,Wandel~A_TARGET_VIBE~2,Chronik~A_TARGET_VIBE~2,Datierung~A_TARGET_VIBE~2"
Erbfolge,3,8|9,Geschichte & Mythos|Gesellschaft & Beruf,6,"Thron~A_TARGET_VIBE~3,Testament~A_TARGET_VIBE~3,Stammbaum~A_TARGET_VIBE~2,Siegel~A_TARGET_VIBE~2,Dynastie~A_TARGET_VIBE~3,Nachlass~A_TARGET_VIBE~2"
Eremit,3,8|12,Geschichte & Mythos|Gefühle & Abstraktes,6,"Klause~A_TARGET_VIBE~3,Gelübde~A_TARGET_VIBE~3,Fasten~A_TARGET_VIBE~3,Wald~A_TARGET_VIBE~2,Stille~A_TARGET_VIBE~2,Kapuze~A_TARGET_VIBE~2"
Eroberung,3,8|9,Geschichte & Mythos|Gesellschaft & Beruf,6,"Feldzug~A_TARGET_VIBE~3,Belagerung~A_TARGET_VIBE~3,Tribut~A_TARGET_VIBE~3,Banner~A_TARGET_VIBE~2,Beute~A_TARGET_VIBE~2,Provinz~A_TARGET_VIBE~3"
Erzbischof,4,4|8,Kultur & Kunst|Geschichte & Mythos,7,"Mitra~A_TARGET_VIBE~4,Dom~A_TARGET_VIBE~3,Kanzel~A_TARGET_VIBE~3,Weihrauch~A_TARGET_VIBE~3,Siegel~A_TARGET_VIBE~3,Hirtenstab~A_TARGET_VIBE~4,Synode~A_TARGET_VIBE~3"
Evangelium,3,4|8,Kultur & Kunst|Geschichte & Mythos,6,"Lesung~A_TARGET_VIBE~2,Gleichnis~A_TARGET_VIBE~3,Kapitel~A_TARGET_VIBE~2,Pergament~A_TARGET_VIBE~2,Kanzel~A_TARGET_VIBE~2,Predigt~A_TARGET_VIBE~3"
Exorzismus,4,7|8,Wissenschaft & Medizin|Geschichte & Mythos,7,"Besessenheit~A_TARGET_VIBE~4,Weihwasser~A_TARGET_VIBE~3,Gebet~A_TARGET_VIBE~3,Kreuz~A_TARGET_VIBE~3,Weihrauch~A_TARGET_VIBE~3,Ritual~A_TARGET_VIBE~3,Bannspruch~A_TARGET_VIBE~3"
Expedition,3,3|7,Orte & Reisen|Wissenschaft & Medizin,6,"Karte~A_TARGET_VIBE~2,Kompass~A_TARGET_VIBE~2,Zelt~A_TARGET_VIBE~2,Tagebuch~A_TARGET_VIBE~2,Forscher~A_TARGET_VIBE~3,Hafen~A_TARGET_VIBE~2"
Fabelwesen,3,2|8,Natur & Tiere|Geschichte & Mythos,6,"Mischwesen~A_TARGET_VIBE~3,Sage~A_TARGET_VIBE~2,Flügel~A_TARGET_VIBE~2,Klaue~A_TARGET_VIBE~2,Hörner~A_TARGET_VIBE~2,Schuppen~A_TARGET_VIBE~2"
Fahne,1,0|9,Alltag & Gegenstände|Gesellschaft & Beruf,5,"Stoff~A_TARGET_VIBE~2,Mast~A_TARGET_VIBE~2,Wind~A_TARGET_VIBE~2,Wappen~A_TARGET_VIBE~2,Signal~A_TARGET_VIBE~2"
Faun,4,2|8,Natur & Tiere|Geschichte & Mythos,6,"Hufe~A_TARGET_VIBE~3,Hörner~A_TARGET_VIBE~3,Flöte~A_TARGET_VIBE~3,Wald~A_TARGET_VIBE~2,Reigen~A_TARGET_VIBE~2,Wein~A_TARGET_VIBE~2"
Federkiel,3,0|4,Alltag & Gegenstände|Kultur & Kunst,6,"Tinte~A_TARGET_VIBE~2,Pergament~A_TARGET_VIBE~2,Schreiber~A_TARGET_VIBE~3,Tintenfass~A_TARGET_VIBE~3,Kalligraphie~A_TARGET_VIBE~3,Siegel~A_TARGET_VIBE~2"
Fee,2,2|8,Natur & Tiere|Geschichte & Mythos,6,"Flügel~A_TARGET_VIBE~2,Glitzer~A_TARGET_VIBE~2,Wunsch~A_TARGET_VIBE~2,Wald~A_TARGET_VIBE~2,Zauberstab~A_TARGET_VIBE~3,Staub~A_TARGET_VIBE~2"
Feldherr,3,8|9,Geschichte & Mythos|Gesellschaft & Beruf,6,"Strategie~A_TARGET_VIBE~3,Banner~A_TARGET_VIBE~2,Schlacht~A_TARGET_VIBE~3,Befehl~A_TARGET_VIBE~2,Stab~A_TARGET_VIBE~2,Karte~A_TARGET_VIBE~2"
Feldlager,3,3|8,Orte & Reisen|Geschichte & Mythos,6,"Zelt~A_TARGET_VIBE~2,Feuerstelle~A_TARGET_VIBE~2,Wache~A_TARGET_VIBE~2,Marsch~A_TARGET_VIBE~2,Proviant~A_TARGET_VIBE~2,Trommel~A_TARGET_VIBE~3"
Festtag,2,13,Feste & Jahreszeiten,6,"Kalender~A_TARGET_VIBE~2,Glocken~A_TARGET_VIBE~2,Gottesdienst~A_TARGET_VIBE~3,Umzug~A_TARGET_VIBE~2,Kerze~A_TARGET_VIBE~2,Speise~A_TARGET_VIBE~2"
Festung,3,3|8,Orte & Reisen|Geschichte & Mythos,6,"Mauer~A_TARGET_VIBE~2,Graben~A_TARGET_VIBE~2,Bastion~A_TARGET_VIBE~3,Belagerung~A_TARGET_VIBE~3,Tor~A_TARGET_VIBE~2,Kanone~A_TARGET_VIBE~3"
Feudalismus,4,8|9,Geschichte & Mythos|Gesellschaft & Beruf,7,"Lehen~A_TARGET_VIBE~4,Vasall~A_TARGET_VIBE~4,Zehnt~A_TARGET_VIBE~4,Frondienst~A_TARGET_VIBE~4,Grundherr~A_TARGET_VIBE~4,Burg~A_TARGET_VIBE~3,Ritter~A_TARGET_VIBE~3"
Grabmal,3,4|8,Kultur & Kunst|Geschichte & Mythos,6,"Inschrift~A_TARGET_VIBE~3,Mausoleum~A_TARGET_VIBE~3,Statue~A_TARGET_VIBE~2,Kranz~A_TARGET_VIBE~2,Stein~A_TARGET_VIBE~2,Epitaph~A_TARGET_VIBE~3"
Grabplatte,3,4|8,Kultur & Kunst|Geschichte & Mythos,6,"Relief~A_TARGET_VIBE~3,Meißel~A_TARGET_VIBE~3,Krypta~A_TARGET_VIBE~3,Kirche~A_TARGET_VIBE~2,Inschrift~A_TARGET_VIBE~2,Stein~A_TARGET_VIBE~2"
Grabstein,2,4|8,Kultur & Kunst|Geschichte & Mythos,6,"Inschrift~A_TARGET_VIBE~2,Datum~A_TARGET_VIBE~2,Name~A_TARGET_VIBE~2,Kranz~A_TARGET_VIBE~2,Meißel~A_TARGET_VIBE~3,Friedhof~A_TARGET_VIBE~2"
Grabung,2,7|8,Wissenschaft & Medizin|Geschichte & Mythos,6,"Schaufel~A_TARGET_VIBE~2,Schicht~A_TARGET_VIBE~2,Fund~A_TARGET_VIBE~2,Pinsel~A_TARGET_VIBE~2,Erdreich~A_TARGET_VIBE~2,Datierung~A_TARGET_VIBE~3"
Graf,3,8|9,Geschichte & Mythos|Gesellschaft & Beruf,6,"Titel~A_TARGET_VIBE~2,Wappen~A_TARGET_VIBE~2,Siegel~A_TARGET_VIBE~2,Burg~A_TARGET_VIBE~2,Lehen~A_TARGET_VIBE~3,Hof~A_TARGET_VIBE~3"
Gral,3,8|12,Geschichte & Mythos|Gefühle & Abstraktes,6,"Kelch~A_TARGET_VIBE~3,Tafelrunde~A_TARGET_VIBE~4,Ritter~A_TARGET_VIBE~3,Pilger~A_TARGET_VIBE~3,Reliquie~A_TARGET_VIBE~3,Legende~A_TARGET_VIBE~3"
Greif,4,2|8,Natur & Tiere|Geschichte & Mythos,7,"Adler~A_TARGET_VIBE~3,Löwe~A_TARGET_VIBE~3,Flügel~A_TARGET_VIBE~2,Klaue~A_TARGET_VIBE~2,Horst~A_TARGET_VIBE~2,Schatz~A_TARGET_VIBE~3,Wappen~A_TARGET_VIBE~3"
Grenzstein,3,3|8,Orte & Reisen|Geschichte & Mythos,6,"Markierung~A_TARGET_VIBE~2,Parzelle~A_TARGET_VIBE~3,Vermessung~A_TARGET_VIBE~3,Feldweg~A_TARGET_VIBE~2,Moos~A_TARGET_VIBE~2,Inschrift~A_TARGET_VIBE~2"
Grenzwall,3,3|8,Orte & Reisen|Geschichte & Mythos,6,"Palisade~A_TARGET_VIBE~3,Graben~A_TARGET_VIBE~2,Wache~A_TARGET_VIBE~2,Patrouille~A_TARGET_VIBE~3,Tor~A_TARGET_VIBE~2,Mauer~A_TARGET_VIBE~2"
Götterdämmerung,5,8|12,Geschichte & Mythos|Gefühle & Abstraktes,8,"Ragnarök~A_TARGET_VIBE~4,Weltbrand~A_TARGET_VIBE~4,Endschlacht~A_TARGET_VIBE~4,Untergang~A_TARGET_VIBE~3,Asgard~A_TARGET_VIBE~4,Schicksal~A_TARGET_VIBE~3,Fenrir~A_TARGET_VIBE~4,Weltenbaum~A_TARGET_VIBE~4"
Götterwelt,3,8,Geschichte & Mythos,7,"Pantheon~A_TARGET_VIBE~3,Olymp~A_TARGET_VIBE~3,Asgard~A_TARGET_VIBE~3,Tempel~A_TARGET_VIBE~2,Opfer~A_TARGET_VIBE~2,Mythos~A_TARGET_VIBE~2,Gottheit~A_TARGET_VIBE~2"
Göttin,3,8,Geschichte & Mythos,6,"Tempel~A_TARGET_VIBE~2,Opfer~A_TARGET_VIBE~2,Pantheon~A_TARGET_VIBE~3,Priesterin~A_TARGET_VIBE~3,Ikone~A_TARGET_VIBE~2,Mythos~A_TARGET_VIBE~2"
Götzenbild,4,4|8,Kultur & Kunst|Geschichte & Mythos,7,"Holzfigur~A_TARGET_VIBE~3,Schrein~A_TARGET_VIBE~3,Weihrauch~A_TARGET_VIBE~3,Opfer~A_TARGET_VIBE~3,Verbot~A_TARGET_VIBE~3,Kult~A_TARGET_VIBE~3,Tempel~A_TARGET_VIBE~2"
Handel,1,9,Gesellschaft & Beruf,6,"Markt~A_TARGET_VIBE~2,Händler~A_TARGET_VIBE~2,Ware~A_TARGET_VIBE~2,Zoll~A_TARGET_VIBE~2,Münzen~A_TARGET_VIBE~2,Vertrag~A_TARGET_VIBE~2"
Handelshaus,3,9,Gesellschaft & Beruf,6,"Kontor~A_TARGET_VIBE~3,Kaufmann~A_TARGET_VIBE~2,Lagerhaus~A_TARGET_VIBE~3,Siegel~A_TARGET_VIBE~2,Karawane~A_TARGET_VIBE~3,Haus~B_PART_VIBE~2"
Handwerk,1,9,Gesellschaft & Beruf,6,"Werkstatt~A_TARGET_VIBE~2,Zunft~A_TARGET_VIBE~3,Meister~A_TARGET_VIBE~2,Lehrling~A_TARGET_VIBE~2,Schmiede~A_TARGET_VIBE~2,Werkzeug~A_TARGET_VIBE~2"
Harpyie,4,2|8,Natur & Tiere|Geschichte & Mythos,7,"Krallen~A_TARGET_VIBE~3,Flügel~A_TARGET_VIBE~2,Schrei~A_TARGET_VIBE~3,Felsen~A_TARGET_VIBE~2,Sturm~A_TARGET_VIBE~2,Beute~A_TARGET_VIBE~2,Sage~A_TARGET_VIBE~2"
Heer,1,8|9,Geschichte & Mythos|Gesellschaft & Beruf,6,"Marsch~A_TARGET_VIBE~2,Banner~A_TARGET_VIBE~2,Lager~A_TARGET_VIBE~2,Trommel~A_TARGET_VIBE~2,Sold~A_TARGET_VIBE~2,Rüstung~A_TARGET_VIBE~2"
Heerführer,3,8|9,Geschichte & Mythos|Gesellschaft & Beruf,6,"Befehl~A_TARGET_VIBE~2,Strategie~A_TARGET_VIBE~3,Stab~A_TARGET_VIBE~2,Marsch~A_TARGET_VIBE~2,Karte~A_TARGET_VIBE~2,Feldzeichen~A_TARGET_VIBE~3"
Heidentum,3,8|12,Geschichte & Mythos|Gefühle & Abstraktes,6,"Opfer~A_TARGET_VIBE~3,Kultplatz~A_TARGET_VIBE~3,Ritual~A_TARGET_VIBE~2,Götter~A_TARGET_VIBE~2,Mission~A_TARGET_VIBE~3,Tempel~A_TARGET_VIBE~2"
Heiligenschein,2,4|8,Kultur & Kunst|Geschichte & Mythos,6,"Goldglanz~A_TARGET_VIBE~2,Ikone~A_TARGET_VIBE~2,Engel~A_TARGET_VIBE~2,Fresko~A_TARGET_VIBE~3,Kirchenfenster~A_TARGET_VIBE~2,Kerze~A_TARGET_VIBE~2"
Heiliger,2,4|8,Kultur & Kunst|Geschichte & Mythos,6,"Reliquie~A_TARGET_VIBE~3,Gebet~A_TARGET_VIBE~2,Kapelle~A_TARGET_VIBE~2,Legende~A_TARGET_VIBE~2,Wallfahrt~A_TARGET_VIBE~3,Märtyrer~A_TARGET_VIBE~3"
Heiligsprechung,4,4|8,Kultur & Kunst|Geschichte & Mythos,7,"Vatikan~A_TARGET_VIBE~4,Prozess~A_TARGET_VIBE~3,Wunder~A_TARGET_VIBE~3,Dekret~A_TARGET_VIBE~3,Reliquie~A_TARGET_VIBE~3,Altar~A_TARGET_VIBE~2,Pilger~A_TARGET_VIBE~2"
Heiligtum,3,3|8,Orte & Reisen|Geschichte & Mythos,6,"Schrein~A_TARGET_VIBE~3,Reliquie~A_TARGET_VIBE~3,Wallfahrt~A_TARGET_VIBE~3,Weihrauch~A_TARGET_VIBE~2,Kerze~A_TARGET_VIBE~2,Opfergabe~A_TARGET_VIBE~3"
Heldenlied,3,4|8,Kultur & Kunst|Geschichte & Mythos,6,"Epos~A_TARGET_VIBE~3,Versmaß~A_TARGET_VIBE~3,Barde~A_TARGET_VIBE~3,Laute~A_TARGET_VIBE~2,Reim~A_TARGET_VIBE~2,Saga~A_TARGET_VIBE~3"
Heldenreise,3,4|8,Kultur & Kunst|Geschichte & Mythos,6,"Prüfung~A_TARGET_VIBE~2,Mentor~A_TARGET_VIBE~2,Schwelle~A_TARGET_VIBE~3,Weg~A_TARGET_VIBE~2,Schatz~A_TARGET_VIBE~2,Rückkehr~A_TARGET_VIBE~2"
Kaiser,2,8|9,Geschichte & Mythos|Gesellschaft & Beruf,6,"Krone~A_TARGET_VIBE~2,Reich~A_TARGET_VIBE~2,Hofstaat~A_TARGET_VIBE~3,Palast~A_TARGET_VIBE~2,Edikt~A_TARGET_VIBE~3,Siegel~A_TARGET_VIBE~2"
Kalender,1,0,Alltag & Gegenstände,6,"Datum~A_TARGET_VIBE~2,Monat~A_TARGET_VIBE~2,Woche~A_TARGET_VIBE~2,Feiertag~A_TARGET_VIBE~2,Schaltjahr~A_TARGET_VIBE~3,Termin~A_TARGET_VIBE~2"
Kanone,2,0|8,Alltag & Gegenstände|Geschichte & Mythos,6,"Pulver~A_TARGET_VIBE~2,Rohr~A_TARGET_VIBE~2,Lafette~A_TARGET_VIBE~3,Kugel~A_TARGET_VIBE~2,Rauch~A_TARGET_VIBE~2,Festung~A_TARGET_VIBE~3"
Kanzel,2,4|8,Kultur & Kunst|Geschichte & Mythos,6,"Predigt~A_TARGET_VIBE~2,Kirchenschiff~A_TARGET_VIBE~2,Treppe~A_TARGET_VIBE~2,Holzschnitzerei~A_TARGET_VIBE~3,Lesung~A_TARGET_VIBE~2,Pfarrer~A_TARGET_VIBE~2"
Kapitulation,3,8|9,Geschichte & Mythos|Gesellschaft & Beruf,6,"Übergabe~A_TARGET_VIBE~3,Weißflagge~A_TARGET_VIBE~3,Bedingungen~A_TARGET_VIBE~3,Verhandlung~A_TARGET_VIBE~3,Belagerung~A_TARGET_VIBE~3,Unterzeichnung~A_TARGET_VIBE~3"
Karavelle,4,3|8,Orte & Reisen|Geschichte & Mythos,7,"Segel~A_TARGET_VIBE~3,Bug~A_TARGET_VIBE~3,Ozean~A_TARGET_VIBE~3,Hafen~A_TARGET_VIBE~2,Entdecker~A_TARGET_VIBE~3,Kompass~A_TARGET_VIBE~2,Karte~A_TARGET_VIBE~2"
Karawane,3,3|9,Orte & Reisen|Gesellschaft & Beruf,6,"Kamel~A_TARGET_VIBE~3,Oase~A_TARGET_VIBE~3,Händler~A_TARGET_VIBE~2,Wüste~A_TARGET_VIBE~2,Packtier~A_TARGET_VIBE~2,Zoll~A_TARGET_VIBE~2"
Kaserne,2,3|9,Orte & Reisen|Gesellschaft & Beruf,6,"Kasernenhof~A_TARGET_VIBE~3,Appell~A_TARGET_VIBE~2,Schlafsaal~A_TARGET_VIBE~2,Spind~A_TARGET_VIBE~2,Wache~A_TARGET_VIBE~2,Drill~A_TARGET_VIBE~2"
Katapult,3,0|8,Alltag & Gegenstände|Geschichte & Mythos,6,"Schleuderarm~A_TARGET_VIBE~3,Steinball~A_TARGET_VIBE~3,Belagerung~A_TARGET_VIBE~3,Seil~A_TARGET_VIBE~2,Ramme~A_TARGET_VIBE~3,Festung~A_TARGET_VIBE~2"
Kathedrale,3,3|4|8,Orte & Reisen|Kultur & Kunst|Geschichte & Mythos,6,"Gewölbe~A_TARGET_VIBE~2,Orgel~A_TARGET_VIBE~2,Glocke~A_TARGET_VIBE~2,Fensterrose~A_TARGET_VIBE~3,Dom~A_TARGET_VIBE~2,Weihrauch~A_TARGET_VIBE~2"
Keilschrift,3,4|8,Kultur & Kunst|Geschichte & Mythos,6,"Tontafel~A_TARGET_VIBE~4,Griffel~A_TARGET_VIBE~3,Sumer~A_TARGET_VIBE~4,Ritzung~A_TARGET_VIBE~3,Archiv~A_TARGET_VIBE~2,Inschrift~A_TARGET_VIBE~3"
Keramik,2,0|4,Alltag & Gegenstände|Kultur & Kunst,6,"Ton~A_TARGET_VIBE~2,Brennofen~A_TARGET_VIBE~3,Glasur~A_TARGET_VIBE~3,Scherbe~A_TARGET_VIBE~2,Krug~A_TARGET_VIBE~2,Muster~A_TARGET_VIBE~2"
Kerze,1,0,Alltag & Gegenstände,6,"Docht~A_TARGET_VIBE~2,Flamme~A_TARGET_VIBE~2,Wachs~A_TARGET_VIBE~2,Tropfen~A_TARGET_VIBE~2,Licht~A_TARGET_VIBE~2,Streichholz~A_TARGET_VIBE~2"
Ketzerjagd,4,8|9,Geschichte & Mythos|Gesellschaft & Beruf,7,"Inquisition~A_TARGET_VIBE~4,Verhör~A_TARGET_VIBE~3,Anklage~A_TARGET_VIBE~3,Scheiterhaufen~A_TARGET_VIBE~4,Denunziation~A_TARGET_VIBE~3,Kirchengericht~A_TARGET_VIBE~4,Folter~A_TARGET_VIBE~4"
Klause,4,3|8,Orte & Reisen|Geschichte & Mythos,6,"Einsiedler~A_TARGET_VIBE~3,Gelübde~A_TARGET_VIBE~3,Wald~A_TARGET_VIBE~2,Stille~A_TARGET_VIBE~2,Zelle~A_TARGET_VIBE~3,Kapelle~A_TARGET_VIBE~2"
Klerus,4,4|9,Kultur & Kunst|Gesellschaft & Beruf,7,"Priester~A_TARGET_VIBE~3,Bischof~A_TARGET_VIBE~3,Diözese~A_TARGET_VIBE~3,Gewand~A_TARGET_VIBE~2,Kanzel~A_TARGET_VIBE~2,Weihrauch~A_TARGET_VIBE~2,Synode~A_TARGET_VIBE~3"
Klosterkirche,3,3|4|8,Orte & Reisen|Kultur & Kunst|Geschichte & Mythos,6,"Kreuzgang~A_TARGET_VIBE~3,Glocke~A_TARGET_VIBE~2,Chor~A_TARGET_VIBE~2,Weihrauch~A_TARGET_VIBE~2,Gewölbe~A_TARGET_VIBE~2,Mönch~A_TARGET_VIBE~3"
Klosterregel,4,4|8,Kultur & Kunst|Geschichte & Mythos,7,"Gelübde~A_TARGET_VIBE~3,Schweigen~A_TARGET_VIBE~3,Fasten~A_TARGET_VIBE~3,Disziplin~A_TARGET_VIBE~3,Abt~A_TARGET_VIBE~3,Kapitel~A_TARGET_VIBE~2,Skriptorium~A_TARGET_VIBE~3"
Klosterschule,4,4|8,Kultur & Kunst|Geschichte & Mythos,7,"Latein~A_TARGET_VIBE~3,Novize~A_TARGET_VIBE~3,Pergament~A_TARGET_VIBE~2,Disziplin~A_TARGET_VIBE~3,Glocke~A_TARGET_VIBE~2,Lehrmeister~A_TARGET_VIBE~3,Skriptorium~A_TARGET_VIBE~3"
Kobold,3,2|8,Natur & Tiere|Geschichte & Mythos,6,"Hausgeist~A_TARGET_VIBE~3,Schabernack~A_TARGET_VIBE~3,Dachboden~A_TARGET_VIBE~2,Kamin~A_TARGET_VIBE~2,Streiche~A_TARGET_VIBE~2,Flüstern~A_TARGET_VIBE~2"
Kodex,3,4|9,Kultur & Kunst|Gesellschaft & Beruf,6,"Pergament~A_TARGET_VIBE~2,Kapitel~A_TARGET_VIBE~2,Randnotiz~A_TARGET_VIBE~2,Siegel~A_TARGET_VIBE~2,Gesetz~A_TARGET_VIBE~3,Abschrift~A_TARGET_VIBE~2"
Kolonialismus,3,8|9,Geschichte & Mythos|Gesellschaft & Beruf,7,"Gouverneur~A_TARGET_VIBE~3,Plantage~A_TARGET_VIBE~3,Übersee~A_TARGET_VIBE~2,Handelshaus~A_TARGET_VIBE~3,Seeweg~A_TARGET_VIBE~2,Ausbeutung~A_TARGET_VIBE~3,Mission~A_TARGET_VIBE~3"
Kolonie,3,3|9,Orte & Reisen|Gesellschaft & Beruf,6,"Siedler~A_TARGET_VIBE~2,Gouverneur~A_TARGET_VIBE~3,Hafen~A_TARGET_VIBE~2,Plantage~A_TARGET_VIBE~3,Festung~A_TARGET_VIBE~2,Übersee~A_TARGET_VIBE~2"
Kompass,2,3|6,Orte & Reisen|Technik & Digitales,6,"Nadel~A_TARGET_VIBE~2,Norden~A_TARGET_VIBE~2,Magnet~A_TARGET_VIBE~2,Navigation~A_TARGET_VIBE~3,Karte~A_TARGET_VIBE~2,Seefahrt~A_TARGET_VIBE~2"
Konsul,3,8|9,Geschichte & Mythos|Gesellschaft & Beruf,6,"Senat~A_TARGET_VIBE~3,Amtszeit~A_TARGET_VIBE~3,Siegel~A_TARGET_VIBE~2,Republik~A_TARGET_VIBE~2,Redner~A_TARGET_VIBE~2,Bündnis~A_TARGET_VIBE~2"
Korsar,3,3|8,Orte & Reisen|Geschichte & Mythos,6,"Kaperbrief~A_TARGET_VIBE~4,Beute~A_TARGET_VIBE~3,Küste~A_TARGET_VIBE~2,Enterhaken~A_TARGET_VIBE~3,Segel~A_TARGET_VIBE~2,Hafen~A_TARGET_VIBE~2"
Kraken,3,2|8,Natur & Tiere|Geschichte & Mythos,6,"Tentakel~A_TARGET_VIBE~3,Tiefsee~A_TARGET_VIBE~2,Schiffbruch~A_TARGET_VIBE~3,Strudel~A_TARGET_VIBE~2,Legende~A_TARGET_VIBE~2,Nebel~A_TARGET_VIBE~2"
Meilenstein,2,3|12,Orte & Reisen|Gefühle & Abstraktes,6,"Weg~A_TARGET_VIBE~2,Distanz~A_TARGET_VIBE~2,Straße~A_TARGET_VIBE~2,Etappe~A_TARGET_VIBE~2,Markierung~A_TARGET_VIBE~2,Vermessung~A_TARGET_VIBE~2"
Menhir,4,3|8,Orte & Reisen|Geschichte & Mythos,7,"Megalith~A_TARGET_VIBE~4,Steinkreis~A_TARGET_VIBE~3,Moos~A_TARGET_VIBE~2,Wiese~A_TARGET_VIBE~2,Ausgrabung~A_TARGET_VIBE~3,Ritual~A_TARGET_VIBE~3,Steinblock~A_TARGET_VIBE~3"
Messbuch,3,4|8,Kultur & Kunst|Geschichte & Mythos,6,"Liturgie~A_TARGET_VIBE~3,Gesang~A_TARGET_VIBE~2,Altar~A_TARGET_VIBE~2,Weihrauch~A_TARGET_VIBE~2,Latein~A_TARGET_VIBE~2,Kapitel~A_TARGET_VIBE~2"
Metamorphose,4,8|12,Geschichte & Mythos|Gefühle & Abstraktes,7,"Ovid~A_TARGET_VIBE~4,Maske~A_TARGET_VIBE~2,Häutung~A_TARGET_VIBE~3,Larve~A_TARGET_VIBE~3,Fluch~A_TARGET_VIBE~3,Gestalt~A_TARGET_VIBE~2,Wandel~A_TARGET_VIBE~2"
Minnesänger,4,4|8,Kultur & Kunst|Geschichte & Mythos,7,"Laute~A_TARGET_VIBE~3,Hof~A_TARGET_VIBE~3,Reim~A_TARGET_VIBE~3,Lied~A_TARGET_VIBE~2,Ritter~A_TARGET_VIBE~2,Turnier~A_TARGET_VIBE~3,Gunst~A_TARGET_VIBE~3"
Minotaurus,3,2|8,Natur & Tiere|Geschichte & Mythos,7,"Labyrinth~A_TARGET_VIBE~4,Stierkopf~A_TARGET_VIBE~4,Kreta~A_TARGET_VIBE~3,Theseus~A_TARGET_VIBE~4,Ariadnefaden~A_TARGET_VIBE~4,Hörner~A_TARGET_VIBE~3,Gang~A_TARGET_VIBE~2"
Mittelalter,1,8,Geschichte & Mythos,6,"Burg~A_TARGET_VIBE~2,Ritter~A_TARGET_VIBE~2,Pest~A_TARGET_VIBE~2,Zunft~A_TARGET_VIBE~2,Kloster~A_TARGET_VIBE~2,Markt~A_TARGET_VIBE~2"
Monarchie,3,8|9,Geschichte & Mythos|Gesellschaft & Beruf,6,"Krone~A_TARGET_VIBE~2,Thron~A_TARGET_VIBE~2,Dynastie~A_TARGET_VIBE~3,Hofstaat~A_TARGET_VIBE~3,Erbfolge~A_TARGET_VIBE~3,Dekret~A_TARGET_VIBE~2"
Monument,3,4|8,Kultur & Kunst|Geschichte & Mythos,6,"Denkmal~A_TARGET_VIBE~2,Inschrift~A_TARGET_VIBE~2,Säule~A_TARGET_VIBE~3,Platz~A_TARGET_VIBE~2,Gedenken~A_TARGET_VIBE~2,Stein~A_TARGET_VIBE~2"
Morgenstern,4,0|8,Alltag & Gegenstände|Geschichte & Mythos,7,"Stachelkugel~A_TARGET_VIBE~4,Kette~A_TARGET_VIBE~3,Keule~A_TARGET_VIBE~3,Schmiede~A_TARGET_VIBE~2,Rüstung~A_TARGET_VIBE~2,Hieb~A_TARGET_VIBE~3,Eisen~A_TARGET_VIBE~2"
Mosaik,3,4,Kultur & Kunst,6,"Steinchen~A_TARGET_VIBE~3,Fuge~A_TARGET_VIBE~2,Muster~A_TARGET_VIBE~2,Boden~A_TARGET_VIBE~2,Farbe~A_TARGET_VIBE~2,Kirche~A_TARGET_VIBE~2"
Moschee,2,3|4,Orte & Reisen|Kultur & Kunst,6,"Minarett~A_TARGET_VIBE~3,Kuppel~A_TARGET_VIBE~2,Imam~A_TARGET_VIBE~3,Gebetsteppich~A_TARGET_VIBE~3,Waschung~A_TARGET_VIBE~3,Mosaik~A_TARGET_VIBE~2"
Mumie,3,8,Geschichte & Mythos,7,"Bandage~A_TARGET_VIBE~3,Sarkophag~A_TARGET_VIBE~3,Grabkammer~A_TARGET_VIBE~3,Pharao~A_TARGET_VIBE~3,Harz~A_TARGET_VIBE~3,Wüste~A_TARGET_VIBE~2,Pyramide~A_TARGET_VIBE~2"
Mumifizierung,5,7|8,Wissenschaft & Medizin|Geschichte & Mythos,8,"Natron~A_TARGET_VIBE~4,Harz~A_TARGET_VIBE~4,Leinen~A_TARGET_VIBE~3,Kanopen~A_TARGET_VIBE~4,Sarkophag~A_TARGET_VIBE~3,Grabkammer~A_TARGET_VIBE~3,Priester~A_TARGET_VIBE~3,Organ~A_TARGET_VIBE~3"
Museum,1,3|4,Orte & Reisen|Kultur & Kunst,6,"Vitrine~A_TARGET_VIBE~2,Ausstellung~A_TARGET_VIBE~2,Kurator~A_TARGET_VIBE~3,Ticket~A_TARGET_VIBE~2,Saal~A_TARGET_VIBE~2,Exponat~A_TARGET_VIBE~2"
Muskete,4,0|8,Alltag & Gegenstände|Geschichte & Mythos,7,"Pulver~A_TARGET_VIBE~3,Luntenschloss~A_TARGET_VIBE~4,Bajonett~A_TARGET_VIBE~4,Lauf~A_TARGET_VIBE~3,Salve~A_TARGET_VIBE~3,Drill~A_TARGET_VIBE~3,Kugel~A_TARGET_VIBE~2"
Mythologie,3,4|8,Kultur & Kunst|Geschichte & Mythos,6,"Pantheon~A_TARGET_VIBE~3,Epos~A_TARGET_VIBE~3,Ursprung~A_TARGET_VIBE~2,Genealogie~A_TARGET_VIBE~3,Götter~A_TARGET_VIBE~2,Symbol~A_TARGET_VIBE~2"
Mythos,2,8|12,Geschichte & Mythos|Gefühle & Abstraktes,6,"Ursprung~A_TARGET_VIBE~2,Überlieferung~A_TARGET_VIBE~2,Symbol~A_TARGET_VIBE~2,Ritual~A_TARGET_VIBE~2,Götter~A_TARGET_VIBE~2,Orakel~A_TARGET_VIBE~3"
Märchen,1,4|8,Kultur & Kunst|Geschichte & Mythos,6,"Hexe~A_TARGET_VIBE~2,Wald~A_TARGET_VIBE~2,Prinz~A_TARGET_VIBE~2,Frosch~A_TARGET_VIBE~2,Wunsch~A_TARGET_VIBE~2,Erzähler~A_TARGET_VIBE~2"
Märtyrer,3,4|8,Kultur & Kunst|Geschichte & Mythos,6,"Verfolgung~A_TARGET_VIBE~3,Glaube~A_TARGET_VIBE~2,Opfer~A_TARGET_VIBE~3,Reliquie~A_TARGET_VIBE~3,Prozess~A_TARGET_VIBE~2,Heiligenschein~A_TARGET_VIBE~2"
Münzmeister,4,8|9,Geschichte & Mythos|Gesellschaft & Beruf,7,"Stempel~A_TARGET_VIBE~3,Silber~A_TARGET_VIBE~2,Werkstatt~A_TARGET_VIBE~2,Siegel~A_TARGET_VIBE~2,Rohling~A_TARGET_VIBE~3,Zunft~A_TARGET_VIBE~2,Münzstätte~A_TARGET_VIBE~3"
Münzprägung,4,8|9,Geschichte & Mythos|Gesellschaft & Beruf,7,"Rohling~A_TARGET_VIBE~3,Stempel~A_TARGET_VIBE~3,Relief~A_TARGET_VIBE~3,Rand~A_TARGET_VIBE~2,Silber~A_TARGET_VIBE~2,Pressung~A_TARGET_VIBE~3,Legende~A_TARGET_VIBE~3"
Nachtmahr,4,8|12,Geschichte & Mythos|Gefühle & Abstraktes,7,"Schlaf~A_TARGET_VIBE~3,Druck~A_TARGET_VIBE~3,Schatten~A_TARGET_VIBE~2,Mitternacht~A_TARGET_VIBE~2,Schweiß~A_TARGET_VIBE~2,Alptraum~A_TARGET_VIBE~3,Flüstern~A_TARGET_VIBE~2"
Neuzeit,2,8|12,Geschichte & Mythos|Gefühle & Abstraktes,6,"Renaissance~A_TARGET_VIBE~3,Druckpresse~A_TARGET_VIBE~3,Reformation~A_TARGET_VIBE~3,Industrie~A_TARGET_VIBE~2,Jahrhundert~A_TARGET_VIBE~2,Wandel~A_TARGET_VIBE~2"
Niederlage,2,12,Gefühle & Abstraktes,6,"Rückzug~A_TARGET_VIBE~2,Verlust~A_TARGET_VIBE~2,Scham~A_TARGET_VIBE~2,Trümmer~A_TARGET_VIBE~2,Schweigen~A_TARGET_VIBE~2,Kapitulation~A_TARGET_VIBE~3"
Nymphe,4,2|8,Natur & Tiere|Geschichte & Mythos,6,"Quelle~A_TARGET_VIBE~2,Bachufer~A_TARGET_VIBE~3,Wald~A_TARGET_VIBE~2,Schleier~A_TARGET_VIBE~2,Tanz~A_TARGET_VIBE~2,Lockruf~A_TARGET_VIBE~2"
Pyramide,2,3|8,Orte & Reisen|Geschichte & Mythos,6,"Pharao~A_TARGET_VIBE~3,Grabkammer~A_TARGET_VIBE~3,Hieroglyphe~A_TARGET_VIBE~3,Wüste~A_TARGET_VIBE~2,Steinblock~A_TARGET_VIBE~2,Spitze~A_TARGET_VIBE~2"
Quelle,1,2,Natur & Tiere,6,"Sprudel~A_TARGET_VIBE~2,Bach~A_TARGET_VIBE~2,Fels~A_TARGET_VIBE~2,Trinkwasser~A_TARGET_VIBE~2,Moos~A_TARGET_VIBE~2,Ursprung~A_TARGET_VIBE~2"
Rache,1,12,Gefühle & Abstraktes,6,"Zorn~A_TARGET_VIBE~2,Groll~A_TARGET_VIBE~2,Fehde~A_TARGET_VIBE~3,Kränkung~A_TARGET_VIBE~2,Blut~A_TARGET_VIBE~3,Schande~A_TARGET_VIBE~2"
Rebellion,3,8|9,Geschichte & Mythos|Gesellschaft & Beruf,6,"Barrikade~A_TARGET_VIBE~3,Untergrund~A_TARGET_VIBE~3,Flugblatt~A_TARGET_VIBE~2,Parole~A_TARGET_VIBE~2,Verhaftung~A_TARGET_VIBE~3,Streik~A_TARGET_VIBE~2"
Reformation,3,4|8,Kultur & Kunst|Geschichte & Mythos,7,"Luther~A_TARGET_VIBE~4,Thesen~A_TARGET_VIBE~3,Ablass~A_TARGET_VIBE~4,Bibel~A_TARGET_VIBE~2,Predigt~A_TARGET_VIBE~2,Druckpresse~A_TARGET_VIBE~3,Kirche~A_TARGET_VIBE~2"
Regiment,2,8|9,Geschichte & Mythos|Gesellschaft & Beruf,6,"Uniform~A_TARGET_VIBE~2,Kompanie~A_TARGET_VIBE~3,Marsch~A_TARGET_VIBE~2,Befehl~A_TARGET_VIBE~2,Kaserne~A_TARGET_VIBE~2,Feldzeichen~A_TARGET_VIBE~3"
Reich,2,8|9,Geschichte & Mythos|Gesellschaft & Beruf,6,"Kaiser~A_TARGET_VIBE~2,Provinz~A_TARGET_VIBE~2,Grenze~A_TARGET_VIBE~2,Tribut~A_TARGET_VIBE~2,Gesetz~A_TARGET_VIBE~2,Thron~A_TARGET_VIBE~2"
Reinkarnation,3,8|12,Geschichte & Mythos|Gefühle & Abstraktes,6,"Seele~A_TARGET_VIBE~3,Karma~A_TARGET_VIBE~3,Zyklus~A_TARGET_VIBE~2,Erinnerung~A_TARGET_VIBE~2,Tempel~A_TARGET_VIBE~2,Wiederkehr~A_TARGET_VIBE~3"
Reiter,2,8|9,Geschichte & Mythos|Gesellschaft & Beruf,6,"Sattel~A_TARGET_VIBE~2,Zaumzeug~A_TARGET_VIBE~2,Sporen~A_TARGET_VIBE~2,Galopp~A_TARGET_VIBE~2,Lanze~A_TARGET_VIBE~3,Feldzug~A_TARGET_VIBE~2"
Relikt,3,8|12,Geschichte & Mythos|Gefühle & Abstraktes,6,"Fundstück~A_TARGET_VIBE~2,Patina~A_TARGET_VIBE~2,Museum~A_TARGET_VIBE~2,Bruchstück~A_TARGET_VIBE~2,Ruine~A_TARGET_VIBE~2,Erinnerung~A_TARGET_VIBE~2"
Reliquiar,4,4|8,Kultur & Kunst|Geschichte & Mythos,7,"Gold~A_TARGET_VIBE~3,Schrein~A_TARGET_VIBE~3,Glas~A_TARGET_VIBE~2,Altar~A_TARGET_VIBE~2,Weihrauch~A_TARGET_VIBE~2,Siegel~A_TARGET_VIBE~2,Reliquie~A_TARGET_VIBE~3"
Reliquie,4,4|8,Kultur & Kunst|Geschichte & Mythos,7,"Schrein~A_TARGET_VIBE~3,Wallfahrt~A_TARGET_VIBE~3,Knochen~A_TARGET_VIBE~3,Reliquiar~A_TARGET_VIBE~3,Altar~A_TARGET_VIBE~2,Wunder~A_TARGET_VIBE~3,Pilger~A_TARGET_VIBE~2"
Reliquienkult,4,4|8,Kultur & Kunst|Geschichte & Mythos,7,"Prozession~A_TARGET_VIBE~3,Wallfahrt~A_TARGET_VIBE~3,Schrein~A_TARGET_VIBE~3,Weihrauch~A_TARGET_VIBE~2,Wunder~A_TARGET_VIBE~3,Opfergabe~A_TARGET_VIBE~3,Pilger~A_TARGET_VIBE~2"
Republik,2,8|9,Geschichte & Mythos|Gesellschaft & Beruf,6,"Senat~A_TARGET_VIBE~2,Wahl~A_TARGET_VIBE~2,Bürger~A_TARGET_VIBE~2,Verfassung~A_TARGET_VIBE~3,Amtszeit~A_TARGET_VIBE~2,Konsul~A_TARGET_VIBE~3"
Revolution,2,8|9,Geschichte & Mythos|Gesellschaft & Beruf,6,"Barrikade~A_TARGET_VIBE~2,Manifest~A_TARGET_VIBE~3,Parole~A_TARGET_VIBE~2,Guillotine~A_TARGET_VIBE~3,Versammlung~A_TARGET_VIBE~2,Streik~A_TARGET_VIBE~2"
Riese,2,2|8,Natur & Tiere|Geschichte & Mythos,6,"Baumstamm~A_TARGET_VIBE~2,Keule~A_TARGET_VIBE~2,Berg~A_TARGET_VIBE~2,Fußstapfen~A_TARGET_VIBE~2,Höhle~A_TARGET_VIBE~2,Märchen~A_TARGET_VIBE~2"
Ritter,2,8|9,Geschichte & Mythos|Gesellschaft & Beruf,6,"Rüstung~A_TARGET_VIBE~2,Turnier~A_TARGET_VIBE~2,Lanze~A_TARGET_VIBE~2,Burg~A_TARGET_VIBE~2,Wappen~A_TARGET_VIBE~2,Lehen~A_TARGET_VIBE~3"
Ritual,3,8|12,Geschichte & Mythos|Gefühle & Abstraktes,6,"Kerze~A_TARGET_VIBE~2,Weihrauch~A_TARGET_VIBE~2,Opfergabe~A_TARGET_VIBE~3,Gesang~A_TARGET_VIBE~2,Schrein~A_TARGET_VIBE~2,Kreis~A_TARGET_VIBE~2"
Ruine,2,3|8,Orte & Reisen|Geschichte & Mythos,6,"Trümmer~A_TARGET_VIBE~2,Mauerrest~A_TARGET_VIBE~2,Einsturz~A_TARGET_VIBE~2,Moos~A_TARGET_VIBE~2,Säule~A_TARGET_VIBE~2,Ausgrabung~A_TARGET_VIBE~3"
Rune,3,4|8,Kultur & Kunst|Geschichte & Mythos,6,"Zeichen~A_TARGET_VIBE~2,Ritzung~A_TARGET_VIBE~3,Inschrift~A_TARGET_VIBE~3,Amulett~A_TARGET_VIBE~3,Nordisch~A_TARGET_VIBE~3,Orakel~A_TARGET_VIBE~3"
Runenkreis,3,3|8,Orte & Reisen|Geschichte & Mythos,6,"Steinkreis~A_TARGET_VIBE~3,Ritual~A_TARGET_VIBE~3,Waldlichtung~A_TARGET_VIBE~2,Inschrift~A_TARGET_VIBE~3,Moos~A_TARGET_VIBE~2,Omen~A_TARGET_VIBE~3"
Runenschrift,3,4|8,Kultur & Kunst|Geschichte & Mythos,6,"Zeichen~A_TARGET_VIBE~2,Alphabet~A_TARGET_VIBE~3,Ritzung~A_TARGET_VIBE~3,Inschrift~A_TARGET_VIBE~3,Nordisch~A_TARGET_VIBE~3,Holztafel~A_TARGET_VIBE~2"
Runenstab,4,0|8,Alltag & Gegenstände|Geschichte & Mythos,7,"Holz~A_TARGET_VIBE~2,Ritzung~A_TARGET_VIBE~3,Siegel~A_TARGET_VIBE~3,Orakel~A_TARGET_VIBE~3,Ritual~A_TARGET_VIBE~3,Amulett~A_TARGET_VIBE~3,Stab~B_PART_VIBE~2"
Runenstein,3,3|8,Orte & Reisen|Geschichte & Mythos,7,"Granit~A_TARGET_VIBE~2,Wegesrand~A_TARGET_VIBE~2,Inschrift~A_TARGET_VIBE~3,Moos~A_TARGET_VIBE~2,Ausgrabung~A_TARGET_VIBE~3,Ritual~A_TARGET_VIBE~3,Stein~B_PART_VIBE~2"
Rüstung,3,0|8,Alltag & Gegenstände|Geschichte & Mythos,6,"Helm~A_TARGET_VIBE~2,Kettenhemd~A_TARGET_VIBE~3,Schild~A_TARGET_VIBE~2,Visier~A_TARGET_VIBE~3,Schmiede~A_TARGET_VIBE~2,Turnier~A_TARGET_VIBE~2"
Sage,2,4|8,Kultur & Kunst|Geschichte & Mythos,6,"Barde~A_TARGET_VIBE~3,Feuerstelle~A_TARGET_VIBE~2,Mündlich~A_TARGET_VIBE~3,Dorf~A_TARGET_VIBE~2,Held~A_TARGET_VIBE~2,Dorfplatz~A_TARGET_VIBE~2"
Sagenheld,3,4|8,Kultur & Kunst|Geschichte & Mythos,6,"Ruhm~A_TARGET_VIBE~2,Tat~A_TARGET_VIBE~2,Schwert~A_TARGET_VIBE~2,Prüfung~A_TARGET_VIBE~2,Barde~A_TARGET_VIBE~2,Epos~A_TARGET_VIBE~3"
Sagenwelt,3,4|8,Kultur & Kunst|Geschichte & Mythos,6,"Mythologie~A_TARGET_VIBE~3,Götter~A_TARGET_VIBE~2,Unterwelt~A_TARGET_VIBE~3,Orakel~A_TARGET_VIBE~2,Fluch~A_TARGET_VIBE~2,Wesen~A_TARGET_VIBE~2"
Sehergabe,4,8|12,Geschichte & Mythos|Gefühle & Abstraktes,7,"Vision~A_TARGET_VIBE~3,Omen~A_TARGET_VIBE~3,Trance~A_TARGET_VIBE~3,Vorahnung~A_TARGET_VIBE~3,Orakel~A_TARGET_VIBE~3,Kartenlegen~A_TARGET_VIBE~3,Deutung~A_TARGET_VIBE~2"
Seidenstraße,3,3|9,Orte & Reisen|Gesellschaft & Beruf,7,"Karawane~A_TARGET_VIBE~3,Kamel~A_TARGET_VIBE~3,Oase~A_TARGET_VIBE~2,Zoll~A_TARGET_VIBE~2,Händler~A_TARGET_VIBE~2,Gewürz~A_TARGET_VIBE~2,Sandsturm~A_TARGET_VIBE~2"
Senat,3,8|9,Geschichte & Mythos|Gesellschaft & Beruf,6,"Debatte~A_TARGET_VIBE~2,Abstimmung~A_TARGET_VIBE~2,Gesetz~A_TARGET_VIBE~2,Redner~A_TARGET_VIBE~2,Toga~A_TARGET_VIBE~3,Konsul~A_TARGET_VIBE~3"
Seuche,2,7|8,Wissenschaft & Medizin|Geschichte & Mythos,6,"Fieber~A_TARGET_VIBE~2,Quarantäne~A_TARGET_VIBE~3,Ratte~A_TARGET_VIBE~3,Maske~A_TARGET_VIBE~2,Glocke~A_TARGET_VIBE~2,Pest~A_TARGET_VIBE~3"
Siedlung,2,3|8,Orte & Reisen|Geschichte & Mythos,6,"Hütten~A_TARGET_VIBE~2,Palisade~A_TARGET_VIBE~2,Brunnen~A_TARGET_VIBE~2,Acker~A_TARGET_VIBE~2,Feuerstelle~A_TARGET_VIBE~2,Pfad~A_TARGET_VIBE~2"
Sieg,1,12,Gefühle & Abstraktes,6,"Jubel~A_TARGET_VIBE~2,Kranz~A_TARGET_VIBE~2,Trophäe~A_TARGET_VIBE~2,Ruhm~A_TARGET_VIBE~2,Banner~A_TARGET_VIBE~2,Fanfare~A_TARGET_VIBE~2"
Siegel,3,0|9,Alltag & Gegenstände|Gesellschaft & Beruf,6,"Wachs~A_TARGET_VIBE~2,Stempel~A_TARGET_VIBE~2,Urkunde~A_TARGET_VIBE~3,Ring~A_TARGET_VIBE~3,Abdruck~A_TARGET_VIBE~2,Bote~A_TARGET_VIBE~2"
Sieger,2,12,Gefühle & Abstraktes,6,"Kranz~A_TARGET_VIBE~2,Pokal~A_TARGET_VIBE~2,Ruhm~A_TARGET_VIBE~2,Jubel~A_TARGET_VIBE~2,Trophäe~A_TARGET_VIBE~2,Applaus~A_TARGET_VIBE~2"
Siegeszug,3,8|12,Geschichte & Mythos|Gefühle & Abstraktes,6,"Parade~A_TARGET_VIBE~3,Fanfare~A_TARGET_VIBE~3,Banner~A_TARGET_VIBE~2,Menge~A_TARGET_VIBE~2,Kranz~A_TARGET_VIBE~2,Triumphbogen~A_TARGET_VIBE~3"
Sintflut,3,8|11,Geschichte & Mythos|Wetter & Himmel,6,"Arche~A_TARGET_VIBE~4,Regen~A_TARGET_VIBE~3,Wellen~A_TARGET_VIBE~3,Untergang~A_TARGET_VIBE~3,Taube~A_TARGET_VIBE~3,Bergkamm~A_TARGET_VIBE~2"
Sippe,3,8|9,Geschichte & Mythos|Gesellschaft & Beruf,6,"Ahnen~A_TARGET_VIBE~2,Stammbaum~A_TARGET_VIBE~2,Erbe~A_TARGET_VIBE~2,Wappen~A_TARGET_VIBE~2,Blutlinie~A_TARGET_VIBE~3,Clan~A_TARGET_VIBE~2"
Sirene,3,2|8,Natur & Tiere|Geschichte & Mythos,6,"Gesang~A_TARGET_VIBE~3,Lockruf~A_TARGET_VIBE~3,Küste~A_TARGET_VIBE~2,Felsen~A_TARGET_VIBE~2,Schiffbruch~A_TARGET_VIBE~3,Muschel~A_TARGET_VIBE~2"
Sklaverei,3,8|9,Geschichte & Mythos|Gesellschaft & Beruf,6,"Kette~A_TARGET_VIBE~3,Markt~A_TARGET_VIBE~2,Plantage~A_TARGET_VIBE~3,Peitsche~A_TARGET_VIBE~3,Galeere~A_TARGET_VIBE~3,Unfreiheit~A_TARGET_VIBE~3"
Soldat,1,9,Gesellschaft & Beruf,6,"Uniform~A_TARGET_VIBE~2,Befehl~A_TARGET_VIBE~2,Kaserne~A_TARGET_VIBE~2,Marsch~A_TARGET_VIBE~2,Ration~A_TARGET_VIBE~2,Wache~A_TARGET_VIBE~2"
Spange,2,0|8,Alltag & Gegenstände|Geschichte & Mythos,6,"Verschluss~A_TARGET_VIBE~2,Gürtel~A_TARGET_VIBE~2,Gewand~A_TARGET_VIBE~2,Metall~A_TARGET_VIBE~2,Nadel~A_TARGET_VIBE~2,Brosche~A_TARGET_VIBE~3"
Speer,3,0|8,Alltag & Gegenstände|Geschichte & Mythos,6,"Spitze~A_TARGET_VIBE~2,Schaft~A_TARGET_VIBE~2,Wurf~A_TARGET_VIBE~2,Schildwall~A_TARGET_VIBE~3,Jagd~A_TARGET_VIBE~2,Lanze~A_TARGET_VIBE~3"
Sphinx,3,2|8,Natur & Tiere|Geschichte & Mythos,7,"Rätsel~A_TARGET_VIBE~4,Sand~A_TARGET_VIBE~3,Wüste~A_TARGET_VIBE~2,Pyramide~A_TARGET_VIBE~2,Löwenkörper~A_TARGET_VIBE~4,Wächter~A_TARGET_VIBE~3,Statue~A_TARGET_VIBE~2"
Spuk,2,8|12,Geschichte & Mythos|Gefühle & Abstraktes,6,"Mitternacht~A_TARGET_VIBE~2,Kälte~A_TARGET_VIBE~2,Nebel~A_TARGET_VIBE~2,Knarren~A_TARGET_VIBE~2,Kerze~A_TARGET_VIBE~2,Schatten~A_TARGET_VIBE~2"
Spukgestalt,4,8|12,Geschichte & Mythos|Gefühle & Abstraktes,7,"Nebel~A_TARGET_VIBE~3,Flüstern~A_TARGET_VIBE~3,Mitternacht~A_TARGET_VIBE~2,Schatten~A_TARGET_VIBE~2,Kälte~A_TARGET_VIBE~2,Kerze~A_TARGET_VIBE~2,Gestalt~B_PART_VIBE~2"
Stadtmauer,3,3|8,Orte & Reisen|Geschichte & Mythos,6,"Zinne~A_TARGET_VIBE~3,Graben~A_TARGET_VIBE~2,Tor~A_TARGET_VIBE~2,Wache~A_TARGET_VIBE~2,Stein~A_TARGET_VIBE~2,Belagerung~A_TARGET_VIBE~3"
Stadttor,2,3|8,Orte & Reisen|Geschichte & Mythos,6,"Zugbrücke~A_TARGET_VIBE~3,Wache~A_TARGET_VIBE~2,Schlüssel~A_TARGET_VIBE~2,Durchlass~A_TARGET_VIBE~2,Mauer~A_TARGET_VIBE~2,Markt~A_TARGET_VIBE~2"
Stammbaum,2,8|9,Geschichte & Mythos|Gesellschaft & Beruf,6,"Ahnen~A_TARGET_VIBE~2,Zweig~A_TARGET_VIBE~2,Genealogie~A_TARGET_VIBE~3,Erbfolge~A_TARGET_VIBE~2,Nachlass~A_TARGET_VIBE~2,Wappen~A_TARGET_VIBE~2"
Statue,2,4|8,Kultur & Kunst|Geschichte & Mythos,6,"Marmor~A_TARGET_VIBE~2,Sockel~A_TARGET_VIBE~2,Bildhauer~A_TARGET_VIBE~3,Platz~A_TARGET_VIBE~2,Patina~A_TARGET_VIBE~2,Museum~A_TARGET_VIBE~2"
Statuette,3,4|8,Kultur & Kunst|Geschichte & Mythos,6,"Bronze~A_TARGET_VIBE~3,Vitrine~A_TARGET_VIBE~2,Guss~A_TARGET_VIBE~3,Sockel~A_TARGET_VIBE~2,Sammeln~A_TARGET_VIBE~2,Figur~A_TARGET_VIBE~2"
Steinzeit,1,8,Geschichte & Mythos,6,"Feuerstein~A_TARGET_VIBE~3,Faustkeil~A_TARGET_VIBE~3,Höhle~A_TARGET_VIBE~2,Mammut~A_TARGET_VIBE~3,Felsmalerei~A_TARGET_VIBE~3,Jäger~A_TARGET_VIBE~2"
Stele,3,4|8,Kultur & Kunst|Geschichte & Mythos,6,"Inschrift~A_TARGET_VIBE~3,Relief~A_TARGET_VIBE~3,Meißel~A_TARGET_VIBE~2,Grabmal~A_TARGET_VIBE~2,Obelisk~A_TARGET_VIBE~3,Stein~A_TARGET_VIBE~2"
Stempel,2,0|9,Alltag & Gegenstände|Gesellschaft & Beruf,6,"Abdruck~A_TARGET_VIBE~2,Tinte~A_TARGET_VIBE~2,Datum~A_TARGET_VIBE~2,Formular~A_TARGET_VIBE~2,Wachs~A_TARGET_VIBE~2,Siegel~A_TARGET_VIBE~3"
Unsterblichkeit,3,8|12,Geschichte & Mythos|Gefühle & Abstraktes,6,"Ewigkeit~A_TARGET_VIBE~3,Elixier~A_TARGET_VIBE~3,Vampir~A_TARGET_VIBE~3,Götter~A_TARGET_VIBE~2,Seele~A_TARGET_VIBE~2,Fluch~A_TARGET_VIBE~3"
Unterwelt,3,8|12,Geschichte & Mythos|Gefühle & Abstraktes,6,"Hades~A_TARGET_VIBE~4,Schatten~A_TARGET_VIBE~2,Pforte~A_TARGET_VIBE~3,Schwefel~A_TARGET_VIBE~3,Dämon~A_TARGET_VIBE~3,Grab~A_TARGET_VIBE~2"
Urflut,3,8|11,Geschichte & Mythos|Wetter & Himmel,6,"Wellen~A_TARGET_VIBE~2,Tiefe~A_TARGET_VIBE~2,Ursprung~A_TARGET_VIBE~2,Dunkel~A_TARGET_VIBE~2,Strudel~A_TARGET_VIBE~2,Chaos~A_TARGET_VIBE~3"
Urkraft,3,12,Gefühle & Abstraktes,6,"Ursprung~A_TARGET_VIBE~2,Instinkt~A_TARGET_VIBE~2,Urtrieb~A_TARGET_VIBE~3,Stärke~A_TARGET_VIBE~2,Naturgewalt~A_TARGET_VIBE~3,Impuls~A_TARGET_VIBE~2"
Urkunde,3,8|9,Geschichte & Mythos|Gesellschaft & Beruf,6,"Pergament~A_TARGET_VIBE~2,Siegel~A_TARGET_VIBE~2,Unterschrift~A_TARGET_VIBE~2,Datum~A_TARGET_VIBE~2,Kanzlei~A_TARGET_VIBE~3,Archiv~A_TARGET_VIBE~2"
Urmeer,3,8|11,Geschichte & Mythos|Wetter & Himmel,6,"Tiefe~A_TARGET_VIBE~2,Dunkel~A_TARGET_VIBE~2,Ursprung~A_TARGET_VIBE~2,Strudel~A_TARGET_VIBE~2,Chaos~A_TARGET_VIBE~3,Seeungeheuer~A_TARGET_VIBE~3"
Vampir,2,2|8,Natur & Tiere|Geschichte & Mythos,6,"Blut~A_TARGET_VIBE~3,Nacht~A_TARGET_VIBE~2,Sarg~A_TARGET_VIBE~3,Knoblauch~A_TARGET_VIBE~3,Fledermaus~A_TARGET_VIBE~3,Biss~A_TARGET_VIBE~3"
Verbannung,3,8|9,Geschichte & Mythos|Gesellschaft & Beruf,6,"Exil~A_TARGET_VIBE~3,Grenze~A_TARGET_VIBE~2,Dekret~A_TARGET_VIBE~3,Wache~A_TARGET_VIBE~2,Zwang~A_TARGET_VIBE~2,Einsamkeit~A_TARGET_VIBE~2"
Vergangenheit,1,12,Gefühle & Abstraktes,6,"Erinnerung~A_TARGET_VIBE~2,Rückblick~A_TARGET_VIBE~2,Chronik~A_TARGET_VIBE~2,Nostalgie~A_TARGET_VIBE~2,Zeit~A_TARGET_VIBE~2,Spur~A_TARGET_VIBE~2"
Verrat,2,12,Gefühle & Abstraktes,6,"Dolchstoß~A_TARGET_VIBE~3,Geheimnis~A_TARGET_VIBE~2,Spion~A_TARGET_VIBE~3,Eidbruch~A_TARGET_VIBE~3,Intrige~A_TARGET_VIBE~3,Misstrauen~A_TARGET_VIBE~2"
Vertrag,1,9,Gesellschaft & Beruf,6,"Unterschrift~A_TARGET_VIBE~2,Klausel~A_TARGET_VIBE~2,Frist~A_TARGET_VIBE~2,Verhandlung~A_TARGET_VIBE~2,Papier~A_TARGET_VIBE~2,Siegel~A_TARGET_VIBE~2"
Verwandlung,2,8|12,Geschichte & Mythos|Gefühle & Abstraktes,6,"Maske~A_TARGET_VIBE~2,Häutung~A_TARGET_VIBE~3,Vollmond~A_TARGET_VIBE~3,Fluch~A_TARGET_VIBE~3,Gestalt~A_TARGET_VIBE~2,Wandel~A_TARGET_VIBE~2"
Vorzeit,2,8|12,Geschichte & Mythos|Gefühle & Abstraktes,6,"Frühzeit~A_TARGET_VIBE~2,Ahnen~A_TARGET_VIBE~2,Steinzeit~A_TARGET_VIBE~2,Mammut~A_TARGET_VIBE~2,Höhle~A_TARGET_VIBE~2,Fossil~A_TARGET_VIBE~3"
Wachs,1,0,Alltag & Gegenstände,6,"Kerze~A_TARGET_VIBE~2,Docht~A_TARGET_VIBE~2,Schmelzen~A_TARGET_VIBE~2,Tropfen~A_TARGET_VIBE~2,Bienen~A_TARGET_VIBE~2,Siegel~A_TARGET_VIBE~2"
Wachstafel,4,0|8,Alltag & Gegenstände|Geschichte & Mythos,7,"Griffel~A_TARGET_VIBE~4,Wachs~A_TARGET_VIBE~3,Rille~A_TARGET_VIBE~3,Notiz~A_TARGET_VIBE~3,Schulstube~A_TARGET_VIBE~3,Abschrift~A_TARGET_VIBE~3,Tafel~B_PART_VIBE~2"
Waffen,1,0|8,Alltag & Gegenstände|Geschichte & Mythos,6,"Arsenal~A_TARGET_VIBE~2,Schmiede~A_TARGET_VIBE~2,Rüstung~A_TARGET_VIBE~2,Klinge~A_TARGET_VIBE~2,Pulver~A_TARGET_VIBE~2,Lager~A_TARGET_VIBE~2"
Waffenstillstand,3,8|9,Geschichte & Mythos|Gesellschaft & Beruf,7,"Verhandlung~A_TARGET_VIBE~3,Front~A_TARGET_VIBE~3,Befehl~A_TARGET_VIBE~2,Weißflagge~A_TARGET_VIBE~3,Vertrag~A_TARGET_VIBE~3,Schweigen~A_TARGET_VIBE~2,Pause~A_TARGET_VIBE~2"
Walküre,4,8|12,Geschichte & Mythos|Gefühle & Abstraktes,7,"Valhalla~A_TARGET_VIBE~4,Odin~A_TARGET_VIBE~4,Schlachtfeld~A_TARGET_VIBE~3,Pferd~A_TARGET_VIBE~2,Rüstung~A_TARGET_VIBE~2,Helm~A_TARGET_VIBE~2,Schwert~A_TARGET_VIBE~2"
Wallfahrt,3,3|8,Orte & Reisen|Geschichte & Mythos,6,"Pilger~A_TARGET_VIBE~3,Muschel~A_TARGET_VIBE~2,Reliquie~A_TARGET_VIBE~3,Herberge~A_TARGET_VIBE~2,Gelübde~A_TARGET_VIBE~3,Prozession~A_TARGET_VIBE~3"
Wallfahrtskirche,4,3|4|8,Orte & Reisen|Kultur & Kunst|Geschichte & Mythos,7,"Pilger~A_TARGET_VIBE~3,Votivgabe~A_TARGET_VIBE~3,Reliquie~A_TARGET_VIBE~3,Altar~A_TARGET_VIBE~2,Kerze~A_TARGET_VIBE~2,Weihrauch~A_TARGET_VIBE~2,Glocke~A_TARGET_VIBE~2"
Wallfahrtsort,4,3|8,Orte & Reisen|Geschichte & Mythos,6,"Pilger~A_TARGET_VIBE~3,Herberge~A_TARGET_VIBE~2,Reliquie~A_TARGET_VIBE~3,Kapelle~A_TARGET_VIBE~2,Markt~A_TARGET_VIBE~2,Votivgabe~A_TARGET_VIBE~3"
Wasserspeier,4,4|8,Kultur & Kunst|Geschichte & Mythos,7,"Dachrinne~A_TARGET_VIBE~3,Steinfigur~A_TARGET_VIBE~3,Kathedrale~A_TARGET_VIBE~3,Regen~A_TARGET_VIBE~2,Fassade~A_TARGET_VIBE~2,Grimasse~A_TARGET_VIBE~2,Gargoyle~A_TARGET_VIBE~3"
Weihestätte,3,3|8,Orte & Reisen|Geschichte & Mythos,6,"Schrein~A_TARGET_VIBE~3,Ritual~A_TARGET_VIBE~2,Opfergabe~A_TARGET_VIBE~3,Tempel~A_TARGET_VIBE~2,Weihrauch~A_TARGET_VIBE~2,Pilger~A_TARGET_VIBE~2"
Weihrauch,3,4|8,Kultur & Kunst|Geschichte & Mythos,6,"Rauch~A_TARGET_VIBE~2,Harz~A_TARGET_VIBE~3,Rauchfass~A_TARGET_VIBE~3,Altar~A_TARGET_VIBE~2,Messe~A_TARGET_VIBE~2,Kerze~A_TARGET_VIBE~2"
Weihung,4,4|8,Kultur & Kunst|Geschichte & Mythos,7,"Segen~A_TARGET_VIBE~3,Ritual~A_TARGET_VIBE~3,Prozession~A_TARGET_VIBE~3,Gebet~A_TARGET_VIBE~2,Bischof~A_TARGET_VIBE~3,Öl~A_TARGET_VIBE~3,Altar~A_TARGET_VIBE~2"
Weihwasser,3,4|8,Kultur & Kunst|Geschichte & Mythos,6,"Becken~A_TARGET_VIBE~3,Kreuzzeichen~A_TARGET_VIBE~3,Taufe~A_TARGET_VIBE~3,Exorzismus~A_TARGET_VIBE~3,Tropfen~A_TARGET_VIBE~2,Kapelle~A_TARGET_VIBE~2"