word,difficulty,genre_ids,genres,hints
Abgabetermin,3,9|12,Gesellschaft & Beruf|Gefühle & Abstraktes,"Poststempel~A_TARGET_VIBE~2,Abend~A_TARGET_VIBE~2,Erinnerung~A_TARGET_VIBE~2,Kalender~A_TARGET_VIBE~3,ToDo~A_TARGET_VIBE~3,Rückfrage~A_TARGET_VIBE~3"
Ablage,3,0|9,Alltag & Gegenstände|Gesellschaft & Beruf,"Nachweis~A_TARGET_VIBE~2,Hängemappe~A_TARGET_VIBE~2,Scan~A_TARGET_VIBE~2,Registratur~A_TARGET_VIBE~3,Locher~A_TARGET_VIBE~3,Termin~A_TARGET_VIBE~3"
Ablehnung,2,9|12,Gesellschaft & Beruf|Gefühle & Abstraktes,"Protokoll~A_TARGET_VIBE~2,Stimmzettel~A_TARGET_VIBE~2,Veto~A_TARGET_VIBE~2,Widerspruch~A_TARGET_VIBE~2,Unterschrift~A_TARGET_VIBE~3,Büro~A_TARGET_VIBE~3"
Abmahnung,4,9|12,Gesellschaft & Beruf|Gefühle & Abstraktes,"Unterschrift~A_TARGET_VIBE~2,Betriebsrat~A_TARGET_VIBE~3,Abmahnstufe~A_TARGET_VIBE~3,Gespräch~A_TARGET_VIBE~3,Klausel~A_TARGET_VIBE~4,E-Mail~A_TARGET_VIBE~4"
Abmeldung,2,9|12,Gesellschaft & Beruf|Gefühle & Abstraktes,"Bestätigung~A_TARGET_VIBE~2,PIN~A_TARGET_VIBE~2,Ausweis~A_TARGET_VIBE~2,Login~A_TARGET_VIBE~2,Anlage~A_TARGET_VIBE~3,Sachbearbeiter~A_TARGET_VIBE~3"
Abschied,2,9|12|13,Gesellschaft & Beruf|Gefühle & Abstraktes|Feste & Jahreszeiten,"Toast~A_TARGET_VIBE~2,Garderobe~A_TARGET_VIBE~2,Neuanfang~A_TARGET_VIBE~2,Dank~A_TARGET_VIBE~2,Umarmung~A_TARGET_VIBE~3,Sachbearbeiter~A_TARGET_VIBE~3"
Abstimmung,4,9|12,Gesellschaft & Beruf|Gefühle & Abstraktes,"Beschluss~A_TARGET_VIBE~2,Tagesordnung~A_TARGET_VIBE~3,Enthaltung~A_TARGET_VIBE~3,Runde~A_TARGET_VIBE~3,Zählung~A_TARGET_VIBE~4,Posteingang~A_TARGET_VIBE~4"
Abteilung,3,9|12,Gesellschaft & Beruf|Gefühle & Abstraktes,"Strategie~A_TARGET_VIBE~2,Organigramm~A_TARGET_VIBE~2,Chefetage~A_TARGET_VIBE~2,Abstimmung~A_TARGET_VIBE~3,Teamspirit~A_TARGET_VIBE~3,E-Mail~A_TARGET_VIBE~3"
Akte,3,0|9,Alltag & Gegenstände|Gesellschaft & Beruf,"Ordner~A_TARGET_VIBE~2,Nachweis~A_TARGET_VIBE~2,Ablagefach~A_TARGET_VIBE~2,Sortierung~A_TARGET_VIBE~3,Scan~A_TARGET_VIBE~3,E-Mail~A_TARGET_VIBE~3"
Aktenvernichter,4,0|9,Alltag & Gegenstände|Gesellschaft & Beruf,"Papierkorb~A_TARGET_VIBE~2,Hängemappe~A_TARGET_VIBE~3,Archiv~A_TARGET_VIBE~3,Schrank~A_TARGET_VIBE~3,Scan~A_TARGET_VIBE~4,Registratur~A_TARGET_VIBE~4"
Aktenzeichen,4,0|9,Alltag & Gegenstände|Gesellschaft & Beruf,"Sicherheitsstufe~A_TARGET_VIBE~2,Schriftverkehr~A_TARGET_VIBE~3,Locher~A_TARGET_VIBE~3,Kopie~A_TARGET_VIBE~3,Vorgang~A_TARGET_VIBE~4,Archiv~A_TARGET_VIBE~4"
Amt,2,9,Gesellschaft & Beruf,"Gebühr~A_TARGET_VIBE~2,Wartezeit~A_TARGET_VIBE~2,Nummernschild~A_TARGET_VIBE~2,Formular~A_TARGET_VIBE~2,Antrag~A_TARGET_VIBE~3,Termin~A_TARGET_VIBE~3"
Anerkennung,3,9|12,Gesellschaft & Beruf|Gefühle & Abstraktes,"Protokoll~A_TARGET_VIBE~2,Ampel~A_TARGET_VIBE~2,Rückmeldung~A_TARGET_VIBE~2,Mehrheit~A_TARGET_VIBE~3,Gremium~A_TARGET_VIBE~3,Kopie~A_TARGET_VIBE~3"
Angebot,3,9,Gesellschaft & Beruf,"Bedingung~A_TARGET_VIBE~2,Auftrag~A_TARGET_VIBE~2,Prospekt~A_TARGET_VIBE~2,Vergleich~A_TARGET_VIBE~3,Lieferzeit~A_TARGET_VIBE~3,Rückfrage~A_TARGET_VIBE~3"
Anleitung,2,9|12,Gesellschaft & Beruf|Gefühle & Abstraktes,"Bereich~A_TARGET_VIBE~2,Quartal~A_TARGET_VIBE~2,Sitzung~A_TARGET_VIBE~2,Personal~A_TARGET_VIBE~2,Budget~A_TARGET_VIBE~3,Termin~A_TARGET_VIBE~3"
Anmeldung,2,9|12,Gesellschaft & Beruf|Gefühle & Abstraktes,"Formular~A_TARGET_VIBE~2,Eintrag~A_TARGET_VIBE~2,Passfoto~A_TARGET_VIBE~2,Bestätigung~A_TARGET_VIBE~2,Ausweis~A_TARGET_VIBE~3,Büro~A_TARGET_VIBE~3"
Anruf,1,9,Gesellschaft & Beruf,"Mikrofon~A_TARGET_VIBE~1,Weiterleitung~A_TARGET_VIBE~2,Warteschleife~A_TARGET_VIBE~2,Rufnummer~A_TARGET_VIBE~2,Durchwahl~A_TARGET_VIBE~2,Posteingang~A_TARGET_VIBE~2"
Ansehen,3,9,Gesellschaft & Beruf,"Rückendeckung~A_TARGET_VIBE~2,Absprachen~A_TARGET_VIBE~2,Sorgfalt~A_TARGET_VIBE~2,Disziplin~A_TARGET_VIBE~3,Konstanz~A_TARGET_VIBE~3,Scan~A_TARGET_VIBE~3"
Antrag,3,9,Gesellschaft & Beruf,"Gebühr~A_TARGET_VIBE~2,Kopie~A_TARGET_VIBE~2,Unterlagen~A_TARGET_VIBE~2,Eingang~A_TARGET_VIBE~3,Aktenzeichen~A_TARGET_VIBE~3,Telefonat~A_TARGET_VIBE~3"
Anwesenheit,2,9|12,Gesellschaft & Beruf|Gefühle & Abstraktes,"Teamgeist~A_TARGET_VIBE~2,Bewertung~A_TARGET_VIBE~2,Absprachen~A_TARGET_VIBE~2,Respekt~A_TARGET_VIBE~2,Sorgfalt~A_TARGET_VIBE~3,Formular~A_TARGET_VIBE~3"
Anwesenheitsliste,4,9|12,Gesellschaft & Beruf|Gefühle & Abstraktes,"Strich~A_TARGET_VIBE~2,Eintrag~A_TARGET_VIBE~3,Übersicht~A_TARGET_VIBE~3,Nummer~A_TARGET_VIBE~3,Aushang~A_TARGET_VIBE~4,Liste~B_PART_VIBE~3"
Anzug,2,0|9,Alltag & Gegenstände|Gesellschaft & Beruf,"Schneider~A_TARGET_VIBE~2,Sakko~A_TARGET_VIBE~2,Nadel~A_TARGET_VIBE~2,Knopf~A_TARGET_VIBE~2,Garderobe~A_TARGET_VIBE~3,Zug~B_PART_VIBE~2"
Arbeit,1,9,Gesellschaft & Beruf,"Profil~A_TARGET_VIBE~1,Lebenslauf~A_TARGET_VIBE~2,Referenz~A_TARGET_VIBE~2,Aufstieg~A_TARGET_VIBE~2,Praktikum~A_TARGET_VIBE~2,Ordner~A_TARGET_VIBE~2"
Arbeitgeber,3,9,Gesellschaft & Beruf,"Netzwerk~A_TARGET_VIBE~2,Aufstieg~A_TARGET_VIBE~2,Lebenslauf~A_TARGET_VIBE~2,Stellenwechsel~A_TARGET_VIBE~3,Referenz~A_TARGET_VIBE~3,Termin~A_TARGET_VIBE~3"
Arbeitnehmer,3,9,Gesellschaft & Beruf,"Profil~A_TARGET_VIBE~2,Bewerbung~A_TARGET_VIBE~2,Fortbildung~A_TARGET_VIBE~2,Gehaltswunsch~A_TARGET_VIBE~3,Ziel~A_TARGET_VIBE~3,Stempel~A_TARGET_VIBE~3"
Arbeitsamt,3,9,Gesellschaft & Beruf,"Sprechstunde~A_TARGET_VIBE~2,Wartezeit~A_TARGET_VIBE~2,Aktenzeichen~A_TARGET_VIBE~2,Dienstweg~A_TARGET_VIBE~3,Formular~A_TARGET_VIBE~3,Ordner~A_TARGET_VIBE~3"
Arbeitsanweisung,4,9|12,Gesellschaft & Beruf|Gefühle & Abstraktes,"Verstoß~A_TARGET_VIBE~2,Aushang~A_TARGET_VIBE~3,Kontrolle~A_TARGET_VIBE~3,Dienstweg~A_TARGET_VIBE~3,Richtlinie~A_TARGET_VIBE~4,Posteingang~A_TARGET_VIBE~4"
Arbeitsbeginn,3,9,Gesellschaft & Beruf,"Dienstplan~A_TARGET_VIBE~2,Schicht~A_TARGET_VIBE~2,Stempelkarte~A_TARGET_VIBE~2,Stechuhr~A_TARGET_VIBE~3,Feierabend~A_TARGET_VIBE~3,Besprechung~A_TARGET_VIBE~3"
Arbeitsbelastung,4,9|12,Gesellschaft & Beruf|Gefühle & Abstraktes,"Kopfweh~A_TARGET_VIBE~2,Hektik~A_TARGET_VIBE~3,Überlastung~A_TARGET_VIBE~3,Zeitdruck~A_TARGET_VIBE~3,Schlaf~A_TARGET_VIBE~4,Telefonat~A_TARGET_VIBE~4"
Arbeitsende,3,9,Gesellschaft & Beruf,"Arbeitsbeginn~A_TARGET_VIBE~2,Startzeit~A_TARGET_VIBE~2,Kernzeit~A_TARGET_VIBE~2,Stechuhr~A_TARGET_VIBE~3,Zeiterfassung~A_TARGET_VIBE~3,Formular~A_TARGET_VIBE~3"
Arbeitsgericht,4,9,Gesellschaft & Beruf,"Klage~A_TARGET_VIBE~2,Anwalt~A_TARGET_VIBE~3,Gerichtssaal~A_TARGET_VIBE~3,Urteil~A_TARGET_VIBE~3,Fristenlauf~A_TARGET_VIBE~4,Schriftstück~A_TARGET_VIBE~4"
Arbeitskleidung,3,0|9|12,Alltag & Gegenstände|Gesellschaft & Beruf|Gefühle & Abstraktes,"Stoff~A_TARGET_VIBE~2,Krawatte~A_TARGET_VIBE~2,Knopf~A_TARGET_VIBE~2,Bügeleisen~A_TARGET_VIBE~3,Hemdkragen~A_TARGET_VIBE~3,Formular~A_TARGET_VIBE~3"
Arbeitslosigkeit,3,9|12,Gesellschaft & Beruf|Gefühle & Abstraktes,"Lebenslauf~A_TARGET_VIBE~2,Bewerbung~A_TARGET_VIBE~2,Profil~A_TARGET_VIBE~2,Referenz~A_TARGET_VIBE~3,Aufstieg~A_TARGET_VIBE~3,Stempel~A_TARGET_VIBE~3"
Arbeitsmarkt,3,9,Gesellschaft & Beruf,"Erfahrung~A_TARGET_VIBE~2,Berufsberatung~A_TARGET_VIBE~2,Karriereleiter~A_TARGET_VIBE~2,Referenz~A_TARGET_VIBE~3,Aufstieg~A_TARGET_VIBE~3,Telefonat~A_TARGET_VIBE~3"
Arbeitsplatz,2,9|10,Gesellschaft & Beruf|Haushalt & Wohnen,"Ablage~A_TARGET_VIBE~2,Kollege~A_TARGET_VIBE~2,Headset~A_TARGET_VIBE~2,Kaffee~A_TARGET_VIBE~2,Monitor~A_TARGET_VIBE~3,Posteingang~A_TARGET_VIBE~3"
Arbeitsplatzsicherheit,4,9|10|12,Gesellschaft & Beruf|Haushalt & Wohnen|Gefühle & Abstraktes,"Monitor~A_TARGET_VIBE~2,Meetingraum~A_TARGET_VIBE~3,ToDo~A_TARGET_VIBE~3,Lärm~A_TARGET_VIBE~3,Kollege~A_TARGET_VIBE~4,Unterschrift~A_TARGET_VIBE~4"
Arbeitsvermittlung,4,9|12,Gesellschaft & Beruf|Gefühle & Abstraktes,"Karriereleiter~A_TARGET_VIBE~2,Erfahrung~A_TARGET_VIBE~3,Mentor~A_TARGET_VIBE~3,Berufsberatung~A_TARGET_VIBE~3,Bewerbung~A_TARGET_VIBE~4,Sachbearbeiter~A_TARGET_VIBE~4"
Arbeitsvertrag,3,9,Gesellschaft & Beruf,"Tarif~A_TARGET_VIBE~2,Rücktritt~A_TARGET_VIBE~2,Beilage~A_TARGET_VIBE~2,Betriebsrat~A_TARGET_VIBE~3,Anwalt~A_TARGET_VIBE~3,Formular~A_TARGET_VIBE~3"
Arbeitsweg,2,3|9,Orte & Reisen|Gesellschaft & Beruf,"Parkhaus~A_TARGET_VIBE~2,Stau~A_TARGET_VIBE~2,Bahn~A_TARGET_VIBE~2,Straßenbahn~A_TARGET_VIBE~2,Kilometer~A_TARGET_VIBE~3,Taktung~A_TARGET_VIBE~3"
Arbeitszeit,2,9,Gesellschaft & Beruf,"Feierabend~A_TARGET_VIBE~2,Überstunden~A_TARGET_VIBE~2,Pausen~A_TARGET_VIBE~2,Schicht~A_TARGET_VIBE~2,Stempelkarte~A_TARGET_VIBE~3,Scan~A_TARGET_VIBE~3"
Arbeitszeugnis,4,9,Gesellschaft & Beruf,"Unterschrift~A_TARGET_VIBE~2,Stempel~A_TARGET_VIBE~3,Anlage~A_TARGET_VIBE~3,Empfänger~A_TARGET_VIBE~3,Kopie~A_TARGET_VIBE~4,Telefonat~A_TARGET_VIBE~4"
Arbeitszufriedenheit,4,9|12,Gesellschaft & Beruf|Gefühle & Abstraktes,"Erwartung~A_TARGET_VIBE~2,Pünktlichkeit~A_TARGET_VIBE~3,Absprachen~A_TARGET_VIBE~3,Termintreue~A_TARGET_VIBE~3,Planbarkeit~A_TARGET_VIBE~4,Stempel~A_TARGET_VIBE~4"
Archiv,3,0|9,Alltag & Gegenstände|Gesellschaft & Beruf,"Vorgang~A_TARGET_VIBE~2,Registratur~A_TARGET_VIBE~2,Heftung~A_TARGET_VIBE~2,Sortierung~A_TARGET_VIBE~3,Stempel~A_TARGET_VIBE~3,Sachbearbeiter~A_TARGET_VIBE~3"
Arzttermin,2,7|9|12,Wissenschaft & Medizin|Gesellschaft & Beruf|Gefühle & Abstraktes,"Sprechstunde~A_TARGET_VIBE~2,Labor~A_TARGET_VIBE~2,Rezept~A_TARGET_VIBE~2,Praxis~A_TARGET_VIBE~2,Fieber~A_TARGET_VIBE~3,Kopie~A_TARGET_VIBE~3"
Assistent,2,9,Gesellschaft & Beruf,"Durchwahl~A_TARGET_VIBE~2,Zuständigkeit~A_TARGET_VIBE~2,Ansprechpartner~A_TARGET_VIBE~2,Briefing~A_TARGET_VIBE~2,Dienstweg~A_TARGET_VIBE~3,Stempel~A_TARGET_VIBE~3"
Aufgabe,1,9,Gesellschaft & Beruf,"ToDo~A_TARGET_VIBE~1,Zwischenschritt~A_TARGET_VIBE~2,Aufgabenliste~A_TARGET_VIBE~2,Nachverfolgung~A_TARGET_VIBE~2,Priorität~A_TARGET_VIBE~2,Stempel~A_TARGET_VIBE~2"
Aufgabenliste,2,9|12,Gesellschaft & Beruf|Gefühle & Abstraktes,"Delegation~A_TARGET_VIBE~2,Nachverfolgung~A_TARGET_VIBE~2,Meilenstein~A_TARGET_VIBE~2,ToDo~A_TARGET_VIBE~2,Checkliste~A_TARGET_VIBE~3,Liste~B_PART_VIBE~2"
Auftrag,2,9,Gesellschaft & Beruf,"Versand~A_TARGET_VIBE~2,Lieferzeit~A_TARGET_VIBE~2,Freigabe~A_TARGET_VIBE~2,Menge~A_TARGET_VIBE~2,Storno~A_TARGET_VIBE~3,Formular~A_TARGET_VIBE~3"
Aufzug,1,0|3|9,Alltag & Gegenstände|Orte & Reisen|Gesellschaft & Beruf,"Wartung~A_TARGET_VIBE~1,Seil~A_TARGET_VIBE~2,Aufzugwärter~A_TARGET_VIBE~2,Stockwerk~A_TARGET_VIBE~2,Kabine~A_TARGET_VIBE~2,Zug~B_PART_VIBE~2"
Ausbildung,2,9|12,Gesellschaft & Beruf|Gefühle & Abstraktes,"Dozent~A_TARGET_VIBE~2,Teilnahme~A_TARGET_VIBE~2,Seminar~A_TARGET_VIBE~2,Fortschritt~A_TARGET_VIBE~2,Mentor~A_TARGET_VIBE~3,Sachbearbeiter~A_TARGET_VIBE~3"
Ausfertigung,4,0|9|12,Alltag & Gegenstände|Gesellschaft & Beruf|Gefühle & Abstraktes,"Formblatt~A_TARGET_VIBE~2,Unterschrift~A_TARGET_VIBE~3,Druck~A_TARGET_VIBE~3,Entwurf~A_TARGET_VIBE~3,Anlage~A_TARGET_VIBE~4,Termin~A_TARGET_VIBE~4"
Ausgleich,3,9,Gesellschaft & Beruf,"Überstunden~A_TARGET_VIBE~2,Dienstplan~A_TARGET_VIBE~2,Arbeitsbeginn~A_TARGET_VIBE~2,Gleitzeit~A_TARGET_VIBE~3,Stempelkarte~A_TARGET_VIBE~3,Kopie~A_TARGET_VIBE~3"
Aushang,2,9,Gesellschaft & Beruf,"Hinweis~A_TARGET_VIBE~2,Disziplin~A_TARGET_VIBE~2,Protokoll~A_TARGET_VIBE~2,Anweisung~A_TARGET_VIBE~2,Sanktion~A_TARGET_VIBE~3,Termin~A_TARGET_VIBE~3"
Aushilfe,3,9,Gesellschaft & Beruf,"Einarbeitung~A_TARGET_VIBE~2,Schnittstelle~A_TARGET_VIBE~2,Delegation~A_TARGET_VIBE~2,Kollege~A_TARGET_VIBE~3,Ansprechpartner~A_TARGET_VIBE~3,Telefonat~A_TARGET_VIBE~3"
Auskunft,3,9,Gesellschaft & Beruf,"Behörde~A_TARGET_VIBE~2,Nummernschild~A_TARGET_VIBE~2,Formular~A_TARGET_VIBE~2,Dienstweg~A_TARGET_VIBE~3,Sprechstunde~A_TARGET_VIBE~3,Posteingang~A_TARGET_VIBE~3"
Auswahlgespräch,4,9,Gesellschaft & Beruf,"Onboarding~A_TARGET_VIBE~2,Absage~A_TARGET_VIBE~3,Lebenslauf~A_TARGET_VIBE~3,Probezeit~A_TARGET_VIBE~3,Gehaltswunsch~A_TARGET_VIBE~4,Besprechung~A_TARGET_VIBE~4"
Ausweis,2,0|9,Alltag & Gegenstände|Gesellschaft & Beruf,"Klingel~A_TARGET_VIBE~2,Badge~A_TARGET_VIBE~2,Schloss~A_TARGET_VIBE~2,Chipkarte~A_TARGET_VIBE~2,Kontrolle~A_TARGET_VIBE~3,Kollege~A_TARGET_VIBE~3"
Auswertung,3,9|12,Gesellschaft & Beruf|Gefühle & Abstraktes,"Tabelle~A_TARGET_VIBE~2,Anlage~A_TARGET_VIBE~2,Kennzahl~A_TARGET_VIBE~2,Kapitel~A_TARGET_VIBE~3,Trend~A_TARGET_VIBE~3,Ordner~A_TARGET_VIBE~3"
Auszubildender,4,9,Gesellschaft & Beruf,"Fortschritt~A_TARGET_VIBE~2,Seminar~A_TARGET_VIBE~3,Berufsschule~A_TARGET_VIBE~3,Dozent~A_TARGET_VIBE~3,Lehrgang~A_TARGET_VIBE~4,Stempel~A_TARGET_VIBE~4"
Bahn,1,3|9,Orte & Reisen|Gesellschaft & Beruf,"S-Bahn~A_TARGET_VIBE~1,Umleitung~A_TARGET_VIBE~2,Verspätung~A_TARGET_VIBE~2,Pendeln~A_TARGET_VIBE~2,Regen~A_TARGET_VIBE~2,Kilometer~A_TARGET_VIBE~2"
Baustelle,2,9,Gesellschaft & Beruf,"Säge~A_TARGET_VIBE~2,Maßband~A_TARGET_VIBE~2,Schraube~A_TARGET_VIBE~2,Schutzbrille~A_TARGET_VIBE~2,Hammer~A_TARGET_VIBE~3,Posteingang~A_TARGET_VIBE~3"
Baustellenleiter,4,9,Gesellschaft & Beruf,"Plan~A_TARGET_VIBE~2,Material~A_TARGET_VIBE~3,Werkzeug~A_TARGET_VIBE~3,Zunft~A_TARGET_VIBE~3,Auftrag~A_TARGET_VIBE~4,Telefonat~A_TARGET_VIBE~4"
Befragung,4,9|12,Gesellschaft & Beruf|Gefühle & Abstraktes,"Nachtrag~A_TARGET_VIBE~2,Freigabe~A_TARGET_VIBE~3,Bearbeitung~A_TARGET_VIBE~3,Büro~A_TARGET_VIBE~3,Unterschrift~A_TARGET_VIBE~4,Durchwahl~A_TARGET_VIBE~4"
Befristung,3,9|12,Gesellschaft & Beruf|Gefühle & Abstraktes,"Reminder~A_TARGET_VIBE~2,Poststempel~A_TARGET_VIBE~2,Sekretariat~A_TARGET_VIBE~2,Upload~A_TARGET_VIBE~3,Puffer~A_TARGET_VIBE~3,Kopie~A_TARGET_VIBE~3"
Beförderung,3,9|12,Gesellschaft & Beruf|Gefühle & Abstraktes,"Nachweis~A_TARGET_VIBE~2,Freigabe~A_TARGET_VIBE~2,Vermerk~A_TARGET_VIBE~2,Unterschrift~A_TARGET_VIBE~3,E-Mail~A_TARGET_VIBE~3,Termin~A_TARGET_VIBE~3"
Begrüßung,2,9|12,Gesellschaft & Beruf|Gefühle & Abstraktes,"Freigabe~A_TARGET_VIBE~2,Rückmeldung~A_TARGET_VIBE~2,Nachtrag~A_TARGET_VIBE~2,Scan~A_TARGET_VIBE~2,Besprechung~A_TARGET_VIBE~3,Büro~A_TARGET_VIBE~3"
Behörde,3,9,Gesellschaft & Beruf,"Termin~A_TARGET_VIBE~2,Besprechung~A_TARGET_VIBE~2,E-Mail~A_TARGET_VIBE~2,Rückfrage~A_TARGET_VIBE~3,Stempel~A_TARGET_VIBE~3,Kopie~A_TARGET_VIBE~3"
Beitrag,3,9,Gesellschaft & Beruf,"Rückfrage~A_TARGET_VIBE~2,Sachbearbeiter~A_TARGET_VIBE~2,Büro~A_TARGET_VIBE~2,E-Mail~A_TARGET_VIBE~3,Stempel~A_TARGET_VIBE~3,Scan~A_TARGET_VIBE~3"
Bekanntgabe,3,9,Gesellschaft & Beruf,"Ruf~A_TARGET_VIBE~2,Einladung~A_TARGET_VIBE~2,Geste~A_TARGET_VIBE~2,Kontakt~A_TARGET_VIBE~3,Höflichkeit~A_TARGET_VIBE~3,Sachbearbeiter~A_TARGET_VIBE~3"
Bekanntschaft,3,9|12,Gesellschaft & Beruf|Gefühle & Abstraktes,"Plausch~A_TARGET_VIBE~2,Teamgeist~A_TARGET_VIBE~2,Geste~A_TARGET_VIBE~2,Klatsch~A_TARGET_VIBE~3,Kontakt~A_TARGET_VIBE~3,Posteingang~A_TARGET_VIBE~3"
Belegschaft,3,9|12,Gesellschaft & Beruf|Gefühle & Abstraktes,"Smalltalk~A_TARGET_VIBE~2,Plausch~A_TARGET_VIBE~2,Respekt~A_TARGET_VIBE~2,Lächeln~A_TARGET_VIBE~3,Klatsch~A_TARGET_VIBE~3,Kopie~A_TARGET_VIBE~3"
Benimm,3,9,Gesellschaft & Beruf,"Teamgeist~A_TARGET_VIBE~2,Gerücht~A_TARGET_VIBE~2,Höflichkeit~A_TARGET_VIBE~2,Lächeln~A_TARGET_VIBE~3,Ruf~A_TARGET_VIBE~3,Kollege~A_TARGET_VIBE~3"
Benutzerkonto,4,9,Gesellschaft & Beruf,"Freigabe~A_TARGET_VIBE~2,Abfrage~A_TARGET_VIBE~3,PIN~A_TARGET_VIBE~3,Stunden~A_TARGET_VIBE~3,Auszug~A_TARGET_VIBE~4,Konto~B_PART_VIBE~3"
Beratung,2,9|12,Gesellschaft & Beruf|Gefühle & Abstraktes,"Umsetzung~A_TARGET_VIBE~2,Nachweis~A_TARGET_VIBE~2,Nachtrag~A_TARGET_VIBE~2,Besprechung~A_TARGET_VIBE~2,E-Mail~A_TARGET_VIBE~3,Durchwahl~A_TARGET_VIBE~3"
Berechtigung,4,9|12,Gesellschaft & Beruf|Gefühle & Abstraktes,"Mitteilung~A_TARGET_VIBE~2,Ausgang~A_TARGET_VIBE~3,Rückmeldung~A_TARGET_VIBE~3,Unterschrift~A_TARGET_VIBE~3,Ordner~A_TARGET_VIBE~4,Sachbearbeiter~A_TARGET_VIBE~4"
Bereitschaft,4,9|12,Gesellschaft & Beruf|Gefühle & Abstraktes,"Termintreue~A_TARGET_VIBE~2,Respekt~A_TARGET_VIBE~3,Konstanz~A_TARGET_VIBE~3,Motivation~A_TARGET_VIBE~3,Eigeninitiative~A_TARGET_VIBE~4,Büro~A_TARGET_VIBE~4"
Bericht,2,9|12,Gesellschaft & Beruf|Gefühle & Abstraktes,"Tabelle~A_TARGET_VIBE~2,Leitung~A_TARGET_VIBE~2,Kapitel~A_TARGET_VIBE~2,Anlage~A_TARGET_VIBE~2,Zusammenfassung~A_TARGET_VIBE~3,Büro~A_TARGET_VIBE~3"
Berichtswesen,5,9|12,Gesellschaft & Beruf|Gefühle & Abstraktes,"Kennzahlentafel~A_TARGET_VIBE~3,Trend~A_TARGET_VIBE~3,Anlage~A_TARGET_VIBE~3,Kommentar~A_TARGET_VIBE~4,Kapitel~A_TARGET_VIBE~4,Termin~A_TARGET_VIBE~4,Besprechung~A_TARGET_VIBE~3"
Beruf,1,9,Gesellschaft & Beruf,"Aufstieg~A_TARGET_VIBE~1,Ziel~A_TARGET_VIBE~2,Profil~A_TARGET_VIBE~2,Gehaltswunsch~A_TARGET_VIBE~2,Bewerbung~A_TARGET_VIBE~2,Posteingang~A_TARGET_VIBE~2"
Berufsberatung,4,9|12,Gesellschaft & Beruf|Gefühle & Abstraktes,"Mentor~A_TARGET_VIBE~2,Stellenwechsel~A_TARGET_VIBE~3,Ziel~A_TARGET_VIBE~3,Aufstieg~A_TARGET_VIBE~3,Fortbildung~A_TARGET_VIBE~4,Stempel~A_TARGET_VIBE~4"
Berufserfahrung,3,9|12,Gesellschaft & Beruf|Gefühle & Abstraktes,"Karriereleiter~A_TARGET_VIBE~2,Berufsberatung~A_TARGET_VIBE~2,Kompetenz~A_TARGET_VIBE~2,Bewerbung~A_TARGET_VIBE~3,Mentor~A_TARGET_VIBE~3,Posteingang~A_TARGET_VIBE~3"
Bescheid,4,0|9,Alltag & Gegenstände|Gesellschaft & Beruf,"Druck~A_TARGET_VIBE~2,Entwurf~A_TARGET_VIBE~3,Datum~A_TARGET_VIBE~3,Siegel~A_TARGET_VIBE~3,Version~A_TARGET_VIBE~4,Durchwahl~A_TARGET_VIBE~4"
Bescheinigung,4,9|12,Gesellschaft & Beruf|Gefühle & Abstraktes,"Archiv~A_TARGET_VIBE~2,Seriennummer~A_TARGET_VIBE~3,Unterschrift~A_TARGET_VIBE~3,Ausstellung~A_TARGET_VIBE~3,Register~A_TARGET_VIBE~4,Rückfrage~A_TARGET_VIBE~4"
Beschilderung,4,0|9|10,Alltag & Gegenstände|Gesellschaft & Beruf|Haushalt & Wohnen,"Notausgang~A_TARGET_VIBE~2,Gebäude~A_TARGET_VIBE~3,Brandschutz~A_TARGET_VIBE~3,Eingang~A_TARGET_VIBE~3,Schlüssel~A_TARGET_VIBE~4,Kopie~A_TARGET_VIBE~4"
Beschwerde,3,9,Gesellschaft & Beruf,"Servicefall~A_TARGET_VIBE~2,Hotline~A_TARGET_VIBE~2,Kulanz~A_TARGET_VIBE~2,Antwort~A_TARGET_VIBE~3,Bearbeitung~A_TARGET_VIBE~3,Stempel~A_TARGET_VIBE~3"
Besprechung,2,9|12,Gesellschaft & Beruf|Gefühle & Abstraktes,"Redeliste~A_TARGET_VIBE~2,Diskussion~A_TARGET_VIBE~2,Kaffee~A_TARGET_VIBE~2,Tagesordnung~A_TARGET_VIBE~2,Workshop~A_TARGET_VIBE~3,Unterschrift~A_TARGET_VIBE~3"
Besprechungsraum,3,3|9,Orte & Reisen|Gesellschaft & Beruf,"Diskussion~A_TARGET_VIBE~2,Pünktlichkeit~A_TARGET_VIBE~2,Workshop~A_TARGET_VIBE~2,Redeliste~A_TARGET_VIBE~3,Protokoll~A_TARGET_VIBE~3,Büro~A_TARGET_VIBE~3"
Bestellung,3,9|12,Gesellschaft & Beruf|Gefühle & Abstraktes,"Rabatt~A_TARGET_VIBE~2,Position~A_TARGET_VIBE~2,Bestätigung~A_TARGET_VIBE~2,Menge~A_TARGET_VIBE~3,Nachbestellung~A_TARGET_VIBE~3,Ordner~A_TARGET_VIBE~3"
Besucher,2,9,Gesellschaft & Beruf,"Vertretung~A_TARGET_VIBE~2,Ansprechpartner~A_TARGET_VIBE~2,Ziel~A_TARGET_VIBE~2,Kopie~A_TARGET_VIBE~2,Rückfrage~A_TARGET_VIBE~3,Unterschrift~A_TARGET_VIBE~3"
Besucherausweis,4,0|9,Alltag & Gegenstände|Gesellschaft & Beruf,"Klingel~A_TARGET_VIBE~2,Badge~A_TARGET_VIBE~3,Schranke~A_TARGET_VIBE~3,Eingang~A_TARGET_VIBE~3,Türcode~A_TARGET_VIBE~4,Büro~A_TARGET_VIBE~4"
Betriebsarzt,4,7|9,Wissenschaft & Medizin|Gesellschaft & Beruf,"Blutdruck~A_TARGET_VIBE~2,Versichertenkarte~A_TARGET_VIBE~3,Praxis~A_TARGET_VIBE~3,Termin~A_TARGET_VIBE~3,Diagnose~A_TARGET_VIBE~4,Ordner~A_TARGET_VIBE~4"
Betriebsausflug,3,9|13,Gesellschaft & Beruf|Feste & Jahreszeiten,"Saal~A_TARGET_VIBE~2,Musik~A_TARGET_VIBE~2,Buffet~A_TARGET_VIBE~2,Teamfoto~A_TARGET_VIBE~3,Gruß~A_TARGET_VIBE~3,Scan~A_TARGET_VIBE~3"
Betriebsfeier,3,9|13,Gesellschaft & Beruf|Feste & Jahreszeiten,"Catering~A_TARGET_VIBE~2,Einladung~A_TARGET_VIBE~2,Rede~A_TARGET_VIBE~2,Buffet~A_TARGET_VIBE~3,Teamfoto~A_TARGET_VIBE~3,Termin~A_TARGET_VIBE~3"
Betriebsgeheimnis,4,9,Gesellschaft & Beruf,"Sperrvermerk~A_TARGET_VIBE~2,Aktennotiz~A_TARGET_VIBE~3,Tresor~A_TARGET_VIBE~3,Warnhinweis~A_TARGET_VIBE~3,Zugang~A_TARGET_VIBE~4,Formular~A_TARGET_VIBE~4"
Betriebsklima,3,9,Gesellschaft & Beruf,"Bewertung~A_TARGET_VIBE~2,Ruf~A_TARGET_VIBE~2,Erwartung~A_TARGET_VIBE~2,Planbarkeit~A_TARGET_VIBE~3,Rückendeckung~A_TARGET_VIBE~3,Durchwahl~A_TARGET_VIBE~3"
Betriebsordnung,4,9|12,Gesellschaft & Beruf|Gefühle & Abstraktes,"Disziplin~A_TARGET_VIBE~2,Hinweis~A_TARGET_VIBE~3,Pflicht~A_TARGET_VIBE~3,Kontrolle~A_TARGET_VIBE~3,Sanktion~A_TARGET_VIBE~4,Rückfrage~A_TARGET_VIBE~4"
Betriebsrat,4,9,Gesellschaft & Beruf,"Mitbestimmung~A_TARGET_VIBE~2,Sprechstunde~A_TARGET_VIBE~3,Einigung~A_TARGET_VIBE~3,Kollegen~A_TARGET_VIBE~3,Verhandlung~A_TARGET_VIBE~4,Tarif~A_TARGET_VIBE~4"
Betriebsurlaub,3,9,Gesellschaft & Beruf,"Vertretung~A_TARGET_VIBE~2,Abwesenheit~A_TARGET_VIBE~2,Kalender~A_TARGET_VIBE~2,Genehmigung~A_TARGET_VIBE~3,Büro~A_TARGET_VIBE~3,Besprechung~A_TARGET_VIBE~3"
Betriebsversammlung,4,9|12,Gesellschaft & Beruf|Gefühle & Abstraktes,"Beamer~A_TARGET_VIBE~2,Tagesordnung~A_TARGET_VIBE~3,Moderation~A_TARGET_VIBE~3,Redeliste~A_TARGET_VIBE~3,Kaffee~A_TARGET_VIBE~4,Unterschrift~A_TARGET_VIBE~4"
Beurteilung,3,9|12,Gesellschaft & Beruf|Gefühle & Abstraktes,"Ausgang~A_TARGET_VIBE~2,Bearbeitung~A_TARGET_VIBE~2,Eingang~A_TARGET_VIBE~2,Stempel~A_TARGET_VIBE~3,Scan~A_TARGET_VIBE~3,Formular~A_TARGET_VIBE~3"
Bewerber,2,9,Gesellschaft & Beruf,"Probezeit~A_TARGET_VIBE~2,Einstellungstest~A_TARGET_VIBE~2,Referenz~A_TARGET_VIBE~2,Interview~A_TARGET_VIBE~2,Personalabteilung~A_TARGET_VIBE~3,Unterschrift~A_TARGET_VIBE~3"
Bewerbung,2,9|12,Gesellschaft & Beruf|Gefühle & Abstraktes,"Gehaltswunsch~A_TARGET_VIBE~2,Assessment~A_TARGET_VIBE~2,Absage~A_TARGET_VIBE~2,Referenz~A_TARGET_VIBE~2,Vakanzen~A_TARGET_VIBE~3,Kopie~A_TARGET_VIBE~3"
Bewerbungsfrist,4,9|12,Gesellschaft & Beruf|Gefühle & Abstraktes,"Vakanzen~A_TARGET_VIBE~2,Assessment~A_TARGET_VIBE~3,Einstellungstest~A_TARGET_VIBE~3,Referenz~A_TARGET_VIBE~3,Bewerbungsmappe~A_TARGET_VIBE~4,Unterschrift~A_TARGET_VIBE~4"
Bewerbungsgespräch,3,9,Gesellschaft & Beruf,"Referenz~A_TARGET_VIBE~2,Onboarding~A_TARGET_VIBE~2,Interview~A_TARGET_VIBE~2,Recruiter~A_TARGET_VIBE~3,Stellenprofil~A_TARGET_VIBE~3,Scan~A_TARGET_VIBE~3"
Bewerbungsmappe,4,0|9,Alltag & Gegenstände|Gesellschaft & Beruf,"Interview~A_TARGET_VIBE~2,Vakanzen~A_TARGET_VIBE~3,Assessment~A_TARGET_VIBE~3,Probezeit~A_TARGET_VIBE~3,Referenz~A_TARGET_VIBE~4,Formular~A_TARGET_VIBE~4"
Bewerbungsschreiben,3,9,Gesellschaft & Beruf,"Stellenprofil~A_TARGET_VIBE~2,Gehaltswunsch~A_TARGET_VIBE~2,Assessment~A_TARGET_VIBE~2,Recruiter~A_TARGET_VIBE~3,Absage~A_TARGET_VIBE~3,Stempel~A_TARGET_VIBE~3"
Bewerbungstermin,3,9|12,Gesellschaft & Beruf|Gefühle & Abstraktes,"Recruiter~A_TARGET_VIBE~2,Stellenprofil~A_TARGET_VIBE~2,Probezeit~A_TARGET_VIBE~2,Interview~A_TARGET_VIBE~3,Gespräch~A_TARGET_VIBE~3,Ordner~A_TARGET_VIBE~3"
Bewerbungstraining,4,9,Gesellschaft & Beruf,"Einstellungstest~A_TARGET_VIBE~2,Onboarding~A_TARGET_VIBE~3,Probezeit~A_TARGET_VIBE~3,Stellenprofil~A_TARGET_VIBE~3,Vakanzen~A_TARGET_VIBE~4,Stempel~A_TARGET_VIBE~4"
Bewertung,3,9|12,Gesellschaft & Beruf|Gefühle & Abstraktes,"Ablage~A_TARGET_VIBE~2,Nachweis~A_TARGET_VIBE~2,Umsetzung~A_TARGET_VIBE~2,Formular~A_TARGET_VIBE~3,Unterschrift~A_TARGET_VIBE~3,Ordner~A_TARGET_VIBE~3"
Bewirtung,4,9|12,Gesellschaft & Beruf|Gefühle & Abstraktes,"Ausgang~A_TARGET_VIBE~2,Freigabe~A_TARGET_VIBE~3,Nachweis~A_TARGET_VIBE~3,Ordner~A_TARGET_VIBE~3,Telefonat~A_TARGET_VIBE~4,Kopie~A_TARGET_VIBE~4"
Bezahlung,2,9|12,Gesellschaft & Beruf|Gefühle & Abstraktes,"Quittung~A_TARGET_VIBE~2,Mahnung~A_TARGET_VIBE~2,Skonto~A_TARGET_VIBE~2,Gutschrift~A_TARGET_VIBE~2,Zahlungsziel~A_TARGET_VIBE~3,Unterschrift~A_TARGET_VIBE~3"
Bilanz,4,9,Gesellschaft & Beruf,"Formular~A_TARGET_VIBE~2,E-Mail~A_TARGET_VIBE~3,Telefonat~A_TARGET_VIBE~3,Sachbearbeiter~A_TARGET_VIBE~3,Besprechung~A_TARGET_VIBE~4,Posteingang~A_TARGET_VIBE~4"
Bildschirm,2,9,Gesellschaft & Beruf,"Stempel~A_TARGET_VIBE~2,E-Mail~A_TARGET_VIBE~2,Ordner~A_TARGET_VIBE~2,Besprechung~A_TARGET_VIBE~2,Sachbearbeiter~A_TARGET_VIBE~3,Telefonat~A_TARGET_VIBE~3"
Blazer,3,9,Gesellschaft & Beruf,"Kalender~A_TARGET_VIBE~2,Ziel~A_TARGET_VIBE~2,Feedback~A_TARGET_VIBE~2,Kopie~A_TARGET_VIBE~3,Durchwahl~A_TARGET_VIBE~3,E-Mail~A_TARGET_VIBE~3"
Bleistift,1,9,Gesellschaft & Beruf,"Rückfrage~A_TARGET_VIBE~1,Stempel~A_TARGET_VIBE~2,Büro~A_TARGET_VIBE~2,Termin~A_TARGET_VIBE~2,Telefonat~A_TARGET_VIBE~2,E-Mail~A_TARGET_VIBE~2"
Bonus,3,9,Gesellschaft & Beruf,"Zahlungsziel~A_TARGET_VIBE~2,Mahnung~A_TARGET_VIBE~2,Übertrag~A_TARGET_VIBE~2,Lastschrift~A_TARGET_VIBE~3,Skonto~A_TARGET_VIBE~3,Besprechung~A_TARGET_VIBE~3"
Branchenwechsel,4,9,Gesellschaft & Beruf,"Telefonat~A_TARGET_VIBE~2,Stempel~A_TARGET_VIBE~3,Scan~A_TARGET_VIBE~3,Büro~A_TARGET_VIBE~3,Termin~A_TARGET_VIBE~4,Besprechung~A_TARGET_VIBE~4"
Brief,1,0|9,Alltag & Gegenstände|Gesellschaft & Beruf,"Briefkasten~A_TARGET_VIBE~1,Porto~A_TARGET_VIBE~2,Sendung~A_TARGET_VIBE~2,Adresse~A_TARGET_VIBE~2,Umschlag~A_TARGET_VIBE~2,Sachbearbeiter~A_TARGET_VIBE~2"
Briefkasten,2,0|9,Alltag & Gegenstände|Gesellschaft & Beruf,"Zeitung~A_TARGET_VIBE~2,Einwurf~A_TARGET_VIBE~2,Tracking~A_TARGET_VIBE~2,Einschreiben~A_TARGET_VIBE~2,Verzögerung~A_TARGET_VIBE~3,Brief~B_PART_VIBE~2"
Briefpapier,3,0|9,Alltag & Gegenstände|Gesellschaft & Beruf,"Poststempel~A_TARGET_VIBE~2,Tracking~A_TARGET_VIBE~2,Briefkasten~A_TARGET_VIBE~2,Lieferung~A_TARGET_VIBE~3,Umschlag~A_TARGET_VIBE~3,Brief~B_PART_VIBE~2"
Buchhaltung,4,9|12,Gesellschaft & Beruf|Gefühle & Abstraktes,"Eingang~A_TARGET_VIBE~2,Umsetzung~A_TARGET_VIBE~3,Rückmeldung~A_TARGET_VIBE~3,Kollege~A_TARGET_VIBE~3,Scan~A_TARGET_VIBE~4,Besprechung~A_TARGET_VIBE~4"
Buchung,3,9|12,Gesellschaft & Beruf|Gefühle & Abstraktes,"Umsetzung~A_TARGET_VIBE~2,Kopie~A_TARGET_VIBE~2,Bearbeitung~A_TARGET_VIBE~2,Scan~A_TARGET_VIBE~3,Formular~A_TARGET_VIBE~3,Posteingang~A_TARGET_VIBE~3"
Budget,4,9,Gesellschaft & Beruf,"Rückfrage~A_TARGET_VIBE~2,Kopie~A_TARGET_VIBE~3,Kollege~A_TARGET_VIBE~3,Termin~A_TARGET_VIBE~3,Scan~A_TARGET_VIBE~4,Telefonat~A_TARGET_VIBE~4"
Burnout,3,9,Gesellschaft & Beruf,"Stempel~A_TARGET_VIBE~2,Ordner~A_TARGET_VIBE~2,Büro~A_TARGET_VIBE~2,Kopie~A_TARGET_VIBE~3,Besprechung~A_TARGET_VIBE~3,Formular~A_TARGET_VIBE~3"
Bus,1,9,Gesellschaft & Beruf,"Besprechung~A_TARGET_VIBE~1,Sachbearbeiter~A_TARGET_VIBE~2,Termin~A_TARGET_VIBE~2,E-Mail~A_TARGET_VIBE~2,Stempel~A_TARGET_VIBE~2,Scan~A_TARGET_VIBE~2"
Büro,1,3|9|10,Orte & Reisen|Gesellschaft & Beruf|Haushalt & Wohnen,"Störung~A_TARGET_VIBE~1,Schild~A_TARGET_VIBE~2,Flur~A_TARGET_VIBE~2,Etage~A_TARGET_VIBE~2,Notausgang~A_TARGET_VIBE~2,Stempel~A_TARGET_VIBE~2"
Bürokratie,3,3|9|10,Orte & Reisen|Gesellschaft & Beruf|Haushalt & Wohnen,"Brandschutz~A_TARGET_VIBE~2,Etage~A_TARGET_VIBE~2,Heizung~A_TARGET_VIBE~2,Gebäude~A_TARGET_VIBE~3,Flur~A_TARGET_VIBE~3,Ordner~A_TARGET_VIBE~3"
Bürostuhl,2,3|9|10,Orte & Reisen|Gesellschaft & Beruf|Haushalt & Wohnen,"Schild~A_TARGET_VIBE~2,Wartung~A_TARGET_VIBE~2,Störung~A_TARGET_VIBE~2,Reinigung~A_TARGET_VIBE~2,Brandschutz~A_TARGET_VIBE~3,Kollege~A_TARGET_VIBE~3"
Chancengleichheit,4,9|12,Gesellschaft & Beruf|Gefühle & Abstraktes,"Teamgeist~A_TARGET_VIBE~2,Erwartung~A_TARGET_VIBE~3,Motivation~A_TARGET_VIBE~3,Disziplin~A_TARGET_VIBE~3,Eigeninitiative~A_TARGET_VIBE~4,E-Mail~A_TARGET_VIBE~4"
Chef,1,9,Gesellschaft & Beruf,"Kopie~A_TARGET_VIBE~1,Rückfrage~A_TARGET_VIBE~2,E-Mail~A_TARGET_VIBE~2,Besprechung~A_TARGET_VIBE~2,Ordner~A_TARGET_VIBE~2,Scan~A_TARGET_VIBE~2"
Chefetage,3,9,Gesellschaft & Beruf,"Kollege~A_TARGET_VIBE~2,Telefonat~A_TARGET_VIBE~2,Stempel~A_TARGET_VIBE~2,Durchwahl~A_TARGET_VIBE~3,Sachbearbeiter~A_TARGET_VIBE~3,Rückfrage~A_TARGET_VIBE~3"
Computer,2,6|9,Technik & Digitales|Gesellschaft & Beruf,"Datenbank~A_TARGET_VIBE~2,Passwort~A_TARGET_VIBE~2,WLAN~A_TARGET_VIBE~2,Update~A_TARGET_VIBE~2,Zugang~A_TARGET_VIBE~3,Termin~A_TARGET_VIBE~3"
Dank,1,9|12,Gesellschaft & Beruf|Gefühle & Abstraktes,"Gruß~A_TARGET_VIBE~1,Anerkennung~A_TARGET_VIBE~2,Teamfoto~A_TARGET_VIBE~2,Rede~A_TARGET_VIBE~2,Karte~A_TARGET_VIBE~2,Unterschrift~A_TARGET_VIBE~2"
Datenbank,4,6|9,Technik & Digitales|Gesellschaft & Beruf,"Backup~A_TARGET_VIBE~2,Passwort~A_TARGET_VIBE~3,Ticket~A_TARGET_VIBE~3,Bug~A_TARGET_VIBE~3,Client~A_TARGET_VIBE~4,Durchwahl~A_TARGET_VIBE~4"
Datenschutz,4,6|9,Technik & Digitales|Gesellschaft & Beruf,"Anonymisierung~A_TARGET_VIBE~2,Zugriffsrecht~A_TARGET_VIBE~3,Audit~A_TARGET_VIBE~3,Schulung~A_TARGET_VIBE~3,Einwilligung~A_TARGET_VIBE~4,Unterschrift~A_TARGET_VIBE~4"
Dienstanweisung,4,9|12,Gesellschaft & Beruf|Gefühle & Abstraktes,"Kopie~A_TARGET_VIBE~2,Vorgang~A_TARGET_VIBE~3,Nachtrag~A_TARGET_VIBE~3,Formular~A_TARGET_VIBE~3,Kollege~A_TARGET_VIBE~4,Posteingang~A_TARGET_VIBE~4"
Diensthandy,3,9,Gesellschaft & Beruf,"Termin~A_TARGET_VIBE~2,Telefonat~A_TARGET_VIBE~2,Büro~A_TARGET_VIBE~2,Kollege~A_TARGET_VIBE~3,Kopie~A_TARGET_VIBE~3,E-Mail~A_TARGET_VIBE~3"
Dienstleistung,3,9|12,Gesellschaft & Beruf|Gefühle & Abstraktes,"Freigabe~A_TARGET_VIBE~2,Notiz~A_TARGET_VIBE~2,Ablage~A_TARGET_VIBE~2,Scan~A_TARGET_VIBE~3,Unterschrift~A_TARGET_VIBE~3,Termin~A_TARGET_VIBE~3"
Dienstplan,3,9,Gesellschaft & Beruf,"Pausen~A_TARGET_VIBE~2,Kalender~A_TARGET_VIBE~2,Urlaub~A_TARGET_VIBE~2,Zeitfenster~A_TARGET_VIBE~3,Rotation~A_TARGET_VIBE~3,Plan~B_PART_VIBE~2"
Dienstreise,3,3|9,Orte & Reisen|Gesellschaft & Beruf,"Hotel~A_TARGET_VIBE~2,Ausland~A_TARGET_VIBE~2,Grenzkontrolle~A_TARGET_VIBE~2,Abreise~A_TARGET_VIBE~3,Passfoto~A_TARGET_VIBE~3,Flug~A_TARGET_VIBE~3"
Dienstreiseantrag,4,3|9,Orte & Reisen|Gesellschaft & Beruf,"Abreise~A_TARGET_VIBE~2,Reisekosten~A_TARGET_VIBE~3,Stempel~A_TARGET_VIBE~3,Koffer~A_TARGET_VIBE~3,Hotel~A_TARGET_VIBE~4,Flug~A_TARGET_VIBE~4"
Dienstwagen,3,9,Gesellschaft & Beruf,"Termin~A_TARGET_VIBE~2,Kollege~A_TARGET_VIBE~2,Rückfrage~A_TARGET_VIBE~2,Kopie~A_TARGET_VIBE~3,Büro~A_TARGET_VIBE~3,Posteingang~A_TARGET_VIBE~3"
Dokument,3,9,Gesellschaft & Beruf,"Kollege~A_TARGET_VIBE~2,Unterschrift~A_TARGET_VIBE~2,Stempel~A_TARGET_VIBE~2,Besprechung~A_TARGET_VIBE~3,Termin~A_TARGET_VIBE~3,Telefonat~A_TARGET_VIBE~3"
Dozent,4,9,Gesellschaft & Beruf,"Kopie~A_TARGET_VIBE~2,Kollege~A_TARGET_VIBE~3,Termin~A_TARGET_VIBE~3,Ordner~A_TARGET_VIBE~3,Sachbearbeiter~A_TARGET_VIBE~4,Posteingang~A_TARGET_VIBE~4"
Dringlichkeit,4,9|12,Gesellschaft & Beruf|Gefühle & Abstraktes,"Bewertung~A_TARGET_VIBE~2,Disziplin~A_TARGET_VIBE~3,Eigeninitiative~A_TARGET_VIBE~3,Termintreue~A_TARGET_VIBE~3,Absprachen~A_TARGET_VIBE~4,Telefonat~A_TARGET_VIBE~4"
Drucker,3,0|9,Alltag & Gegenstände|Gesellschaft & Beruf,"Scan~A_TARGET_VIBE~2,Kabel~A_TARGET_VIBE~2,A4~A_TARGET_VIBE~2,Toner~A_TARGET_VIBE~3,Heftung~A_TARGET_VIBE~3,Posteingang~A_TARGET_VIBE~3"
Durchwahl,4,9,Gesellschaft & Beruf,"Rückfrage~A_TARGET_VIBE~2,Termin~A_TARGET_VIBE~3,Ordner~A_TARGET_VIBE~3,Kollege~A_TARGET_VIBE~3,Scan~A_TARGET_VIBE~4,Posteingang~A_TARGET_VIBE~4"
Ehrenamt,3,9,Gesellschaft & Beruf,"Durchwahl~A_TARGET_VIBE~2,Formular~A_TARGET_VIBE~2,Besprechung~A_TARGET_VIBE~2,Unterschrift~A_TARGET_VIBE~3,Ordner~A_TARGET_VIBE~3,Scan~A_TARGET_VIBE~3"
Eigeninitiative,4,9,Gesellschaft & Beruf,"Kopie~A_TARGET_VIBE~2,Büro~A_TARGET_VIBE~3,Durchwahl~A_TARGET_VIBE~3,Formular~A_TARGET_VIBE~3,Besprechung~A_TARGET_VIBE~4,Telefonat~A_TARGET_VIBE~4"
Eignungstest,4,9,Gesellschaft & Beruf,"Scan~A_TARGET_VIBE~2,Stempel~A_TARGET_VIBE~3,Rückfrage~A_TARGET_VIBE~3,Sachbearbeiter~A_TARGET_VIBE~3,Kopie~A_TARGET_VIBE~4,Unterschrift~A_TARGET_VIBE~4"
Einarbeitung,3,9|12,Gesellschaft & Beruf|Gefühle & Abstraktes,"Nachtrag~A_TARGET_VIBE~2,Erledigt~A_TARGET_VIBE~2,Notiz~A_TARGET_VIBE~2,E-Mail~A_TARGET_VIBE~3,Posteingang~A_TARGET_VIBE~3,Formular~A_TARGET_VIBE~3"
Einfluss,3,9,Gesellschaft & Beruf,"Formular~A_TARGET_VIBE~2,Scan~A_TARGET_VIBE~2,Telefonat~A_TARGET_VIBE~2,E-Mail~A_TARGET_VIBE~3,Termin~A_TARGET_VIBE~3,Besprechung~A_TARGET_VIBE~3"
Einführung,2,9|12,Gesellschaft & Beruf|Gefühle & Abstraktes,"Ausgang~A_TARGET_VIBE~2,Rückmeldung~A_TARGET_VIBE~2,Umsetzung~A_TARGET_VIBE~2,Stempel~A_TARGET_VIBE~2,Unterschrift~A_TARGET_VIBE~3,Büro~A_TARGET_VIBE~3"
Einkauf,3,9,Gesellschaft & Beruf,"Telefonat~A_TARGET_VIBE~2,Scan~A_TARGET_VIBE~2,Posteingang~A_TARGET_VIBE~2,Unterschrift~A_TARGET_VIBE~3,Durchwahl~A_TARGET_VIBE~3,Kollege~A_TARGET_VIBE~3"
Einladung,2,9|12,Gesellschaft & Beruf|Gefühle & Abstraktes,"Nachweis~A_TARGET_VIBE~2,Nachtrag~A_TARGET_VIBE~2,Kopie~A_TARGET_VIBE~2,E-Mail~A_TARGET_VIBE~2,Termin~A_TARGET_VIBE~3,Ordner~A_TARGET_VIBE~3"
Einladungskarte,3,0|9,Alltag & Gegenstände|Gesellschaft & Beruf,"Unterschrift~A_TARGET_VIBE~2,Besprechung~A_TARGET_VIBE~2,Kollege~A_TARGET_VIBE~2,Ordner~A_TARGET_VIBE~3,Stempel~A_TARGET_VIBE~3,Karte~B_PART_VIBE~2"
Einladungsschreiben,3,9,Gesellschaft & Beruf,"Kollege~A_TARGET_VIBE~2,Unterschrift~A_TARGET_VIBE~2,Sachbearbeiter~A_TARGET_VIBE~2,Ordner~A_TARGET_VIBE~3,Durchwahl~A_TARGET_VIBE~3,Rückfrage~A_TARGET_VIBE~3"
Einstand,4,9,Gesellschaft & Beruf,"E-Mail~A_TARGET_VIBE~2,Formular~A_TARGET_VIBE~3,Rückfrage~A_TARGET_VIBE~3,Ordner~A_TARGET_VIBE~3,Besprechung~A_TARGET_VIBE~4,Posteingang~A_TARGET_VIBE~4"
Einstellung,3,9|12,Gesellschaft & Beruf|Gefühle & Abstraktes,"Mitteilung~A_TARGET_VIBE~2,Bearbeitung~A_TARGET_VIBE~2,Rückmeldung~A_TARGET_VIBE~2,Posteingang~A_TARGET_VIBE~3,Kopie~A_TARGET_VIBE~3,Unterschrift~A_TARGET_VIBE~3"
Einweisung,3,9|12,Gesellschaft & Beruf|Gefühle & Abstraktes,"Ablage~A_TARGET_VIBE~2,Notiz~A_TARGET_VIBE~2,Umsetzung~A_TARGET_VIBE~2,Formular~A_TARGET_VIBE~3,Telefonat~A_TARGET_VIBE~3,Kopie~A_TARGET_VIBE~3"
Einzug,2,3|9,Orte & Reisen|Gesellschaft & Beruf,"Posteingang~A_TARGET_VIBE~2,Sachbearbeiter~A_TARGET_VIBE~2,Besprechung~A_TARGET_VIBE~2,Formular~A_TARGET_VIBE~2,Unterschrift~A_TARGET_VIBE~3,Zug~B_PART_VIBE~2"
Empfang,3,3|9,Orte & Reisen|Gesellschaft & Beruf,"Türcode~A_TARGET_VIBE~2,Pförtner~A_TARGET_VIBE~2,Klingel~A_TARGET_VIBE~2,Termin~A_TARGET_VIBE~3,Wartezeit~A_TARGET_VIBE~3,Kopie~A_TARGET_VIBE~3"
Empfangsbereich,3,3|9,Orte & Reisen|Gesellschaft & Beruf,"Entscheidung~A_TARGET_VIBE~2,Personal~A_TARGET_VIBE~2,Chefetage~A_TARGET_VIBE~2,Richtlinie~A_TARGET_VIBE~3,Ressort~A_TARGET_VIBE~3,Stempel~A_TARGET_VIBE~3"
Empfangsbestätigung,4,3|9|12,Orte & Reisen|Gesellschaft & Beruf|Gefühle & Abstraktes,"Beschluss~A_TARGET_VIBE~2,Abstimmung~A_TARGET_VIBE~3,Daumen~A_TARGET_VIBE~3,Begründung~A_TARGET_VIBE~3,Diskussion~A_TARGET_VIBE~4,Besprechung~A_TARGET_VIBE~4"
Empfangsdame,4,3|9,Orte & Reisen|Gesellschaft & Beruf,"Pförtner~A_TARGET_VIBE~2,Wartezeit~A_TARGET_VIBE~3,Ausweis~A_TARGET_VIBE~3,Besucher~A_TARGET_VIBE~3,Kaffeetasse~A_TARGET_VIBE~4,Besprechung~A_TARGET_VIBE~4"
Empfangsschalter,3,0|3|9,Alltag & Gegenstände|Orte & Reisen|Gesellschaft & Beruf,"Schlüssel~A_TARGET_VIBE~2,Gästeliste~A_TARGET_VIBE~2,Telefonzentrale~A_TARGET_VIBE~2,Besucher~A_TARGET_VIBE~3,Kaffeetasse~A_TARGET_VIBE~3,Sachbearbeiter~A_TARGET_VIBE~3"
Empfangstheke,4,3|9|10,Orte & Reisen|Gesellschaft & Beruf|Haushalt & Wohnen,"Wartezeit~A_TARGET_VIBE~2,Türcode~A_TARGET_VIBE~3,Schlüssel~A_TARGET_VIBE~3,Namensschild~A_TARGET_VIBE~3,Klingel~A_TARGET_VIBE~4,Termin~A_TARGET_VIBE~4"
Empfehlung,2,9|12,Gesellschaft & Beruf|Gefühle & Abstraktes,"Umsetzung~A_TARGET_VIBE~2,Mitteilung~A_TARGET_VIBE~2,Vermerk~A_TARGET_VIBE~2,Telefonat~A_TARGET_VIBE~2,Kopie~A_TARGET_VIBE~3,Unterschrift~A_TARGET_VIBE~3"
Entscheidung,2,9|12,Gesellschaft & Beruf|Gefühle & Abstraktes,"Freigabe~A_TARGET_VIBE~2,Beschluss~A_TARGET_VIBE~2,Diskussion~A_TARGET_VIBE~2,Unterschrift~A_TARGET_VIBE~2,Protokoll~A_TARGET_VIBE~3,Telefonat~A_TARGET_VIBE~3"
Entschuldigung,2,9|12,Gesellschaft & Beruf|Gefühle & Abstraktes,"Aussprache~A_TARGET_VIBE~2,Vermittlung~A_TARGET_VIBE~2,Versprechen~A_TARGET_VIBE~2,Umarmung~A_TARGET_VIBE~2,Neustart~A_TARGET_VIBE~3,Sachbearbeiter~A_TARGET_VIBE~3"
Entwurf,3,0|9,Alltag & Gegenstände|Gesellschaft & Beruf,"Version~A_TARGET_VIBE~2,Nachweis~A_TARGET_VIBE~2,Aktennotiz~A_TARGET_VIBE~2,Datum~A_TARGET_VIBE~3,Randnotiz~A_TARGET_VIBE~3,Unterschrift~A_TARGET_VIBE~3"
Erfahrung,2,9|12,Gesellschaft & Beruf|Gefühle & Abstraktes,"Lebenslauf~A_TARGET_VIBE~2,Netzwerk~A_TARGET_VIBE~2,Ziel~A_TARGET_VIBE~2,Berufsberatung~A_TARGET_VIBE~2,Kompetenz~A_TARGET_VIBE~3,Ordner~A_TARGET_VIBE~3"
Erfolg,2,9,Gesellschaft & Beruf,"Motivation~A_TARGET_VIBE~2,Rückendeckung~A_TARGET_VIBE~2,Bewertung~A_TARGET_VIBE~2,Pünktlichkeit~A_TARGET_VIBE~2,Respekt~A_TARGET_VIBE~3,Sachbearbeiter~A_TARGET_VIBE~3"
Ergebnis,2,9,Gesellschaft & Beruf,"Quartal~A_TARGET_VIBE~2,Kapitel~A_TARGET_VIBE~2,Seite~A_TARGET_VIBE~2,Tabelle~A_TARGET_VIBE~2,Grafik~A_TARGET_VIBE~3,Ordner~A_TARGET_VIBE~3"
Etikette,4,9,Gesellschaft & Beruf,"Versöhnung~A_TARGET_VIBE~2,Anstand~A_TARGET_VIBE~3,Klatsch~A_TARGET_VIBE~3,Höflichkeit~A_TARGET_VIBE~3,Lächeln~A_TARGET_VIBE~4,Ordner~A_TARGET_VIBE~4"
Fahrgemeinschaft,3,3|9|12,Orte & Reisen|Gesellschaft & Beruf|Gefühle & Abstraktes,"Einfahrt~A_TARGET_VIBE~2,Haltestelle~A_TARGET_VIBE~2,Verspätung~A_TARGET_VIBE~2,Stau~A_TARGET_VIBE~3,Straßenbahn~A_TARGET_VIBE~3,Rushhour~A_TARGET_VIBE~3"
Fahrkarte,2,0|3|9,Alltag & Gegenstände|Orte & Reisen|Gesellschaft & Beruf,"Fahrrad~A_TARGET_VIBE~2,Regen~A_TARGET_VIBE~2,Rushhour~A_TARGET_VIBE~2,Einfahrt~A_TARGET_VIBE~2,Bahn~A_TARGET_VIBE~3,Karte~B_PART_VIBE~2"
Fahrrad,1,3|9,Orte & Reisen|Gesellschaft & Beruf,"Stau~A_TARGET_VIBE~1,Umleitung~A_TARGET_VIBE~2,Haltestelle~A_TARGET_VIBE~2,Kilometer~A_TARGET_VIBE~2,Taktung~A_TARGET_VIBE~2,Rushhour~A_TARGET_VIBE~2"
Fehlermeldung,3,6|9|12,Technik & Digitales|Gesellschaft & Beruf|Gefühle & Abstraktes,"Passwort~A_TARGET_VIBE~2,Servicestelle~A_TARGET_VIBE~2,Browser~A_TARGET_VIBE~2,Arbeitsstation~A_TARGET_VIBE~3,Störungsmeldung~A_TARGET_VIBE~3,Rückfrage~A_TARGET_VIBE~3"
Feier,1,9|13,Gesellschaft & Beruf|Feste & Jahreszeiten,"Kollegen~A_TARGET_VIBE~1,Sekt~A_TARGET_VIBE~2,Gruß~A_TARGET_VIBE~2,Fotobox~A_TARGET_VIBE~2,Anstoßen~A_TARGET_VIBE~2,Scan~A_TARGET_VIBE~2"
Feierabend,2,9,Gesellschaft & Beruf,"Arbeitsbeginn~A_TARGET_VIBE~2,Pausen~A_TARGET_VIBE~2,Gleitzeit~A_TARGET_VIBE~2,Schicht~A_TARGET_VIBE~2,Überstunden~A_TARGET_VIBE~3,Rückfrage~A_TARGET_VIBE~3"
Fest,1,9|13,Gesellschaft & Beruf|Feste & Jahreszeiten,"Catering~A_TARGET_VIBE~1,Musik~A_TARGET_VIBE~2,Rede~A_TARGET_VIBE~2,Teamfoto~A_TARGET_VIBE~2,Einladung~A_TARGET_VIBE~2,Sachbearbeiter~A_TARGET_VIBE~2"
Festanstellung,3,9|12,Gesellschaft & Beruf|Gefühle & Abstraktes,"Profil~A_TARGET_VIBE~2,Stellenwechsel~A_TARGET_VIBE~2,Aufstieg~A_TARGET_VIBE~2,Kompetenz~A_TARGET_VIBE~3,Lebenslauf~A_TARGET_VIBE~3,Besprechung~A_TARGET_VIBE~3"
Firma,1,9,Gesellschaft & Beruf,"Quartal~A_TARGET_VIBE~1,Projekt~A_TARGET_VIBE~2,Entscheidung~A_TARGET_VIBE~2,Abstimmung~A_TARGET_VIBE~2,Richtlinie~A_TARGET_VIBE~2,Kollege~A_TARGET_VIBE~2"
Flurfunk,3,9,Gesellschaft & Beruf,"Klatsch~A_TARGET_VIBE~2,Gerücht~A_TARGET_VIBE~2,Höflichkeit~A_TARGET_VIBE~2,Einladung~A_TARGET_VIBE~3,Kontakt~A_TARGET_VIBE~3,Respekt~A_TARGET_VIBE~3"
Formular,3,0|9,Alltag & Gegenstände|Gesellschaft & Beruf,"Siegel~A_TARGET_VIBE~2,Anlage~A_TARGET_VIBE~2,Druck~A_TARGET_VIBE~2,Formblatt~A_TARGET_VIBE~3,Aktennotiz~A_TARGET_VIBE~3,Posteingang~A_TARGET_VIBE~3"
Formularstapel,4,0|9,Alltag & Gegenstände|Gesellschaft & Beruf,"Datum~A_TARGET_VIBE~2,Druck~A_TARGET_VIBE~3,Randnotiz~A_TARGET_VIBE~3,Entwurf~A_TARGET_VIBE~3,Beglaubigung~A_TARGET_VIBE~4,Unterschrift~A_TARGET_VIBE~4"
Fortbildung,3,9|12,Gesellschaft & Beruf|Gefühle & Abstraktes,"Einarbeitung~A_TARGET_VIBE~2,Skript~A_TARGET_VIBE~2,Seminar~A_TARGET_VIBE~2,Fortschritt~A_TARGET_VIBE~3,Zertifikat~A_TARGET_VIBE~3,Formular~A_TARGET_VIBE~3"
Freigabe,3,9,Gesellschaft & Beruf,"Ampel~A_TARGET_VIBE~2,Begründung~A_TARGET_VIBE~2,Antrag~A_TARGET_VIBE~2,Unterschrift~A_TARGET_VIBE~3,Protokoll~A_TARGET_VIBE~3,Rückfrage~A_TARGET_VIBE~3"
Freizeitausgleich,4,9,Gesellschaft & Beruf,"Arbeitsende~A_TARGET_VIBE~2,Stechuhr~A_TARGET_VIBE~3,Zeiterfassung~A_TARGET_VIBE~3,Gleitzeit~A_TARGET_VIBE~3,Arbeitsbeginn~A_TARGET_VIBE~4,Besprechung~A_TARGET_VIBE~4"
Freundschaft,2,9|12,Gesellschaft & Beruf|Gefühle & Abstraktes,"Smalltalk~A_TARGET_VIBE~2,Kontakt~A_TARGET_VIBE~2,Plausch~A_TARGET_VIBE~2,Lächeln~A_TARGET_VIBE~2,Klatsch~A_TARGET_VIBE~3,Sachbearbeiter~A_TARGET_VIBE~3"
Frist,3,9|12,Gesellschaft & Beruf|Gefühle & Abstraktes,"Uhrzeit~A_TARGET_VIBE~2,Upload~A_TARGET_VIBE~2,Erinnerung~A_TARGET_VIBE~2,Abend~A_TARGET_VIBE~3,Verlängerung~A_TARGET_VIBE~3,Posteingang~A_TARGET_VIBE~3"
Frühschicht,3,9,Gesellschaft & Beruf,"Scan~A_TARGET_VIBE~2,E-Mail~A_TARGET_VIBE~2,Sachbearbeiter~A_TARGET_VIBE~2,Posteingang~A_TARGET_VIBE~3,Kopie~A_TARGET_VIBE~3,Kollege~A_TARGET_VIBE~3"
Fähigkeit,2,9|12,Gesellschaft & Beruf|Gefühle & Abstraktes,"Eigeninitiative~A_TARGET_VIBE~2,Vertrauen~A_TARGET_VIBE~2,Termintreue~A_TARGET_VIBE~2,Respekt~A_TARGET_VIBE~2,Pünktlichkeit~A_TARGET_VIBE~3,Besprechung~A_TARGET_VIBE~3"
Führung,2,9|12,Gesellschaft & Beruf|Gefühle & Abstraktes,"Ausgang~A_TARGET_VIBE~2,Freigabe~A_TARGET_VIBE~2,Bearbeitung~A_TARGET_VIBE~2,Stempel~A_TARGET_VIBE~2,Formular~A_TARGET_VIBE~3,Posteingang~A_TARGET_VIBE~3"
Führungskraft,4,9,Gesellschaft & Beruf,"Formular~A_TARGET_VIBE~2,Rückfrage~A_TARGET_VIBE~3,Kollege~A_TARGET_VIBE~3,Büro~A_TARGET_VIBE~3,Posteingang~A_TARGET_VIBE~4,Telefonat~A_TARGET_VIBE~4"
Gabelstapler,4,9,Gesellschaft & Beruf,"Dienstweg~A_TARGET_VIBE~2,Aufgabe~A_TARGET_VIBE~3,Ansprechpartner~A_TARGET_VIBE~3,Ordner~A_TARGET_VIBE~3,Scan~A_TARGET_VIBE~4,Stempel~A_TARGET_VIBE~4"
Gast,1,9,Gesellschaft & Beruf,"Lächeln~A_TARGET_VIBE~1,Buffet~A_TARGET_VIBE~2,Tisch~A_TARGET_VIBE~2,Smalltalk~A_TARGET_VIBE~2,Plausch~A_TARGET_VIBE~2,Ordner~A_TARGET_VIBE~2"
Gastgeber,3,9,Gesellschaft & Beruf,"Kollege~A_TARGET_VIBE~2,Delegation~A_TARGET_VIBE~2,Briefing~A_TARGET_VIBE~2,Scan~A_TARGET_VIBE~3,Kopie~A_TARGET_VIBE~3,Sachbearbeiter~A_TARGET_VIBE~3"
Geburtstag,1,9,Gesellschaft & Beruf,"E-Mail~A_TARGET_VIBE~1,Telefonat~A_TARGET_VIBE~2,Formular~A_TARGET_VIBE~2,Posteingang~A_TARGET_VIBE~2,Besprechung~A_TARGET_VIBE~2,Scan~A_TARGET_VIBE~2"
Geburtstagsrunde,3,9,Gesellschaft & Beruf,"Rückfrage~A_TARGET_VIBE~2,Telefonat~A_TARGET_VIBE~2,Ordner~A_TARGET_VIBE~2,Büro~A_TARGET_VIBE~3,Posteingang~A_TARGET_VIBE~3,Kopie~A_TARGET_VIBE~3"
Gehalt,1,9,Gesellschaft & Beruf,"Lohnsteuer~A_TARGET_VIBE~1,Nachzahlung~A_TARGET_VIBE~2,Stunden~A_TARGET_VIBE~2,Pauschale~A_TARGET_VIBE~2,Zuschlag~A_TARGET_VIBE~2,Büro~A_TARGET_VIBE~2"
Gehaltsabrechnung,4,9|12,Gesellschaft & Beruf|Gefühle & Abstraktes,"Nachzahlung~A_TARGET_VIBE~2,Brutto~A_TARGET_VIBE~3,Steuerklasse~A_TARGET_VIBE~3,Stunden~A_TARGET_VIBE~3,Buchhaltung~A_TARGET_VIBE~4,Kopie~A_TARGET_VIBE~4"
Genehmigung,4,9|12,Gesellschaft & Beruf|Gefühle & Abstraktes,"Beschluss~A_TARGET_VIBE~2,Protokoll~A_TARGET_VIBE~3,Antrag~A_TARGET_VIBE~3,Gremium~A_TARGET_VIBE~3,Ampel~A_TARGET_VIBE~4,Formular~A_TARGET_VIBE~4"
Gerücht,2,9,Gesellschaft & Beruf,"Formular~A_TARGET_VIBE~2,Kollege~A_TARGET_VIBE~2,Besprechung~A_TARGET_VIBE~2,Büro~A_TARGET_VIBE~2,Unterschrift~A_TARGET_VIBE~3,Posteingang~A_TARGET_VIBE~3"
Geschenk,1,9,Gesellschaft & Beruf,"Besprechung~A_TARGET_VIBE~1,Stempel~A_TARGET_VIBE~2,Kopie~A_TARGET_VIBE~2,Durchwahl~A_TARGET_VIBE~2,Unterschrift~A_TARGET_VIBE~2,Scan~A_TARGET_VIBE~2"
Geschäftsführer,3,9,Gesellschaft & Beruf,"Kalender~A_TARGET_VIBE~2,Dienstweg~A_TARGET_VIBE~2,Aufgabe~A_TARGET_VIBE~2,Formular~A_TARGET_VIBE~3,Sachbearbeiter~A_TARGET_VIBE~3,Telefonat~A_TARGET_VIBE~3"
Geschäftsführung,4,9|12,Gesellschaft & Beruf|Gefühle & Abstraktes,"Abstimmung~A_TARGET_VIBE~2,Quartal~A_TARGET_VIBE~3,Leitung~A_TARGET_VIBE~3,Teamspirit~A_TARGET_VIBE~3,Chefetage~A_TARGET_VIBE~4,Durchwahl~A_TARGET_VIBE~4"
Gespräch,1,9,Gesellschaft & Beruf,"Sachbearbeiter~A_TARGET_VIBE~1,Rückfrage~A_TARGET_VIBE~2,Unterschrift~A_TARGET_VIBE~2,Telefonat~A_TARGET_VIBE~2,Büro~A_TARGET_VIBE~2,Termin~A_TARGET_VIBE~2"
Gesprächsnotiz,4,0|9,Alltag & Gegenstände|Gesellschaft & Beruf,"Ordner~A_TARGET_VIBE~2,Sachbearbeiter~A_TARGET_VIBE~3,Büro~A_TARGET_VIBE~3,Unterschrift~A_TARGET_VIBE~3,Telefonat~A_TARGET_VIBE~4,Formular~A_TARGET_VIBE~4"
Gewerbe,4,9,Gesellschaft & Beruf,"Büro~A_TARGET_VIBE~2,Termin~A_TARGET_VIBE~3,Rückfrage~A_TARGET_VIBE~3,Formular~A_TARGET_VIBE~3,Unterschrift~A_TARGET_VIBE~4,Scan~A_TARGET_VIBE~4"
Gleichberechtigung,4,9|12,Gesellschaft & Beruf|Gefühle & Abstraktes,"Notiz~A_TARGET_VIBE~2,Abstimmung~A_TARGET_VIBE~3,Umsetzung~A_TARGET_VIBE~3,Kollege~A_TARGET_VIBE~3,Formular~A_TARGET_VIBE~4,Kopie~A_TARGET_VIBE~4"
Gleitzeit,3,9,Gesellschaft & Beruf,"Rückfrage~A_TARGET_VIBE~2,Kopie~A_TARGET_VIBE~2,Durchwahl~A_TARGET_VIBE~2,Besprechung~A_TARGET_VIBE~3,E-Mail~A_TARGET_VIBE~3,Posteingang~A_TARGET_VIBE~3"
Gratulation,2,9,Gesellschaft & Beruf,"Besprechung~A_TARGET_VIBE~2,Unterschrift~A_TARGET_VIBE~2,Stempel~A_TARGET_VIBE~2,Ordner~A_TARGET_VIBE~2,Büro~A_TARGET_VIBE~3,Kollege~A_TARGET_VIBE~3"
Handbuch,3,9,Gesellschaft & Beruf,"Termin~A_TARGET_VIBE~2,Scan~A_TARGET_VIBE~2,Kollege~A_TARGET_VIBE~2,Durchwahl~A_TARGET_VIBE~3,Ordner~A_TARGET_VIBE~3,Stempel~A_TARGET_VIBE~3"
Handwerk,3,9,Gesellschaft & Beruf,"Zunft~A_TARGET_VIBE~2,Auftrag~A_TARGET_VIBE~2,Lehre~A_TARGET_VIBE~2,Maßband~A_TARGET_VIBE~3,Material~A_TARGET_VIBE~3,Termin~A_TARGET_VIBE~3"
Hausmeister,2,9,Gesellschaft & Beruf,"Einarbeitung~A_TARGET_VIBE~2,Schnittstelle~A_TARGET_VIBE~2,Ansprechpartner~A_TARGET_VIBE~2,Telefonat~A_TARGET_VIBE~2,Rückfrage~A_TARGET_VIBE~3,Kollege~A_TARGET_VIBE~3"
Hauspost,3,9,Gesellschaft & Beruf,"E-Mail~A_TARGET_VIBE~2,Posteingang~A_TARGET_VIBE~2,Kollege~A_TARGET_VIBE~2,Scan~A_TARGET_VIBE~3,Stempel~A_TARGET_VIBE~3,Ordner~A_TARGET_VIBE~3"
Heftgerät,3,9,Gesellschaft & Beruf,"Telefonat~A_TARGET_VIBE~2,E-Mail~A_TARGET_VIBE~2,Scan~A_TARGET_VIBE~2,Unterschrift~A_TARGET_VIBE~3,Termin~A_TARGET_VIBE~3,Stempel~A_TARGET_VIBE~3"
Helm,1,9,Gesellschaft & Beruf,"Posteingang~A_TARGET_VIBE~1,Sachbearbeiter~A_TARGET_VIBE~2,Scan~A_TARGET_VIBE~2,Kopie~A_TARGET_VIBE~2,Formular~A_TARGET_VIBE~2,Büro~A_TARGET_VIBE~2"
Hierarchie,4,9,Gesellschaft & Beruf,"Posteingang~A_TARGET_VIBE~2,Unterschrift~A_TARGET_VIBE~3,Rückfrage~A_TARGET_VIBE~3,Durchwahl~A_TARGET_VIBE~3,Kopie~A_TARGET_VIBE~4,Kollege~A_TARGET_VIBE~4"
Hochzeit,1,9,Gesellschaft & Beruf,"Unterschrift~A_TARGET_VIBE~1,Sachbearbeiter~A_TARGET_VIBE~2,Kopie~A_TARGET_VIBE~2,Büro~A_TARGET_VIBE~2,Formular~A_TARGET_VIBE~2,Ordner~A_TARGET_VIBE~2"
Homeoffice,3,9,Gesellschaft & Beruf,"Termin~A_TARGET_VIBE~2,Durchwahl~A_TARGET_VIBE~2,Unterschrift~A_TARGET_VIBE~2,Telefonat~A_TARGET_VIBE~3,Kollege~A_TARGET_VIBE~3,Ordner~A_TARGET_VIBE~3"
Höflichkeit,3,9|12,Gesellschaft & Beruf|Gefühle & Abstraktes,"Eigeninitiative~A_TARGET_VIBE~2,Vertrauen~A_TARGET_VIBE~2,Rückendeckung~A_TARGET_VIBE~2,Konstanz~A_TARGET_VIBE~3,Motivation~A_TARGET_VIBE~3,Durchwahl~A_TARGET_VIBE~3"
Idee,1,9,Gesellschaft & Beruf,"Büro~A_TARGET_VIBE~1,Durchwahl~A_TARGET_VIBE~2,Termin~A_TARGET_VIBE~2,Posteingang~A_TARGET_VIBE~2,Ordner~A_TARGET_VIBE~2,Stempel~A_TARGET_VIBE~2"
Internet,2,6|9,Technik & Digitales|Gesellschaft & Beruf,"Netzwerk~A_TARGET_VIBE~2,Datenbank~A_TARGET_VIBE~2,Server~A_TARGET_VIBE~2,Update~A_TARGET_VIBE~2,Zugang~A_TARGET_VIBE~3,Stempel~A_TARGET_VIBE~3"
Jahresgespräch,4,9,Gesellschaft & Beruf,"Telefonat~A_TARGET_VIBE~2,Kopie~A_TARGET_VIBE~3,Ordner~A_TARGET_VIBE~3,Unterschrift~A_TARGET_VIBE~3,E-Mail~A_TARGET_VIBE~4,Büro~A_TARGET_VIBE~4"
Jahresziel,3,9|12,Gesellschaft & Beruf|Gefühle & Abstraktes,"Sachbearbeiter~A_TARGET_VIBE~2,Kollege~A_TARGET_VIBE~2,Termin~A_TARGET_VIBE~2,Ordner~A_TARGET_VIBE~3,Besprechung~A_TARGET_VIBE~3,Durchwahl~A_TARGET_VIBE~3"
Jubiläum,3,9,Gesellschaft & Beruf,"Sachbearbeiter~A_TARGET_VIBE~2,Telefonat~A_TARGET_VIBE~2,Ordner~A_TARGET_VIBE~2,Büro~A_TARGET_VIBE~3,Rückfrage~A_TARGET_VIBE~3,Stempel~A_TARGET_VIBE~3"
Kaffeeklatsch,3,1|9,Essen & Trinken|Gesellschaft & Beruf,"Kaffeebohne~A_TARGET_VIBE~2,Zucker~A_TARGET_VIBE~2,Thermoskanne~A_TARGET_VIBE~2,Pause~A_TARGET_VIBE~3,Smalltalk~A_TARGET_VIBE~3,Filter~A_TARGET_VIBE~3"
Kaffeeküche,3,1|9,Essen & Trinken|Gesellschaft & Beruf,"Kaffeebohne~A_TARGET_VIBE~2,Koffein~A_TARGET_VIBE~2,Keks~A_TARGET_VIBE~2,Kaffeetasse~A_TARGET_VIBE~3,Smalltalk~A_TARGET_VIBE~3,Filter~A_TARGET_VIBE~3"
Kaffeepause,2,1|9,Essen & Trinken|Gesellschaft & Beruf,"Kaffeebohne~A_TARGET_VIBE~2,Mühle~A_TARGET_VIBE~2,Milch~A_TARGET_VIBE~2,Küche~A_TARGET_VIBE~2,Pause~A_TARGET_VIBE~3,Löffel~A_TARGET_VIBE~3"
Kaffeetasse,1,1|9,Essen & Trinken|Gesellschaft & Beruf,"Pause~A_TARGET_VIBE~1,Küche~A_TARGET_VIBE~2,Zucker~A_TARGET_VIBE~2,Milch~A_TARGET_VIBE~2,Espresso~A_TARGET_VIBE~2,Löffel~A_TARGET_VIBE~2"
Kalender,2,9,Gesellschaft & Beruf,"Vertretung~A_TARGET_VIBE~2,Dienstweg~A_TARGET_VIBE~2,Durchwahl~A_TARGET_VIBE~2,Stempel~A_TARGET_VIBE~2,Ordner~A_TARGET_VIBE~3,Rückfrage~A_TARGET_VIBE~3"
Kantine,2,1|3|9,Essen & Trinken|Orte & Reisen|Gesellschaft & Beruf,"Serviette~A_TARGET_VIBE~2,Pausenraum~A_TARGET_VIBE~2,Kaffee~A_TARGET_VIBE~2,Gabel~A_TARGET_VIBE~2,Salat~A_TARGET_VIBE~3,Trinken~A_TARGET_VIBE~3"
Kantinenkarte,4,1|3|9,Essen & Trinken|Orte & Reisen|Gesellschaft & Beruf,"Mikrowelle~A_TARGET_VIBE~2,Schlange~A_TARGET_VIBE~3,Menü~A_TARGET_VIBE~3,Salat~A_TARGET_VIBE~3,Kasse~A_TARGET_VIBE~4,Karte~B_PART_VIBE~3"
Karriere,2,9,Gesellschaft & Beruf,"Termin~A_TARGET_VIBE~2,Durchwahl~A_TARGET_VIBE~2,Büro~A_TARGET_VIBE~2,Rückfrage~A_TARGET_VIBE~2,Scan~A_TARGET_VIBE~3,Posteingang~A_TARGET_VIBE~3"
Karriereleiter,3,9,Gesellschaft & Beruf,"Einarbeitung~A_TARGET_VIBE~2,Durchwahl~A_TARGET_VIBE~2,Kollege~A_TARGET_VIBE~2,Formular~A_TARGET_VIBE~3,Ordner~A_TARGET_VIBE~3,Sachbearbeiter~A_TARGET_VIBE~3"
Kassenwart,4,9,Gesellschaft & Beruf,"Kopie~A_TARGET_VIBE~2,Formular~A_TARGET_VIBE~3,Durchwahl~A_TARGET_VIBE~3,Posteingang~A_TARGET_VIBE~3,E-Mail~A_TARGET_VIBE~4,Ordner~A_TARGET_VIBE~4"
Kennzahl,4,9,Gesellschaft & Beruf,"Posteingang~A_TARGET_VIBE~2,Stempel~A_TARGET_VIBE~3,Termin~A_TARGET_VIBE~3,Telefonat~A_TARGET_VIBE~3,E-Mail~A_TARGET_VIBE~4,Sachbearbeiter~A_TARGET_VIBE~4"
Klatsch,2,9,Gesellschaft & Beruf,"Unterschrift~A_TARGET_VIBE~2,Büro~A_TARGET_VIBE~2,Besprechung~A_TARGET_VIBE~2,Formular~A_TARGET_VIBE~2,Stempel~A_TARGET_VIBE~3,Ordner~A_TARGET_VIBE~3"
Klärung,2,9|12,Gesellschaft & Beruf|Gefühle & Abstraktes,"Erledigt~A_TARGET_VIBE~2,Ausgang~A_TARGET_VIBE~2,Umsetzung~A_TARGET_VIBE~2,Büro~A_TARGET_VIBE~2,Kopie~A_TARGET_VIBE~3,Sachbearbeiter~A_TARGET_VIBE~3"
Kollegenkreis,3,9,Gesellschaft & Beruf,"Kopie~A_TARGET_VIBE~2,Ordner~A_TARGET_VIBE~2,Stempel~A_TARGET_VIBE~2,E-Mail~A_TARGET_VIBE~3,Rückfrage~A_TARGET_VIBE~3,Durchwahl~A_TARGET_VIBE~3"
Kollegenneid,4,9,Gesellschaft & Beruf,"Unterschrift~A_TARGET_VIBE~2,Stempel~A_TARGET_VIBE~3,Rückfrage~A_TARGET_VIBE~3,Durchwahl~A_TARGET_VIBE~3,Büro~A_TARGET_VIBE~4,Ordner~A_TARGET_VIBE~4"
Kollegialität,4,9,Gesellschaft & Beruf,"Kopie~A_TARGET_VIBE~2,Durchwahl~A_TARGET_VIBE~3,Formular~A_TARGET_VIBE~3,Büro~A_TARGET_VIBE~3,Stempel~A_TARGET_VIBE~4,Kollege~A_TARGET_VIBE~4"
Kollegin,2,9,Gesellschaft & Beruf,"Scan~A_TARGET_VIBE~2,Unterschrift~A_TARGET_VIBE~2,Büro~A_TARGET_VIBE~2,Formular~A_TARGET_VIBE~2,Posteingang~A_TARGET_VIBE~3,Besprechung~A_TARGET_VIBE~3"
Kollegium,3,9,Gesellschaft & Beruf,"Besprechung~A_TARGET_VIBE~2,Unterschrift~A_TARGET_VIBE~2,Ordner~A_TARGET_VIBE~2,Formular~A_TARGET_VIBE~3,Scan~A_TARGET_VIBE~3,Büro~A_TARGET_VIBE~3"
Kollegschaft,3,9|12,Gesellschaft & Beruf|Gefühle & Abstraktes,"Termin~A_TARGET_VIBE~2,Büro~A_TARGET_VIBE~2,Telefonat~A_TARGET_VIBE~2,Rückfrage~A_TARGET_VIBE~3,Durchwahl~A_TARGET_VIBE~3,Besprechung~A_TARGET_VIBE~3"
Kompetenz,4,9|12,Gesellschaft & Beruf|Gefühle & Abstraktes,"Respekt~A_TARGET_VIBE~2,Teamgeist~A_TARGET_VIBE~3,Ruf~A_TARGET_VIBE~3,Termintreue~A_TARGET_VIBE~3,Sorgfalt~A_TARGET_VIBE~4,Unterschrift~A_TARGET_VIBE~4"
Kompromiss,3,9,Gesellschaft & Beruf,"Kollege~A_TARGET_VIBE~2,Durchwahl~A_TARGET_VIBE~2,Termin~A_TARGET_VIBE~2,Rückfrage~A_TARGET_VIBE~3,Besprechung~A_TARGET_VIBE~3,Ordner~A_TARGET_VIBE~3"
Konferenz,2,9,Gesellschaft & Beruf,"Kaffee~A_TARGET_VIBE~2,Einladung~A_TARGET_VIBE~2,Flipchart~A_TARGET_VIBE~2,Notizblock~A_TARGET_VIBE~2,Diskussion~A_TARGET_VIBE~3,Unterschrift~A_TARGET_VIBE~3"
Konferenzraum,3,3|9,Orte & Reisen|Gesellschaft & Beruf,"Kaffee~A_TARGET_VIBE~2,Notizblock~A_TARGET_VIBE~2,Handzeichen~A_TARGET_VIBE~2,Redeliste~A_TARGET_VIBE~3,Moderation~A_TARGET_VIBE~3,Unterschrift~A_TARGET_VIBE~3"
Konflikt,3,9,Gesellschaft & Beruf,"Termin~A_TARGET_VIBE~2,Büro~A_TARGET_VIBE~2,Besprechung~A_TARGET_VIBE~2,Ordner~A_TARGET_VIBE~3,Durchwahl~A_TARGET_VIBE~3,Telefonat~A_TARGET_VIBE~3"
Kontakt,2,9,Gesellschaft & Beruf,"Sachbearbeiter~A_TARGET_VIBE~2,Büro~A_TARGET_VIBE~2,Kopie~A_TARGET_VIBE~2,Termin~A_TARGET_VIBE~2,Stempel~A_TARGET_VIBE~3,Rückfrage~A_TARGET_VIBE~3"
Kontostand,3,9,Gesellschaft & Beruf,"Zugang~A_TARGET_VIBE~2,Saldo~A_TARGET_VIBE~2,Limit~A_TARGET_VIBE~2,PIN~A_TARGET_VIBE~3,App~A_TARGET_VIBE~3,Konto~B_PART_VIBE~2"
Konzept,3,9,Gesellschaft & Beruf,"Stempel~A_TARGET_VIBE~2,Rückfrage~A_TARGET_VIBE~2,Ordner~A_TARGET_VIBE~2,E-Mail~A_TARGET_VIBE~3,Durchwahl~A_TARGET_VIBE~3,Besprechung~A_TARGET_VIBE~3"
Kopie,2,9,Gesellschaft & Beruf,"Ordner~A_TARGET_VIBE~2,Unterschrift~A_TARGET_VIBE~2,Durchwahl~A_TARGET_VIBE~2,Büro~A_TARGET_VIBE~2,Termin~A_TARGET_VIBE~3,Scan~A_TARGET_VIBE~3"
Kopierer,3,9,Gesellschaft & Beruf,"Dienstweg~A_TARGET_VIBE~2,Absprache~A_TARGET_VIBE~2,Kalender~A_TARGET_VIBE~2,Büro~A_TARGET_VIBE~3,Rückfrage~A_TARGET_VIBE~3,Posteingang~A_TARGET_VIBE~3"
Kostenstelle,4,9,Gesellschaft & Beruf,"Besprechung~A_TARGET_VIBE~2,E-Mail~A_TARGET_VIBE~3,Termin~A_TARGET_VIBE~3,Durchwahl~A_TARGET_VIBE~3,Telefonat~A_TARGET_VIBE~4,Kollege~A_TARGET_VIBE~4"
Krankenkasse,3,7|9,Wissenschaft & Medizin|Gesellschaft & Beruf,"Diagnose~A_TARGET_VIBE~2,Sprechstunde~A_TARGET_VIBE~2,Wartezimmer~A_TARGET_VIBE~2,Praxis~A_TARGET_VIBE~3,Termin~A_TARGET_VIBE~3,Rückfrage~A_TARGET_VIBE~3"
Krankenstand,4,7|9,Wissenschaft & Medizin|Gesellschaft & Beruf,"Überweisung~A_TARGET_VIBE~2,Behandlung~A_TARGET_VIBE~3,Sprechstunde~A_TARGET_VIBE~3,Praxis~A_TARGET_VIBE~3,Termin~A_TARGET_VIBE~4,E-Mail~A_TARGET_VIBE~4"
Krankheit,1,7|9|12,Wissenschaft & Medizin|Gesellschaft & Beruf|Gefühle & Abstraktes,"Rezept~A_TARGET_VIBE~1,Wartezimmer~A_TARGET_VIBE~2,Labor~A_TARGET_VIBE~2,Praxis~A_TARGET_VIBE~2,Blutdruck~A_TARGET_VIBE~2,Formular~A_TARGET_VIBE~2"
Krankheitstag,3,7|9,Wissenschaft & Medizin|Gesellschaft & Beruf,"Karteikarte~A_TARGET_VIBE~2,Krankschreibung~A_TARGET_VIBE~2,Sprechstunde~A_TARGET_VIBE~2,Versichertenkarte~A_TARGET_VIBE~3,Rezept~A_TARGET_VIBE~3,Durchwahl~A_TARGET_VIBE~3"
Krankmeldung,3,7|9|12,Wissenschaft & Medizin|Gesellschaft & Beruf|Gefühle & Abstraktes,"Sprechstunde~A_TARGET_VIBE~2,Karteikarte~A_TARGET_VIBE~2,Behandlung~A_TARGET_VIBE~2,Blutdruck~A_TARGET_VIBE~3,Praxis~A_TARGET_VIBE~3,Termin~A_TARGET_VIBE~3"
Krawatte,2,9,Gesellschaft & Beruf,"Telefonat~A_TARGET_VIBE~2,Unterschrift~A_TARGET_VIBE~2,Termin~A_TARGET_VIBE~2,Durchwahl~A_TARGET_VIBE~2,Sachbearbeiter~A_TARGET_VIBE~3,Stempel~A_TARGET_VIBE~3"
Kritik,2,9,Gesellschaft & Beruf,"Sachbearbeiter~A_TARGET_VIBE~2,Rückfrage~A_TARGET_VIBE~2,Kopie~A_TARGET_VIBE~2,Büro~A_TARGET_VIBE~2,Posteingang~A_TARGET_VIBE~3,Formular~A_TARGET_VIBE~3"
Kugelschreiber,2,9,Gesellschaft & Beruf,"Schnittstelle~A_TARGET_VIBE~2,Durchwahl~A_TARGET_VIBE~2,Kalender~A_TARGET_VIBE~2,Ordner~A_TARGET_VIBE~2,Kollege~A_TARGET_VIBE~3,Posteingang~A_TARGET_VIBE~3"
Kunde,1,9,Gesellschaft & Beruf,"Kundenkontakt~A_TARGET_VIBE~1,Messe~A_TARGET_VIBE~2,Auftragslage~A_TARGET_VIBE~2,Umsatz~A_TARGET_VIBE~2,Kaltanruf~A_TARGET_VIBE~2,Ordner~A_TARGET_VIBE~2"
Kundendienst,4,9,Gesellschaft & Beruf,"Servicefall~A_TARGET_VIBE~2,Lösung~A_TARGET_VIBE~3,Kunde~A_TARGET_VIBE~3,Anruf~A_TARGET_VIBE~3,Rückfrage~A_TARGET_VIBE~4,Unterschrift~A_TARGET_VIBE~4"
Kundenkontakt,3,9,Gesellschaft & Beruf,"Markt~A_TARGET_VIBE~2,Kunde~A_TARGET_VIBE~2,Auftragslage~A_TARGET_VIBE~2,Kaltanruf~A_TARGET_VIBE~3,Provision~A_TARGET_VIBE~3,Durchwahl~A_TARGET_VIBE~3"
Kundschaft,3,9|12,Gesellschaft & Beruf|Gefühle & Abstraktes,"Sachbearbeiter~A_TARGET_VIBE~2,Termin~A_TARGET_VIBE~2,Büro~A_TARGET_VIBE~2,Rückfrage~A_TARGET_VIBE~3,Ordner~A_TARGET_VIBE~3,Telefonat~A_TARGET_VIBE~3"
Kündigung,3,9|12,Gesellschaft & Beruf|Gefühle & Abstraktes,"Vorwurf~A_TARGET_VIBE~2,Fragebogen~A_TARGET_VIBE~2,Anwalt~A_TARGET_VIBE~2,Begründung~A_TARGET_VIBE~3,Abmahnstufe~A_TARGET_VIBE~3,Ordner~A_TARGET_VIBE~3"
Kündigungsfrist,4,9|12,Gesellschaft & Beruf|Gefühle & Abstraktes,"Unterschrift~A_TARGET_VIBE~2,Vorwurf~A_TARGET_VIBE~3,Eskalation~A_TARGET_VIBE~3,Fragebogen~A_TARGET_VIBE~3,Protokoll~A_TARGET_VIBE~4,Kopie~A_TARGET_VIBE~4"
Lager,3,9,Gesellschaft & Beruf,"Feedback~A_TARGET_VIBE~2,Vertretung~A_TARGET_VIBE~2,Zuständigkeit~A_TARGET_VIBE~2,Scan~A_TARGET_VIBE~3,Termin~A_TARGET_VIBE~3,Ordner~A_TARGET_VIBE~3"
Lebenslauf,3,9,Gesellschaft & Beruf,"Unterschrift~A_TARGET_VIBE~2,Rückfrage~A_TARGET_VIBE~2,Besprechung~A_TARGET_VIBE~2,Posteingang~A_TARGET_VIBE~3,Sachbearbeiter~A_TARGET_VIBE~3,Ordner~A_TARGET_VIBE~3"
Leistungsbeurteilung,4,9|12,Gesellschaft & Beruf|Gefühle & Abstraktes,"Nachweis~A_TARGET_VIBE~2,Abstimmung~A_TARGET_VIBE~3,Eingang~A_TARGET_VIBE~3,Kopie~A_TARGET_VIBE~3,Posteingang~A_TARGET_VIBE~4,Formular~A_TARGET_VIBE~4"
Leistungsdruck,3,9,Gesellschaft & Beruf,"Sachbearbeiter~A_TARGET_VIBE~2,E-Mail~A_TARGET_VIBE~2,Termin~A_TARGET_VIBE~2,Kopie~A_TARGET_VIBE~3,Kollege~A_TARGET_VIBE~3,Büro~A_TARGET_VIBE~3"
Lieferant,3,9,Gesellschaft & Beruf,"Wareneingang~A_TARGET_VIBE~2,Versand~A_TARGET_VIBE~2,Menge~A_TARGET_VIBE~2,Lieferzeit~A_TARGET_VIBE~3,Rabatt~A_TARGET_VIBE~3,Formular~A_TARGET_VIBE~3"
Lieferung,3,9|12,Gesellschaft & Beruf|Gefühle & Abstraktes,"Rabatt~A_TARGET_VIBE~2,Nachbestellung~A_TARGET_VIBE~2,Storno~A_TARGET_VIBE~2,Wareneingang~A_TARGET_VIBE~3,Lieferzeit~A_TARGET_VIBE~3,Posteingang~A_TARGET_VIBE~3"
Lob,1,9,Gesellschaft & Beruf,"E-Mail~A_TARGET_VIBE~1,Telefonat~A_TARGET_VIBE~2,Büro~A_TARGET_VIBE~2,Termin~A_TARGET_VIBE~2,Kopie~A_TARGET_VIBE~2,Rückfrage~A_TARGET_VIBE~2"
Locher,2,9,Gesellschaft & Beruf,"Aufgabe~A_TARGET_VIBE~2,Rückfrage~A_TARGET_VIBE~2,Delegation~A_TARGET_VIBE~2,Stempel~A_TARGET_VIBE~2,Termin~A_TARGET_VIBE~3,Ordner~A_TARGET_VIBE~3"
Lohn,2,9,Gesellschaft & Beruf,"Posteingang~A_TARGET_VIBE~2,Ordner~A_TARGET_VIBE~2,Büro~A_TARGET_VIBE~2,Formular~A_TARGET_VIBE~2,Kollege~A_TARGET_VIBE~3,Kopie~A_TARGET_VIBE~3"
Lohnerhöhung,3,9|12,Gesellschaft & Beruf|Gefühle & Abstraktes,"Umsetzung~A_TARGET_VIBE~2,Erledigt~A_TARGET_VIBE~2,Bearbeitung~A_TARGET_VIBE~2,Ordner~A_TARGET_VIBE~3,Formular~A_TARGET_VIBE~3,Durchwahl~A_TARGET_VIBE~3"
Mahnung,3,9|12,Gesellschaft & Beruf|Gefühle & Abstraktes,"Übertrag~A_TARGET_VIBE~2,Lastschrift~A_TARGET_VIBE~2,Fälligkeit~A_TARGET_VIBE~2,Forderung~A_TARGET_VIBE~3,Betrag~A_TARGET_VIBE~3,Besprechung~A_TARGET_VIBE~3"
Marketing,4,9,Gesellschaft & Beruf,"Sozialnetz~A_TARGET_VIBE~2,Rundmail~A_TARGET_VIBE~3,Branding~A_TARGET_VIBE~3,Plakat~A_TARGET_VIBE~3,Flyer~A_TARGET_VIBE~4,Unterschrift~A_TARGET_VIBE~4"
Markt,2,9,Gesellschaft & Beruf,"Termin~A_TARGET_VIBE~2,Telefonat~A_TARGET_VIBE~2,Rückfrage~A_TARGET_VIBE~2,Formular~A_TARGET_VIBE~2,Kollege~A_TARGET_VIBE~3,Stempel~A_TARGET_VIBE~3"
Maus,1,9,Gesellschaft & Beruf,"Stempel~A_TARGET_VIBE~1,Unterschrift~A_TARGET_VIBE~2,E-Mail~A_TARGET_VIBE~2,Rückfrage~A_TARGET_VIBE~2,Durchwahl~A_TARGET_VIBE~2,Posteingang~A_TARGET_VIBE~2"
Mehrwertsteuer,3,9,Gesellschaft & Beruf,"Anlage~A_TARGET_VIBE~2,Fragebogen~A_TARGET_VIBE~2,Fristablauf~A_TARGET_VIBE~2,Bescheid~A_TARGET_VIBE~3,Abzug~A_TARGET_VIBE~3,Formular~A_TARGET_VIBE~3"
Messe,3,9,Gesellschaft & Beruf,"Büro~A_TARGET_VIBE~2,Besprechung~A_TARGET_VIBE~2,Posteingang~A_TARGET_VIBE~2,Formular~A_TARGET_VIBE~3,Kopie~A_TARGET_VIBE~3,Sachbearbeiter~A_TARGET_VIBE~3"
Mikrowelle,2,9,Gesellschaft & Beruf,"Kopie~A_TARGET_VIBE~2,Telefonat~A_TARGET_VIBE~2,Rückfrage~A_TARGET_VIBE~2,Sachbearbeiter~A_TARGET_VIBE~2,Unterschrift~A_TARGET_VIBE~3,Termin~A_TARGET_VIBE~3"
Misserfolg,4,9,Gesellschaft & Beruf,"Rückfrage~A_TARGET_VIBE~2,Ordner~A_TARGET_VIBE~3,Durchwahl~A_TARGET_VIBE~3,E-Mail~A_TARGET_VIBE~3,Unterschrift~A_TARGET_VIBE~4,Sachbearbeiter~A_TARGET_VIBE~4"
Missverständnis,2,9,Gesellschaft & Beruf,"Ordner~A_TARGET_VIBE~2,Posteingang~A_TARGET_VIBE~2,Unterschrift~A_TARGET_VIBE~2,E-Mail~A_TARGET_VIBE~2,Büro~A_TARGET_VIBE~3,Besprechung~A_TARGET_VIBE~3"
Mitarbeiter,2,9,Gesellschaft & Beruf,"Ziel~A_TARGET_VIBE~2,Kollege~A_TARGET_VIBE~2,Schnittstelle~A_TARGET_VIBE~2,Zuständigkeit~A_TARGET_VIBE~2,Durchwahl~A_TARGET_VIBE~3,Sachbearbeiter~A_TARGET_VIBE~3"
Mitgliedschaft,3,9|12,Gesellschaft & Beruf|Gefühle & Abstraktes,"Rückfrage~A_TARGET_VIBE~2,E-Mail~A_TARGET_VIBE~2,Kopie~A_TARGET_VIBE~2,Stempel~A_TARGET_VIBE~3,Formular~A_TARGET_VIBE~3,Posteingang~A_TARGET_VIBE~3"
Mittagspause,2,1|9,Essen & Trinken|Gesellschaft & Beruf,"Salat~A_TARGET_VIBE~2,Tablett~A_TARGET_VIBE~2,Mikrowelle~A_TARGET_VIBE~2,Suppe~A_TARGET_VIBE~2,Menü~A_TARGET_VIBE~3,Schlange~A_TARGET_VIBE~3"
Mitteilung,2,9|12,Gesellschaft & Beruf|Gefühle & Abstraktes,"Erledigt~A_TARGET_VIBE~2,Freigabe~A_TARGET_VIBE~2,Notiz~A_TARGET_VIBE~2,Unterschrift~A_TARGET_VIBE~2,Posteingang~A_TARGET_VIBE~3,Büro~A_TARGET_VIBE~3"
Monatsbericht,3,9|12,Gesellschaft & Beruf|Gefühle & Abstraktes,"Quartal~A_TARGET_VIBE~2,Kommentar~A_TARGET_VIBE~2,Tabelle~A_TARGET_VIBE~2,Leitung~A_TARGET_VIBE~3,Auswertung~A_TARGET_VIBE~3,Büro~A_TARGET_VIBE~3"
Motivation,3,9,Gesellschaft & Beruf,"Durchwahl~A_TARGET_VIBE~2,Besprechung~A_TARGET_VIBE~2,Ordner~A_TARGET_VIBE~2,Stempel~A_TARGET_VIBE~3,Kollege~A_TARGET_VIBE~3,Formular~A_TARGET_VIBE~3"
Nachbar,1,9,Gesellschaft & Beruf,"Sachbearbeiter~A_TARGET_VIBE~1,Stempel~A_TARGET_VIBE~2,Scan~A_TARGET_VIBE~2,Posteingang~A_TARGET_VIBE~2,Büro~A_TARGET_VIBE~2,Kollege~A_TARGET_VIBE~2"
Nachbarschaft,2,9|12,Gesellschaft & Beruf|Gefühle & Abstraktes,"Besprechung~A_TARGET_VIBE~2,Büro~A_TARGET_VIBE~2,Formular~A_TARGET_VIBE~2,Sachbearbeiter~A_TARGET_VIBE~2,Kopie~A_TARGET_VIBE~3,Ordner~A_TARGET_VIBE~3"
Nachfolge,4,9,Gesellschaft & Beruf,"Posteingang~A_TARGET_VIBE~2,E-Mail~A_TARGET_VIBE~3,Kollege~A_TARGET_VIBE~3,Besprechung~A_TARGET_VIBE~3,Stempel~A_TARGET_VIBE~4,Ordner~A_TARGET_VIBE~4"
Nachricht,2,9,Gesellschaft & Beruf,"Kopie~A_TARGET_VIBE~2,Formular~A_TARGET_VIBE~2,Durchwahl~A_TARGET_VIBE~2,Stempel~A_TARGET_VIBE~2,Scan~A_TARGET_VIBE~3,Besprechung~A_TARGET_VIBE~3"
Nachtschicht,3,9,Gesellschaft & Beruf,"Stempel~A_TARGET_VIBE~2,Scan~A_TARGET_VIBE~2,Ordner~A_TARGET_VIBE~2,Besprechung~A_TARGET_VIBE~3,Unterschrift~A_TARGET_VIBE~3,Termin~A_TARGET_VIBE~3"
Nachweis,3,0|9,Alltag & Gegenstände|Gesellschaft & Beruf,"Version~A_TARGET_VIBE~2,Druck~A_TARGET_VIBE~2,Randnotiz~A_TARGET_VIBE~2,Beglaubigung~A_TARGET_VIBE~3,Abschnitt~A_TARGET_VIBE~3,Scan~A_TARGET_VIBE~3"
Namensliste,2,9|12,Gesellschaft & Beruf|Gefühle & Abstraktes,"Stempel~A_TARGET_VIBE~2,Strich~A_TARGET_VIBE~2,Aushang~A_TARGET_VIBE~2,Spalte~A_TARGET_VIBE~2,Klemmbrett~A_TARGET_VIBE~3,Liste~B_PART_VIBE~2"
Namensschild,3,0|9|10,Alltag & Gegenstände|Gesellschaft & Beruf|Haushalt & Wohnen,"Heizung~A_TARGET_VIBE~2,Etage~A_TARGET_VIBE~2,Wartung~A_TARGET_VIBE~2,Hausmeister~A_TARGET_VIBE~3,Gebäude~A_TARGET_VIBE~3,Besprechung~A_TARGET_VIBE~3"
Netzwerk,4,6|9,Technik & Digitales|Gesellschaft & Beruf,"WLAN~A_TARGET_VIBE~2,Arbeitsstation~A_TARGET_VIBE~3,Browser~A_TARGET_VIBE~3,Datenbank~A_TARGET_VIBE~3,Server~A_TARGET_VIBE~4,Büro~A_TARGET_VIBE~4"
Notfall,2,9,Gesellschaft & Beruf,"Formular~A_TARGET_VIBE~2,Kollege~A_TARGET_VIBE~2,Termin~A_TARGET_VIBE~2,Stempel~A_TARGET_VIBE~2,Unterschrift~A_TARGET_VIBE~3,Rückfrage~A_TARGET_VIBE~3"
Notiz,2,0|9,Alltag & Gegenstände|Gesellschaft & Beruf,"Besprechung~A_TARGET_VIBE~2,Unterschrift~A_TARGET_VIBE~2,Rückfrage~A_TARGET_VIBE~2,Telefonat~A_TARGET_VIBE~2,Durchwahl~A_TARGET_VIBE~3,Kollege~A_TARGET_VIBE~3"
Notizblock,2,0|9,Alltag & Gegenstände|Gesellschaft & Beruf,"Kopie~A_TARGET_VIBE~2,Unterschrift~A_TARGET_VIBE~2,Büro~A_TARGET_VIBE~2,Termin~A_TARGET_VIBE~2,Kollege~A_TARGET_VIBE~3,Telefonat~A_TARGET_VIBE~3"
Ordner,2,0|9,Alltag & Gegenstände|Gesellschaft & Beruf,"Papier~A_TARGET_VIBE~2,Sortierung~A_TARGET_VIBE~2,Registratur~A_TARGET_VIBE~2,Archiv~A_TARGET_VIBE~2,Nachweis~A_TARGET_VIBE~3,Kollege~A_TARGET_VIBE~3"
Ordnungssinn,3,9,Gesellschaft & Beruf,"Kontrolle~A_TARGET_VIBE~2,Richtlinie~A_TARGET_VIBE~2,Freigabe~A_TARGET_VIBE~2,Aushang~A_TARGET_VIBE~3,Verstoß~A_TARGET_VIBE~3,Besprechung~A_TARGET_VIBE~3"
Original,2,9,Gesellschaft & Beruf,"Telefonat~A_TARGET_VIBE~2,Unterschrift~A_TARGET_VIBE~2,Scan~A_TARGET_VIBE~2,Posteingang~A_TARGET_VIBE~2,Büro~A_TARGET_VIBE~3,Stempel~A_TARGET_VIBE~3"
Paket,1,9,Gesellschaft & Beruf,"Posteingang~A_TARGET_VIBE~1,Sachbearbeiter~A_TARGET_VIBE~2,Büro~A_TARGET_VIBE~2,E-Mail~A_TARGET_VIBE~2,Stempel~A_TARGET_VIBE~2,Ordner~A_TARGET_VIBE~2"
Paketzusteller,3,9,Gesellschaft & Beruf,"Feedback~A_TARGET_VIBE~2,Ziel~A_TARGET_VIBE~2,Aufgabe~A_TARGET_VIBE~2,E-Mail~A_TARGET_VIBE~3,Büro~A_TARGET_VIBE~3,Formular~A_TARGET_VIBE~3"
Papierstapel,3,9,Gesellschaft & Beruf,"Durchwahl~A_TARGET_VIBE~2,Ordner~A_TARGET_VIBE~2,Posteingang~A_TARGET_VIBE~2,Besprechung~A_TARGET_VIBE~3,Kopie~A_TARGET_VIBE~3,Sachbearbeiter~A_TARGET_VIBE~3"
Parkplatz,2,0|3|9,Alltag & Gegenstände|Orte & Reisen|Gesellschaft & Beruf,"Beschilderung~A_TARGET_VIBE~2,Rampe~A_TARGET_VIBE~2,Ausfahrt~A_TARGET_VIBE~2,Parkschein~A_TARGET_VIBE~2,Schranke~A_TARGET_VIBE~3,Kollision~A_TARGET_VIBE~3"
Passwort,2,6|9,Technik & Digitales|Gesellschaft & Beruf,"Server~A_TARGET_VIBE~2,Störungsmeldung~A_TARGET_VIBE~2,Firewall~A_TARGET_VIBE~2,Zugang~A_TARGET_VIBE~2,Update~A_TARGET_VIBE~3,Pass~B_PART_VIBE~2"
Pause,1,9,Gesellschaft & Beruf,"E-Mail~A_TARGET_VIBE~1,Unterschrift~A_TARGET_VIBE~2,Termin~A_TARGET_VIBE~2,Besprechung~A_TARGET_VIBE~2,Ordner~A_TARGET_VIBE~2,Büro~A_TARGET_VIBE~2"
Pausenbrot,1,9,Gesellschaft & Beruf,"Formular~A_TARGET_VIBE~1,Unterschrift~A_TARGET_VIBE~2,E-Mail~A_TARGET_VIBE~2,Posteingang~A_TARGET_VIBE~2,Kopie~A_TARGET_VIBE~2,Termin~A_TARGET_VIBE~2"
Pausenraum,3,3|9,Orte & Reisen|Gesellschaft & Beruf,"Ordner~A_TARGET_VIBE~2,Durchwahl~A_TARGET_VIBE~2,Posteingang~A_TARGET_VIBE~2,Formular~A_TARGET_VIBE~3,Telefonat~A_TARGET_VIBE~3,Kopie~A_TARGET_VIBE~3"
Pendler,3,9,Gesellschaft & Beruf,"Briefing~A_TARGET_VIBE~2,Dienstweg~A_TARGET_VIBE~2,Rückfrage~A_TARGET_VIBE~2,Telefonat~A_TARGET_VIBE~3,Büro~A_TARGET_VIBE~3,Ordner~A_TARGET_VIBE~3"
Pendlerpauschale,5,9,Gesellschaft & Beruf,"Telefonat~A_TARGET_VIBE~3,Kopie~A_TARGET_VIBE~3,Sachbearbeiter~A_TARGET_VIBE~3,Termin~A_TARGET_VIBE~4,Formular~A_TARGET_VIBE~4,Durchwahl~A_TARGET_VIBE~4,Scan~A_TARGET_VIBE~3"
Pension,3,9,Gesellschaft & Beruf,"Kollege~A_TARGET_VIBE~2,Unterschrift~A_TARGET_VIBE~2,Stempel~A_TARGET_VIBE~2,Formular~A_TARGET_VIBE~3,E-Mail~A_TARGET_VIBE~3,Durchwahl~A_TARGET_VIBE~3"
Pensionierung,4,9|12,Gesellschaft & Beruf|Gefühle & Abstraktes,"Notiz~A_TARGET_VIBE~2,Bearbeitung~A_TARGET_VIBE~3,Eingang~A_TARGET_VIBE~3,Besprechung~A_TARGET_VIBE~3,Unterschrift~A_TARGET_VIBE~4,Büro~A_TARGET_VIBE~4"
Personal,2,9,Gesellschaft & Beruf,"Unterschrift~A_TARGET_VIBE~2,Stempel~A_TARGET_VIBE~2,Kopie~A_TARGET_VIBE~2,Formular~A_TARGET_VIBE~2,Kollege~A_TARGET_VIBE~3,Scan~A_TARGET_VIBE~3"
Personalabteilung,3,9|12,Gesellschaft & Beruf|Gefühle & Abstraktes,"Strategie~A_TARGET_VIBE~2,Quartal~A_TARGET_VIBE~2,Leitung~A_TARGET_VIBE~2,Chefetage~A_TARGET_VIBE~3,Organigramm~A_TARGET_VIBE~3,Telefonat~A_TARGET_VIBE~3"
Personalakte,3,0|9,Alltag & Gegenstände|Gesellschaft & Beruf,"Papier~A_TARGET_VIBE~2,Sortierung~A_TARGET_VIBE~2,Stempel~A_TARGET_VIBE~2,Nachweis~A_TARGET_VIBE~3,Ordner~A_TARGET_VIBE~3,Termin~A_TARGET_VIBE~3"
Planung,3,9|12,Gesellschaft & Beruf|Gefühle & Abstraktes,"Tabelle~A_TARGET_VIBE~2,Dienst~A_TARGET_VIBE~2,Spätschicht~A_TARGET_VIBE~2,Pausen~A_TARGET_VIBE~3,Einteilung~A_TARGET_VIBE~3,Plan~B_PART_VIBE~2"
Plauderei,2,9,Gesellschaft & Beruf,"Durchwahl~A_TARGET_VIBE~2,Formular~A_TARGET_VIBE~2,Besprechung~A_TARGET_VIBE~2,Unterschrift~A_TARGET_VIBE~2,Kopie~A_TARGET_VIBE~3,E-Mail~A_TARGET_VIBE~3"
Plausch,3,9,Gesellschaft & Beruf,"E-Mail~A_TARGET_VIBE~2,Stempel~A_TARGET_VIBE~2,Scan~A_TARGET_VIBE~2,Telefonat~A_TARGET_VIBE~3,Besprechung~A_TARGET_VIBE~3,Termin~A_TARGET_VIBE~3"
Postausgang,3,3|9,Orte & Reisen|Gesellschaft & Beruf,"Bahn~A_TARGET_VIBE~2,Taktung~A_TARGET_VIBE~2,Kilometer~A_TARGET_VIBE~2,Haltestelle~A_TARGET_VIBE~3,S-Bahn~A_TARGET_VIBE~3,Rushhour~A_TARGET_VIBE~3"
Posteingang,3,9,Gesellschaft & Beruf,"Durchwahl~A_TARGET_VIBE~2,Ordner~A_TARGET_VIBE~2,Besprechung~A_TARGET_VIBE~2,Formular~A_TARGET_VIBE~3,Kollege~A_TARGET_VIBE~3,Büro~A_TARGET_VIBE~3"
Postfach,3,9,Gesellschaft & Beruf,"Termin~A_TARGET_VIBE~2,Formular~A_TARGET_VIBE~2,Besprechung~A_TARGET_VIBE~2,Durchwahl~A_TARGET_VIBE~3,Telefonat~A_TARGET_VIBE~3,Ordner~A_TARGET_VIBE~3"
Poststelle,3,9,Gesellschaft & Beruf,"Telefonat~A_TARGET_VIBE~2,E-Mail~A_TARGET_VIBE~2,Formular~A_TARGET_VIBE~2,Kopie~A_TARGET_VIBE~3,Besprechung~A_TARGET_VIBE~3,Scan~A_TARGET_VIBE~3"
Praktikant,3,9,Gesellschaft & Beruf,"Büro~A_TARGET_VIBE~2,Formular~A_TARGET_VIBE~2,Sachbearbeiter~A_TARGET_VIBE~2,Unterschrift~A_TARGET_VIBE~3,Ordner~A_TARGET_VIBE~3,Stempel~A_TARGET_VIBE~3"
Praktikum,3,9,Gesellschaft & Beruf,"Referenz~A_TARGET_VIBE~2,Gehaltswunsch~A_TARGET_VIBE~2,Aufstieg~A_TARGET_VIBE~2,Kompetenz~A_TARGET_VIBE~3,Fortbildung~A_TARGET_VIBE~3,Termin~A_TARGET_VIBE~3"
Priorität,3,9,Gesellschaft & Beruf,"Scan~A_TARGET_VIBE~2,Termin~A_TARGET_VIBE~2,Sachbearbeiter~A_TARGET_VIBE~2,Posteingang~A_TARGET_VIBE~3,Besprechung~A_TARGET_VIBE~3,Telefonat~A_TARGET_VIBE~3"
Probearbeit,4,9,Gesellschaft & Beruf,"Kollege~A_TARGET_VIBE~2,Stempel~A_TARGET_VIBE~3,Büro~A_TARGET_VIBE~3,Rückfrage~A_TARGET_VIBE~3,Unterschrift~A_TARGET_VIBE~4,Durchwahl~A_TARGET_VIBE~4"
Probelauf,3,9,Gesellschaft & Beruf,"Kollege~A_TARGET_VIBE~2,Posteingang~A_TARGET_VIBE~2,Büro~A_TARGET_VIBE~2,Termin~A_TARGET_VIBE~3,Sachbearbeiter~A_TARGET_VIBE~3,E-Mail~A_TARGET_VIBE~3"
Probezeit,3,9,Gesellschaft & Beruf,"Termin~A_TARGET_VIBE~2,Formular~A_TARGET_VIBE~2,Ordner~A_TARGET_VIBE~2,Sachbearbeiter~A_TARGET_VIBE~3,Stempel~A_TARGET_VIBE~3,Unterschrift~A_TARGET_VIBE~3"
Produktion,4,9,Gesellschaft & Beruf,"Rückfrage~A_TARGET_VIBE~2,Stempel~A_TARGET_VIBE~3,Kopie~A_TARGET_VIBE~3,Termin~A_TARGET_VIBE~3,Formular~A_TARGET_VIBE~4,Besprechung~A_TARGET_VIBE~4"
Projekt,2,9|12,Gesellschaft & Beruf|Gefühle & Abstraktes,"Auftakt~A_TARGET_VIBE~2,Status~A_TARGET_VIBE~2,Priorität~A_TARGET_VIBE~2,Budget~A_TARGET_VIBE~2,Etappe~A_TARGET_VIBE~3,Sachbearbeiter~A_TARGET_VIBE~3"
Projektleitung,4,9|12,Gesellschaft & Beruf|Gefühle & Abstraktes,"Zeitplan~A_TARGET_VIBE~2,Umfang~A_TARGET_VIBE~3,Störungsmeldung~A_TARGET_VIBE~3,Aufgabenpaket~A_TARGET_VIBE~3,Risiko~A_TARGET_VIBE~4,Ordner~A_TARGET_VIBE~4"
Projektplan,4,9|12,Gesellschaft & Beruf|Gefühle & Abstraktes,"Vertretung~A_TARGET_VIBE~2,Termin~A_TARGET_VIBE~3,Rotation~A_TARGET_VIBE~3,Schicht~A_TARGET_VIBE~3,Aushang~A_TARGET_VIBE~4,Plan~B_PART_VIBE~3"
Projektstart,3,9|12,Gesellschaft & Beruf|Gefühle & Abstraktes,"Budget~A_TARGET_VIBE~2,Störungsmeldung~A_TARGET_VIBE~2,Stakeholder~A_TARGET_VIBE~2,Zeitplan~A_TARGET_VIBE~3,Risiko~A_TARGET_VIBE~3,Termin~A_TARGET_VIBE~3"
Projektteam,3,9|12,Gesellschaft & Beruf|Gefühle & Abstraktes,"Roadmap~A_TARGET_VIBE~2,Änderung~A_TARGET_VIBE~2,Störungsmeldung~A_TARGET_VIBE~2,Aufgabenpaket~A_TARGET_VIBE~3,Etappe~A_TARGET_VIBE~3,Stempel~A_TARGET_VIBE~3"
Protokoll,4,9|12,Gesellschaft & Beruf|Gefühle & Abstraktes,"Tagesordnung~A_TARGET_VIBE~2,Moderation~A_TARGET_VIBE~3,Teilnehmer~A_TARGET_VIBE~3,Flipchart~A_TARGET_VIBE~3,Einladung~A_TARGET_VIBE~4,Besprechung~A_TARGET_VIBE~4"
Prämie,3,9,Gesellschaft & Beruf,"Beleg~A_TARGET_VIBE~2,Zahlungsziel~A_TARGET_VIBE~2,Forderung~A_TARGET_VIBE~2,Übertrag~A_TARGET_VIBE~3,Kontoauszug~A_TARGET_VIBE~3,Durchwahl~A_TARGET_VIBE~3"
Präsentation,3,9,Gesellschaft & Beruf,"Publikum~A_TARGET_VIBE~2,Folie~A_TARGET_VIBE~2,Agenda~A_TARGET_VIBE~2,Beamer~A_TARGET_VIBE~3,Diagramm~A_TARGET_VIBE~3,Rückfrage~A_TARGET_VIBE~3"
Präsentationsfolie,4,9,Gesellschaft & Beruf,"Diagramm~A_TARGET_VIBE~2,Folie~A_TARGET_VIBE~3,Notizen~A_TARGET_VIBE~3,Publikum~A_TARGET_VIBE~3,Laserpointer~A_TARGET_VIBE~4,Ordner~A_TARGET_VIBE~4"
Pünktlichkeit,2,9|12,Gesellschaft & Beruf|Gefühle & Abstraktes,"Respekt~A_TARGET_VIBE~2,Termintreue~A_TARGET_VIBE~2,Erwartung~A_TARGET_VIBE~2,Absprachen~A_TARGET_VIBE~2,Motivation~A_TARGET_VIBE~3,Kollege~A_TARGET_VIBE~3"
Qualifikation,4,9,Gesellschaft & Beruf,"Stempel~A_TARGET_VIBE~2,Termin~A_TARGET_VIBE~3,Kollege~A_TARGET_VIBE~3,Formular~A_TARGET_VIBE~3,Rückfrage~A_TARGET_VIBE~4,Kopie~A_TARGET_VIBE~4"
Quartal,3,9,Gesellschaft & Beruf,"Termin~A_TARGET_VIBE~2,Unterschrift~A_TARGET_VIBE~2,Scan~A_TARGET_VIBE~2,Kollege~A_TARGET_VIBE~3,Kopie~A_TARGET_VIBE~3,Büro~A_TARGET_VIBE~3"
Quittung,3,9|12,Gesellschaft & Beruf|Gefühle & Abstraktes,"Freigabe~A_TARGET_VIBE~2,Notiz~A_TARGET_VIBE~2,Ausgang~A_TARGET_VIBE~2,Formular~A_TARGET_VIBE~3,Ordner~A_TARGET_VIBE~3,Telefonat~A_TARGET_VIBE~3"
Quittungsblock,4,9,Gesellschaft & Beruf,"Telefonat~A_TARGET_VIBE~2,Unterschrift~A_TARGET_VIBE~3,Büro~A_TARGET_VIBE~3,Besprechung~A_TARGET_VIBE~3,Kollege~A_TARGET_VIBE~4,Scan~A_TARGET_VIBE~4"
Radiergummi,2,9,Gesellschaft & Beruf,"Besprechung~A_TARGET_VIBE~2,Rückfrage~A_TARGET_VIBE~2,Formular~A_TARGET_VIBE~2,Büro~A_TARGET_VIBE~2,Scan~A_TARGET_VIBE~3,Kopie~A_TARGET_VIBE~3"
Rechnung,2,9|12,Gesellschaft & Beruf|Gefühle & Abstraktes,"Kasse~A_TARGET_VIBE~2,Kontoauszug~A_TARGET_VIBE~2,Fälligkeit~A_TARGET_VIBE~2,Buchhaltung~A_TARGET_VIBE~2,Lastschrift~A_TARGET_VIBE~3,E-Mail~A_TARGET_VIBE~3"
Rednerpult,4,9,Gesellschaft & Beruf,"Scan~A_TARGET_VIBE~2,Besprechung~A_TARGET_VIBE~3,Sachbearbeiter~A_TARGET_VIBE~3,Unterschrift~A_TARGET_VIBE~3,Ordner~A_TARGET_VIBE~4,Posteingang~A_TARGET_VIBE~4"
Referenz,3,9,Gesellschaft & Beruf,"Stempel~A_TARGET_VIBE~2,Durchwahl~A_TARGET_VIBE~2,Telefonat~A_TARGET_VIBE~2,Unterschrift~A_TARGET_VIBE~3,Ordner~A_TARGET_VIBE~3,Kollege~A_TARGET_VIBE~3"
Reinigungskraft,3,9,Gesellschaft & Beruf,"Posteingang~A_TARGET_VIBE~2,E-Mail~A_TARGET_VIBE~2,Kollege~A_TARGET_VIBE~2,Ordner~A_TARGET_VIBE~3,Unterschrift~A_TARGET_VIBE~3,Formular~A_TARGET_VIBE~3"
Reisekosten,4,3|9,Orte & Reisen|Gesellschaft & Beruf,"Koffer~A_TARGET_VIBE~2,Visum~A_TARGET_VIBE~3,Passfoto~A_TARGET_VIBE~3,Schalter~A_TARGET_VIBE~3,Hotel~A_TARGET_VIBE~4,Fahrkarte~A_TARGET_VIBE~4"
Reisepass,2,3|9,Orte & Reisen|Gesellschaft & Beruf,"Visum~A_TARGET_VIBE~2,Stempel~A_TARGET_VIBE~2,Reisekosten~A_TARGET_VIBE~2,Passfoto~A_TARGET_VIBE~2,Zoll~A_TARGET_VIBE~3,Pass~B_PART_VIBE~2"
Reklamation,4,9,Gesellschaft & Beruf,"Büro~A_TARGET_VIBE~2,Termin~A_TARGET_VIBE~3,Ordner~A_TARGET_VIBE~3,Unterschrift~A_TARGET_VIBE~3,Sachbearbeiter~A_TARGET_VIBE~4,Durchwahl~A_TARGET_VIBE~4"
Rente,3,9,Gesellschaft & Beruf,"Sachbearbeiter~A_TARGET_VIBE~2,Stempel~A_TARGET_VIBE~2,Durchwahl~A_TARGET_VIBE~2,Rückfrage~A_TARGET_VIBE~3,Scan~A_TARGET_VIBE~3,E-Mail~A_TARGET_VIBE~3"
Respekt,2,9,Gesellschaft & Beruf,"Büro~A_TARGET_VIBE~2,Kopie~A_TARGET_VIBE~2,Termin~A_TARGET_VIBE~2,Posteingang~A_TARGET_VIBE~2,Telefonat~A_TARGET_VIBE~3,Ordner~A_TARGET_VIBE~3"
Rezeption,4,9,Gesellschaft & Beruf,"E-Mail~A_TARGET_VIBE~2,Durchwahl~A_TARGET_VIBE~3,Kollege~A_TARGET_VIBE~3,Termin~A_TARGET_VIBE~3,Posteingang~A_TARGET_VIBE~4,Unterschrift~A_TARGET_VIBE~4"
Ruf,2,9,Gesellschaft & Beruf,"Besprechung~A_TARGET_VIBE~2,Unterschrift~A_TARGET_VIBE~2,Ordner~A_TARGET_VIBE~2,Kopie~A_TARGET_VIBE~2,Posteingang~A_TARGET_VIBE~3,Termin~A_TARGET_VIBE~3"
Ruhestand,3,9,Gesellschaft & Beruf,"Telefonat~A_TARGET_VIBE~2,Posteingang~A_TARGET_VIBE~2,Durchwahl~A_TARGET_VIBE~2,Termin~A_TARGET_VIBE~3,Rückfrage~A_TARGET_VIBE~3,E-Mail~A_TARGET_VIBE~3"
Rundschreiben,4,9,Gesellschaft & Beruf,"Telefonat~A_TARGET_VIBE~2,Kollege~A_TARGET_VIBE~3,Stempel~A_TARGET_VIBE~3,E-Mail~A_TARGET_VIBE~3,Posteingang~A_TARGET_VIBE~4,Sachbearbeiter~A_TARGET_VIBE~4"
Rückfrage,3,9,Gesellschaft & Beruf,"Büro~A_TARGET_VIBE~2,Unterschrift~A_TARGET_VIBE~2,Ordner~A_TARGET_VIBE~2,Kollege~A_TARGET_VIBE~3,Besprechung~A_TARGET_VIBE~3,Sachbearbeiter~A_TARGET_VIBE~3"
Rückmeldung,3,9|12,Gesellschaft & Beruf|Gefühle & Abstraktes,"Ausgang~A_TARGET_VIBE~2,Mitteilung~A_TARGET_VIBE~2,Abstimmung~A_TARGET_VIBE~2,Ordner~A_TARGET_VIBE~3,Kollege~A_TARGET_VIBE~3,Büro~A_TARGET_VIBE~3"
Rücksprache,3,9,Gesellschaft & Beruf,"Kollege~A_TARGET_VIBE~2,Ordner~A_TARGET_VIBE~2,Telefonat~A_TARGET_VIBE~2,Formular~A_TARGET_VIBE~3,Termin~A_TARGET_VIBE~3,Unterschrift~A_TARGET_VIBE~3"
Sachbearbeiter,4,9,Gesellschaft & Beruf,"Briefing~A_TARGET_VIBE~2,Absprache~A_TARGET_VIBE~3,Zuständigkeit~A_TARGET_VIBE~3,Ansprechpartner~A_TARGET_VIBE~3,Einarbeitung~A_TARGET_VIBE~4,Kopie~A_TARGET_VIBE~4"
Sachbearbeitung,4,9|12,Gesellschaft & Beruf|Gefühle & Abstraktes,"Ablage~A_TARGET_VIBE~2,Notiz~A_TARGET_VIBE~3,Rückmeldung~A_TARGET_VIBE~3,Rückfrage~A_TARGET_VIBE~3,Unterschrift~A_TARGET_VIBE~4,Besprechung~A_TARGET_VIBE~4"
Schalter,3,0|9|10,Alltag & Gegenstände|Gesellschaft & Beruf|Haushalt & Wohnen,"Flur~A_TARGET_VIBE~2,Störung~A_TARGET_VIBE~2,Lichtschalter~A_TARGET_VIBE~2,Schranke~A_TARGET_VIBE~3,Gebäude~A_TARGET_VIBE~3,Formular~A_TARGET_VIBE~3"
Schicht,3,9,Gesellschaft & Beruf,"Ordner~A_TARGET_VIBE~2,Rückfrage~A_TARGET_VIBE~2,Unterschrift~A_TARGET_VIBE~2,Sachbearbeiter~A_TARGET_VIBE~3,Büro~A_TARGET_VIBE~3,E-Mail~A_TARGET_VIBE~3"
Schichtdienst,4,9,Gesellschaft & Beruf,"Formular~A_TARGET_VIBE~2,Termin~A_TARGET_VIBE~3,Stempel~A_TARGET_VIBE~3,Kopie~A_TARGET_VIBE~3,E-Mail~A_TARGET_VIBE~4,Besprechung~A_TARGET_VIBE~4"
Schichtplan,4,9,Gesellschaft & Beruf,"Einteilung~A_TARGET_VIBE~2,Spätschicht~A_TARGET_VIBE~3,Tabelle~A_TARGET_VIBE~3,Dienst~A_TARGET_VIBE~3,Rotation~A_TARGET_VIBE~4,Plan~B_PART_VIBE~3"
Schichtwechsel,3,9,Gesellschaft & Beruf,"Termin~A_TARGET_VIBE~2,Sachbearbeiter~A_TARGET_VIBE~2,Scan~A_TARGET_VIBE~2,Kollege~A_TARGET_VIBE~3,Durchwahl~A_TARGET_VIBE~3,E-Mail~A_TARGET_VIBE~3"
Schlüssel,1,0|9,Alltag & Gegenstände|Gesellschaft & Beruf,"Schranke~A_TARGET_VIBE~1,Pförtner~A_TARGET_VIBE~2,Türcode~A_TARGET_VIBE~2,Alarmanlage~A_TARGET_VIBE~2,Eingang~A_TARGET_VIBE~2,Unterschrift~A_TARGET_VIBE~2"
Schreiben,2,9,Gesellschaft & Beruf,"Büro~A_TARGET_VIBE~2,Kollege~A_TARGET_VIBE~2,Termin~A_TARGET_VIBE~2,Sachbearbeiter~A_TARGET_VIBE~2,Scan~A_TARGET_VIBE~3,Besprechung~A_TARGET_VIBE~3"
Schreibtisch,2,0|9|10,Alltag & Gegenstände|Gesellschaft & Beruf|Haushalt & Wohnen,"Eingang~A_TARGET_VIBE~2,Schlüssel~A_TARGET_VIBE~2,Störung~A_TARGET_VIBE~2,Schranke~A_TARGET_VIBE~2,Etage~A_TARGET_VIBE~3,Rückfrage~A_TARGET_VIBE~3"
Schreibtischlampe,3,0|9|10,Alltag & Gegenstände|Gesellschaft & Beruf|Haushalt & Wohnen,"Brandschutz~A_TARGET_VIBE~2,Hausmeister~A_TARGET_VIBE~2,Schild~A_TARGET_VIBE~2,Reinigung~A_TARGET_VIBE~3,Störung~A_TARGET_VIBE~3,Ordner~A_TARGET_VIBE~3"
Schulung,3,9|12,Gesellschaft & Beruf|Gefühle & Abstraktes,"Prüfung~A_TARGET_VIBE~2,Unterricht~A_TARGET_VIBE~2,Einarbeitung~A_TARGET_VIBE~2,Berufsschule~A_TARGET_VIBE~3,Skript~A_TARGET_VIBE~3,Ordner~A_TARGET_VIBE~3"
Schutzbrille,3,9,Gesellschaft & Beruf,"Sachbearbeiter~A_TARGET_VIBE~2,Ordner~A_TARGET_VIBE~2,Posteingang~A_TARGET_VIBE~2,Büro~A_TARGET_VIBE~3,Termin~A_TARGET_VIBE~3,E-Mail~A_TARGET_VIBE~3"
Sekretariat,3,9,Gesellschaft & Beruf,"Bereich~A_TARGET_VIBE~2,Sitzung~A_TARGET_VIBE~2,KPI~A_TARGET_VIBE~2,Projekt~A_TARGET_VIBE~3,Teamspirit~A_TARGET_VIBE~3,Durchwahl~A_TARGET_VIBE~3"
Sekretärin,3,9,Gesellschaft & Beruf,"Termin~A_TARGET_VIBE~2,Kopie~A_TARGET_VIBE~2,Scan~A_TARGET_VIBE~2,Posteingang~A_TARGET_VIBE~3,Rückfrage~A_TARGET_VIBE~3,E-Mail~A_TARGET_VIBE~3"
Sektempfang,3,1|9|13,Essen & Trinken|Gesellschaft & Beruf|Feste & Jahreszeiten,"Gruß~A_TARGET_VIBE~2,Kollegen~A_TARGET_VIBE~2,Buffet~A_TARGET_VIBE~2,Einladung~A_TARGET_VIBE~3,Fotobox~A_TARGET_VIBE~3,Ordner~A_TARGET_VIBE~3"
Selbstständigkeit,4,9|12,Gesellschaft & Beruf|Gefühle & Abstraktes,"Bewertung~A_TARGET_VIBE~2,Konstanz~A_TARGET_VIBE~3,Absprachen~A_TARGET_VIBE~3,Vertrauen~A_TARGET_VIBE~3,Termintreue~A_TARGET_VIBE~4,Termin~A_TARGET_VIBE~4"
Seminar,3,9,Gesellschaft & Beruf,"Unterricht~A_TARGET_VIBE~2,Lernplattform~A_TARGET_VIBE~2,Workshop~A_TARGET_VIBE~2,Berufsschule~A_TARGET_VIBE~3,Fortschritt~A_TARGET_VIBE~3,Büro~A_TARGET_VIBE~3"
Sicherheit,2,9|12,Gesellschaft & Beruf|Gefühle & Abstraktes,"Notausgang~A_TARGET_VIBE~2,Gefahr~A_TARGET_VIBE~2,Begehung~A_TARGET_VIBE~2,Feuerlöscher~A_TARGET_VIBE~2,Checkliste~A_TARGET_VIBE~3,Sachbearbeiter~A_TARGET_VIBE~3"
Sicherheitsunterweisung,4,9|12,Gesellschaft & Beruf|Gefühle & Abstraktes,"Gefahr~A_TARGET_VIBE~2,Meldeweg~A_TARGET_VIBE~3,Schutzbrille~A_TARGET_VIBE~3,Notausgang~A_TARGET_VIBE~3,Warnweste~A_TARGET_VIBE~4,Büro~A_TARGET_VIBE~4"
Sitzordnung,2,9|12,Gesellschaft & Beruf|Gefühle & Abstraktes,"Regelwerk~A_TARGET_VIBE~2,Aushang~A_TARGET_VIBE~2,Dienstweg~A_TARGET_VIBE~2,Kontrolle~A_TARGET_VIBE~2,Disziplin~A_TARGET_VIBE~3,Sachbearbeiter~A_TARGET_VIBE~3"
Sitzung,3,9|12,Gesellschaft & Beruf|Gefühle & Abstraktes,"Kaffee~A_TARGET_VIBE~2,Workshop~A_TARGET_VIBE~2,Pünktlichkeit~A_TARGET_VIBE~2,Moderation~A_TARGET_VIBE~3,Tagesordnung~A_TARGET_VIBE~3,Unterschrift~A_TARGET_VIBE~3"
Skizze,2,9,Gesellschaft & Beruf,"Sachbearbeiter~A_TARGET_VIBE~2,Durchwahl~A_TARGET_VIBE~2,Rückfrage~A_TARGET_VIBE~2,Ordner~A_TARGET_VIBE~2,Formular~A_TARGET_VIBE~3,Kollege~A_TARGET_VIBE~3"
Sorgfalt,2,9,Gesellschaft & Beruf,"Durchwahl~A_TARGET_VIBE~2,Stempel~A_TARGET_VIBE~2,Besprechung~A_TARGET_VIBE~2,Telefonat~A_TARGET_VIBE~2,Rückfrage~A_TARGET_VIBE~3,E-Mail~A_TARGET_VIBE~3"
Spende,2,9,Gesellschaft & Beruf,"Stempel~A_TARGET_VIBE~2,Scan~A_TARGET_VIBE~2,Kollege~A_TARGET_VIBE~2,E-Mail~A_TARGET_VIBE~2,Sachbearbeiter~A_TARGET_VIBE~3,Kopie~A_TARGET_VIBE~3"
Sperre,3,9,Gesellschaft & Beruf,"Kollege~A_TARGET_VIBE~2,Besprechung~A_TARGET_VIBE~2,Ordner~A_TARGET_VIBE~2,Sachbearbeiter~A_TARGET_VIBE~3,Posteingang~A_TARGET_VIBE~3,Scan~A_TARGET_VIBE~3"
Spesen,4,9,Gesellschaft & Beruf,"Unterschrift~A_TARGET_VIBE~2,Kopie~A_TARGET_VIBE~3,Termin~A_TARGET_VIBE~3,Scan~A_TARGET_VIBE~3,Stempel~A_TARGET_VIBE~4,Büro~A_TARGET_VIBE~4"
Spind,3,9,Gesellschaft & Beruf,"Telefonat~A_TARGET_VIBE~2,Rückfrage~A_TARGET_VIBE~2,Posteingang~A_TARGET_VIBE~2,Stempel~A_TARGET_VIBE~3,Büro~A_TARGET_VIBE~3,Kollege~A_TARGET_VIBE~3"
Sponsoring,4,9,Gesellschaft & Beruf,"Kunde~A_TARGET_VIBE~2,Abschluss~A_TARGET_VIBE~3,Trichter~A_TARGET_VIBE~3,Messe~A_TARGET_VIBE~3,Verhandlung~A_TARGET_VIBE~4,Scan~A_TARGET_VIBE~4"
Sprechstunde,3,9,Gesellschaft & Beruf,"Durchwahl~A_TARGET_VIBE~2,Sachbearbeiter~A_TARGET_VIBE~2,Besprechung~A_TARGET_VIBE~2,Telefonat~A_TARGET_VIBE~3,E-Mail~A_TARGET_VIBE~3,Formular~A_TARGET_VIBE~3"
Spätschicht,3,9,Gesellschaft & Beruf,"Besprechung~A_TARGET_VIBE~2,Rückfrage~A_TARGET_VIBE~2,Unterschrift~A_TARGET_VIBE~2,Durchwahl~A_TARGET_VIBE~3,Telefonat~A_TARGET_VIBE~3,Formular~A_TARGET_VIBE~3"
Stapler,3,9,Gesellschaft & Beruf,"Vertretung~A_TARGET_VIBE~2,Schnittstelle~A_TARGET_VIBE~2,Delegation~A_TARGET_VIBE~2,Formular~A_TARGET_VIBE~3,Kopie~A_TARGET_VIBE~3,Büro~A_TARGET_VIBE~3"
Statistik,3,9,Gesellschaft & Beruf,"Scan~A_TARGET_VIBE~2,Besprechung~A_TARGET_VIBE~2,Kollege~A_TARGET_VIBE~2,Ordner~A_TARGET_VIBE~3,Telefonat~A_TARGET_VIBE~3,Stempel~A_TARGET_VIBE~3"
Stau,1,3|9,Orte & Reisen|Gesellschaft & Beruf,"Pendeln~A_TARGET_VIBE~1,Einfahrt~A_TARGET_VIBE~2,Fahrrad~A_TARGET_VIBE~2,Taktung~A_TARGET_VIBE~2,Regen~A_TARGET_VIBE~2,Rushhour~A_TARGET_VIBE~2"
Stechuhr,3,9,Gesellschaft & Beruf,"Scan~A_TARGET_VIBE~2,Posteingang~A_TARGET_VIBE~2,Termin~A_TARGET_VIBE~2,Stempel~A_TARGET_VIBE~3,Formular~A_TARGET_VIBE~3,Unterschrift~A_TARGET_VIBE~3"
Stelle,2,9,Gesellschaft & Beruf,"Ordner~A_TARGET_VIBE~2,Besprechung~A_TARGET_VIBE~2,Stempel~A_TARGET_VIBE~2,Posteingang~A_TARGET_VIBE~2,Durchwahl~A_TARGET_VIBE~3,Telefonat~A_TARGET_VIBE~3"
Stellenanzeige,3,9,Gesellschaft & Beruf,"Anschreiben~A_TARGET_VIBE~2,Referenz~A_TARGET_VIBE~2,Gehaltswunsch~A_TARGET_VIBE~2,Interview~A_TARGET_VIBE~3,Vakanzen~A_TARGET_VIBE~3,Rückfrage~A_TARGET_VIBE~3"
Stellenprofil,4,9,Gesellschaft & Beruf,"E-Mail~A_TARGET_VIBE~2,Termin~A_TARGET_VIBE~3,Rückfrage~A_TARGET_VIBE~3,Kopie~A_TARGET_VIBE~3,Unterschrift~A_TARGET_VIBE~4,Ordner~A_TARGET_VIBE~4"
Stellenwechsel,3,9,Gesellschaft & Beruf,"Kopie~A_TARGET_VIBE~2,Kollege~A_TARGET_VIBE~2,Termin~A_TARGET_VIBE~2,Stempel~A_TARGET_VIBE~3,Telefonat~A_TARGET_VIBE~3,Formular~A_TARGET_VIBE~3"
Stempel,3,0|9,Alltag & Gegenstände|Gesellschaft & Beruf,"Telefonat~A_TARGET_VIBE~2,Büro~A_TARGET_VIBE~2,Kopie~A_TARGET_VIBE~2,Rückfrage~A_TARGET_VIBE~3,Kollege~A_TARGET_VIBE~3,E-Mail~A_TARGET_VIBE~3"
Stempelkarte,3,0|9,Alltag & Gegenstände|Gesellschaft & Beruf,"Stempel~A_TARGET_VIBE~2,Termin~A_TARGET_VIBE~2,Telefonat~A_TARGET_VIBE~2,Ordner~A_TARGET_VIBE~3,Scan~A_TARGET_VIBE~3,Karte~B_PART_VIBE~2"
Steuer,3,9,Gesellschaft & Beruf,"Nachzahlung~A_TARGET_VIBE~2,Erklärung~A_TARGET_VIBE~2,Bescheid~A_TARGET_VIBE~2,Vorsteuer~A_TARGET_VIBE~3,Steuersatz~A_TARGET_VIBE~3,Kopie~A_TARGET_VIBE~3"
Stichtag,3,9,Gesellschaft & Beruf,"Besprechung~A_TARGET_VIBE~2,Termin~A_TARGET_VIBE~2,Posteingang~A_TARGET_VIBE~2,Sachbearbeiter~A_TARGET_VIBE~3,Stempel~A_TARGET_VIBE~3,E-Mail~A_TARGET_VIBE~3"
Strategie,4,9,Gesellschaft & Beruf,"Durchwahl~A_TARGET_VIBE~2,Unterschrift~A_TARGET_VIBE~3,Termin~A_TARGET_VIBE~3,E-Mail~A_TARGET_VIBE~3,Scan~A_TARGET_VIBE~4,Stempel~A_TARGET_VIBE~4"
Streit,1,9,Gesellschaft & Beruf,"Kollege~A_TARGET_VIBE~1,Rückfrage~A_TARGET_VIBE~2,Termin~A_TARGET_VIBE~2,Sachbearbeiter~A_TARGET_VIBE~2,Stempel~A_TARGET_VIBE~2,Unterschrift~A_TARGET_VIBE~2"
Stress,2,9,Gesellschaft & Beruf,"Kollege~A_TARGET_VIBE~2,Scan~A_TARGET_VIBE~2,Kopie~A_TARGET_VIBE~2,Rückfrage~A_TARGET_VIBE~2,Besprechung~A_TARGET_VIBE~3,Stempel~A_TARGET_VIBE~3"
Stromausfall,3,9,Gesellschaft & Beruf,"Stempel~A_TARGET_VIBE~2,Ordner~A_TARGET_VIBE~2,E-Mail~A_TARGET_VIBE~2,Telefonat~A_TARGET_VIBE~3,Durchwahl~A_TARGET_VIBE~3,Kollege~A_TARGET_VIBE~3"
Studium,3,9,Gesellschaft & Beruf,"Büro~A_TARGET_VIBE~2,Kollege~A_TARGET_VIBE~2,Stempel~A_TARGET_VIBE~2,Formular~A_TARGET_VIBE~3,Durchwahl~A_TARGET_VIBE~3,Telefonat~A_TARGET_VIBE~3"
Tagesordnung,3,9|12,Gesellschaft & Beruf|Gefühle & Abstraktes,"Verstoß~A_TARGET_VIBE~2,Belehrung~A_TARGET_VIBE~2,Pflicht~A_TARGET_VIBE~2,Sanktion~A_TARGET_VIBE~3,Anweisung~A_TARGET_VIBE~3,Durchwahl~A_TARGET_VIBE~3"
Tastatur,2,9,Gesellschaft & Beruf,"Büro~A_TARGET_VIBE~2,Telefonat~A_TARGET_VIBE~2,Formular~A_TARGET_VIBE~2,Kollege~A_TARGET_VIBE~2,Termin~A_TARGET_VIBE~3,Stempel~A_TARGET_VIBE~3"
Team,2,9,Gesellschaft & Beruf,"Richtlinie~A_TARGET_VIBE~2,Abstimmung~A_TARGET_VIBE~2,Personal~A_TARGET_VIBE~2,Leitung~A_TARGET_VIBE~2,Teamspirit~A_TARGET_VIBE~3,Stempel~A_TARGET_VIBE~3"
Teamleiter,3,9,Gesellschaft & Beruf,"Leitung~A_TARGET_VIBE~2,Sitzung~A_TARGET_VIBE~2,Entscheidung~A_TARGET_VIBE~2,Abstimmung~A_TARGET_VIBE~3,Bereich~A_TARGET_VIBE~3,Termin~A_TARGET_VIBE~3"
Teilzeit,2,9,Gesellschaft & Beruf,"Telefonat~A_TARGET_VIBE~2,E-Mail~A_TARGET_VIBE~2,Termin~A_TARGET_VIBE~2,Durchwahl~A_TARGET_VIBE~2,Kopie~A_TARGET_VIBE~3,Sachbearbeiter~A_TARGET_VIBE~3"
Telefonat,2,9,Gesellschaft & Beruf,"Mailbox~A_TARGET_VIBE~2,Freizeichen~A_TARGET_VIBE~2,Headset~A_TARGET_VIBE~2,Anruf~A_TARGET_VIBE~2,Warteschleife~A_TARGET_VIBE~3,Büro~A_TARGET_VIBE~3"
Telefonkonferenz,4,9,Gesellschaft & Beruf,"Weiterleitung~A_TARGET_VIBE~2,Anruf~A_TARGET_VIBE~3,Rufnummer~A_TARGET_VIBE~3,Mailbox~A_TARGET_VIBE~3,Leitung~A_TARGET_VIBE~4,Stempel~A_TARGET_VIBE~4"
Telefonnummer,2,9,Gesellschaft & Beruf,"Mailbox~A_TARGET_VIBE~2,Weiterleitung~A_TARGET_VIBE~2,Anruf~A_TARGET_VIBE~2,Konferenz~A_TARGET_VIBE~2,Rufnummer~A_TARGET_VIBE~3,Rückfrage~A_TARGET_VIBE~3"
Telefonzentrale,4,3|9,Orte & Reisen|Gesellschaft & Beruf,"Warteschleife~A_TARGET_VIBE~2,Freizeichen~A_TARGET_VIBE~3,Anruf~A_TARGET_VIBE~3,Klingelton~A_TARGET_VIBE~3,Kalender~A_TARGET_VIBE~4,Büro~A_TARGET_VIBE~4"
Termin,1,9|12,Gesellschaft & Beruf|Gefühle & Abstraktes,"Poststempel~A_TARGET_VIBE~1,Upload~A_TARGET_VIBE~2,Punktabzug~A_TARGET_VIBE~2,Sekretariat~A_TARGET_VIBE~2,Reminder~A_TARGET_VIBE~2,Kollege~A_TARGET_VIBE~2"
Terminplan,3,9|12,Gesellschaft & Beruf|Gefühle & Abstraktes,"Spätschicht~A_TARGET_VIBE~2,Schicht~A_TARGET_VIBE~2,Pausen~A_TARGET_VIBE~2,Zeitfenster~A_TARGET_VIBE~3,Abdeckung~A_TARGET_VIBE~3,Plan~B_PART_VIBE~2"
Textmarker,2,0|9,Alltag & Gegenstände|Gesellschaft & Beruf,"Markierung~A_TARGET_VIBE~2,Randnotiz~A_TARGET_VIBE~2,Ziel~A_TARGET_VIBE~2,Schnittstelle~A_TARGET_VIBE~2,Absprache~A_TARGET_VIBE~3,E-Mail~A_TARGET_VIBE~3"
Trennung,3,9|12,Gesellschaft & Beruf|Gefühle & Abstraktes,"Ausgang~A_TARGET_VIBE~2,Bearbeitung~A_TARGET_VIBE~2,Mitteilung~A_TARGET_VIBE~2,Besprechung~A_TARGET_VIBE~3,E-Mail~A_TARGET_VIBE~3,Büro~A_TARGET_VIBE~3"
Treppenhaus,2,9,Gesellschaft & Beruf,"Unterschrift~A_TARGET_VIBE~2,Termin~A_TARGET_VIBE~2,Ordner~A_TARGET_VIBE~2,E-Mail~A_TARGET_VIBE~2,Formular~A_TARGET_VIBE~3,Scan~A_TARGET_VIBE~3"
Trinkgeld,2,9,Gesellschaft & Beruf,"Unterschrift~A_TARGET_VIBE~2,Kollege~A_TARGET_VIBE~2,Besprechung~A_TARGET_VIBE~2,Kopie~A_TARGET_VIBE~2,Ordner~A_TARGET_VIBE~3,Rückfrage~A_TARGET_VIBE~3"
Tätigkeit,2,9|12,Gesellschaft & Beruf|Gefühle & Abstraktes,"Teamgeist~A_TARGET_VIBE~2,Vertrauen~A_TARGET_VIBE~2,Rückendeckung~A_TARGET_VIBE~2,Erwartung~A_TARGET_VIBE~2,Sorgfalt~A_TARGET_VIBE~3,Rückfrage~A_TARGET_VIBE~3"
Tätigkeitsbereich,3,9,Gesellschaft & Beruf,"Strategie~A_TARGET_VIBE~2,Organigramm~A_TARGET_VIBE~2,Personal~A_TARGET_VIBE~2,Teamspirit~A_TARGET_VIBE~3,Entscheidung~A_TARGET_VIBE~3,Formular~A_TARGET_VIBE~3"
Umfrage,3,9,Gesellschaft & Beruf,"Ordner~A_TARGET_VIBE~2,Büro~A_TARGET_VIBE~2,Durchwahl~A_TARGET_VIBE~2,Posteingang~A_TARGET_VIBE~3,Formular~A_TARGET_VIBE~3,Kopie~A_TARGET_VIBE~3"
Umkleide,3,9,Gesellschaft & Beruf,"E-Mail~A_TARGET_VIBE~2,Scan~A_TARGET_VIBE~2,Unterschrift~A_TARGET_VIBE~2,Formular~A_TARGET_VIBE~3,Büro~A_TARGET_VIBE~3,Besprechung~A_TARGET_VIBE~3"
Ummeldung,4,9|12,Gesellschaft & Beruf|Gefühle & Abstraktes,"Umsetzung~A_TARGET_VIBE~2,Nachweis~A_TARGET_VIBE~3,Kopie~A_TARGET_VIBE~3,Telefonat~A_TARGET_VIBE~3,Durchwahl~A_TARGET_VIBE~4,Posteingang~A_TARGET_VIBE~4"
Umschlag,2,0|9,Alltag & Gegenstände|Gesellschaft & Beruf,"Paket~A_TARGET_VIBE~2,Zusteller~A_TARGET_VIBE~2,Tracking~A_TARGET_VIBE~2,Absender~A_TARGET_VIBE~2,Briefkasten~A_TARGET_VIBE~3,Ordner~A_TARGET_VIBE~3"
Umstellung,3,9|12,Gesellschaft & Beruf|Gefühle & Abstraktes,"Vermerk~A_TARGET_VIBE~2,Notiz~A_TARGET_VIBE~2,Eingang~A_TARGET_VIBE~2,Rückfrage~A_TARGET_VIBE~3,Kollege~A_TARGET_VIBE~3,Termin~A_TARGET_VIBE~3"
Umzug,2,3|9,Orte & Reisen|Gesellschaft & Beruf,"Unterschrift~A_TARGET_VIBE~2,Ordner~A_TARGET_VIBE~2,Rückfrage~A_TARGET_VIBE~2,Durchwahl~A_TARGET_VIBE~2,Formular~A_TARGET_VIBE~3,Zug~B_PART_VIBE~2"
Unterlage,2,9,Gesellschaft & Beruf,"Stempel~A_TARGET_VIBE~2,Formular~A_TARGET_VIBE~2,Durchwahl~A_TARGET_VIBE~2,Telefonat~A_TARGET_VIBE~2,Sachbearbeiter~A_TARGET_VIBE~3,Büro~A_TARGET_VIBE~3"
Unterschrift,2,9,Gesellschaft & Beruf,"Ordner~A_TARGET_VIBE~2,Formular~A_TARGET_VIBE~2,Stempel~A_TARGET_VIBE~2,Kopie~A_TARGET_VIBE~2,Sachbearbeiter~A_TARGET_VIBE~3,Kollege~A_TARGET_VIBE~3"
Unterweisung,4,9|12,Gesellschaft & Beruf|Gefühle & Abstraktes,"Mitteilung~A_TARGET_VIBE~2,Vermerk~A_TARGET_VIBE~3,Ablage~A_TARGET_VIBE~3,Kollege~A_TARGET_VIBE~3,Telefonat~A_TARGET_VIBE~4,Büro~A_TARGET_VIBE~4"
Urlaub,1,9,Gesellschaft & Beruf,"Kalender~A_TARGET_VIBE~1,Vertretung~A_TARGET_VIBE~2,Sonnencreme~A_TARGET_VIBE~2,Rückkehr~A_TARGET_VIBE~2,Reise~A_TARGET_VIBE~2,Sachbearbeiter~A_TARGET_VIBE~2"
Urlaubsgeld,3,9,Gesellschaft & Beruf,"Meldung~A_TARGET_VIBE~2,Auszeit~A_TARGET_VIBE~2,Koffer~A_TARGET_VIBE~2,Genehmigung~A_TARGET_VIBE~3,Reise~A_TARGET_VIBE~3,E-Mail~A_TARGET_VIBE~3"
Urlaubssperre,4,9,Gesellschaft & Beruf,"Resttage~A_TARGET_VIBE~2,Koffer~A_TARGET_VIBE~3,Genehmigung~A_TARGET_VIBE~3,Kalender~A_TARGET_VIBE~3,Sperre~A_TARGET_VIBE~4,Kollege~A_TARGET_VIBE~4"
Verabschiedung,3,9|12|13,Gesellschaft & Beruf|Gefühle & Abstraktes|Feste & Jahreszeiten,"Sekt~A_TARGET_VIBE~2,Karte~A_TARGET_VIBE~2,Teamfoto~A_TARGET_VIBE~2,Dank~A_TARGET_VIBE~3,Abschlusstag~A_TARGET_VIBE~3,Unterschrift~A_TARGET_VIBE~3"
Verantwortung,3,9|12,Gesellschaft & Beruf|Gefühle & Abstraktes,"Eigeninitiative~A_TARGET_VIBE~2,Ruf~A_TARGET_VIBE~2,Vertrauen~A_TARGET_VIBE~2,Erwartung~A_TARGET_VIBE~3,Bewertung~A_TARGET_VIBE~3,Formular~A_TARGET_VIBE~3"
Verein,2,5|9,Sport & Freizeit|Gesellschaft & Beruf,"Formular~A_TARGET_VIBE~2,Ordner~A_TARGET_VIBE~2,Telefonat~A_TARGET_VIBE~2,Durchwahl~A_TARGET_VIBE~2,Posteingang~A_TARGET_VIBE~3,Scan~A_TARGET_VIBE~3"
Vereinbarkeit,4,9|12,Gesellschaft & Beruf|Gefühle & Abstraktes,"Eigeninitiative~A_TARGET_VIBE~2,Absprachen~A_TARGET_VIBE~3,Rückendeckung~A_TARGET_VIBE~3,Motivation~A_TARGET_VIBE~3,Disziplin~A_TARGET_VIBE~4,Posteingang~A_TARGET_VIBE~4"
Vereinbarung,3,9|12,Gesellschaft & Beruf|Gefühle & Abstraktes,"Feedback~A_TARGET_VIBE~2,Priorität~A_TARGET_VIBE~2,Vorgesetzter~A_TARGET_VIBE~2,Messbar~A_TARGET_VIBE~3,Zielbild~A_TARGET_VIBE~3,Posteingang~A_TARGET_VIBE~3"
Verhandlung,4,9|12,Gesellschaft & Beruf|Gefühle & Abstraktes,"Tisch~A_TARGET_VIBE~2,Position~A_TARGET_VIBE~3,Druckmittel~A_TARGET_VIBE~3,Deal~A_TARGET_VIBE~3,Kompromiss~A_TARGET_VIBE~4,E-Mail~A_TARGET_VIBE~4"
Verkauf,2,9,Gesellschaft & Beruf,"Kaltanruf~A_TARGET_VIBE~2,Zielquote~A_TARGET_VIBE~2,Messe~A_TARGET_VIBE~2,Kunde~A_TARGET_VIBE~2,Preisliste~A_TARGET_VIBE~3,Sachbearbeiter~A_TARGET_VIBE~3"
Versand,2,0|9,Alltag & Gegenstände|Gesellschaft & Beruf,"Lieferung~A_TARGET_VIBE~2,Paket~A_TARGET_VIBE~2,Zusteller~A_TARGET_VIBE~2,Sendung~A_TARGET_VIBE~2,Empfänger~A_TARGET_VIBE~3,Formular~A_TARGET_VIBE~3"
Verschiebung,2,9|12,Gesellschaft & Beruf|Gefühle & Abstraktes,"Patch~A_TARGET_VIBE~2,Nachtrag~A_TARGET_VIBE~2,Ergänzung~A_TARGET_VIBE~2,Umbau~A_TARGET_VIBE~2,Mitteilung~A_TARGET_VIBE~3,Besprechung~A_TARGET_VIBE~3"
Versicherung,3,9|12,Gesellschaft & Beruf|Gefühle & Abstraktes,"Versichertennummer~A_TARGET_VIBE~2,Tarif~A_TARGET_VIBE~2,Leistung~A_TARGET_VIBE~2,Selbstbeteiligung~A_TARGET_VIBE~3,Makler~A_TARGET_VIBE~3,Termin~A_TARGET_VIBE~3"
Versöhnung,3,9|12,Gesellschaft & Beruf|Gefühle & Abstraktes,"Streit~A_TARGET_VIBE~2,Umarmung~A_TARGET_VIBE~2,Handschlag~A_TARGET_VIBE~2,Neustart~A_TARGET_VIBE~3,Aussprache~A_TARGET_VIBE~3,Termin~A_TARGET_VIBE~3"
Vertrag,2,9,Gesellschaft & Beruf,"Paragraph~A_TARGET_VIBE~2,Unterschrift~A_TARGET_VIBE~2,Fristenlauf~A_TARGET_VIBE~2,Betriebsrat~A_TARGET_VIBE~2,Kündigung~A_TARGET_VIBE~3,Rückfrage~A_TARGET_VIBE~3"
Vertretung,3,9|12,Gesellschaft & Beruf|Gefühle & Abstraktes,"Vermerk~A_TARGET_VIBE~2,Ausgang~A_TARGET_VIBE~2,Umsetzung~A_TARGET_VIBE~2,Sachbearbeiter~A_TARGET_VIBE~3,Unterschrift~A_TARGET_VIBE~3,Telefonat~A_TARGET_VIBE~3"
Vertretungsplan,4,9,Gesellschaft & Beruf,"Pausen~A_TARGET_VIBE~2,Einteilung~A_TARGET_VIBE~3,Urlaub~A_TARGET_VIBE~3,Rotation~A_TARGET_VIBE~3,Spätschicht~A_TARGET_VIBE~4,Plan~B_PART_VIBE~3"
Vertrieb,4,9,Gesellschaft & Beruf,"Provision~A_TARGET_VIBE~2,Kunde~A_TARGET_VIBE~3,Verhandlung~A_TARGET_VIBE~3,Angebot~A_TARGET_VIBE~3,Auftragslage~A_TARGET_VIBE~4,Kopie~A_TARGET_VIBE~4"
Visitenkarte,3,0|9,Alltag & Gegenstände|Gesellschaft & Beruf,"Kontakt~A_TARGET_VIBE~2,Messe~A_TARGET_VIBE~2,Kollege~A_TARGET_VIBE~2,Sachbearbeiter~A_TARGET_VIBE~3,Scan~A_TARGET_VIBE~3,Karte~B_PART_VIBE~2"
Visum,3,9,Gesellschaft & Beruf,"Sachbearbeiter~A_TARGET_VIBE~2,Telefonat~A_TARGET_VIBE~2,Posteingang~A_TARGET_VIBE~2,Scan~A_TARGET_VIBE~3,Stempel~A_TARGET_VIBE~3,Besprechung~A_TARGET_VIBE~3"
Vollzeit,2,9,Gesellschaft & Beruf,"Posteingang~A_TARGET_VIBE~2,Durchwahl~A_TARGET_VIBE~2,Scan~A_TARGET_VIBE~2,Telefonat~A_TARGET_VIBE~2,Sachbearbeiter~A_TARGET_VIBE~3,Formular~A_TARGET_VIBE~3"
Vorgesetzter,3,9,Gesellschaft & Beruf,"Kalender~A_TARGET_VIBE~2,Einarbeitung~A_TARGET_VIBE~2,Schnittstelle~A_TARGET_VIBE~2,Zuständigkeit~A_TARGET_VIBE~3,Absprache~A_TARGET_VIBE~3,Telefonat~A_TARGET_VIBE~3"
Vorstand,4,9,Gesellschaft & Beruf,"Strategie~A_TARGET_VIBE~2,Projekt~A_TARGET_VIBE~3,Budget~A_TARGET_VIBE~3,Quartal~A_TARGET_VIBE~3,Richtlinie~A_TARGET_VIBE~4,Stempel~A_TARGET_VIBE~4"
Vorstandssitzung,4,9|12,Gesellschaft & Beruf|Gefühle & Abstraktes,"Workshop~A_TARGET_VIBE~2,Handzeichen~A_TARGET_VIBE~3,Teilnehmer~A_TARGET_VIBE~3,Beamer~A_TARGET_VIBE~3,Protokoll~A_TARGET_VIBE~4,Ordner~A_TARGET_VIBE~4"
Vorstellung,2,9|12,Gesellschaft & Beruf|Gefühle & Abstraktes,"Freigabe~A_TARGET_VIBE~2,Umsetzung~A_TARGET_VIBE~2,Ausgang~A_TARGET_VIBE~2,Rückfrage~A_TARGET_VIBE~2,Posteingang~A_TARGET_VIBE~3,Scan~A_TARGET_VIBE~3"
Warnweste,3,9,Gesellschaft & Beruf,"Unterschrift~A_TARGET_VIBE~2,Formular~A_TARGET_VIBE~2,Stempel~A_TARGET_VIBE~2,Durchwahl~A_TARGET_VIBE~3,E-Mail~A_TARGET_VIBE~3,Telefonat~A_TARGET_VIBE~3"
Warteschlange,2,9,Gesellschaft & Beruf,"E-Mail~A_TARGET_VIBE~2,Stempel~A_TARGET_VIBE~2,Scan~A_TARGET_VIBE~2,Kollege~A_TARGET_VIBE~2,Unterschrift~A_TARGET_VIBE~3,Büro~A_TARGET_VIBE~3"
Wartezimmer,2,9,Gesellschaft & Beruf,"Schnittstelle~A_TARGET_VIBE~2,Aufgabe~A_TARGET_VIBE~2,Briefing~A_TARGET_VIBE~2,Büro~A_TARGET_VIBE~2,Scan~A_TARGET_VIBE~3,Sachbearbeiter~A_TARGET_VIBE~3"
Wasserkocher,2,9,Gesellschaft & Beruf,"Absprache~A_TARGET_VIBE~2,Ansprechpartner~A_TARGET_VIBE~2,Briefing~A_TARGET_VIBE~2,Formular~A_TARGET_VIBE~2,Scan~A_TARGET_VIBE~3,Stempel~A_TARGET_VIBE~3"
Weihnachtsgeld,3,9,Gesellschaft & Beruf,"Durchwahl~A_TARGET_VIBE~2,Formular~A_TARGET_VIBE~2,Besprechung~A_TARGET_VIBE~2,E-Mail~A_TARGET_VIBE~3,Büro~A_TARGET_VIBE~3,Ordner~A_TARGET_VIBE~3"
Weiterbildung,3,9|12,Gesellschaft & Beruf|Gefühle & Abstraktes,"Rückmeldung~A_TARGET_VIBE~2,Vermerk~A_TARGET_VIBE~2,Kopie~A_TARGET_VIBE~2,Unterschrift~A_TARGET_VIBE~3,Termin~A_TARGET_VIBE~3,E-Mail~A_TARGET_VIBE~3"
Werbung,2,9|12,Gesellschaft & Beruf|Gefühle & Abstraktes,"Freigabe~A_TARGET_VIBE~2,Ablage~A_TARGET_VIBE~2,Vermerk~A_TARGET_VIBE~2,Kopie~A_TARGET_VIBE~2,Scan~A_TARGET_VIBE~3,Telefonat~A_TARGET_VIBE~3"
Werkstatt,3,9,Gesellschaft & Beruf,"Formular~A_TARGET_VIBE~2,Telefonat~A_TARGET_VIBE~2,Stempel~A_TARGET_VIBE~2,Scan~A_TARGET_VIBE~3,Kollege~A_TARGET_VIBE~3,Rückfrage~A_TARGET_VIBE~3"
Werkzeugkasten,3,9,Gesellschaft & Beruf,"Rückfrage~A_TARGET_VIBE~2,Kopie~A_TARGET_VIBE~2,Sachbearbeiter~A_TARGET_VIBE~2,Termin~A_TARGET_VIBE~3,Durchwahl~A_TARGET_VIBE~3,Stempel~A_TARGET_VIBE~3"
Wettbewerb,3,9,Gesellschaft & Beruf,"Probezeit~A_TARGET_VIBE~2,Gespräch~A_TARGET_VIBE~2,Einstellungstest~A_TARGET_VIBE~2,Bewerbungsmappe~A_TARGET_VIBE~3,Assessment~A_TARGET_VIBE~3,Durchwahl~A_TARGET_VIBE~3"
Wochenenddienst,4,9,Gesellschaft & Beruf,"Stempel~A_TARGET_VIBE~2,Scan~A_TARGET_VIBE~3,Formular~A_TARGET_VIBE~3,Rückfrage~A_TARGET_VIBE~3,Telefonat~A_TARGET_VIBE~4,Büro~A_TARGET_VIBE~4"
Wochenplan,3,9,Gesellschaft & Beruf,"Kalender~A_TARGET_VIBE~2,Abdeckung~A_TARGET_VIBE~2,Tabelle~A_TARGET_VIBE~2,Termin~A_TARGET_VIBE~3,Rotation~A_TARGET_VIBE~3,Plan~B_PART_VIBE~2"
Zahlung,2,9|12,Gesellschaft & Beruf|Gefühle & Abstraktes,"Kontoauszug~A_TARGET_VIBE~2,Fälligkeit~A_TARGET_VIBE~2,Mahnung~A_TARGET_VIBE~2,Buchhaltung~A_TARGET_VIBE~2,Zahlungsziel~A_TARGET_VIBE~3,Scan~A_TARGET_VIBE~3"
Zeitdruck,2,9|12,Gesellschaft & Beruf|Gefühle & Abstraktes,"Burnout~A_TARGET_VIBE~2,Pausen~A_TARGET_VIBE~2,Priorität~A_TARGET_VIBE~2,Schlaf~A_TARGET_VIBE~2,Feierabend~A_TARGET_VIBE~3,Besprechung~A_TARGET_VIBE~3"
Zertifikat,4,9,Gesellschaft & Beruf,"Ausstellung~A_TARGET_VIBE~2,Stempel~A_TARGET_VIBE~3,Siegel~A_TARGET_VIBE~3,Datum~A_TARGET_VIBE~3,Kopie~A_TARGET_VIBE~4,Besprechung~A_TARGET_VIBE~4"
Zeugnis,3,9,Gesellschaft & Beruf,"Urkunde~A_TARGET_VIBE~2,Kopie~A_TARGET_VIBE~2,Rahmen~A_TARGET_VIBE~2,Beglaubigung~A_TARGET_VIBE~3,Datum~A_TARGET_VIBE~3,Posteingang~A_TARGET_VIBE~3"
Ziel,2,9|12,Gesellschaft & Beruf|Gefühle & Abstraktes,"Kennzahl~A_TARGET_VIBE~2,Fortschritt~A_TARGET_VIBE~2,OKR~A_TARGET_VIBE~2,Bewertung~A_TARGET_VIBE~2,Zielbild~A_TARGET_VIBE~3,Telefonat~A_TARGET_VIBE~3"
Zielvereinbarung,4,9|12,Gesellschaft & Beruf|Gefühle & Abstraktes,"Messbar~A_TARGET_VIBE~2,Abgleich~A_TARGET_VIBE~3,Strategie~A_TARGET_VIBE~3,Zielbild~A_TARGET_VIBE~3,Plan~A_TARGET_VIBE~4,Scan~A_TARGET_VIBE~4"
Zugriff,3,6|9,Technik & Digitales|Gesellschaft & Beruf,"Zugriffsrecht~A_TARGET_VIBE~2,Protokoll~A_TARGET_VIBE~2,Zugang~A_TARGET_VIBE~2,Firewall~A_TARGET_VIBE~3,Audit~A_TARGET_VIBE~3,Zug~B_PART_VIBE~2"
Zustellung,2,0|9|12,Alltag & Gegenstände|Gesellschaft & Beruf|Gefühle & Abstraktes,"Porto~A_TARGET_VIBE~2,Lieferung~A_TARGET_VIBE~2,Einschreiben~A_TARGET_VIBE~2,Absender~A_TARGET_VIBE~2,Adresse~A_TARGET_VIBE~3,Durchwahl~A_TARGET_VIBE~3"
Zustimmung,2,9|12,Gesellschaft & Beruf|Gefühle & Abstraktes,"Begründung~A_TARGET_VIBE~2,Diskussion~A_TARGET_VIBE~2,Unterschrift~A_TARGET_VIBE~2,Ampel~A_TARGET_VIBE~2,Beschluss~A_TARGET_VIBE~3,Besprechung~A_TARGET_VIBE~3"
Zutritt,4,0|9,Alltag & Gegenstände|Gesellschaft & Beruf,"Drehkreuz~A_TARGET_VIBE~2,Eingang~A_TARGET_VIBE~3,Zutrittsliste~A_TARGET_VIBE~3,Türcode~A_TARGET_VIBE~3,Schlüssel~A_TARGET_VIBE~4,Unterschrift~A_TARGET_VIBE~4"
Zuverlässigkeit,2,9|12,Gesellschaft & Beruf|Gefühle & Abstraktes,"Absprachen~A_TARGET_VIBE~2,Ruf~A_TARGET_VIBE~2,Vertrauen~A_TARGET_VIBE~2,Disziplin~A_TARGET_VIBE~2,Rückendeckung~A_TARGET_VIBE~3,Scan~A_TARGET_VIBE~3"
Änderung,2,9|12,Gesellschaft & Beruf|Gefühle & Abstraktes,"Anpassung~A_TARGET_VIBE~2,Version~A_TARGET_VIBE~2,Redline~A_TARGET_VIBE~2,Patch~A_TARGET_VIBE~2,Storno~A_TARGET_VIBE~3,Durchwahl~A_TARGET_VIBE~3"
Überlastung,4,9|12,Gesellschaft & Beruf|Gefühle & Abstraktes,"Erschöpfung~A_TARGET_VIBE~2,Zeitdruck~A_TARGET_VIBE~3,Feierabend~A_TARGET_VIBE~3,Burnout~A_TARGET_VIBE~3,Pausen~A_TARGET_VIBE~4,Ordner~A_TARGET_VIBE~4"
Überstunde,3,9,Gesellschaft & Beruf,"Scan~A_TARGET_VIBE~2,Kopie~A_TARGET_VIBE~2,Büro~A_TARGET_VIBE~2,Rückfrage~A_TARGET_VIBE~3,Kollege~A_TARGET_VIBE~3,Sachbearbeiter~A_TARGET_VIBE~3"
Überstundenkonto,4,9,Gesellschaft & Beruf,"Zeiterfassung~A_TARGET_VIBE~2,Saldo~A_TARGET_VIBE~3,Auszug~A_TARGET_VIBE~3,Monatsende~A_TARGET_VIBE~3,Abfrage~A_TARGET_VIBE~4,Konto~B_PART_VIBE~3"
Überweisung,3,7|9|12,Wissenschaft & Medizin|Gesellschaft & Beruf|Gefühle & Abstraktes,"Rezept~A_TARGET_VIBE~2,Versichertenkarte~A_TARGET_VIBE~2,Blutdruck~A_TARGET_VIBE~2,Impfpass~A_TARGET_VIBE~3,Arzt~A_TARGET_VIBE~3,Besprechung~A_TARGET_VIBE~3"